ts_code,trade_date,open,high,low,close,pre_close,change,pct_chg,vol,amount
BK0438.DC,20200102,17045.65,17193.97,16994.86,17177.13,16971.190000000002,205.94,1.21,9045742.0,12703853312.0
BK0438.DC,20200103,17226.32,17238.12,17095.06,17209.66,17177.13,32.53,0.19,8823170.0,11124845312.0
BK0438.DC,20200106,17073.1,17252.45,17025.55,17160.89,17209.66,-48.77,-0.28,9585003.0,11443085056.0
BK0438.DC,20200107,17157.64,17374.71,17157.64,17374.71,17160.89,213.82,1.25,9401541.0,11410650624.0
BK0438.DC,20200108,17289.93,17304.14,17054.14,17075.26,17374.71,-299.45,-1.72,8380537.0,10292442624.0
BK0438.DC,20200109,17150.04,17336.77,17150.04,17336.77,17075.260000000002,261.51,1.53,7559840.0,10095451904.0
BK0438.DC,20200110,17368.05,17473.66,17303.81,17441.2,17336.77,104.43,0.6,7819808.0,10187932928.0
BK0438.DC,20200113,17434.31,17565.67,17372.08,17565.67,17441.199999999997,124.47,0.71,7231767.0,10653722368.0
BK0438.DC,20200114,17610.07,17629.59,17440.24,17450.91,17565.67,-114.76,-0.65,6520073.0,8848207104.0
BK0438.DC,20200115,17429.13,17454.24,17282.94,17369.39,17450.91,-81.52,-0.47,6141632.0,9002845440.0
BK0438.DC,20200116,17366.61,17388.18,17298.1,17334.52,17369.39,-34.87,-0.2,5277350.0,7857809920.0
BK0438.DC,20200117,17356.89,17384.92,17255.33,17291.18,17334.52,-43.34,-0.25,5702241.0,7981006592.0
BK0438.DC,20200120,17286.76,17303.53,17188.07,17290.35,17291.18,-0.83,0.0,5573602.0,8395387136.0
BK0438.DC,20200121,17271.12,17271.12,17006.54,17009.12,17290.35,-281.23,-1.63,6321373.0,9752025856.0
BK0438.DC,20200122,16950.15,16999.09,16703.96,16942.32,17009.12,-66.8,-0.39,5802192.0,8104428032.0
BK0438.DC,20200123,16823.54,16832.37,16216.02,16351.3,16942.32,-591.02,-3.49,7620200.0,10933025024.0
BK0438.DC,20200203,14827.53,14963.07,14809.55,14919.63,16351.3,-1431.67,-8.76,7015832.0,12241589248.0
BK0438.DC,20200204,14184.63,14915.61,14184.63,14915.05,14919.63,-4.58,-0.03,10642654.0,13038543872.0
BK0438.DC,20200205,14972.97,15402.98,14972.97,15295.02,14915.050000000001,379.97,2.55,8387804.0,10958977280.0
BK0438.DC,20200206,15331.1,15753.19,15237.95,15692.32,15295.02,397.3,2.6,9353844.0,12764040960.0
BK0438.DC,20200207,15672.75,15846.49,15548.69,15845.52,15692.32,153.2,0.98,8980680.0,12137540096.0
BK0438.DC,20200210,15804.91,16255.35,15759.37,16247.24,15845.52,401.72,2.54,9560474.0,11712325120.0
BK0438.DC,20200211,16208.91,16217.04,15996.49,16063.34,16247.24,-183.9,-1.13,6928758.0,9068224000.0
BK0438.DC,20200212,16011.1,16211.79,16008.42,16211.79,16063.34,148.45,0.92,7329867.0,8917060096.0
BK0438.DC,20200213,16219.14,16223.81,16011.52,16014.21,16211.789999999999,-197.58,-1.22,7561050.0,9526901760.0
BK0438.DC,20200214,15966.01,16074.67,15893.06,15996.86,16014.210000000001,-17.35,-0.11,6595545.0,8339076608.0
BK0438.DC,20200217,16066.81,16461.11,16066.81,16461.11,15996.86,464.25,2.9,8956077.0,11497611008.0
BK0438.DC,20200218,16468.87,16656.04,16416.94,16655.97,16461.11,194.86,1.18,8945853.0,11579421952.0
BK0438.DC,20200219,16636.01,16800.89,16590.54,16694.2,16655.97,38.23,0.23,8714008.0,12258932992.0
BK0438.DC,20200220,16740.82,17074.6,16740.82,17071.29,16694.2,377.09,2.26,9858325.0,14120138240.0
BK0438.DC,20200221,17044.43,17169.97,16995.35,17140.42,17071.289999999997,69.13,0.4,9664950.0,13009973504.0
BK0438.DC,20200224,17137.45,17303.08,16971.56,17264.34,17140.420000000002,123.92,0.72,10994800.0,15611340544.0
BK0438.DC,20200225,16960.94,17153.54,16672.5,17142.62,17264.34,-121.72,-0.71,11983499.0,16192161280.0
BK0438.DC,20200226,16931.97,17208.36,16903.34,16963.2,17142.62,-179.42,-1.05,9855484.0,12540010240.0
BK0438.DC,20200227,17059.4,17590.8,17059.4,17468.5,16963.2,505.3,2.98,11056547.0,14339514880.0
BK0438.DC,20200228,17024.09,17289.14,16729.65,16743.55,17468.5,-724.95,-4.15,11723366.0,15131964928.0
BK0438.DC,20200302,16861.05,17312.8,16861.05,17286.99,16743.550000000003,543.44,3.25,9817694.0,13602555904.0
BK0438.DC,20200303,17447.6,17615.17,17317.16,17451.03,17286.989999999998,164.04,0.95,10418404.0,14360163840.0
BK0438.DC,20200304,17412.27,17818.97,17399.85,17818.97,17451.030000000002,367.94,2.11,10974895.0,15288595712.0
BK0438.DC,20200305,17968.06,18697.09,17952.97,18534.69,17818.969999999998,715.72,4.02,15804335.0,21122111232.0
BK0438.DC,20200306,18376.02,18479.68,18295.42,18315.64,18534.69,-219.05,-1.18,13303454.0,14690348544.0
BK0438.DC,20200309,18071.31,18168.67,17663.56,17663.56,18315.640000000003,-652.08,-3.56,11974849.0,14892536320.0
BK0438.DC,20200310,17411.63,17914.9,17212.82,17914.9,17663.56,251.34,1.42,10734660.0,14017281280.0
BK0438.DC,20200311,17957.9,18216.87,17895.7,17927.91,17914.9,13.01,0.07,10202925.0,12900859648.0
BK0438.DC,20200312,17706.12,17771.75,17469.14,17611.09,17927.91,-316.82,-1.77,9070170.0,11377110528.0
BK0438.DC,20200313,16783.86,17577.61,16760.48,17480.64,17611.09,-130.45,-0.74,11426815.0,14821003776.0
BK0438.DC,20200316,17583.64,17723.85,16984.83,17026.99,17480.640000000003,-453.65,-2.6,11400946.0,15637514496.0
BK0438.DC,20200317,17065.91,17244.67,16397.59,17033.05,17026.989999999998,6.06,0.04,10517174.0,14581567744.0
BK0438.DC,20200318,17141.72,17445.43,16841.51,16841.51,17033.05,-191.54,-1.12,9968263.0,13282260480.0
BK0438.DC,20200319,16830.38,16982.91,16494.44,16847.22,16841.510000000002,5.71,0.03,8940267.0,12873785856.0
BK0438.DC,20200320,17004.3,17240.82,16884.82,17234.5,16847.22,387.28,2.3,8552193.0,11590463232.0
BK0438.DC,20200323,16845.77,17147.94,16726.4,16768.56,17234.5,-465.94,-2.7,9120457.0,12266429184.0
BK0438.DC,20200324,17002.02,17400.19,16938.0,17400.19,16768.559999999998,631.63,3.77,10680155.0,14576271616.0
BK0438.DC,20200325,17668.71,17928.73,17508.52,17873.64,17400.19,473.45,2.72,13126300.0,16890568448.0
BK0438.DC,20200326,17720.34,18276.81,17673.58,18161.33,17873.640000000003,287.69,1.61,12999082.0,15760408576.0
BK0438.DC,20200327,18251.24,18396.25,18082.39,18091.13,18161.33,-70.2,-0.39,12289146.0,16140045312.0
BK0438.DC,20200330,17928.46,18273.82,17878.29,18197.64,18091.13,106.51,0.59,12986600.0,15875359488.0
BK0438.DC,20200331,18275.08,19146.07,18233.0,19144.71,18197.64,947.07,5.2,18337283.0,22408029440.0
BK0438.DC,20200401,19070.54,19117.99,18703.59,18791.39,19144.71,-353.32,-1.85,19614418.0,22325599232.0
BK0438.DC,20200402,18588.26,18670.91,18382.47,18646.09,18791.39,-145.3,-0.77,15011768.0,16527721728.0
BK0438.DC,20200403,18589.46,19143.99,18535.67,18885.5,18646.09,239.41,1.28,15797388.0,17403530240.0
BK0438.DC,20200407,19096.53,19799.14,19053.3,19781.74,18885.5,896.24,4.75,20541492.0,24179346688.0
BK0438.DC,20200408,19731.43,19905.63,19524.66,19582.45,19781.74,-199.29,-1.01,22535619.0,21730139136.0
BK0438.DC,20200409,19651.12,19976.88,19461.04,19873.23,19582.45,290.78,1.48,18912471.0,20125069312.0
BK0438.DC,20200410,19755.89,19862.98,19268.31,19306.95,19873.23,-566.28,-2.85,18110873.0,18771740928.0
BK0438.DC,20200413,19158.73,19280.76,18989.76,19172.51,19306.949999999997,-134.44,-0.7,11922086.0,12563602176.0
BK0438.DC,20200414,19188.25,19421.95,19105.17,19421.95,19172.510000000002,249.44,1.3,12405022.0,14902844672.0
BK0438.DC,20200415,19383.21,19383.21,19072.02,19112.29,19421.95,-309.66,-1.59,13805132.0,15325054208.0
BK0438.DC,20200416,19010.68,19110.45,18897.85,19023.17,19112.289999999997,-89.12,-0.47,11372355.0,13552708352.0
BK0438.DC,20200417,19055.18,19118.19,18882.61,18905.62,19023.17,-117.55,-0.62,12190215.0,15240781056.0
BK0438.DC,20200420,18927.62,19169.39,18862.42,19169.39,18905.62,263.77,1.4,10964948.0,13839096064.0
BK0438.DC,20200421,19101.23,19259.26,18937.05,19244.08,19169.390000000003,74.69,0.39,14587521.0,16538115840.0
BK0438.DC,20200422,19119.1,19981.08,19083.07,19980.44,19244.079999999998,736.36,3.83,18864746.0,21943208192.0
BK0438.DC,20200423,20036.71,20487.75,19969.04,20193.79,19980.440000000002,213.35,1.07,21380232.0,23857635584.0
BK0438.DC,20200424,20204.72,20214.64,19600.89,19696.4,20193.79,-497.39,-2.46,17175101.0,19707436032.0
BK0438.DC,20200427,19663.77,19859.44,19432.42,19690.04,19696.4,-6.36,-0.03,13057686.0,16470142464.0
BK0438.DC,20200428,19625.92,19742.24,18848.34,19579.85,19690.039999999997,-110.19,-0.56,15400836.0,19362898688.0
BK0438.DC,20200429,19439.94,19570.89,19157.89,19183.3,19579.85,-396.55,-2.03,13698651.0,20962536704.0
BK0438.DC,20200430,19184.01,19230.87,19045.71,19132.14,19183.3,-51.16,-0.27,11743527.0,18081336064.0
BK0438.DC,20200506,18949.77,19511.95,18912.78,19511.7,19132.14,379.56,1.98,11380163.0,16574610432.0
BK0438.DC,20200507,19503.47,19915.04,19443.94,19782.01,19511.699999999997,270.31,1.39,13918706.0,18070134016.0
BK0438.DC,20200508,19766.22,20035.77,19673.53,19934.34,19782.01,152.33,0.77,12691447.0,17407304192.0
BK0438.DC,20200511,19959.41,20049.12,19649.15,19754.47,19934.34,-179.87,-0.9,11236993.0,15551456256.0
BK0438.DC,20200512,19742.2,20160.32,19708.09,20145.22,19754.47,390.75,1.98,12232073.0,17349956608.0
BK0438.DC,20200513,20064.09,20757.85,20040.87,20730.87,20145.219999999998,585.65,2.91,16316398.0,21894120448.0
BK0438.DC,20200514,20627.74,20691.73,20479.75,20499.63,20730.870000000003,-231.24,-1.12,13819106.0,18735584512.0
BK0438.DC,20200515,20565.45,20647.63,20435.47,20588.21,20499.629999999997,88.58,0.43,11988581.0,16644199424.0
BK0438.DC,20200518,20557.2,21249.22,20548.02,21122.4,20588.210000000003,534.19,2.59,17375373.0,22634009600.0
BK0438.DC,20200519,21167.99,21328.26,20909.95,21328.26,21122.399999999998,205.86,0.97,15589101.0,19897606400.0
BK0438.DC,20200520,21224.32,21387.19,20859.55,20968.61,21328.260000000002,-359.65,-1.69,14849889.0,19309367040.0
BK0438.DC,20200521,20972.97,21057.01,20701.11,20733.82,20968.61,-234.79,-1.12,12094824.0,16521177344.0
BK0438.DC,20200522,20699.37,20722.27,20176.14,20267.98,20733.82,-465.84,-2.25,11963262.0,16292028672.0
BK0438.DC,20200525,20263.86,20963.26,20169.97,20963.26,20267.98,695.28,3.43,13429361.0,18404430080.0
BK0438.DC,20200526,20981.13,21359.58,20838.11,21359.58,20963.260000000002,396.32,1.89,13490324.0,18260978176.0
BK0438.DC,20200527,21360.88,21702.99,21272.02,21483.16,21359.579999999998,123.58,0.58,15774139.0,20445225472.0
BK0438.DC,20200528,21369.21,21369.21,20800.58,21027.62,21483.16,-455.54,-2.12,13294014.0,16480761088.0
BK0438.DC,20200529,20937.72,21537.1,20898.54,21452.55,21027.62,424.93,2.02,11713161.0,16948219136.0
BK0438.DC,20200601,21571.07,22025.33,21569.05,21959.19,21452.55,506.64,2.36,15394219.0,21234241536.0
BK0438.DC,20200602,21954.67,21968.8,21450.77,21555.2,21959.190000000002,-403.99,-1.84,15131356.0,22557082880.0
BK0438.DC,20200603,21515.59,21517.49,21352.91,21425.46,21555.2,-129.74,-0.6,11650364.0,17084857344.0
BK0438.DC,20200604,21450.48,21746.02,21375.73,21740.37,21425.46,314.91,1.47,14560604.0,18313396736.0
BK0438.DC,20200605,21626.71,21631.88,21265.67,21397.76,21740.37,-342.61,-1.58,12520014.0,17269290752.0
BK0438.DC,20200608,21443.03,21454.49,21149.86,21185.44,21397.76,-212.32,-0.99,11800948.0,20857912576.0
BK0438.DC,20200609,21218.96,21401.88,21186.19,21375.02,21185.44,189.58,0.89,10061235.0,17957314304.0
BK0438.DC,20200610,21376.44,21504.46,21298.42,21487.21,21375.02,112.19,0.52,9455253.0,15768028928.0
BK0438.DC,20200611,21442.66,21442.66,21007.99,21095.15,21487.210000000003,-392.06,-1.82,10391616.0,16567448576.0
BK0438.DC,20200612,20681.06,21227.02,20642.06,21147.89,21095.149999999998,52.74,0.25,7927332.0,13914613504.0
BK0438.DC,20200615,21066.32,21432.37,21066.32,21267.32,21147.89,119.43,0.56,11305574.0,17624905984.0
BK0438.DC,20200616,21318.86,21597.57,21253.48,21597.57,21267.32,330.25,1.55,8716497.0,15322848000.0
BK0438.DC,20200617,21576.15,21724.11,21398.58,21717.92,21597.57,120.35,0.56,10225105.0,15700333312.0
BK0438.DC,20200618,21650.08,21650.32,21347.7,21455.5,21717.92,-262.42,-1.21,7910631.0,12960231680.0
BK0438.DC,20200619,21438.32,21688.52,21438.32,21628.82,21455.5,173.32,0.81,8841698.0,16372739840.0
BK0438.DC,20200622,21629.76,21641.92,21328.5,21385.25,21628.82,-243.57,-1.13,8746719.0,15125584896.0
BK0438.DC,20200623,21366.83,21551.34,21366.83,21523.15,21385.25,137.9,0.64,9555003.0,15593131008.0
BK0438.DC,20200624,21508.02,21549.15,21214.3,21301.91,21523.15,-221.24,-1.03,8223097.0,14514493440.0
BK0438.DC,20200629,21256.86,21540.59,21255.36,21532.75,21301.91,230.84,1.08,9034098.0,15513341952.0
BK0438.DC,20200630,21594.31,21882.31,21581.42,21873.79,21532.75,341.04,1.58,8739245.0,15500198144.0
BK0438.DC,20200701,21901.5,22065.49,21775.16,22007.25,21873.79,133.46,0.61,9941450.0,17890889472.0
BK0438.DC,20200702,22090.82,22251.26,22020.59,22133.91,22007.25,126.66,0.58,11292051.0,20929262848.0
BK0438.DC,20200703,22103.84,22113.69,21808.2,22017.77,22133.91,-116.14,-0.52,12733809.0,21521063936.0
BK0438.DC,20200706,22012.36,22510.6,21987.93,22510.6,22017.769999999997,492.83,2.24,16614446.0,27628315392.0
BK0438.DC,20200707,22565.74,23012.9,22449.42,22835.15,22510.600000000002,324.55,1.44,18801677.0,28625625088.0
BK0438.DC,20200708,22833.99,23143.09,22754.73,23143.09,22835.15,307.94,1.35,15694510.0,25144846080.0
BK0438.DC,20200709,23149.82,23684.35,23112.59,23684.35,23143.09,541.26,2.34,17538633.0,27833232384.0
BK0438.DC,20200710,23631.72,23906.35,23577.87,23698.96,23684.35,14.61,0.06,16274264.0,27194092800.0
BK0438.DC,20200713,23802.67,24731.83,23802.67,24731.83,23698.960000000003,1032.87,4.36,18439355.0,30736690688.0
BK0438.DC,20200714,24878.4,24878.4,24123.37,24539.35,24731.829999999998,-192.48,-0.78,18889378.0,30584521984.0
BK0438.DC,20200715,24610.69,24863.87,24254.7,24509.48,24539.35,-29.87,-0.12,17996774.0,30769794048.0
BK0438.DC,20200716,24490.65,24505.95,22941.09,22944.11,24509.48,-1565.37,-6.39,18171241.0,34374555648.0
BK0438.DC,20200717,22872.12,23378.82,22644.65,23101.64,22944.11,157.53,0.69,12336531.0,24318821376.0
BK0438.DC,20200720,23288.2,23646.0,22963.22,23646.0,23101.64,544.36,2.36,14250270.0,26429502464.0
BK0438.DC,20200721,23667.94,24070.85,23533.25,24045.41,23646.0,399.41,1.69,13198948.0,24587245824.0
BK0438.DC,20200722,24011.18,24559.85,23847.67,24435.0,24045.41,389.59,1.62,13596893.0,24712243968.0
BK0438.DC,20200723,24327.42,24605.75,23927.68,24499.04,24435.0,64.04,0.26,13565831.0,27064998912.0
BK0438.DC,20200724,24424.98,24451.25,23291.48,23376.24,24499.04,-1122.8,-4.58,17213405.0,31521338624.0
BK0438.DC,20200727,23430.91,23625.2,23156.94,23401.44,23376.239999999998,25.2,0.11,12587180.0,22610184704.0
BK0438.DC,20200728,23532.78,24335.19,23488.88,24331.45,23401.440000000002,930.01,3.97,15735524.0,28497001216.0
BK0438.DC,20200729,24256.78,24672.45,24056.42,24668.49,24331.45,337.04,1.39,14019141.0,25813583104.0
BK0438.DC,20200730,24701.5,24948.35,24644.21,24788.69,24668.489999999998,120.2,0.49,14715070.0,26965163776.0
BK0438.DC,20200731,24717.11,25001.97,24503.31,24969.73,24788.69,181.04,0.73,14354224.0,26082624512.0
BK0438.DC,20200803,25161.14,25574.06,25154.8,25566.75,24969.73,597.02,2.39,15767955.0,30315913472.0
BK0438.DC,20200804,25667.53,26030.11,25571.56,25636.9,25566.75,70.15,0.27,17089669.0,29087498240.0
BK0438.DC,20200805,25630.27,26336.46,25487.73,26270.6,25636.899999999998,633.7,2.47,17138724.0,28292616704.0
BK0438.DC,20200806,26274.2,26290.98,25668.87,25891.27,26270.600000000002,-379.33,-1.44,15236144.0,25247587840.0
BK0438.DC,20200807,25864.53,26077.07,25315.31,25759.7,25891.27,-131.57,-0.51,13804920.0,24229909760.0
BK0438.DC,20200810,25695.11,26063.12,25530.98,25937.34,25759.7,177.64,0.69,13247425.0,23873604608.0
BK0438.DC,20200811,25987.5,26339.43,25807.69,25880.09,25937.34,-57.25,-0.22,14140148.0,26084846848.0
BK0438.DC,20200812,25876.9,25888.06,25049.71,25577.43,25880.09,-302.66,-1.17,12695943.0,25393161984.0
BK0438.DC,20200813,25670.55,26012.32,25598.23,25792.56,25577.43,215.13,0.84,12255228.0,21440772608.0
BK0438.DC,20200814,25811.82,26066.47,25607.28,26066.47,25792.56,273.91,1.06,10320347.0,21204689408.0
BK0438.DC,20200817,26135.98,26588.09,26119.87,26588.09,26066.47,521.62,2.0,13073003.0,25531922432.0
BK0438.DC,20200818,26585.71,27405.08,26494.51,27265.31,26588.09,677.22,2.55,16302088.0,31526157824.0
BK0438.DC,20200819,27267.83,27889.04,27190.81,27389.15,27265.31,123.84,0.45,18815164.0,32467685632.0
BK0438.DC,20200820,27192.58,27268.92,26830.88,26993.59,27389.15,-395.56,-1.44,14521660.0,25433388544.0
BK0438.DC,20200821,27186.93,28040.62,27186.76,27894.43,26993.59,900.84,3.34,16231765.0,30767786496.0
BK0438.DC,20200824,27989.3,28209.22,27653.98,28149.32,27894.43,254.89,0.91,17621506.0,31150138880.0
BK0438.DC,20200825,28081.69,28226.98,27740.37,27859.34,28149.32,-289.98,-1.03,17454189.0,29722612736.0
BK0438.DC,20200826,27774.74,27851.66,27032.92,27189.3,27859.34,-670.04,-2.41,16348339.0,28800393216.0
BK0438.DC,20200827,27136.16,27592.58,27068.27,27592.58,27189.300000000003,403.28,1.48,12942777.0,26503431680.0
BK0438.DC,20200828,27518.3,28137.77,27432.73,28132.18,27592.58,539.6,1.96,14250471.0,30463756800.0
BK0438.DC,20200831,28228.12,28845.89,28133.6,28631.11,28132.18,498.93,1.77,15570934.0,33570592512.0
BK0438.DC,20200901,28584.88,28629.07,28072.61,28363.88,28631.11,-267.23,-0.93,13390111.0,25933208576.0
BK0438.DC,20200902,28462.12,28630.67,28235.16,28444.85,28363.879999999997,80.97,0.29,13044341.0,26683507968.0
BK0438.DC,20200903,28429.88,28704.99,27935.86,28090.15,28444.850000000002,-354.7,-1.25,14059439.0,33531154432.0
BK0438.DC,20200904,27381.5,27456.49,27110.91,27388.49,28090.15,-701.66,-2.5,13587677.0,29467367936.0
BK0438.DC,20200907,27343.45,27459.88,26368.33,26436.55,27388.489999999998,-951.94,-3.48,12952988.0,28141036800.0
BK0438.DC,20200908,26502.74,26612.66,25860.35,26265.51,26436.55,-171.04,-0.65,11143566.0,22999665664.0
BK0438.DC,20200909,25920.29,25938.55,25165.09,25215.14,26265.51,-1050.37,-4.0,11354215.0,20970450176.0
BK0438.DC,20200910,25456.93,25583.12,24786.54,24877.89,25215.14,-337.25,-1.34,9952984.0,18506889472.0
BK0438.DC,20200911,24778.22,25332.97,24723.14,25328.97,24877.89,451.08,1.81,7839919.0,16175703552.0
BK0438.DC,20200914,25432.81,25496.11,25161.36,25337.87,25328.969999999998,8.9,0.04,7612074.0,17031771904.0
BK0438.DC,20200915,25375.56,25690.42,25308.09,25690.42,25337.87,352.55,1.39,7257091.0,16889434880.0
BK0438.DC,20200916,25665.66,25706.8,25191.17,25326.63,25690.420000000002,-363.79,-1.42,6876597.0,14388900096.0
BK0438.DC,20200917,25293.3,25312.02,24854.46,25153.7,25326.63,-172.93,-0.68,7728971.0,16685962240.0
BK0438.DC,20200918,25174.27,25625.99,25098.9,25613.25,25153.7,459.55,1.83,7085963.0,15024240640.0
BK0438.DC,20200921,25646.04,25659.61,25396.63,25474.66,25613.25,-138.59,-0.54,5903195.0,13205732608.0
BK0438.DC,20200922,25343.48,25645.03,25231.65,25299.97,25474.66,-174.69,-0.69,5733292.0,12349653248.0
BK0438.DC,20200923,25461.75,25617.88,25353.76,25566.19,25299.969999999998,266.22,1.05,5444534.0,12237337088.0
BK0438.DC,20200924,25503.79,25591.07,25161.55,25163.2,25566.190000000002,-402.99,-1.58,6584241.0,13231250432.0
BK0438.DC,20200925,25343.24,25386.33,25038.54,25136.96,25163.2,-26.24,-0.1,5377194.0,10826000384.0
BK0438.DC,20200928,25274.21,25294.67,24860.5,24871.15,25136.960000000003,-265.81,-1.06,5475239.0,11919219456.0
BK0438.DC,20200929,24989.51,25276.04,24927.47,25130.7,24871.15,259.55,1.04,5226318.0,12111707648.0
BK0438.DC,20200930,25192.16,25432.46,25020.41,25167.86,25130.7,37.16,0.15,5453005.0,12611540224.0
BK0438.DC,20201009,25541.91,25843.32,25495.5,25816.27,25167.86,648.41,2.58,6518762.0,15009208320.0
BK0438.DC,20201012,25894.86,26370.4,25857.79,26370.4,25816.27,554.13,2.15,7711177.0,17890229504.0
BK0438.DC,20201013,26395.64,26473.35,26186.23,26463.07,26370.4,92.67,0.35,6342276.0,13603667712.0
BK0438.DC,20201014,26476.22,26561.98,26312.94,26364.44,26463.07,-98.63,-0.37,6554390.0,15368067072.0
BK0438.DC,20201015,26393.33,26407.98,26118.6,26148.2,26364.440000000002,-216.24,-0.82,5973805.0,13397665792.0
BK0438.DC,20201016,26165.1,26254.81,25945.76,26130.61,26148.2,-17.59,-0.07,4997011.0,12212722432.0
BK0438.DC,20201019,26231.14,26260.29,25702.19,25747.52,26130.61,-383.09,-1.47,5545302.0,14214440704.0
BK0438.DC,20201020,25769.48,26232.78,25631.04,26232.78,25747.52,485.26,1.88,5296759.0,13095137280.0
BK0438.DC,20201021,26289.64,26289.64,25941.88,26089.79,26232.780000000002,-142.99,-0.55,5252648.0,13030528000.0
BK0438.DC,20201022,26059.77,26063.52,25683.59,25929.01,26089.789999999997,-160.78,-0.62,6271559.0,17322810112.0
BK0438.DC,20201023,25890.12,26007.4,25341.11,25406.75,25929.01,-522.26,-2.01,6898824.0,20836665088.0
BK0438.DC,20201026,25234.18,25266.79,24744.78,25216.18,25406.75,-190.57,-0.75,5980212.0,16976622592.0
BK0438.DC,20201027,25124.77,25432.15,25115.08,25326.71,25216.18,110.53,0.44,6179534.0,18486995712.0
BK0438.DC,20201028,25385.92,25454.17,25202.85,25403.5,25326.71,76.79,0.3,7404373.0,20763162880.0
BK0438.DC,20201029,25068.41,25514.27,25020.16,25387.21,25403.5,-16.29,-0.06,7565558.0,20341180672.0
BK0438.DC,20201030,25364.21,25376.4,24529.91,24565.06,25387.210000000003,-822.15,-3.24,9577667.0,24441455616.0
BK0438.DC,20201102,24558.94,24577.69,24210.68,24384.68,24565.06,-180.38,-0.73,9646265.0,26447155456.0
BK0438.DC,20201103,24428.38,24802.28,24352.21,24802.28,24384.68,417.6,1.71,7606073.0,21389750528.0
BK0438.DC,20201104,24817.9,24837.98,24525.97,24760.06,24802.280000000002,-42.22,-0.17,6078295.0,17204653824.0
BK0438.DC,20201105,24924.39,25134.18,24899.1,25124.06,24760.06,364.0,1.47,7266125.0,19865606400.0
BK0438.DC,20201106,25151.72,25154.13,24792.67,24980.87,25124.059999999998,-143.19,-0.57,7440000.0,21240046336.0
BK0438.DC,20201109,25088.62,25362.86,25088.62,25320.66,24980.87,339.79,1.36,9675486.0,25197330944.0
BK0438.DC,20201110,25364.46,25484.03,25126.5,25315.98,25320.66,-4.68,-0.02,8688521.0,23127835136.0
BK0438.DC,20201111,25263.76,25638.92,25184.55,25268.54,25315.98,-47.44,-0.19,8932075.0,22786483968.0
BK0438.DC,20201112,25275.23,25420.06,25161.54,25409.55,25268.54,141.01,0.56,9491088.0,22500813568.0
BK0438.DC,20201113,25339.38,25339.38,24951.19,25094.45,25409.55,-315.1,-1.24,8508537.0,19443471616.0
BK0438.DC,20201116,25097.54,25425.75,24974.5,25425.75,25094.45,331.3,1.32,9095260.0,21430206208.0
BK0438.DC,20201117,25402.02,25444.14,25259.31,25402.7,25425.75,-23.05,-0.09,10128054.0,22896658176.0
BK0438.DC,20201118,25406.29,25597.91,25367.72,25538.34,25402.7,135.64,0.53,8879620.0,19135383296.0
BK0438.DC,20201119,25477.52,25704.6,25299.08,25647.26,25538.34,108.92,0.43,9132420.0,21464248832.0
BK0438.DC,20201120,25682.04,25978.28,25649.98,25945.26,25647.26,298.0,1.16,9638719.0,20931600640.0
BK0438.DC,20201123,25951.67,26001.64,25711.35,25861.43,25945.260000000002,-83.83,-0.32,9686552.0,20076941568.0
BK0438.DC,20201124,25802.12,25802.12,25512.8,25596.57,25861.43,-264.86,-1.02,8391738.0,17947286528.0
BK0438.DC,20201125,25634.1,25634.1,25004.76,25008.99,25596.570000000003,-587.58,-2.3,8480386.0,18525105408.0
BK0438.DC,20201126,24962.62,25132.31,24806.12,24935.14,25008.989999999998,-73.85,-0.3,6161828.0,13345548032.0
BK0438.DC,20201127,24928.57,25063.91,24795.04,25052.27,24935.14,117.13,0.47,5669873.0,12724993536.0
BK0438.DC,20201130,25062.76,25135.55,24864.53,25009.37,25052.27,-42.9,-0.17,7142680.0,18690486272.0
BK0438.DC,20201201,24971.15,25420.83,24940.34,25410.1,25009.37,400.73,1.6,7234603.0,18934346496.0
BK0438.DC,20201202,25491.83,25649.59,25483.54,25634.66,25410.1,224.56,0.88,7773627.0,19998573824.0
BK0438.DC,20201203,25575.8,25775.2,25418.97,25734.06,25634.66,99.4,0.39,8094965.0,17832889344.0
BK0438.DC,20201204,25722.06,26307.22,25684.04,26300.48,25734.06,566.42,2.2,10306508.0,26045657088.0
BK0438.DC,20201207,26288.34,26553.82,26140.72,26397.72,26300.48,97.24,0.37,10144530.0,24157924096.0
BK0438.DC,20201208,26335.59,26466.05,26150.97,26361.75,26397.72,-35.97,-0.14,8863172.0,19304473600.0
BK0438.DC,20201209,26343.76,26423.11,25878.88,25878.88,26361.75,-482.87,-1.83,9348824.0,20839014656.0
BK0438.DC,20201210,25733.71,26144.25,25662.21,25924.15,25878.88,45.27,0.17,8938610.0,18677574144.0
BK0438.DC,20201211,25898.06,25900.11,25225.87,25440.26,25924.149999999998,-483.89,-1.87,9895073.0,21979547904.0
BK0438.DC,20201214,25450.23,26280.98,25380.46,26272.87,25440.26,832.61,3.27,11008864.0,25239575552.0
BK0438.DC,20201215,26276.65,26423.83,26101.59,26310.17,26272.87,37.3,0.14,9962446.0,23673409536.0
BK0438.DC,20201216,26261.9,27230.21,26253.64,27121.85,26310.17,811.68,3.09,16268078.0,31153045760.0
BK0438.DC,20201217,26963.67,27120.37,26789.38,26923.49,27121.850000000002,-198.36,-0.73,15348354.0,30909369856.0
BK0438.DC,20201218,26716.79,26716.79,26384.36,26396.23,26923.489999999998,-527.26,-1.96,12128768.0,27347349248.0
BK0438.DC,20201221,26301.97,26630.91,26100.57,26601.68,26396.23,205.45,0.78,12508276.0,25761461504.0
BK0438.DC,20201222,26464.59,26797.59,26213.14,26249.85,26601.68,-351.83,-1.32,15790864.0,30456912384.0
BK0438.DC,20201223,26176.83,26484.53,25955.14,26174.06,26249.850000000002,-75.79,-0.29,15548191.0,28978153472.0
BK0438.DC,20201224,25997.85,25997.85,25073.95,25088.3,26174.059999999998,-1085.76,-4.15,13168935.0,25285437184.0
BK0438.DC,20201225,24904.31,25097.13,24741.18,24935.21,25088.3,-153.09,-0.61,9704752.0,20046932480.0
BK0438.DC,20201228,24894.69,25138.29,24820.6,24959.81,24935.210000000003,24.6,0.1,10735007.0,24311051008.0
BK0438.DC,20201229,25071.12,25109.0,24903.14,24917.11,24959.81,-42.7,-0.17,11144384.0,23558628608.0
BK0438.DC,20201230,24915.3,25427.25,24913.96,25375.98,24917.11,458.87,1.84,11376732.0,25808968448.0
BK0438.DC,20201231,25400.42,25721.7,25400.42,25647.73,25375.98,271.75,1.07,11745547.0,25493688832.0
BK0438.DC,20210104,25704.51,26394.54,25695.81,26335.97,25647.73,688.24,2.68,14110796.0,32886661888.0
BK0438.DC,20210105,26315.44,27372.83,26275.8,27371.35,26335.969999999998,1035.38,3.93,21196390.0,52105367808.0
BK0438.DC,20210106,27484.28,27614.1,27025.04,27135.33,27371.350000000002,-236.02,-0.86,18082961.0,40805301504.0
BK0438.DC,20210107,27112.93,27118.63,26473.74,26711.77,27135.33,-423.56,-1.56,16507085.0,40377078528.0
BK0438.DC,20210108,26568.47,26573.39,26081.8,26212.96,26711.77,-498.81,-1.87,14186230.0,37505711616.0
BK0438.DC,20210111,26108.04,26111.48,25416.14,25525.46,26212.96,-687.5,-2.62,13516256.0,38875414784.0
BK0438.DC,20210112,25371.02,25921.93,25354.03,25862.76,25525.46,337.3,1.32,10386003.0,30543205632.0
BK0438.DC,20210113,25872.66,25893.41,25238.28,25393.37,25862.76,-469.39,-1.81,13185741.0,34878093312.0
BK0438.DC,20210114,25278.76,25328.88,24929.2,25161.95,25393.37,-231.42,-0.91,11110280.0,30970877696.0
BK0438.DC,20210115,25077.38,25338.78,25007.64,25308.01,25161.949999999997,146.06,0.58,10116420.0,29417548032.0
BK0438.DC,20210118,25222.84,25600.04,25194.43,25564.8,25308.01,256.79,1.01,9270206.0,25068629248.0
BK0438.DC,20210119,25555.74,25712.21,25442.12,25496.59,25564.8,-68.21,-0.27,10179821.0,28706607616.0
BK0438.DC,20210120,25444.25,25532.76,25204.96,25501.87,25496.59,5.28,0.02,8999703.0,26853150976.0
BK0438.DC,20210121,25493.05,26131.62,25491.32,26047.54,25501.870000000003,545.67,2.14,11684603.0,33335364096.0
BK0438.DC,20210122,26019.0,26132.65,25798.2,25884.64,26047.54,-162.9,-0.63,11684474.0,33044175104.0
BK0438.DC,20210125,25862.47,25862.47,25570.14,25705.03,25884.64,-179.61,-0.69,12225464.0,37263751424.0
BK0438.DC,20210126,25604.1,25681.12,25298.04,25311.99,25705.030000000002,-393.04,-1.53,9913077.0,29815099136.0
BK0438.DC,20210127,25273.49,25278.74,24909.9,25261.69,25311.989999999998,-50.3,-0.2,8586857.0,26218816512.0
BK0438.DC,20210128,24994.74,25350.77,24803.58,24818.95,25261.690000000002,-442.74,-1.75,8342867.0,26386584320.0
BK0438.DC,20210129,24877.05,25009.28,24220.4,24513.06,24818.95,-305.89,-1.23,9394284.0,25062023168.0
BK0438.DC,20210201,24424.67,24770.03,24370.42,24726.15,24513.06,213.09,0.87,8074513.0,20918646272.0
BK0438.DC,20210202,24727.46,25104.84,24634.85,25080.01,24726.149999999998,353.86,1.43,8956598.0,27175821312.0
BK0438.DC,20210203,25002.86,25002.86,24611.04,24611.04,25080.010000000002,-468.97,-1.87,9282525.0,27275055360.0
BK0438.DC,20210204,24502.88,24788.98,24170.29,24469.39,24611.04,-141.65,-0.58,8858130.0,24331426816.0
BK0438.DC,20210205,24468.33,24765.8,24123.51,24131.11,24469.39,-338.28,-1.38,8723580.0,24273153792.0
BK0438.DC,20210208,24110.34,24161.22,23648.76,23949.46,24131.11,-181.65,-0.75,8133716.0,24000193536.0
BK0438.DC,20210209,23923.51,24394.2,23876.72,24344.0,23949.46,394.54,1.65,8207112.0,25677155840.0
BK0438.DC,20210210,24408.33,24502.7,24330.29,24462.58,24344.0,118.58,0.49,8052275.0,24409467392.0
BK0438.DC,20210218,24708.17,24889.32,24527.58,24683.04,24462.58,220.46,0.9,10718346.0,31763915520.0
BK0438.DC,20210219,24699.34,25392.64,24695.46,25369.93,24683.04,686.89,2.78,11081478.0,28910991360.0
BK0438.DC,20210222,25397.84,25549.12,25151.52,25193.15,25369.93,-176.78,-0.7,12860547.0,29781356032.0
BK0438.DC,20210223,25037.7,25172.37,24777.0,24844.57,25193.15,-348.58,-1.38,9772162.0,24470547456.0
BK0438.DC,20210224,24825.56,24874.52,24299.8,24509.35,24844.57,-335.22,-1.35,8961861.0,25217087488.0
BK0438.DC,20210225,24570.04,24613.51,24183.19,24236.68,24509.35,-272.67,-1.11,7044104.0,18592338944.0
BK0438.DC,20210226,23905.79,24118.95,23785.36,23953.95,24236.68,-282.73,-1.17,7406651.0,20045767936.0
BK0438.DC,20210301,24003.96,24289.84,24003.96,24289.84,23953.95,335.89,1.4,6729165.0,18039269888.0
BK0438.DC,20210302,24363.11,24368.42,23895.9,24053.72,24289.84,-236.12,-0.97,7410396.0,17919576576.0
BK0438.DC,20210303,24009.95,24440.52,24007.63,24436.32,24053.72,382.6,1.59,7486171.0,16465963264.0
BK0438.DC,20210304,24341.16,24341.16,23873.91,23935.1,24436.32,-501.22,-2.05,8428314.0,19398757632.0
BK0438.DC,20210305,23784.85,24290.35,23720.19,24195.41,23935.1,260.31,1.09,8030588.0,16345157888.0
BK0438.DC,20210308,24338.68,24414.4,23734.23,23734.23,24195.41,-461.18,-1.91,9310506.0,21903324160.0
BK0438.DC,20210309,23649.23,23681.07,22696.51,23006.91,23734.23,-727.32,-3.06,9553230.0,21447452416.0
BK0438.DC,20210310,23163.58,23226.79,22828.34,22992.73,23006.91,-14.18,-0.06,7119023.0,16853519104.0
BK0438.DC,20210311,22987.84,23364.71,22847.07,23361.04,22992.73,368.31,1.6,7223506.0,17291932928.0
BK0438.DC,20210312,23348.42,23351.64,23004.26,23172.19,23361.039999999997,-188.85,-0.81,6373691.0,14567416832.0
BK0438.DC,20210315,23052.05,23066.74,22676.43,22809.49,23172.190000000002,-362.7,-1.57,6070424.0,13918277120.0
BK0438.DC,20210316,22852.62,23144.08,22780.69,23134.65,22809.49,325.16,1.43,5716428.0,12071135744.0
BK0438.DC,20210317,23094.08,23386.54,22981.12,23364.25,23134.65,229.6,0.99,5765119.0,12239582208.0
BK0438.DC,20210318,23347.83,23448.71,23294.69,23404.59,23364.25,40.34,0.17,5697757.0,12711988736.0
BK0438.DC,20210319,23189.79,23457.3,23105.34,23239.15,23404.59,-165.44,-0.71,6112254.0,12806769664.0
BK0438.DC,20210322,23250.32,23545.42,23201.71,23541.42,23239.149999999998,302.27,1.3,5750002.0,11589867776.0
BK0438.DC,20210323,23588.79,23688.29,23355.05,23441.15,23541.420000000002,-100.27,-0.43,6347509.0,13229610496.0
BK0438.DC,20210324,23351.12,23628.93,23323.06,23577.25,23441.15,136.1,0.58,7708465.0,15369319168.0
BK0438.DC,20210325,23450.49,23690.95,23336.3,23624.16,23577.25,46.91,0.2,6626669.0,12872034560.0
BK0438.DC,20210326,23572.73,23928.83,23553.34,23863.22,23624.16,239.06,1.01,6836072.0,15399093760.0
BK0438.DC,20210329,23905.21,24049.54,23813.44,23928.1,23863.219999999998,64.88,0.27,6656401.0,14364274176.0
BK0438.DC,20210330,23879.2,23944.91,23758.49,23941.82,23928.1,13.72,0.06,7421494.0,15954653952.0
BK0438.DC,20210331,23885.09,23885.09,23654.54,23813.18,23941.82,-128.64,-0.54,6471682.0,13679225088.0
BK0438.DC,20210401,23781.84,23895.84,23777.99,23867.79,23813.18,54.61,0.23,5381878.0,11071817984.0
BK0438.DC,20210402,23919.6,24194.8,23919.6,24167.42,23867.789999999997,299.63,1.26,6492920.0,17674689792.0
BK0438.DC,20210406,24217.54,24322.63,24110.9,24317.8,24167.42,150.38,0.62,6466058.0,14575897600.0
BK0438.DC,20210407,24298.9,24341.76,24103.11,24339.6,24317.8,21.8,0.09,6727768.0,16021459200.0
BK0438.DC,20210408,24246.23,24639.52,24176.75,24419.14,24339.6,79.54,0.33,8065124.0,17578776832.0
BK0438.DC,20210409,24356.26,24442.26,24257.48,24420.95,24419.14,1.81,0.01,7687745.0,15817107456.0
BK0438.DC,20210412,24431.8,24488.01,24061.25,24109.9,24420.95,-311.05,-1.27,8468552.0,16158785536.0
BK0438.DC,20210413,24085.73,24264.42,23975.29,24031.25,24109.9,-78.65,-0.33,7507724.0,14222641152.0
BK0438.DC,20210414,23991.18,24282.65,23875.94,24276.68,24031.25,245.43,1.02,6280114.0,12669403904.0
BK0438.DC,20210415,24343.88,24394.6,24139.49,24254.1,24276.68,-22.58,-0.09,7327428.0,15224957184.0
BK0438.DC,20210416,24202.52,24516.66,24202.52,24460.69,24254.1,206.59,0.85,7387409.0,14353930752.0
BK0438.DC,20210419,24445.23,24744.82,24363.03,24744.82,24460.69,284.13,1.16,7693730.0,16772246272.0
BK0438.DC,20210420,24677.5,25155.79,24657.62,25015.62,24744.82,270.8,1.09,11201081.0,20121017344.0
BK0438.DC,20210421,24957.96,25188.53,24861.31,25181.73,25015.62,166.11,0.66,10868137.0,19206662656.0
BK0438.DC,20210422,25224.29,25572.72,25210.38,25570.19,25181.73,388.46,1.54,11496854.0,22305138432.0
BK0438.DC,20210423,25393.83,25403.34,25083.74,25130.4,25570.190000000002,-439.79,-1.72,10630304.0,22009873408.0
BK0438.DC,20210426,25077.17,25194.92,24829.24,24839.49,25130.4,-290.91,-1.16,9688322.0,20971886848.0
BK0438.DC,20210427,24763.51,24852.55,24602.74,24836.54,24839.49,-2.95,-0.01,8686202.0,16593164800.0
BK0438.DC,20210428,24786.84,24947.2,24666.76,24947.2,24836.54,110.66,0.45,8604870.0,21442600704.0
BK0438.DC,20210429,24952.32,25073.59,24791.66,24795.81,24947.2,-151.39,-0.61,9309989.0,23632517376.0
BK0438.DC,20210430,24729.48,24779.42,24528.8,24694.22,24795.81,-101.59,-0.41,10110906.0,22954289920.0
BK0438.DC,20210506,24694.55,24779.59,24568.1,24703.49,24694.22,9.27,0.04,8950017.0,19904892672.0
BK0438.DC,20210507,24766.48,24782.79,24527.5,24551.56,24703.49,-151.93,-0.62,9246292.0,18880825856.0
BK0438.DC,20210510,24553.77,24685.46,24427.07,24643.64,24551.559999999998,92.08,0.38,9802394.0,18320070144.0
BK0438.DC,20210511,24662.87,25176.6,24628.76,25138.38,24643.64,494.74,2.01,9639179.0,19107238144.0
BK0438.DC,20210512,25177.98,25424.55,25068.9,25422.05,25138.38,283.67,1.13,9404294.0,17291683072.0
BK0438.DC,20210513,25303.19,25647.67,25258.0,25517.98,25422.05,95.93,0.38,10504812.0,19584159232.0
BK0438.DC,20210514,25668.72,26284.48,25668.72,26187.54,25517.98,669.56,2.62,11867692.0,24585654016.0
BK0438.DC,20210517,26150.9,26363.93,26033.93,26324.9,26187.54,137.36,0.52,12505377.0,28478469376.0
BK0438.DC,20210518,26335.92,26502.82,26282.24,26464.48,26324.899999999998,139.58,0.53,9466787.0,21032545280.0
BK0438.DC,20210519,26386.23,26402.91,26260.8,26399.61,26464.48,-64.87,-0.25,8370621.0,19433131008.0
BK0438.DC,20210520,26302.95,26525.49,26298.56,26449.85,26399.609999999997,50.24,0.19,8957810.0,21095004416.0
BK0438.DC,20210521,26538.16,26652.89,26363.7,26383.13,26449.850000000002,-66.72,-0.25,9067261.0,19521079040.0
BK0438.DC,20210524,26380.93,26576.88,26262.92,26571.21,26383.129999999997,188.08,0.71,9259956.0,22647312128.0
BK0438.DC,20210525,26616.85,26993.23,26567.16,26993.23,26571.21,422.02,1.59,10573512.0,27126238208.0
BK0438.DC,20210526,27002.46,27192.12,26964.43,27116.45,26993.23,123.22,0.46,10277107.0,25508217344.0
BK0438.DC,20210527,27107.85,27380.79,27078.3,27302.74,27116.45,186.29,0.69,10557140.0,24043993856.0
BK0438.DC,20210528,27364.51,27367.62,26972.17,27083.76,27302.739999999998,-218.98,-0.8,11104126.0,24253464064.0
BK0438.DC,20210531,27102.21,27295.71,26921.99,27295.71,27083.76,211.95,0.78,10722359.0,22771827200.0
BK0438.DC,20210601,27442.4,27649.62,27332.04,27648.76,27295.71,353.05,1.29,12863590.0,24907558912.0
BK0438.DC,20210602,27635.78,27685.33,27328.11,27390.12,27648.76,-258.64,-0.94,11701915.0,25066459648.0
BK0438.DC,20210603,27364.25,27721.89,27232.59,27545.87,27390.12,155.75,0.57,12033033.0,25872022016.0
BK0438.DC,20210604,27433.48,27609.06,27406.3,27440.75,27545.87,-105.12,-0.38,10722826.0,24109564672.0
BK0438.DC,20210607,27453.8,27714.23,27283.48,27714.23,27440.75,273.48,1.0,12253005.0,29663437824.0
BK0438.DC,20210608,27721.71,27722.48,27165.63,27292.75,27714.23,-421.48,-1.52,10326264.0,25904472576.0
BK0438.DC,20210609,27261.57,27381.9,27090.77,27228.71,27292.75,-64.04,-0.23,10200173.0,24761310464.0
BK0438.DC,20210610,27210.06,27210.06,26975.12,26992.42,27228.71,-236.29,-0.87,9554807.0,21359448576.0
BK0438.DC,20210611,27000.78,27022.45,26720.84,26741.56,26992.420000000002,-250.86,-0.93,9181972.0,21487733504.0
BK0438.DC,20210615,26699.6,26699.6,26255.87,26377.65,26741.56,-363.91,-1.36,8663270.0,20855622144.0
BK0438.DC,20210616,26361.15,26578.34,26194.25,26238.42,26377.649999999998,-139.23,-0.53,7657651.0,24581360640.0
BK0438.DC,20210617,26208.26,26547.86,26187.62,26503.4,26238.420000000002,264.98,1.01,7731389.0,19532418560.0
BK0438.DC,20210618,26530.59,26602.97,26380.24,26593.79,26503.4,90.39,0.34,8486556.0,21237205248.0
BK0438.DC,20210621,26513.18,26835.26,26479.3,26823.71,26593.79,229.92,0.86,9111650.0,21213091840.0
BK0438.DC,20210622,26849.82,27193.31,26809.77,27173.03,26823.71,349.32,1.3,9388560.0,21010533120.0
BK0438.DC,20210623,27134.62,27134.62,26823.44,26918.64,27173.03,-254.39,-0.94,8659611.0,19144793088.0
BK0438.DC,20210624,26917.39,26917.39,26542.38,26637.38,26918.64,-281.26,-1.04,8587501.0,18582088704.0
BK0438.DC,20210625,26606.4,26811.7,26463.66,26786.55,26637.38,149.17,0.56,8280476.0,18427147008.0
BK0438.DC,20210628,26772.55,26958.82,26772.55,26914.49,26786.550000000003,127.94,0.48,8262263.0,17879142400.0
BK0438.DC,20210629,26908.23,26908.23,26646.5,26654.85,26914.489999999998,-259.64,-0.96,8574686.0,19733833728.0
BK0438.DC,20210630,26607.21,26670.61,26450.63,26529.12,26654.85,-125.73,-0.47,7283588.0,16454124288.0
BK0438.DC,20210701,26508.26,26969.07,26422.51,26682.02,26529.12,152.9,0.58,8974192.0,21229205248.0
BK0438.DC,20210702,26611.56,26830.73,26317.37,26358.26,26682.019999999997,-323.76,-1.21,9112124.0,21529375232.0
BK0438.DC,20210705,26316.74,26380.47,26120.07,26265.4,26358.260000000002,-92.86,-0.35,8813504.0,20382483712.0
BK0438.DC,20210706,26252.62,26252.62,25808.05,26110.11,26265.4,-155.29,-0.59,8298861.0,20941586688.0
BK0438.DC,20210707,25998.57,26294.8,25956.36,26250.18,26110.11,140.07,0.54,7949533.0,18622601472.0
BK0438.DC,20210708,26191.57,26191.57,25729.52,25729.67,26250.179999999997,-520.51,-1.98,8327961.0,19534528256.0
BK0438.DC,20210709,25655.09,25748.33,25448.18,25734.88,25729.670000000002,5.21,0.02,7127508.0,16233193728.0
BK0438.DC,20210712,25809.77,26024.65,25700.46,26008.19,25734.879999999997,273.31,1.06,7611316.0,18117274624.0
BK0438.DC,20210713,26020.99,26260.74,25996.26,26260.74,26008.190000000002,252.55,0.97,7680439.0,18220094208.0
BK0438.DC,20210714,26216.5,26364.42,26117.61,26229.3,26260.739999999998,-31.44,-0.12,8310141.0,18059960064.0
BK0438.DC,20210715,26118.14,26118.14,25774.35,25953.41,26229.3,-275.89,-1.05,9317318.0,20368646656.0
BK0438.DC,20210716,25907.0,25907.0,25683.4,25714.89,25953.41,-238.52,-0.92,9347767.0,17547245056.0
BK0438.DC,20210719,25615.45,25615.45,25324.38,25522.4,25714.890000000003,-192.49,-0.75,9734813.0,18256110336.0
BK0438.DC,20210720,25352.23,25471.34,25292.41,25462.48,25522.399999999998,-59.92,-0.23,9070332.0,16180261632.0
BK0438.DC,20210721,25491.4,25715.46,25384.64,25477.54,25462.48,15.06,0.06,10711252.0,21114976512.0
BK0438.DC,20210722,25427.44,25427.44,25172.09,25190.22,25477.54,-287.32,-1.13,8624369.0,16553035776.0
BK0438.DC,20210723,25151.25,25151.25,24549.59,24566.94,25190.219999999998,-623.28,-2.47,9395688.0,18600207872.0
BK0438.DC,20210726,24537.67,24537.67,23825.59,24087.72,24566.940000000002,-479.22,-1.95,9586458.0,19188285440.0
BK0438.DC,20210727,24098.33,24203.58,23453.34,23453.34,24087.72,-634.38,-2.63,9073356.0,18496451584.0
BK0438.DC,20210728,23307.28,23406.31,22701.81,23113.28,23453.34,-340.06,-1.45,10692283.0,18311378688.0
BK0438.DC,20210729,23290.19,23461.28,23290.19,23394.15,23113.280000000002,280.87,1.22,8470182.0,16268676096.0
BK0438.DC,20210730,23343.18,23362.17,22973.65,23362.17,23394.149999999998,-31.98,-0.14,9028868.0,16734441216.0
BK0438.DC,20210802,23243.12,24004.07,23073.02,23990.74,23362.170000000002,628.57,2.69,10433531.0,22081597696.0
BK0438.DC,20210803,23900.69,24252.67,23814.32,24231.83,23990.74,241.09,1.0,9859569.0,18903922176.0
BK0438.DC,20210804,24258.07,24258.07,23989.18,24022.64,24231.829999999998,-209.19,-0.86,8797990.0,16667035136.0
BK0438.DC,20210805,23940.43,24079.45,23778.29,23812.12,24022.64,-210.52,-0.88,7812529.0,15366281216.0
BK0438.DC,20210806,23708.58,23708.58,23410.07,23543.37,23812.12,-268.75,-1.13,7146243.0,14179400448.0
BK0438.DC,20210809,23518.56,24648.13,23493.69,24639.51,23543.37,1096.14,4.66,10647437.0,22935287296.0
BK0438.DC,20210810,24540.11,25132.34,24423.41,25075.47,24639.510000000002,435.96,1.77,11185597.0,24656541440.0
BK0438.DC,20210811,25010.99,25188.05,24857.45,24888.92,25075.469999999998,-186.55,-0.74,9911484.0,20633744128.0
BK0438.DC,20210812,24859.02,25043.39,24602.19,24652.31,24888.920000000002,-236.61,-0.95,8344950.0,17027741696.0
BK0438.DC,20210813,24585.37,24706.41,24421.86,24637.38,24652.31,-14.93,-0.06,8704127.0,14753083136.0
BK0438.DC,20210816,24648.48,25077.2,24605.93,24992.15,24637.38,354.77,1.44,10008449.0,17472824576.0
BK0438.DC,20210817,24918.95,25028.93,24364.76,24386.41,24992.15,-605.74,-2.42,10760367.0,18935573760.0
BK0438.DC,20210818,24254.81,24346.65,24068.38,24253.3,24386.41,-133.11,-0.55,8375343.0,15177360384.0
BK0438.DC,20210819,24187.93,24363.15,24007.11,24048.59,24253.3,-204.71,-0.84,7801442.0,14583849984.0
BK0438.DC,20210820,23924.49,23924.49,23344.85,23584.29,24048.59,-464.3,-1.93,8558839.0,16599684096.0
BK0438.DC,20210823,23566.19,23807.68,23540.75,23761.46,23584.29,177.17,0.75,7345708.0,13075513600.0
BK0438.DC,20210824,23769.77,23940.44,23657.06,23927.27,23761.46,165.81,0.7,7980899.0,13894506496.0
BK0438.DC,20210825,23902.03,24220.26,23890.23,24125.62,23927.27,198.35,0.83,7946702.0,13447130368.0
BK0438.DC,20210826,24075.15,24075.15,23703.31,23717.49,24125.620000000003,-408.13,-1.69,8272466.0,14424181504.0
BK0438.DC,20210827,23675.79,23796.41,23551.27,23597.01,23717.489999999998,-120.48,-0.51,7295890.0,13024711424.0
BK0438.DC,20210830,23597.91,23598.32,23332.37,23432.03,23597.01,-164.98,-0.7,9645799.0,16428518400.0
BK0438.DC,20210831,23335.81,23510.57,23156.12,23236.9,23432.030000000002,-195.13,-0.83,9980929.0,19190193664.0
BK0438.DC,20210901,23222.16,23596.87,22981.2,23553.01,23236.899999999998,316.11,1.36,10636712.0,22087896320.0
BK0438.DC,20210902,23524.3,23524.3,23351.62,23429.81,23553.010000000002,-123.2,-0.52,8343187.0,15768914176.0
BK0438.DC,20210903,23371.76,23708.06,23289.65,23651.71,23429.809999999998,221.9,0.95,9040805.0,16615475968.0
BK0438.DC,20210906,23638.61,24096.77,23567.17,24090.82,23651.71,439.11,1.86,9481227.0,18940342272.0
BK0438.DC,20210907,24097.29,24344.0,24033.03,24321.75,24090.82,230.93,0.96,9224172.0,15770115584.0
BK0438.DC,20210908,24365.17,24526.69,24327.81,24501.15,24321.75,179.4,0.74,9512151.0,14871690496.0
BK0438.DC,20210909,24516.04,24629.23,24436.64,24499.24,24501.15,-1.91,-0.01,8628128.0,12949133056.0
BK0438.DC,20210910,24479.61,24511.97,24241.41,24277.8,24499.239999999998,-221.44,-0.9,8628455.0,13491692800.0
BK0438.DC,20210913,24272.97,24332.26,24186.39,24266.49,24277.800000000003,-11.31,-0.05,7780220.0,12610927872.0
BK0438.DC,20210914,24340.36,24510.67,24005.24,24028.02,24266.49,-238.47,-0.98,7815571.0,12492020480.0
BK0438.DC,20210915,24009.21,24009.21,23808.75,23925.67,24028.019999999997,-102.35,-0.43,6524801.0,11506003456.0
BK0438.DC,20210916,23957.3,24290.53,23909.23,24010.87,23925.67,85.2,0.36,9527621.0,15585088000.0
BK0438.DC,20210917,23992.81,24013.62,23641.45,24005.56,24010.870000000003,-5.31,-0.02,8575117.0,14183329024.0
BK0438.DC,20210922,23746.67,23817.79,23613.32,23749.07,24005.56,-256.49,-1.07,6539151.0,10711269888.0
BK0438.DC,20210923,23833.37,24108.41,23833.37,24054.4,23749.07,305.33,1.29,8595664.0,14448210688.0
BK0438.DC,20210924,24066.64,24935.58,24049.58,24670.99,24054.4,616.59,2.56,13418019.0,27231439360.0
BK0438.DC,20210927,24598.65,25351.01,24518.51,25008.43,24670.99,337.44,1.37,14782068.0,31495926272.0
BK0438.DC,20210928,24780.53,24780.53,24294.53,24533.67,25008.429999999997,-474.76,-1.9,8969097.0,18079799552.0
BK0438.DC,20210929,24356.81,24510.76,24121.34,24126.5,24533.67,-407.17,-1.66,8691928.0,17075585536.0
BK0438.DC,20210930,24212.88,24585.75,24212.88,24545.68,24126.5,419.18,1.74,7976576.0,16948559104.0
BK0438.DC,20211008,24578.72,25231.58,24522.58,25190.54,24545.68,644.86,2.63,11132188.0,22952754176.0
BK0438.DC,20211011,25173.81,25606.43,25122.87,25260.24,25190.54,69.7,0.28,11469139.0,21378646528.0
BK0438.DC,20211012,25171.52,25280.44,24895.88,25132.86,25260.24,-127.38,-0.5,11621039.0,21813243136.0
BK0438.DC,20211013,25187.72,25671.62,25003.53,25593.4,25132.86,460.54,1.83,11115331.0,23575377152.0
BK0438.DC,20211014,25594.67,25678.38,25350.84,25462.45,25593.4,-130.95,-0.51,8345779.0,17481002240.0
BK0438.DC,20211015,25318.23,25552.36,24904.64,24909.4,25462.45,-553.05,-2.17,10580861.0,21648258304.0
BK0438.DC,20211018,24776.92,24776.92,24175.05,24527.2,24909.4,-382.2,-1.53,9727654.0,19575385856.0
BK0438.DC,20211019,24406.86,24714.46,24379.85,24672.62,24527.2,145.42,0.59,9264010.0,17361641216.0
BK0438.DC,20211020,24644.69,24693.3,24267.19,24363.66,24672.62,-308.96,-1.25,7865238.0,15097436672.0
BK0438.DC,20211021,24348.11,24494.17,24279.93,24423.1,24363.66,59.44,0.24,7824982.0,14544320768.0
BK0438.DC,20211022,24433.02,24697.03,24268.4,24522.6,24423.1,99.5,0.41,9655233.0,20431725312.0
BK0438.DC,20211025,24558.62,24619.08,24300.41,24493.85,24522.6,-28.75,-0.12,8732190.0,18546926848.0
BK0438.DC,20211026,24473.68,24620.68,24262.65,24289.81,24493.850000000002,-204.04,-0.83,8319569.0,16172066304.0
BK0438.DC,20211027,24219.82,24220.05,23620.52,23689.12,24289.809999999998,-600.69,-2.47,8892903.0,17001779200.0
BK0438.DC,20211028,23546.42,23827.01,23515.63,23779.77,23689.12,90.65,0.38,9415795.0,20951040768.0
BK0438.DC,20211029,23697.04,24573.29,23697.04,24484.02,23779.77,704.25,2.96,11986717.0,28535327232.0
BK0438.DC,20211101,24307.32,24586.89,24103.36,24558.02,24484.02,74.0,0.3,10964605.0,24243426304.0
BK0438.DC,20211102,24548.84,25199.79,24511.1,25064.92,24558.019999999997,506.9,2.06,14044339.0,31619956736.0
BK0438.DC,20211103,25047.65,25311.45,24969.31,25277.26,25064.92,212.34,0.85,12179116.0,25985233408.0
BK0438.DC,20211104,25253.98,26134.85,25253.98,26120.04,25277.260000000002,842.78,3.33,14848544.0,33166998528.0
BK0438.DC,20211105,26111.0,26303.2,25838.61,25838.61,26120.04,-281.43,-1.08,12609106.0,25588433152.0
BK0438.DC,20211108,25759.54,25759.54,25376.59,25436.69,25838.609999999997,-401.92,-1.56,9339591.0,18548962816.0
BK0438.DC,20211109,25517.21,25603.64,25385.02,25539.57,25436.69,102.88,0.4,8477735.0,16364968448.0
BK0438.DC,20211110,25491.36,25562.91,25034.91,25371.79,25539.57,-167.78,-0.66,9669491.0,19717475584.0
BK0438.DC,20211111,25273.87,25412.92,25217.47,25376.12,25371.789999999997,4.33,0.02,8519100.0,17489498112.0
BK0438.DC,20211112,25383.88,25488.25,25262.93,25334.73,25376.12,-41.39,-0.16,8893858.0,17367978496.0
BK0438.DC,20211115,25397.93,26120.37,25395.45,26114.74,25334.730000000003,780.01,3.08,11997493.0,24669616640.0
BK0438.DC,20211116,26087.51,26235.21,25979.51,26042.22,26114.74,-72.52,-0.28,10603241.0,21181839616.0
BK0438.DC,20211117,26036.37,26039.36,25742.56,26039.21,26042.219999999998,-3.01,-0.01,8679091.0,16565342464.0
BK0438.DC,20211118,26045.95,26045.95,25639.24,25650.29,26039.21,-388.92,-1.49,8757286.0,15685115136.0
BK0438.DC,20211119,25657.92,25790.21,25481.04,25684.28,25650.289999999997,33.99,0.13,8174024.0,15980056832.0
BK0438.DC,20211122,25649.62,25832.21,25566.82,25821.94,25684.28,137.66,0.54,8266481.0,17898740736.0
BK0438.DC,20211123,25795.71,25857.55,25680.93,25784.87,25821.94,-37.07,-0.14,8362036.0,17763234048.0
BK0438.DC,20211124,25780.82,25884.77,25585.56,25863.66,25784.87,78.79,0.31,8835293.0,19195083264.0
BK0438.DC,20211125,25847.67,25981.53,25777.78,25801.32,25863.66,-62.34,-0.24,8393726.0,16772160000.0
BK0438.DC,20211126,25805.11,25805.11,25539.15,25586.4,25801.32,-214.92,-0.83,7862066.0,14862567680.0
BK0438.DC,20211129,25328.29,25551.0,25265.27,25481.06,25586.4,-105.34,-0.41,7834725.0,15463977216.0
BK0438.DC,20211130,25494.13,25547.21,25334.19,25448.04,25481.06,-33.02,-0.13,6891093.0,13981924864.0
BK0438.DC,20211201,25440.52,25740.46,25400.38,25740.46,25448.04,292.42,1.15,7028624.0,14251405568.0
BK0438.DC,20211202,25777.92,26007.12,25575.49,25578.36,25740.46,-162.1,-0.63,8228645.0,15404299776.0
BK0438.DC,20211203,25557.38,25688.23,25473.46,25675.98,25578.36,97.62,0.38,8631309.0,17241691904.0
BK0438.DC,20211206,25632.09,25632.5,25354.94,25378.64,25675.98,-297.34,-1.16,8609823.0,15671972608.0
BK0438.DC,20211207,25441.2,25747.76,25400.41,25747.76,25378.64,369.12,1.45,10087802.0,20616277248.0
BK0438.DC,20211208,25732.77,26080.95,25653.99,26080.95,25747.760000000002,333.19,1.29,10577400.0,22608087296.0
BK0438.DC,20211209,26055.23,26485.17,26046.03,26328.77,26080.95,247.82,0.95,12151511.0,26830257664.0
BK0438.DC,20211210,26254.16,26587.86,26232.7,26431.37,26328.77,102.6,0.39,11452598.0,23981612544.0
BK0438.DC,20211213,26500.4,26635.8,26343.37,26459.11,26431.37,27.74,0.1,10341136.0,22584760320.0
BK0438.DC,20211214,26384.12,26793.43,26310.17,26701.67,26459.109999999997,242.56,0.92,9838250.0,20396901888.0
BK0438.DC,20211215,26690.25,26690.25,26340.58,26368.87,26701.67,-332.8,-1.25,9728077.0,19247093760.0
BK0438.DC,20211216,26357.68,26490.42,26168.08,26455.68,26368.87,86.81,0.33,8785421.0,17126396928.0
BK0438.DC,20211217,26455.12,26455.12,26163.02,26210.44,26455.68,-245.24,-0.93,7455318.0,14370361600.0
BK0438.DC,20211220,26152.91,26367.48,26086.36,26118.99,26210.440000000002,-91.45,-0.35,8768002.0,16021650944.0
BK0438.DC,20211221,26084.09,26373.73,26081.19,26373.43,26118.99,254.44,0.97,8607819.0,15096742400.0
BK0438.DC,20211222,26395.55,26510.06,26278.05,26507.43,26373.43,134.0,0.51,8866204.0,13964928512.0
BK0438.DC,20211223,26524.23,26621.42,26213.45,26302.49,26507.43,-204.94,-0.77,9574679.0,13678850304.0
BK0438.DC,20211224,26234.19,26550.6,26198.81,26504.39,26302.489999999998,201.9,0.77,10874292.0,20184594944.0
BK0438.DC,20211227,26537.87,26981.67,26318.36,26981.67,26504.39,477.28,1.8,10634807.0,21191171840.0
BK0438.DC,20211228,26913.44,27008.26,26768.34,26857.92,26981.67,-123.75,-0.46,9522175.0,17813742080.0
BK0438.DC,20211229,26852.51,26942.78,26560.21,26563.02,26857.920000000002,-294.9,-1.1,9691635.0,17726417664.0
BK0438.DC,20211230,26587.4,26805.96,26511.24,26795.56,26563.02,232.54,0.88,8414939.0,14339438592.0
BK0438.DC,20211231,26815.52,27064.64,26695.13,27020.18,26795.56,224.62,0.84,9154038.0,15737206016.0
BK0438.DC,20220104,27007.45,27575.45,26907.04,27575.45,27020.18,555.27,2.06,14113665.0,24098610176.0
BK0438.DC,20220105,27647.34,27868.55,27489.27,27551.65,27575.45,-23.8,-0.09,16012463.0,29036527872.0
BK0438.DC,20220106,27482.01,27749.26,27459.91,27693.46,27551.649999999998,141.81,0.51,12997466.0,24176032768.0
BK0438.DC,20220107,27726.24,27747.5,27113.93,27127.95,27693.46,-565.51,-2.04,13233335.0,22982365184.0
BK0438.DC,20220110,27027.39,27412.39,26787.38,27370.99,27127.95,243.04,0.9,11991978.0,22053255680.0
BK0438.DC,20220111,27362.15,27485.39,26858.22,26901.09,27370.99,-469.9,-1.72,10389253.0,19479561472.0
BK0438.DC,20220112,26961.96,27683.3,26867.93,27683.3,26901.09,782.21,2.91,12430787.0,20834248448.0
BK0438.DC,20220113,27794.04,27941.33,27571.99,27586.28,27683.3,-97.02,-0.35,13554990.0,23168098304.0
BK0438.DC,20220114,27649.4,27899.34,27210.7,27221.9,27586.280000000002,-364.38,-1.32,14341616.0,22859016704.0
BK0438.DC,20220117,27174.73,27328.02,26840.62,27258.24,27221.9,36.34,0.13,14101167.0,20953075712.0
BK0438.DC,20220118,27217.02,27217.02,26613.85,26656.62,27258.239999999998,-601.62,-2.21,12204576.0,18590527488.0
BK0438.DC,20220119,26565.25,26831.89,26458.27,26750.73,26656.62,94.11,0.35,12225028.0,17163549184.0
BK0438.DC,20220120,26729.98,26869.78,26224.75,26251.22,26750.73,-499.51,-1.87,12012302.0,18092764160.0
BK0438.DC,20220121,26163.33,26218.55,25937.62,25963.62,26251.219999999998,-287.6,-1.1,11131676.0,16509112064.0
BK0438.DC,20220124,25816.36,25913.89,25632.27,25666.9,25963.620000000003,-296.72,-1.14,8883065.0,13225004544.0
BK0438.DC,20220125,25520.34,25520.34,24547.22,24547.22,25666.9,-1119.68,-4.36,10613137.0,15835796224.0
BK0438.DC,20220126,24542.01,24772.87,24217.29,24509.3,24547.219999999998,-37.92,-0.15,8590874.0,13077656320.0
BK0438.DC,20220127,24494.26,24542.54,23742.44,23742.44,24509.3,-766.86,-3.13,8450327.0,12917373696.0
BK0438.DC,20220128,23917.98,24269.15,23721.68,24007.67,23742.44,265.23,1.12,8406415.0,13229510144.0
BK0438.DC,20220207,24206.2,24324.48,24004.49,24228.36,24007.670000000002,220.69,0.92,8521240.0,12734178816.0
BK0438.DC,20220208,24197.23,24518.99,24083.97,24518.99,24228.36,290.63,1.2,7973675.0,12068806912.0
BK0438.DC,20220209,24520.29,24823.55,24494.95,24820.36,24518.99,301.37,1.23,8605596.0,13495255040.0
BK0438.DC,20220210,24804.52,24883.78,24672.75,24835.32,24820.36,14.96,0.06,8813757.0,12980029696.0
BK0438.DC,20220211,24738.09,24738.38,24161.02,24189.48,24835.32,-645.84,-2.6,8585204.0,12609881344.0
BK0438.DC,20220214,24094.89,24364.61,24047.0,24256.89,24189.48,67.41,0.28,8415338.0,11837793536.0
BK0438.DC,20220215,24275.06,24414.03,24093.47,24285.8,24256.89,28.91,0.12,7243012.0,10448274176.0
BK0438.DC,20220216,24364.73,24609.2,24290.55,24578.11,24285.8,292.31,1.2,6953697.0,10887152128.0
BK0438.DC,20220217,24552.05,24585.57,24307.82,24353.31,24578.11,-224.8,-0.91,7192720.0,11296064512.0
BK0438.DC,20220218,24234.53,24381.31,24084.52,24377.23,24353.31,23.92,0.1,6776803.0,9985515776.0
BK0438.DC,20220221,24359.5,24651.8,24311.97,24650.36,24377.23,273.13,1.12,7637094.0,11642639360.0
BK0438.DC,20220222,24570.72,24570.72,24167.16,24256.53,24650.36,-393.83,-1.6,8291081.0,12478054912.0
BK0438.DC,20220223,24348.8,24535.55,24275.65,24535.55,24256.53,279.02,1.15,7772561.0,12984750336.0
BK0438.DC,20220224,24502.11,24672.53,23701.67,23938.09,24535.55,-597.46,-2.44,11996227.0,17591027968.0
BK0438.DC,20220225,24099.14,24380.11,24089.76,24162.29,23938.09,224.2,0.94,8028972.0,12082952448.0
BK0438.DC,20220228,24163.95,24167.17,23697.49,24158.67,24162.289999999997,-3.62,-0.01,7222737.0,12764560128.0
BK0438.DC,20220301,24188.85,24449.5,24181.46,24444.71,24158.67,286.04,1.18,7870225.0,13000077056.0
BK0438.DC,20220302,24351.08,24550.72,24255.78,24531.04,24444.71,86.33,0.35,7623478.0,11184337408.0
BK0438.DC,20220303,24589.84,24610.36,24398.08,24456.75,24531.04,-74.29,-0.3,8029347.0,12218830336.0
BK0438.DC,20220304,24419.49,24551.81,24298.34,24358.87,24456.75,-97.88,-0.4,7837192.0,12145255680.0
BK0438.DC,20220307,24308.77,24308.77,23753.37,23854.61,24358.87,-504.26,-2.07,9906611.0,16602238208.0
BK0438.DC,20220308,23864.05,23896.86,22946.39,22946.53,23854.61,-908.08,-3.81,10114588.0,16261424640.0
BK0438.DC,20220309,22992.04,23083.59,21702.21,22491.08,22946.530000000002,-455.45,-1.98,11148364.0,16171812608.0
BK0438.DC,20220310,22886.2,23072.54,22777.8,22846.94,22491.079999999998,355.86,1.58,9275963.0,12783927808.0
BK0438.DC,20220311,22639.06,23409.22,22372.0,23399.31,22846.940000000002,552.37,2.42,11609707.0,16802587904.0
BK0438.DC,20220314,23290.55,23417.32,22865.83,22865.83,23399.31,-533.48,-2.28,10277540.0,15212964096.0
BK0438.DC,20220315,22685.78,22685.92,21598.63,21598.63,22865.83,-1267.2,-5.54,11725271.0,17564944896.0
BK0438.DC,20220316,21853.65,22103.7,21008.7,22053.61,21598.63,454.98,2.11,11440096.0,16867726080.0
BK0438.DC,20220317,22245.46,22833.02,22194.53,22506.41,22053.61,452.8,2.05,10438069.0,16974940672.0
BK0438.DC,20220318,22445.52,22855.69,22382.68,22776.11,22506.41,269.7,1.2,8304018.0,14080620032.0
BK0438.DC,20220321,22862.84,23314.69,22834.17,23289.43,22776.11,513.32,2.25,10891313.0,17239670528.0
BK0438.DC,20220322,23244.77,23327.31,23022.36,23183.44,23289.43,-105.99,-0.46,8727888.0,12830720768.0
BK0438.DC,20220323,23235.6,23310.61,23110.58,23146.92,23183.44,-36.52,-0.16,8993942.0,12546135808.0
BK0438.DC,20220324,23081.89,23098.59,22895.81,22980.09,23146.920000000002,-166.83,-0.72,9460128.0,13176106752.0
BK0438.DC,20220325,23007.28,23378.65,22945.05,23006.32,22980.09,26.23,0.11,13253045.0,16927347968.0
BK0438.DC,20220328,22983.05,23073.26,22711.38,23025.7,23006.32,19.38,0.08,13255469.0,17438314496.0
BK0438.DC,20220329,23035.07,23304.1,22867.91,22924.92,23025.699999999997,-100.78,-0.44,14963531.0,18010624000.0
BK0438.DC,20220330,22917.77,23210.6,22810.23,23210.6,22924.92,285.68,1.25,12249843.0,16152902400.0
BK0438.DC,20220331,23128.25,23359.72,23030.33,23076.33,23210.600000000002,-134.27,-0.58,10416936.0,13519221248.0
BK0438.DC,20220401,22976.75,23122.88,22885.22,23021.31,23076.33,-55.02,-0.24,9059325.0,12486319104.0
BK0438.DC,20220406,23002.44,23296.39,22951.97,23150.73,23021.31,129.42,0.56,9243424.0,13057591808.0
BK0438.DC,20220407,23083.31,23153.43,22597.22,22597.46,23150.73,-553.27,-2.39,9084271.0,12235489536.0
BK0438.DC,20220408,22588.6,22629.14,22060.96,22193.19,22597.46,-404.27,-1.79,8546469.0,11731108608.0
BK0438.DC,20220411,22138.44,22586.22,22021.69,22162.67,22193.19,-30.52,-0.14,10723045.0,16143883008.0
BK0438.DC,20220412,22035.14,22673.98,21908.95,22666.61,22162.670000000002,503.94,2.27,12012459.0,16585792000.0
BK0438.DC,20220413,22587.89,22952.33,22359.98,22618.65,22666.61,-47.96,-0.21,12366099.0,17320150272.0
BK0438.DC,20220414,22584.08,23178.55,22449.42,23122.56,22618.65,503.91,2.23,13180099.0,19959802112.0
BK0438.DC,20220415,22941.66,23481.5,22802.05,23276.54,23122.56,153.98,0.67,13653089.0,20355510272.0
BK0438.DC,20220418,23226.36,23586.3,23188.29,23493.57,23276.54,217.03,0.93,12586338.0,18440761856.0
BK0438.DC,20220419,23427.79,23846.82,23380.77,23699.92,23493.57,206.35,0.88,13365457.0,19077592320.0
BK0438.DC,20220420,23613.1,24549.6,23543.66,24280.27,23699.920000000002,580.35,2.45,18615177.0,27166400256.0
BK0438.DC,20220421,24112.68,24158.23,23409.61,23629.34,24280.27,-650.93,-2.68,17373773.0,24657107712.0
BK0438.DC,20220422,23289.01,23381.24,22838.89,22890.37,23629.34,-738.97,-3.13,13603260.0,19233085952.0
BK0438.DC,20220425,22359.52,22364.0,21241.59,21251.19,22890.37,-1639.18,-7.16,13250513.0,20439986688.0
BK0438.DC,20220426,21056.14,21548.43,20668.98,20746.06,21251.190000000002,-505.13,-2.38,14774842.0,21448661760.0
BK0438.DC,20220427,20285.62,20832.12,19785.08,20830.74,20746.06,84.68,0.41,13872231.0,20838994432.0
BK0438.DC,20220428,20512.64,20653.84,19835.28,20144.13,20830.74,-686.61,-3.3,12130814.0,19161241856.0
BK0438.DC,20220429,20188.87,20955.11,20188.87,20863.82,20144.13,719.69,3.57,12364271.0,18881494272.0
BK0438.DC,20220505,20844.23,21526.43,20773.64,21379.43,20863.82,515.61,2.47,12055831.0,20018703872.0
BK0438.DC,20220506,20949.65,21211.92,20772.05,20938.06,21379.43,-441.37,-2.06,9622731.0,14462836480.0
BK0438.DC,20220509,20904.4,21331.11,20850.93,21327.3,20938.059999999998,389.24,1.86,8714071.0,13228634112.0
BK0438.DC,20220510,21121.58,21535.69,21060.14,21535.69,21327.3,208.39,0.98,9974828.0,15654126336.0
BK0438.DC,20220511,21553.18,21964.46,21532.47,21534.93,21535.69,-0.76,0.0,11375246.0,18323439360.0
BK0438.DC,20220512,21418.05,21828.53,21338.38,21699.86,21534.93,164.93,0.77,8831332.0,13657132288.0
BK0438.DC,20220513,21783.75,21876.87,21386.17,21591.39,21699.86,-108.47,-0.5,7809855.0,12665568512.0
BK0438.DC,20220516,21636.43,21825.29,21532.65,21671.25,21591.39,79.86,0.37,9712186.0,14538059008.0
BK0438.DC,20220517,21659.2,21659.2,21177.15,21447.22,21671.25,-224.03,-1.03,8251395.0,11996810496.0
BK0438.DC,20220518,21440.5,21732.89,21365.15,21570.54,21447.22,123.32,0.57,8526062.0,12899484928.0
BK0438.DC,20220519,21264.34,21476.08,21186.73,21472.91,21570.54,-97.63,-0.45,8514088.0,12423830784.0
BK0438.DC,20220520,21510.88,21992.34,21509.62,21960.33,21472.910000000003,487.42,2.27,9953798.0,16557951744.0
BK0438.DC,20220523,22012.29,22249.77,21983.96,22227.63,21960.33,267.3,1.22,10423640.0,14609424128.0
BK0438.DC,20220524,22237.15,22241.45,21729.74,21838.88,22227.63,-388.75,-1.75,12304501.0,17264284672.0
BK0438.DC,20220525,21834.31,22281.06,21787.82,22235.97,21838.88,397.09,1.82,10583553.0,14628562688.0
BK0438.DC,20220526,22219.09,22219.09,21854.7,22125.12,22235.969999999998,-110.85,-0.5,9227224.0,13724327936.0
BK0438.DC,20220527,22127.83,22284.68,21830.55,22021.05,22125.12,-104.07,-0.47,9626104.0,13919882496.0
BK0438.DC,20220530,22090.07,22246.87,22062.72,22206.72,22021.050000000003,185.67,0.84,9970509.0,15622062848.0
BK0438.DC,20220531,22212.09,22951.98,22097.5,22927.62,22206.719999999998,720.9,3.25,14823330.0,22531063296.0
BK0438.DC,20220601,22918.0,23176.31,22732.33,22889.25,22927.62,-38.37,-0.17,12640688.0,18169915904.0
BK0438.DC,20220602,22850.3,22850.3,22465.62,22802.54,22889.25,-86.71,-0.38,12593493.0,14946085888.0
BK0438.DC,20220606,22751.33,23138.99,22676.53,23138.99,22802.54,336.45,1.48,12653138.0,17722003712.0
BK0438.DC,20220607,23085.88,23250.67,22826.59,23044.12,23138.989999999998,-94.87,-0.41,13564127.0,19867663104.0
BK0438.DC,20220608,22972.19,23126.14,22620.76,22941.68,23044.12,-102.44,-0.44,13222752.0,20118920192.0
BK0438.DC,20220609,22907.73,22944.3,22337.3,22410.53,22941.68,-531.15,-2.32,11056730.0,16617482752.0
BK0438.DC,20220610,22319.61,22665.41,22258.45,22620.26,22410.53,209.73,0.94,9975502.0,16137987072.0
BK0438.DC,20220613,22463.8,22759.98,22447.96,22719.47,22620.260000000002,99.21,0.44,10863785.0,16521236480.0
BK0438.DC,20220614,22574.71,22869.2,22305.2,22869.2,22719.47,149.73,0.66,11498723.0,16801308416.0
BK0438.DC,20220615,22888.45,23127.47,22855.29,22855.29,22869.2,-13.91,-0.06,12291358.0,21460904448.0
BK0438.DC,20220616,22869.92,23314.27,22869.92,23207.24,22855.29,351.95,1.54,11352298.0,17952619264.0
BK0438.DC,20220617,23162.56,23338.98,22822.48,23203.78,23207.239999999998,-3.46,-0.01,10530716.0,16411376054.0
BK0438.DC,20220620,23229.48,23474.48,23227.52,23462.02,23203.78,258.24,1.11,10191487.0,16554082586.0
BK0438.DC,20220621,23458.95,23492.58,22995.35,23210.74,23462.02,-251.28,-1.07,10235809.0,15355187801.0
BK0438.DC,20220622,23223.29,23237.74,22846.89,22855.08,23210.74,-355.66,-1.53,8517814.0,13436879361.0
BK0438.DC,20220623,22850.46,23050.03,22666.01,23050.03,22855.079999999998,194.95,0.85,8012150.0,13161555120.0
BK0438.DC,20220624,23077.41,23668.51,23038.25,23650.51,23050.03,600.48,2.61,11450698.0,19026822947.0
BK0438.DC,20220627,23806.69,24337.17,23806.69,24157.07,23650.51,506.56,2.14,13332379.0,24655512186.0
BK0438.DC,20220628,24177.57,24208.4,23996.24,24207.84,24157.07,50.77,0.21,10111720.0,17346932685.0
BK0438.DC,20220629,24237.9,24472.63,23935.79,23935.79,24207.84,-272.05,-1.12,10829818.0,18894459274.0
BK0438.DC,20220630,23992.74,25019.04,23992.74,24894.44,23935.789999999997,958.65,4.01,15278097.0,26153194318.0
BK0438.DC,20220701,24933.2,25002.18,24655.4,24828.19,24894.44,-66.25,-0.27,13535603.0,19675584626.0
BK0438.DC,20220704,24777.02,24973.54,24658.15,24968.72,24828.190000000002,140.53,0.57,12954060.0,21486926629.0
BK0438.DC,20220705,24946.69,24946.69,24214.75,24498.39,24968.72,-470.33,-1.88,11548446.0,19580195808.0
BK0438.DC,20220706,24446.71,24446.71,23912.99,24074.63,24498.39,-423.76,-1.73,9729294.0,16552805225.0
BK0438.DC,20220707,24077.5,24079.64,23773.3,23977.96,24074.629999999997,-96.67,-0.4,8560371.0,14961732750.0
BK0438.DC,20220708,24059.39,24198.14,23943.39,24013.94,23977.96,35.98,0.15,8426740.0,14267570408.0
BK0438.DC,20220711,23962.54,23991.26,23665.45,23897.0,24013.94,-116.94,-0.49,8929539.0,15101576245.0
BK0438.DC,20220712,23881.14,23882.04,23372.29,23377.62,23897.0,-519.38,-2.17,8514103.0,14153286394.0
BK0438.DC,20220713,23338.22,23618.4,23305.05,23533.93,23377.62,156.31,0.67,7425013.0,12349553259.0
BK0438.DC,20220714,23522.87,23583.95,23331.45,23461.7,23533.93,-72.23,-0.31,7552624.0,12187727861.0
BK0438.DC,20220715,23383.86,23508.13,23010.17,23015.43,23461.7,-446.27,-1.9,10641569.0,17372403508.0
BK0438.DC,20220718,23049.43,23346.12,23044.02,23344.84,23015.43,329.41,1.43,8284478.0,13658501808.0
BK0438.DC,20220719,23380.56,23662.07,23302.61,23655.92,23344.839999999997,311.08,1.33,9056988.0,14505615991.0
BK0438.DC,20220720,23729.14,23999.16,23671.09,23869.76,23655.92,213.84,0.9,8665384.0,16529414058.0
BK0438.DC,20220721,23869.75,23936.91,23641.85,23641.85,23869.76,-227.91,-0.95,8148364.0,14222593731.0
BK0438.DC,20220722,23663.1,23772.32,23301.92,23481.97,23641.850000000002,-159.88,-0.68,7983974.0,12693585822.0
BK0438.DC,20220725,23518.95,23599.49,23388.09,23481.95,23481.97,-0.02,0.0,6885287.0,11438211531.0
BK0438.DC,20220726,23532.41,23701.23,23421.4,23701.23,23481.95,219.28,0.93,6456039.0,10712385028.0
BK0438.DC,20220727,23693.44,23748.57,23578.34,23639.39,23701.23,-61.84,-0.26,6294595.0,10546240599.0
BK0438.DC,20220728,23728.13,23845.51,23699.54,23721.7,23639.39,82.31,0.35,6719386.0,11484791827.0
BK0438.DC,20220729,23687.13,23687.13,23355.86,23388.74,23721.7,-332.96,-1.4,8410426.0,15327375182.0
BK0438.DC,20220801,23343.48,23497.58,23179.93,23472.82,23388.739999999998,84.08,0.36,7181267.0,12846365685.0
BK0438.DC,20220802,23332.99,23332.99,22417.16,22589.29,23472.82,-883.53,-3.76,9786737.0,15340313197.0
BK0438.DC,20220803,22589.45,22923.25,22429.75,22477.77,22589.29,-111.52,-0.49,7148817.0,11315081573.0
BK0438.DC,20220804,22597.88,22897.17,22484.55,22897.17,22477.769999999997,419.4,1.87,6227661.0,10189556240.0
BK0438.DC,20220805,22984.38,23298.89,22978.32,23298.47,22897.170000000002,401.3,1.75,7002826.0,12301074011.0
BK0438.DC,20220808,23320.96,23466.7,23273.65,23435.42,23298.469999999998,136.95,0.59,6708814.0,11493708229.0
BK0438.DC,20220809,23432.02,23432.02,23195.81,23333.9,23435.420000000002,-101.52,-0.43,6090782.0,9781813286.0
BK0438.DC,20220810,23303.49,23379.82,23182.53,23313.64,23333.899999999998,-20.26,-0.09,6310494.0,11077952994.0
BK0438.DC,20220811,23431.36,23735.76,23386.5,23735.76,23313.64,422.12,1.81,8644406.0,13586570737.0
BK0438.DC,20220812,23744.5,23812.17,23664.55,23769.59,23735.76,33.83,0.14,7311654.0,10670470803.0
BK0438.DC,20220815,23791.0,23791.0,23503.15,23743.49,23769.59,-26.1,-0.11,8595040.0,12631594106.0
BK0438.DC,20220816,23811.58,23956.38,23779.44,23951.1,23743.489999999998,207.61,0.87,8982392.0,13361678514.0
BK0438.DC,20220817,24039.75,24053.74,23834.68,23977.37,23951.1,26.27,0.11,10344933.0,14298274989.0
BK0438.DC,20220818,23961.91,23961.91,23679.33,23748.92,23977.37,-228.45,-0.95,9953432.0,13872278403.0
BK0438.DC,20220819,23732.17,23783.97,23538.82,23540.49,23748.920000000002,-208.43,-0.88,9465187.0,14001368343.0
BK0438.DC,20220822,23520.9,23749.14,23414.44,23749.14,23540.489999999998,208.65,0.89,8786313.0,12757058388.0
BK0438.DC,20220823,23740.86,23781.59,23634.1,23766.51,23749.14,17.37,0.07,8211345.0,12607243536.0
BK0438.DC,20220824,23801.23,23801.23,23409.7,23430.88,23766.510000000002,-335.63,-1.41,11136953.0,14402391847.0
BK0438.DC,20220825,23501.45,23637.21,23296.92,23631.84,23430.88,200.96,0.86,10692036.0,14379607174.0
BK0438.DC,20220826,23645.18,24146.23,23625.41,23905.65,23631.84,273.81,1.16,12735916.0,16280306594.0
BK0438.DC,20220829,23628.29,24210.11,23594.48,24177.17,23905.649999999998,271.52,1.14,13267408.0,15870777506.0
BK0438.DC,20220830,24167.47,24204.07,23892.2,24117.56,24177.170000000002,-59.61,-0.25,14458714.0,16651709828.0
BK0438.DC,20220831,24013.19,24526.18,23923.12,24325.68,24117.56,208.12,0.86,18112296.0,22076277879.0
BK0438.DC,20220901,24285.32,24529.2,24153.0,24301.29,24325.68,-24.39,-0.1,16781146.0,20610778102.0
BK0438.DC,20220902,24183.57,24256.49,23930.9,24135.49,24301.29,-165.8,-0.68,14859345.0,17750854285.0
BK0438.DC,20220905,24021.24,24021.24,23562.11,23736.12,24135.489999999998,-399.37,-1.65,12384225.0,16721133664.0
BK0438.DC,20220906,23723.01,23856.45,23614.67,23856.45,23736.12,120.33,0.51,12719215.0,14759881883.0
BK0438.DC,20220907,23802.87,23853.68,23616.72,23673.46,23856.45,-182.99,-0.77,13617907.0,15660765009.0
BK0438.DC,20220908,23655.11,23688.29,23290.09,23315.33,23673.460000000003,-358.13,-1.51,11434413.0,13187186963.0
BK0438.DC,20220909,23293.19,23358.18,23170.02,23346.44,23315.329999999998,31.11,0.13,9160586.0,12040797878.0
BK0438.DC,20220913,23384.74,23712.21,23384.74,23649.12,23346.44,302.68,1.3,9410907.0,13401996889.0
BK0438.DC,20220914,23332.57,23481.5,23284.69,23452.96,23649.12,-196.16,-0.83,7921580.0,10734762886.0
BK0438.DC,20220915,23522.18,23614.68,23005.06,23229.96,23452.96,-223.0,-0.95,10005971.0,13816544077.0
BK0438.DC,20220916,23190.69,23322.77,22679.71,22680.67,23229.96,-549.29,-2.36,8892721.0,12679358679.0
BK0438.DC,20220919,22624.36,22723.38,22332.71,22623.48,22680.67,-57.19,-0.25,7397446.0,10776630748.0
BK0438.DC,20220920,22658.53,22940.1,22657.79,22873.12,22623.48,249.64,1.1,7401922.0,10148196960.0
BK0438.DC,20220921,22807.21,22914.64,22567.87,22819.23,22873.12,-53.89,-0.24,7220003.0,9332832532.0
BK0438.DC,20220922,22681.27,22846.81,22590.64,22591.18,22819.23,-228.05,-1.0,7517455.0,9628823502.0
BK0438.DC,20220923,22587.6,22587.6,21960.51,22086.71,22591.18,-504.47,-2.23,7737315.0,10481940203.0
BK0438.DC,20220926,21976.2,22156.04,21750.83,21760.84,22086.71,-325.87,-1.48,7485237.0,10363153582.0
BK0438.DC,20220927,21848.73,22837.86,21848.73,22835.11,21760.84,1074.27,4.94,10189643.0,14695410612.0
BK0438.DC,20220928,22824.91,22998.73,22486.86,22488.96,22835.11,-346.15,-1.52,9172219.0,13627960107.0
BK0438.DC,20220929,22714.23,22824.58,22152.4,22279.64,22488.96,-209.32,-0.93,8068261.0,12582662772.0
BK0438.DC,20220930,22273.88,22486.16,22143.95,22152.74,22279.640000000003,-126.9,-0.57,6888488.0,10238101799.0
BK0438.DC,20221010,22258.7,22294.72,21690.27,21769.73,22152.739999999998,-383.01,-1.73,11013857.0,14560635554.0
BK0438.DC,20221011,21760.11,21848.52,21404.74,21848.52,21769.73,78.79,0.36,10498285.0,13002177538.0
BK0438.DC,20221012,21820.74,22106.56,21334.72,22106.56,21848.52,258.04,1.18,11834113.0,14322925429.0
BK0438.DC,20221013,21995.5,22611.91,21917.6,22387.26,22106.559999999998,280.7,1.27,10778399.0,13710107724.0
BK0438.DC,20221014,22424.89,22830.81,22424.89,22759.58,22387.260000000002,372.32,1.66,10366887.0,14742887762.0
BK0438.DC,20221017,22669.82,22859.42,22641.44,22854.18,22759.58,94.6,0.42,10066384.0,12831326779.0
BK0438.DC,20221018,22913.58,23000.42,22852.44,22894.84,22854.18,40.66,0.18,10369599.0,13171194307.0
BK0438.DC,20221019,22852.72,22852.72,22393.73,22413.44,22894.84,-481.4,-2.1,9253342.0,12974643951.0
BK0438.DC,20221020,22345.51,22641.7,22268.62,22334.62,22413.44,-78.82,-0.35,9279111.0,14275108703.0
BK0438.DC,20221021,22335.34,22424.22,22091.73,22145.2,22334.62,-189.42,-0.85,7518569.0,10742041452.0
BK0438.DC,20221024,22160.18,22287.15,21461.02,21530.86,22145.2,-614.34,-2.77,9123443.0,13246868062.0
BK0438.DC,20221025,21460.6,21578.55,21146.32,21493.45,21530.86,-37.41,-0.17,9003709.0,12196060022.0
BK0438.DC,20221026,21511.51,22030.23,21511.51,21837.59,21493.45,344.14,1.6,9301484.0,14031146046.0
BK0438.DC,20221027,21899.99,21996.37,21792.21,21858.08,21837.59,20.49,0.09,9149668.0,13107763423.0
BK0438.DC,20221028,21724.53,21724.53,20952.1,21017.06,21858.08,-841.02,-3.85,12472983.0,17764497810.0
BK0438.DC,20221031,20877.79,21237.67,20875.55,21059.14,21017.059999999998,42.08,0.2,9448156.0,13598164836.0
BK0438.DC,20221101,21114.69,21975.82,21114.69,21975.82,21059.14,916.68,4.35,11352220.0,16826653344.0
BK0438.DC,20221102,21932.09,22539.68,21903.49,22365.78,21975.82,389.96,1.77,12293488.0,18722631085.0
BK0438.DC,20221103,22233.16,22480.2,22204.6,22466.36,22365.78,100.58,0.45,8971813.0,12252372402.0
BK0438.DC,20221104,22465.49,22995.03,22448.81,22880.47,22466.36,414.11,1.84,11933363.0,18710730190.0
BK0438.DC,20221107,22835.69,23053.19,22798.74,23008.88,22880.47,128.41,0.56,9846999.0,14472864766.0
BK0438.DC,20221108,23016.86,23039.56,22735.47,22865.15,23008.88,-143.73,-0.62,8525288.0,11523280903.0
BK0438.DC,20221109,22853.4,22935.53,22757.01,22843.3,22865.149999999998,-21.85,-0.1,7245629.0,9476970278.0
BK0438.DC,20221110,22754.35,23022.09,22699.85,22939.44,22843.3,96.14,0.42,8072985.0,11223156956.0
BK0438.DC,20221111,23320.58,23438.14,23055.9,23073.08,22939.440000000002,133.64,0.58,11266659.0,17236003031.0
BK0438.DC,20221114,23088.7,23348.7,23068.25,23233.61,23073.08,160.53,0.7,10418965.0,15609600503.0
BK0438.DC,20221115,23269.85,23503.47,23238.83,23488.25,23233.61,254.64,1.1,10824259.0,15067573647.0
BK0438.DC,20221116,23487.06,23867.13,23440.85,23746.06,23488.25,257.81,1.1,9794196.0,14648597933.0
BK0438.DC,20221117,23721.01,23908.78,23639.02,23903.72,23746.06,157.66,0.66,10108563.0,14096546586.0
BK0438.DC,20221118,23902.76,23981.4,23771.4,23787.22,23903.72,-116.5,-0.49,9552333.0,13722761312.0
BK0438.DC,20221121,23670.58,23670.58,23293.89,23642.18,23787.22,-145.04,-0.61,8631647.0,12739722134.0
BK0438.DC,20221122,23634.86,23709.15,23218.69,23310.11,23642.18,-332.07,-1.4,8088010.0,11072917812.0
BK0438.DC,20221123,23307.98,23307.98,22866.31,23048.52,23310.11,-261.59,-1.12,8854969.0,10961274113.0
BK0438.DC,20221124,23090.42,23243.42,23011.64,23105.92,23048.519999999997,57.4,0.25,7188202.0,9436658577.0
BK0438.DC,20221125,23101.72,23148.43,22958.32,23051.78,23105.92,-54.14,-0.23,6597253.0,8942258285.0
BK0438.DC,20221128,22828.92,23129.48,22627.9,23125.94,23051.78,74.16,0.32,8590466.0,11761584550.0
BK0438.DC,20221129,23134.08,23688.73,23134.08,23681.09,23125.94,555.15,2.4,10198244.0,14834957063.0
BK0438.DC,20221130,23693.55,23730.27,23462.85,23555.4,23681.09,-125.69,-0.53,8441539.0,12349110306.0
BK0438.DC,20221201,23978.57,24664.74,23978.57,24520.71,23555.399999999998,965.31,4.1,15781603.0,25108361478.0
BK0438.DC,20221202,24567.73,24986.23,24567.73,24825.85,24520.71,305.14,1.24,15227996.0,21905540986.0
BK0438.DC,20221205,24992.67,25266.04,24992.67,25141.15,24825.850000000002,315.3,1.27,15648679.0,25422267077.0
BK0438.DC,20221206,25017.91,25785.53,24983.46,25255.37,25141.149999999998,114.22,0.45,15091058.0,25454856663.0
BK0438.DC,20221207,25199.27,25650.97,25037.48,25526.97,25255.370000000003,271.6,1.08,14783153.0,22901270819.0
BK0438.DC,20221208,25480.17,25484.38,25231.95,25314.08,25526.97,-212.89,-0.83,12092004.0,18356900697.0
BK0438.DC,20221209,25337.9,25624.83,24909.85,25603.49,25314.08,289.41,1.14,14577125.0,22431796343.0
BK0438.DC,20221212,25576.62,25756.03,25384.33,25524.84,25603.49,-78.65,-0.31,14164955.0,20085864218.0
BK0438.DC,20221213,25472.61,26199.44,25334.31,26020.54,25524.84,495.7,1.94,18097461.0,23304353254.0
BK0438.DC,20221214,25800.08,26524.56,25691.28,26443.6,26020.539999999997,423.06,1.63,18773163.0,26584998825.0
BK0438.DC,20221215,26378.92,26421.15,25736.49,25763.17,26443.6,-680.43,-2.57,15433160.0,21201871212.0
BK0438.DC,20221216,25602.09,25884.87,25582.05,25871.06,25763.170000000002,107.89,0.42,12343908.0,16629692690.0
BK0438.DC,20221219,25857.54,25951.66,25346.53,25440.82,25871.06,-430.24,-1.66,15272279.0,19558738832.0
BK0438.DC,20221220,25386.39,25386.39,24774.31,24854.69,25440.82,-586.13,-2.3,12884116.0,17436293847.0
BK0438.DC,20221221,24891.38,25504.41,24891.38,25271.48,24854.69,416.79,1.68,14383649.0,18034047029.0
BK0438.DC,20221222,25404.25,25842.4,25215.29,25307.31,25271.48,35.83,0.14,16071505.0,21039201581.0
BK0438.DC,20221223,25208.56,25643.56,25126.97,25380.15,25307.31,72.84,0.29,15272505.0,18239735914.0
BK0438.DC,20221226,25386.81,25760.84,25386.81,25505.82,25380.15,125.67,0.5,15481299.0,18564565390.0
BK0438.DC,20221227,25545.15,25843.57,25197.14,25826.4,25505.82,320.58,1.26,17498917.0,20687559679.0
BK0438.DC,20221228,25649.46,25876.13,25476.49,25552.4,25826.4,-274.0,-1.06,16669775.0,20514167625.0
BK0438.DC,20221229,25402.23,25653.05,25180.49,25478.16,25552.4,-74.24,-0.29,16422328.0,19508047091.0
BK0438.DC,20221230,25522.13,25980.44,25265.22,25968.08,25478.160000000003,489.92,1.92,18695292.0,21458376982.0
BK0438.DC,20230103,25965.36,26072.49,25577.27,25778.37,25968.079999999998,-189.71,-0.73,17681790.0,23185177164.0
BK0438.DC,20230104,25716.47,25975.7,25593.17,25814.63,25778.370000000003,36.26,0.14,18424362.0,21580452254.0
BK0438.DC,20230105,25733.62,25947.17,25445.28,25814.42,25814.629999999997,-0.21,0.0,15737053.0,21071642609.0
BK0438.DC,20230106,25723.74,25723.74,25310.68,25446.4,25814.420000000002,-368.02,-1.43,16916694.0,21731150541.0
BK0438.DC,20230109,25419.27,25681.04,25332.06,25625.11,25446.4,178.71,0.7,14840232.0,21282134813.0
BK0438.DC,20230110,25622.0,25647.59,25449.65,25556.38,25625.11,-68.73,-0.27,13498535.0,18795940687.0
BK0438.DC,20230111,25554.91,25570.27,25215.18,25346.54,25556.38,-209.84,-0.82,13505065.0,17734510039.0
BK0438.DC,20230112,25319.87,25370.98,24967.68,25089.65,25346.54,-256.89,-1.01,13036253.0,17243309807.0
BK0438.DC,20230113,25107.84,25529.11,25107.84,25512.19,25089.649999999998,422.54,1.68,13352564.0,19437592932.0
BK0438.DC,20230116,25474.85,25808.68,25474.85,25680.27,25512.19,168.08,0.66,13697655.0,22180983058.0
BK0438.DC,20230117,25689.79,25709.74,25282.4,25335.62,25680.27,-344.65,-1.34,11298293.0,15804580623.0
BK0438.DC,20230118,25343.28,25409.38,25135.25,25151.57,25335.62,-184.05,-0.73,9229096.0,14559936013.0
BK0438.DC,20230119,25119.28,25119.28,24927.33,25005.2,25151.57,-146.37,-0.58,9146220.0,13882921217.0
BK0438.DC,20230120,25032.92,25203.84,24988.63,25095.07,25005.2,89.87,0.36,8448221.0,12637190524.0
BK0438.DC,20230130,25304.4,25438.95,25304.4,25435.71,25095.07,340.64,1.36,12600861.0,19656857175.0
BK0438.DC,20230131,25407.92,25652.81,25342.67,25513.48,25435.71,77.77,0.31,12191481.0,18018901015.0
BK0438.DC,20230201,25536.33,25743.11,25439.12,25743.11,25513.48,229.63,0.9,11452434.0,16050290192.0
BK0438.DC,20230202,25741.17,26232.31,25633.85,26231.71,25743.11,488.6,1.9,13309587.0,20456401836.0
BK0438.DC,20230203,26171.58,26171.58,25818.46,26051.96,26231.71,-179.75,-0.69,10855076.0,16236645979.0
BK0438.DC,20230206,25923.6,26022.95,25744.05,25903.07,26051.96,-148.89,-0.57,9325554.0,14841586804.0
BK0438.DC,20230207,25938.07,25997.65,25777.04,25913.98,25903.07,10.91,0.04,8307980.0,12513708587.0
BK0438.DC,20230208,25938.39,25938.39,25729.62,25732.84,25913.98,-181.14,-0.7,8921647.0,12075490294.0
BK0438.DC,20230209,25682.0,25942.22,25671.43,25927.06,25732.84,194.22,0.75,7944702.0,12075475135.0
BK0438.DC,20230210,25928.32,26286.29,25919.39,26285.74,25927.06,358.68,1.38,11331381.0,14986637421.0
BK0438.DC,20230213,26295.69,26950.7,26295.69,26950.7,26285.74,664.96,2.53,15077992.0,22920502022.0
BK0438.DC,20230214,27078.66,27158.7,26904.29,27096.85,26950.699999999997,146.15,0.54,13935788.0,21599292116.0
BK0438.DC,20230215,27112.96,27162.91,26895.21,26956.43,27096.85,-140.42,-0.52,11600661.0,18258809410.0
BK0438.DC,20230216,26967.81,27132.33,26348.45,26501.06,26956.43,-455.37,-1.69,13774176.0,20739360740.0
BK0438.DC,20230217,26533.51,27115.68,26533.51,26713.39,26501.059999999998,212.33,0.8,12508055.0,20617312222.0
BK0438.DC,20230220,26715.15,26878.19,26518.51,26878.19,26713.39,164.8,0.62,11202587.0,18984612755.0
BK0438.DC,20230221,26889.99,26890.61,26616.53,26786.63,26878.190000000002,-91.56,-0.34,9964636.0,18424041690.0
BK0438.DC,20230222,26711.7,27134.49,26656.74,27069.09,26786.63,282.46,1.05,10752989.0,18192292094.0
BK0438.DC,20230223,27049.55,27328.36,26846.28,26958.67,27069.089999999997,-110.42,-0.41,11454717.0,17270701332.0
BK0438.DC,20230224,26939.31,26939.31,26594.33,26771.91,26958.67,-186.76,-0.69,8349274.0,12960931474.0
BK0438.DC,20230227,26722.33,26847.23,26440.72,26718.66,26771.91,-53.25,-0.2,9628590.0,15516247183.0
BK0438.DC,20230228,26721.16,26842.49,26593.54,26827.51,26718.66,108.85,0.41,8259444.0,13048220398.0
BK0438.DC,20230301,26840.55,26862.15,26621.04,26862.15,26827.510000000002,34.64,0.13,8042183.0,12786472878.0
BK0438.DC,20230302,26853.84,26883.56,26718.41,26779.35,26862.149999999998,-82.8,-0.31,8777476.0,13249585430.0
BK0438.DC,20230303,26780.22,26910.96,26491.63,26637.01,26779.35,-142.34,-0.53,8725223.0,13077479267.0
BK0438.DC,20230306,26653.03,26904.51,26507.66,26867.56,26637.010000000002,230.55,0.87,11007576.0,16076380487.0
BK0438.DC,20230307,26862.46,26864.25,26236.61,26240.91,26867.56,-626.65,-2.33,10873170.0,16500167217.0
BK0438.DC,20230308,26196.8,26264.36,26087.29,26227.13,26240.91,-13.78,-0.05,6856816.0,10725410042.0
BK0438.DC,20230309,26266.12,26285.0,25923.89,26033.56,26227.13,-193.57,-0.74,6803211.0,10670254569.0
BK0438.DC,20230310,25947.45,26025.59,25721.54,25736.02,26033.56,-297.54,-1.14,7013564.0,10591409645.0
BK0438.DC,20230313,25681.86,25842.11,25610.04,25839.0,25736.02,102.98,0.4,6689792.0,11452472198.0
BK0438.DC,20230314,25823.52,25875.96,25350.02,25499.23,25839.0,-339.77,-1.31,7117037.0,11229197812.0
BK0438.DC,20230315,25596.52,25742.59,25538.33,25570.16,25499.23,70.93,0.28,5892507.0,9477578743.0
BK0438.DC,20230316,25486.33,25555.7,25240.86,25301.89,25570.16,-268.27,-1.05,6433828.0,9635708164.0
BK0438.DC,20230317,25423.62,25484.72,25133.83,25169.62,25301.89,-132.27,-0.52,7131277.0,11369965700.0
BK0438.DC,20230320,25123.05,25123.75,24706.09,24803.0,25169.62,-366.62,-1.46,8010847.0,12510755534.0
BK0438.DC,20230321,24834.47,25275.75,24786.12,25275.75,24803.0,472.75,1.91,7064152.0,11197277068.0
BK0438.DC,20230322,25317.46,25521.96,25270.87,25317.91,25275.75,42.16,0.17,6674071.0,10554629847.0
BK0438.DC,20230323,25285.22,25339.88,25147.61,25255.31,25317.91,-62.6,-0.25,6165194.0,9502483414.0
BK0438.DC,20230324,25282.1,25471.78,25274.4,25332.87,25255.309999999998,77.56,0.31,7204577.0,9916732667.0
BK0438.DC,20230327,25360.04,25360.04,25104.96,25211.35,25332.87,-121.52,-0.48,7582097.0,10625161805.0
BK0438.DC,20230328,25239.95,25442.13,25176.58,25326.0,25211.35,114.65,0.45,6955293.0,10001113721.0
BK0438.DC,20230329,25340.83,25347.84,25063.16,25177.9,25326.0,-148.1,-0.58,6811272.0,9638590027.0
BK0438.DC,20230330,25191.0,25429.12,25085.03,25400.46,25177.899999999998,222.56,0.88,7256567.0,11308115867.0
BK0438.DC,20230331,25468.54,25728.83,25468.54,25648.02,25400.46,247.56,0.97,8410852.0,12903211088.0
BK0438.DC,20230403,25639.94,25670.11,25486.86,25551.14,25648.02,-96.88,-0.38,8363065.0,13422425439.0
BK0438.DC,20230404,25570.55,25683.84,25289.08,25413.43,25551.14,-137.71,-0.54,8647959.0,13696948059.0
BK0438.DC,20230406,25388.03,25388.34,25079.48,25143.27,25413.43,-270.16,-1.06,7954372.0,11907449989.0
BK0438.DC,20230407,25184.44,25319.73,25087.36,25263.84,25143.27,120.57,0.48,6983918.0,10471032936.0
BK0438.DC,20230410,25262.57,25263.3,24932.93,24971.21,25263.84,-292.63,-1.16,8320515.0,12279616861.0
BK0438.DC,20230411,24964.93,25016.41,24785.12,24872.23,24971.21,-98.98,-0.4,7532486.0,11944462638.0
BK0438.DC,20230412,24908.22,24934.6,24651.68,24693.85,24872.23,-178.38,-0.72,8154607.0,13045442600.0
BK0438.DC,20230413,24676.63,24842.52,24561.72,24820.33,24693.850000000002,126.48,0.51,7663225.0,11609733899.0
BK0438.DC,20230414,24814.42,24866.43,24561.46,24589.76,24820.329999999998,-230.57,-0.93,6874498.0,11402466679.0
BK0438.DC,20230417,24611.73,24914.58,24608.35,24911.61,24589.760000000002,321.85,1.31,7831731.0,12668780385.0
BK0438.DC,20230418,24929.15,25300.74,24812.72,25192.84,24911.61,281.23,1.13,10724067.0,16010634781.0
BK0438.DC,20230419,25140.64,25149.57,24874.87,25028.11,25192.84,-164.73,-0.65,8578645.0,13102334328.0
BK0438.DC,20230420,24958.42,24998.83,24739.69,24762.51,25028.109999999997,-265.6,-1.06,8610051.0,13123902055.0
BK0438.DC,20230421,24801.03,25071.29,24630.64,24630.64,24762.51,-131.87,-0.53,9890412.0,14321580694.0
BK0438.DC,20230424,24634.62,24637.16,24242.51,24336.91,24630.64,-293.73,-1.19,8616193.0,13961892582.0
BK0438.DC,20230425,24354.63,24557.81,23954.07,24283.58,24336.910000000003,-53.33,-0.22,8805563.0,14452871400.0
BK0438.DC,20230426,24190.69,24629.07,24101.81,24560.0,24283.58,276.42,1.14,8545437.0,15174621910.0
BK0438.DC,20230427,24497.07,24733.97,24401.93,24571.95,24560.0,11.95,0.05,9010730.0,15546045323.0
BK0438.DC,20230428,24556.95,24896.78,24526.74,24895.83,24571.95,323.88,1.32,11498764.0,19780257804.0
BK0438.DC,20230504,24807.0,25093.31,24800.61,25034.09,24895.83,138.26,0.56,10118607.0,16449989045.0
BK0438.DC,20230505,25008.12,25008.12,24596.39,24869.11,25034.09,-164.98,-0.66,8043862.0,12865348310.0
BK0438.DC,20230508,24910.34,25026.68,24760.07,24840.08,24869.11,-29.03,-0.12,8342912.0,13425312317.0
BK0438.DC,20230509,24808.7,24808.7,24447.72,24447.72,24840.08,-392.36,-1.58,7774828.0,12419640562.0
BK0438.DC,20230510,24429.91,24502.79,24302.11,24477.85,24447.719999999998,30.13,0.12,5993406.0,9403257831.0
BK0438.DC,20230511,24493.61,24715.58,24449.08,24550.8,24477.85,72.95,0.3,5849744.0,8585318419.0
BK0438.DC,20230512,24510.49,24685.25,24384.8,24386.15,24550.800000000003,-164.65,-0.67,5672702.0,8428495199.0
BK0438.DC,20230515,24366.32,24490.06,24108.86,24489.34,24386.15,103.19,0.42,5932199.0,9124646992.0
BK0438.DC,20230516,24494.18,24494.18,24244.34,24308.4,24489.34,-180.94,-0.74,6178686.0,9409894123.0
BK0438.DC,20230517,24272.06,24355.53,24160.27,24346.25,24308.4,37.85,0.16,6091500.0,9293976667.0
BK0438.DC,20230518,24315.39,24404.92,24068.82,24145.39,24346.25,-200.86,-0.83,6089307.0,9269357747.0
BK0438.DC,20230519,24098.31,24423.86,23924.8,24393.4,24145.390000000003,248.01,1.03,6207168.0,9676955552.0
BK0438.DC,20230522,24390.04,24863.75,24330.84,24863.75,24393.4,470.35,1.93,8097686.0,12875492767.0
BK0438.DC,20230523,24870.68,24957.56,24712.46,24714.84,24863.75,-148.91,-0.6,7118293.0,10989065180.0
BK0438.DC,20230524,24696.48,24696.48,24397.78,24465.29,24714.84,-249.55,-1.01,6351175.0,9394290860.0
BK0438.DC,20230525,24408.19,24408.19,23969.63,24173.95,24465.29,-291.34,-1.19,7003601.0,9514783088.0
BK0438.DC,20230526,24193.32,24193.32,23914.39,24113.57,24173.95,-60.38,-0.25,4858376.0,6864847701.0
BK0438.DC,20230529,24135.85,24227.84,23802.66,23891.33,24113.570000000003,-222.24,-0.92,5496144.0,8620924375.0
BK0438.DC,20230530,23871.93,23871.93,23544.7,23841.19,23891.329999999998,-50.14,-0.21,5330146.0,8359132959.0
BK0438.DC,20230531,23823.16,23823.16,23587.12,23670.24,23841.190000000002,-170.95,-0.72,4800191.0,7914387869.0
BK0438.DC,20230601,23621.86,23965.2,23597.58,23881.84,23670.24,211.6,0.89,5963377.0,9196722290.0
BK0438.DC,20230602,23882.59,24221.54,23828.08,24198.22,23881.84,316.38,1.32,7073070.0,10080556800.0
BK0438.DC,20230605,24200.11,24200.11,23993.65,24056.23,24198.22,-141.99,-0.59,5668818.0,8532086057.0
BK0438.DC,20230606,24038.64,24076.76,23695.16,23724.46,24056.23,-331.77,-1.38,6267746.0,8582313525.0
BK0438.DC,20230607,23730.94,23841.83,23671.37,23790.18,23724.46,65.72,0.28,6155839.0,8097793421.0
BK0438.DC,20230608,23777.34,23942.05,23728.06,23850.99,23790.18,60.81,0.26,6882210.0,9053697030.0
BK0438.DC,20230609,23865.05,23948.66,23779.61,23899.58,23850.99,48.59,0.2,8218118.0,10742492781.0
BK0438.DC,20230612,23885.37,24341.88,23687.48,24291.7,23899.58,392.12,1.64,9518062.0,12399758855.0
BK0438.DC,20230613,24261.88,24396.04,24109.7,24198.04,24291.7,-93.66,-0.39,7409595.0,9298298669.0
BK0438.DC,20230614,24240.32,24637.47,24150.8,24530.54,24198.04,332.5,1.37,11427223.0,13623552777.0
BK0438.DC,20230615,24535.04,24553.96,24355.51,24486.46,24530.54,-44.08,-0.18,9691004.0,12250506892.0
BK0438.DC,20230616,24505.02,24563.14,24366.75,24410.07,24486.46,-76.39,-0.31,7862208.0,10625823651.0
BK0438.DC,20230619,24398.55,24458.08,24135.49,24142.92,24410.07,-267.15,-1.09,7565677.0,10137154140.0
BK0438.DC,20230620,24141.35,24141.35,23866.12,23866.85,24142.92,-276.07,-1.14,6881430.0,8834975466.0
BK0438.DC,20230621,23832.43,23914.83,23652.26,23655.4,23866.850000000002,-211.45,-0.89,6536298.0,7975118457.0
BK0438.DC,20230626,23556.08,23556.08,23155.75,23215.16,23655.4,-440.24,-1.86,6801103.0,8880472067.0
BK0438.DC,20230627,23215.41,23554.37,23184.72,23533.02,23215.16,317.86,1.37,5692510.0,7645187564.0
BK0438.DC,20230628,23538.93,23692.94,23268.1,23685.5,23533.02,152.48,0.65,6564658.0,8405843606.0
BK0438.DC,20230629,23652.09,23735.62,23579.37,23645.6,23685.5,-39.9,-0.17,6141437.0,8357502995.0
BK0438.DC,20230630,23760.6,23991.21,23752.98,23900.3,23645.6,254.7,1.08,7026317.0,10182627554.0
BK0438.DC,20230703,23909.01,24224.35,23885.27,24211.94,23900.3,311.64,1.3,8414217.0,12182576152.0
BK0438.DC,20230704,24199.5,24199.5,24015.79,24189.53,24211.94,-22.41,-0.09,8292220.0,11590560780.0
BK0438.DC,20230705,24161.95,24163.89,23868.95,23904.44,24189.53,-285.09,-1.18,6958273.0,9464852381.0
BK0438.DC,20230706,23852.24,23933.85,23771.27,23844.9,23904.440000000002,-59.54,-0.25,5962608.0,8715307434.0
BK0438.DC,20230707,23798.06,23906.14,23686.17,23848.07,23844.9,3.17,0.01,6349461.0,7762234344.0
BK0438.DC,20230710,23929.1,24046.48,23844.92,23919.9,23848.07,71.83,0.3,6141460.0,8615828541.0
BK0438.DC,20230711,23975.1,24018.16,23869.68,23997.26,23919.899999999998,77.36,0.32,5104646.0,7604481755.0
BK0438.DC,20230712,24003.27,24026.5,23778.99,23806.31,23997.260000000002,-190.95,-0.8,6072371.0,8424645446.0
BK0438.DC,20230713,23837.06,24048.07,23813.19,24048.07,23806.31,241.76,1.02,6153864.0,9798443523.0
BK0438.DC,20230714,24047.26,24047.26,23867.93,23896.64,24048.07,-151.43,-0.63,6424202.0,10450812523.0
BK0438.DC,20230717,23805.29,23814.71,23520.61,23814.71,23896.64,-81.93,-0.34,6187090.0,9266600482.0
BK0438.DC,20230718,23836.82,23864.27,23690.06,23802.23,23814.71,-12.48,-0.05,6264005.0,8990593427.0
BK0438.DC,20230719,23773.04,23902.72,23715.74,23815.16,23802.23,12.93,0.05,5482130.0,7928073150.0
BK0438.DC,20230720,23858.61,24050.29,23829.64,23863.69,23815.16,48.53,0.2,7622427.0,9656994208.0
BK0438.DC,20230721,23822.17,24524.8,23817.6,24384.35,23863.69,520.66,2.18,12478200.0,14982986602.0
BK0438.DC,20230724,24289.61,24289.61,24044.81,24188.4,24384.350000000002,-195.95,-0.8,9636360.0,11708011212.0
BK0438.DC,20230725,24277.44,24420.89,24219.27,24415.18,24188.4,226.78,0.94,10354109.0,14503927477.0
BK0438.DC,20230726,24362.65,24547.69,24252.81,24543.7,24415.18,128.52,0.53,9509562.0,11619780147.0
BK0438.DC,20230727,24451.69,24564.98,24371.74,24387.63,24543.7,-156.07,-0.64,8858280.0,11393051887.0
BK0438.DC,20230728,24316.41,24725.58,24265.7,24706.14,24387.63,318.51,1.31,9924944.0,14081201899.0
BK0438.DC,20230731,24787.16,25119.09,24771.21,25119.09,24706.14,412.95,1.67,14345706.0,18702227019.0
BK0438.DC,20230801,25107.81,25186.4,24889.63,24958.01,25119.09,-161.08,-0.64,11109986.0,14323655901.0
BK0438.DC,20230802,24907.22,25012.21,24783.27,24857.99,24958.010000000002,-100.02,-0.4,8810940.0,10497674682.0
BK0438.DC,20230803,24837.82,25381.74,24812.79,25375.25,24857.99,517.26,2.08,12936720.0,15274699083.0
BK0438.DC,20230804,25401.09,25463.01,25023.15,25044.68,25375.25,-330.57,-1.3,13204630.0,15997378011.0
BK0438.DC,20230807,25023.63,25023.63,24806.18,24851.91,25044.68,-192.77,-0.77,10753308.0,13045959466.0
BK0438.DC,20230808,24860.76,25044.83,24633.67,25009.43,24851.91,157.52,0.63,11374258.0,12838254288.0
BK0438.DC,20230809,24917.11,24982.55,24748.76,24793.79,25009.43,-215.64,-0.86,8653520.0,10582922986.0
BK0438.DC,20230810,24759.49,24930.81,24598.67,24901.45,24793.79,107.66,0.43,9168430.0,11168649504.0
BK0438.DC,20230811,24954.55,24954.55,24432.11,24432.5,24901.45,-468.95,-1.88,9089124.0,11457031182.0
BK0438.DC,20230814,24258.28,24294.85,24048.05,24287.22,24432.5,-145.28,-0.59,8908790.0,11696546115.0
BK0438.DC,20230815,24278.94,24294.16,23879.21,24019.99,24287.22,-267.23,-1.1,7931910.0,9710744166.0
BK0438.DC,20230816,23949.1,24225.27,23799.38,24000.98,24019.989999999998,-19.01,-0.08,7154372.0,9253395716.0
BK0438.DC,20230817,23927.67,24241.28,23726.36,24229.35,24000.98,228.37,0.95,7407535.0,9349891731.0
BK0438.DC,20230818,24196.25,24279.75,23780.67,23780.67,24229.35,-448.68,-1.85,7465167.0,9591047338.0
BK0438.DC,20230821,23746.15,23961.59,23623.8,23626.26,23780.67,-154.41,-0.65,6431768.0,8538336381.0
BK0438.DC,20230822,23671.68,23780.02,23116.95,23438.66,23626.26,-187.6,-0.79,9292546.0,11452209529.0
BK0438.DC,20230823,23415.39,23416.22,23034.13,23039.36,23438.66,-399.3,-1.7,8958989.0,9794171443.0
BK0438.DC,20230824,23078.98,23502.47,22914.45,23446.05,23039.36,406.69,1.77,11650828.0,12328220272.0
BK0438.DC,20230825,23373.54,23473.64,22977.46,23044.51,23446.05,-401.54,-1.71,13110694.0,14808930310.0
BK0438.DC,20230828,24007.64,24035.87,22955.77,23047.11,23044.510000000002,2.6,0.01,16042798.0,19499724674.0
BK0438.DC,20230829,22978.08,23523.42,22933.17,23522.98,23047.11,475.87,2.06,13265568.0,16286730093.0
BK0438.DC,20230830,23476.56,23802.32,23476.56,23612.21,23522.98,89.23,0.38,10294619.0,12877314363.0
BK0438.DC,20230831,23592.9,23654.36,23382.75,23598.09,23612.21,-14.12,-0.06,11285880.0,13326379758.0
BK0438.DC,20230901,23663.97,24147.13,23663.97,24006.08,23598.09,407.99,1.73,12670242.0,14827159448.0
BK0438.DC,20230904,24025.83,24273.21,23983.65,24273.21,24006.079999999998,267.13,1.11,14731709.0,17260404607.0
BK0438.DC,20230905,24214.94,24214.94,23948.78,24001.3,24273.21,-271.91,-1.12,11581664.0,12600958453.0
BK0438.DC,20230906,23993.6,23993.6,23831.44,23915.78,24001.3,-85.52,-0.36,8941528.0,9427216094.0
BK0438.DC,20230907,23911.5,23924.22,23579.04,23588.86,23915.78,-326.92,-1.37,9356136.0,10048429517.0
BK0438.DC,20230908,23542.64,23626.59,23426.52,23540.19,23588.859999999997,-48.67,-0.21,7991267.0,8679172891.0
BK0438.DC,20230911,23533.25,23821.81,23385.08,23782.45,23540.190000000002,242.26,1.03,9243112.0,11119866290.0
BK0438.DC,20230912,23770.61,24027.94,23683.95,23894.87,23782.45,112.42,0.47,9036771.0,10154346561.0
BK0438.DC,20230913,23876.63,23944.97,23628.9,23770.44,23894.87,-124.43,-0.52,9421256.0,10517077242.0
BK0438.DC,20230914,23746.59,23749.88,23412.57,23531.56,23770.440000000002,-238.88,-1.0,8506825.0,9564733624.0
BK0438.DC,20230915,23570.75,23715.85,23518.02,23587.46,23531.559999999998,55.9,0.24,8085487.0,9401323929.0
BK0438.DC,20230918,23579.4,23885.7,23382.85,23855.0,23587.46,267.54,1.13,9693874.0,11014146967.0
BK0438.DC,20230919,23815.25,23815.25,23596.51,23654.68,23855.0,-200.32,-0.84,7517204.0,9336245646.0
BK0438.DC,20230920,23621.94,23801.95,23548.36,23637.34,23654.68,-17.34,-0.07,8223351.0,9379318685.0
BK0438.DC,20230921,23589.89,23601.61,23277.84,23277.84,23637.34,-359.5,-1.52,9363447.0,10199758061.0
BK0438.DC,20230922,23243.31,23616.57,23151.01,23613.11,23277.84,335.27,1.44,8493986.0,10467758228.0
BK0438.DC,20230925,23593.19,23607.41,23413.45,23475.86,23613.11,-137.25,-0.58,6768727.0,8515545923.0
BK0438.DC,20230926,23441.93,23462.85,23261.64,23270.04,23475.86,-205.82,-0.88,6734529.0,7595155726.0
BK0438.DC,20230927,23256.06,23517.76,23202.71,23410.1,23270.039999999997,140.06,0.6,6853566.0,8597766487.0
BK0438.DC,20230928,23444.37,23525.87,23344.21,23401.31,23410.100000000002,-8.79,-0.04,7921507.0,9519008773.0
BK0438.DC,20231009,23382.32,23382.32,23050.36,23136.65,23401.31,-264.66,-1.13,8739989.0,9864979799.0
BK0438.DC,20231010,23190.51,23391.5,23050.83,23076.48,23136.649999999998,-60.17,-0.26,6852796.0,8638215039.0
BK0438.DC,20231011,23098.27,23273.77,23080.36,23146.66,23076.48,70.18,0.3,8928044.0,11333958583.0
BK0438.DC,20231012,23207.06,23302.87,23053.34,23155.4,23146.66,8.74,0.04,7803297.0,9628536351.0
BK0438.DC,20231013,23096.29,23096.29,22764.92,22871.19,23155.399999999998,-284.21,-1.23,8195767.0,9566047478.0
BK0438.DC,20231016,22877.27,22888.85,22674.85,22756.45,22871.190000000002,-114.74,-0.5,7935455.0,10697656484.0
BK0438.DC,20231017,22759.1,22763.67,22607.63,22726.26,22756.449999999997,-30.19,-0.13,6615538.0,8480789044.0
BK0438.DC,20231018,22676.01,22676.01,22353.7,22384.69,22726.26,-341.57,-1.5,7361672.0,8248761127.0
BK0438.DC,20231019,22312.84,22472.8,22162.18,22164.18,22384.69,-220.51,-0.99,7636431.0,8983757562.0
BK0438.DC,20231020,22126.97,22248.11,22016.52,22046.51,22164.179999999997,-117.67,-0.53,6763253.0,7890050640.0
BK0438.DC,20231023,21980.95,22056.05,21582.33,21669.17,22046.51,-377.34,-1.71,7109501.0,8456655390.0
BK0438.DC,20231024,21760.69,22194.17,21688.06,22186.52,21669.170000000002,517.35,2.39,7812731.0,9253238722.0
BK0438.DC,20231025,22291.24,22496.67,22291.24,22436.23,22186.52,249.71,1.13,8750260.0,10789291908.0
BK0438.DC,20231026,22394.73,22487.77,22246.1,22474.3,22436.23,38.07,0.17,8083173.0,9558374357.0
BK0438.DC,20231027,22462.62,23218.51,22420.88,23181.23,22474.3,706.93,3.15,10384670.0,15473071563.0
BK0438.DC,20231030,23116.48,23412.35,23093.11,23383.58,23181.230000000003,202.35,0.87,10153094.0,14005743382.0
BK0438.DC,20231031,23402.25,23512.15,23332.8,23427.76,23383.579999999998,44.18,0.19,11135072.0,14523396538.0
BK0438.DC,20231101,23575.0,23584.89,23378.38,23472.45,23427.760000000002,44.69,0.19,9293490.0,11448050000.0
BK0438.DC,20231102,23444.89,23492.52,23224.75,23233.28,23472.449999999997,-239.17,-1.02,8393290.0,9717226696.0
BK0438.DC,20231103,23246.89,23536.3,23246.89,23456.59,23233.28,223.31,0.96,9001694.0,11084304170.0
BK0438.DC,20231106,23524.99,23593.48,23392.0,23575.26,23456.59,118.67,0.51,10435074.0,12547501196.0
BK0438.DC,20231107,23555.5,23659.66,23377.76,23577.84,23575.26,2.58,0.01,9526880.0,10695637786.0
BK0438.DC,20231108,23578.31,23633.81,23450.61,23568.62,23577.84,-9.22,-0.04,8363966.0,9744671505.0
BK0438.DC,20231109,23566.93,23723.31,23467.96,23513.59,23568.62,-55.03,-0.23,7743052.0,9070957955.0
BK0438.DC,20231110,23436.75,23529.07,23301.14,23489.19,23513.59,-24.4,-0.1,6175341.0,7597900274.0
BK0438.DC,20231113,23500.4,23573.35,23377.47,23573.31,23489.190000000002,84.12,0.36,6582722.0,8023225656.0
BK0438.DC,20231114,23576.22,23694.62,23502.27,23620.67,23573.309999999998,47.36,0.2,7058615.0,8337239168.0
BK0438.DC,20231115,23743.41,23868.97,23679.96,23815.34,23620.670000000002,194.67,0.82,8922149.0,10739814864.0
BK0438.DC,20231116,23756.87,23820.84,23601.1,23602.64,23815.34,-212.7,-0.89,8035716.0,9097706970.0
BK0438.DC,20231117,23571.86,23657.89,23519.85,23643.43,23602.64,40.79,0.17,6461562.0,7925405972.0
BK0438.DC,20231120,23661.47,23912.82,23639.24,23912.82,23643.43,269.39,1.14,8177079.0,10567891214.0
BK0438.DC,20231121,23945.22,24269.09,23911.94,24063.55,23912.82,150.73,0.63,9949697.0,12312970670.0
BK0438.DC,20231122,23988.54,24316.62,23976.84,24219.94,24063.55,156.39,0.65,9350917.0,10811636719.0
BK0438.DC,20231123,24219.93,24310.27,24064.83,24211.83,24219.940000000002,-8.11,-0.03,8072483.0,9766842305.0
BK0438.DC,20231124,24205.88,24679.22,24127.69,24672.35,24211.829999999998,460.52,1.9,13421643.0,13260473732.0
BK0438.DC,20231127,24618.34,24909.52,24594.99,24897.83,24672.350000000002,225.48,0.91,13132277.0,13808673880.0
BK0438.DC,20231128,24720.55,24969.29,24580.18,24897.05,24897.829999999998,-0.78,0.0,10237156.0,11400467624.0
BK0438.DC,20231129,24889.07,24973.96,24777.63,24829.89,24897.05,-67.16,-0.27,11425637.0,12183775525.0
BK0438.DC,20231130,24686.34,25061.39,24595.25,25005.25,24829.89,175.36,0.71,14543551.0,15828022356.0
BK0438.DC,20231201,24958.22,25279.02,24907.89,24926.2,25005.25,-79.05,-0.32,15183372.0,17979837377.0
BK0438.DC,20231204,24771.07,24822.89,24483.21,24701.34,24926.2,-224.86,-0.9,13870879.0,16573093027.0
BK0438.DC,20231205,24583.12,25635.62,24573.16,25340.73,24701.34,639.39,2.59,18434376.0,21651657442.0
BK0438.DC,20231206,25264.57,25747.4,25097.8,25236.73,25340.73,-104.0,-0.41,19443523.0,21914081376.0
BK0438.DC,20231207,25086.88,25233.81,24732.4,25145.14,25236.73,-91.59,-0.36,16023071.0,19478650674.0
BK0438.DC,20231208,25062.14,25264.55,24696.21,24707.61,25145.14,-437.53,-1.74,16783612.0,20267087292.0
BK0438.DC,20231211,24439.35,24628.69,24177.21,24597.52,24707.61,-110.09,-0.45,15086578.0,17478586788.0
BK0438.DC,20231212,24607.34,24916.0,24592.6,24915.63,24597.52,318.11,1.29,13324909.0,15157270776.0
BK0438.DC,20231213,24880.84,24886.82,24483.48,24496.03,24915.629999999997,-419.6,-1.68,12715233.0,15131515502.0
BK0438.DC,20231214,24539.84,24630.66,24334.48,24359.57,24496.03,-136.46,-0.56,10969038.0,12698446153.0
BK0438.DC,20231215,24349.21,24466.75,24240.19,24315.35,24359.57,-44.22,-0.18,10090558.0,11836797291.0
BK0438.DC,20231218,24259.04,24287.98,23942.9,24007.33,24315.350000000002,-308.02,-1.27,9442263.0,10869924632.0
BK0438.DC,20231219,24010.95,24042.15,23867.44,24027.42,24007.329999999998,20.09,0.08,8582195.0,9449516966.0
BK0438.DC,20231220,24028.39,24057.97,23697.34,23697.58,24027.420000000002,-329.84,-1.37,8064141.0,9486233618.0
BK0438.DC,20231221,23612.3,23790.78,23415.19,23691.54,23697.58,-6.04,-0.03,8636622.0,10425194497.0
BK0438.DC,20231222,23693.34,23704.09,23385.48,23462.64,23691.54,-228.9,-0.97,9089226.0,10437147443.0
BK0438.DC,20231225,23480.35,23631.23,23400.6,23620.22,23462.64,157.58,0.67,9672100.0,10033376046.0
BK0438.DC,20231226,23653.78,23734.18,23386.3,23424.39,23620.22,-195.83,-0.83,8658370.0,9241968651.0
BK0438.DC,20231227,23410.91,23943.35,23273.25,23939.72,23424.39,515.33,2.2,13435174.0,13405408646.0
BK0438.DC,20231228,23918.97,24353.6,23836.96,24204.22,23939.72,264.5,1.1,15086365.0,16947591573.0
BK0438.DC,20231229,24139.12,24388.51,24118.25,24388.51,24204.219999999998,184.29,0.76,12477498.0,13214404532.0
BK0438.DC,20240102,24403.68,24588.09,24310.3,24540.33,24388.510000000002,151.82,0.62,11790408.0,13129204967.0
BK0438.DC,20240103,24466.44,24540.92,24317.17,24485.84,24540.33,-54.49,-0.22,11774306.0,11982727423.0
BK0438.DC,20240104,24444.94,24444.94,24127.04,24255.12,24485.84,-230.72,-0.94,9338911.0,10452101859.0
BK0438.DC,20240105,24235.97,24365.27,23749.78,23837.28,24255.12,-417.84,-1.72,9599406.0,11220918666.0
BK0438.DC,20240108,23801.36,23805.14,23347.41,23347.41,23837.28,-489.87,-2.06,8291555.0,9960606974.0
BK0438.DC,20240109,23380.38,23632.63,23278.3,23469.51,23347.41,122.1,0.52,7735106.0,9718702262.0
BK0438.DC,20240110,23433.45,23993.82,23191.96,23927.42,23469.51,457.91,1.95,10924806.0,13322165309.0
BK0438.DC,20240111,23856.58,24135.64,23824.53,24096.12,23927.42,168.7,0.71,10476519.0,12387110451.0
BK0438.DC,20240112,24081.08,24458.66,23925.23,23925.23,24096.12,-170.89,-0.71,10205703.0,11985095825.0
BK0438.DC,20240115,23832.89,24066.61,23826.24,23868.44,23925.23,-56.79,-0.24,8846493.0,10933491178.0
BK0438.DC,20240116,23865.43,24062.3,23619.16,24060.62,23868.44,192.18,0.81,11264450.0,12571329311.0
BK0438.DC,20240117,23982.93,23982.93,23400.03,23400.03,24060.62,-660.59,-2.75,9562377.0,10819098137.0
BK0438.DC,20240118,23284.59,23284.59,22474.99,23114.6,23400.03,-285.43,-1.22,13408324.0,14159979911.0
BK0438.DC,20240119,23069.55,23250.51,22955.65,22997.57,23114.6,-117.03,-0.51,8538401.0,9642803265.0
BK0438.DC,20240122,22927.07,22927.07,21451.07,21602.98,22997.57,-1394.59,-6.06,11680941.0,13016490356.0
BK0438.DC,20240123,21532.15,21616.63,21140.78,21549.12,21602.98,-53.86,-0.25,9441506.0,11088994770.0
BK0438.DC,20240124,21621.03,22022.03,21172.49,22008.09,21549.12,458.97,2.13,11187022.0,11945785840.0
BK0438.DC,20240125,21948.52,22510.57,21846.61,22477.75,22008.09,469.66,2.13,11658669.0,13941450640.0
BK0438.DC,20240126,22402.14,22702.08,22313.13,22380.25,22477.75,-97.5,-0.43,9753345.0,12054312789.0
BK0438.DC,20240129,22415.25,22540.14,21756.79,21773.23,22380.25,-607.02,-2.71,9104507.0,11792187599.0
BK0438.DC,20240130,21616.28,21682.58,21057.11,21092.33,21773.230000000003,-680.9,-3.13,8359283.0,10198754403.0
BK0438.DC,20240131,21031.86,21171.28,20309.69,20376.45,21092.33,-715.88,-3.39,11525646.0,12245872662.0
BK0438.DC,20240201,20312.4,20450.05,19836.84,20128.57,20376.45,-247.88,-1.22,10763025.0,11355310851.0
BK0438.DC,20240202,20158.32,20686.01,19018.09,19667.31,20128.57,-461.26,-2.29,13315317.0,14593302335.0
BK0438.DC,20240205,19463.27,19463.27,18008.47,18371.56,19667.31,-1295.75,-6.59,15452806.0,16462514789.0
BK0438.DC,20240206,17972.56,19289.31,17475.04,18911.26,18371.559999999998,539.7,2.94,17434184.0,18082040496.0
BK0438.DC,20240207,18961.05,19177.7,18428.86,18627.63,18911.260000000002,-283.63,-1.5,16882682.0,18631710578.0
BK0438.DC,20240208,18579.61,19638.77,18463.11,19608.82,18627.63,981.19,5.27,18167330.0,18491945350.0
BK0438.DC,20240219,19732.27,20199.0,19732.27,20001.13,19608.82,392.31,2.0,14447055.0,15455921197.0
BK0438.DC,20240220,19964.82,20195.69,19764.63,20159.19,20001.129999999997,158.06,0.79,10702276.0,11656243569.0
BK0438.DC,20240221,20036.1,20995.63,19942.0,20575.77,20159.19,416.58,2.07,13701398.0,15105747645.0
BK0438.DC,20240222,20512.54,20790.86,20395.17,20790.86,20575.77,215.09,1.05,10689249.0,10973676940.0
BK0438.DC,20240223,20803.27,20996.48,20604.51,20996.11,20790.86,205.25,0.99,11658276.0,11905685112.0
BK0438.DC,20240226,20984.44,21373.6,20839.85,21089.78,20996.11,93.67,0.45,11680897.0,11995071785.0
BK0438.DC,20240227,21055.17,21557.93,20932.36,21557.93,21089.78,468.15,2.22,11661072.0,11977120760.0
BK0438.DC,20240228,21692.77,22070.59,20643.9,20643.9,21557.93,-914.03,-4.24,16998623.0,17085385836.0
BK0438.DC,20240229,20471.37,21105.85,20410.62,21105.66,20643.9,461.76,2.24,12782990.0,12782066174.0
BK0438.DC,20240301,21105.82,21163.43,20857.44,21043.89,21105.66,-61.77,-0.29,10830147.0,11294981808.0
BK0438.DC,20240304,21034.6,21101.16,20678.58,20937.66,21043.89,-106.23,-0.5,11083487.0,12232615220.0
BK0438.DC,20240305,20836.88,20836.88,20528.42,20577.03,20937.66,-360.63,-1.72,9868028.0,11060321251.0
BK0438.DC,20240306,20512.47,20738.62,20349.28,20599.97,20577.030000000002,22.94,0.11,8169051.0,9088241051.0
BK0438.DC,20240307,20616.27,20862.34,20516.93,20538.78,20599.969999999998,-61.19,-0.3,9315673.0,10191452810.0
BK0438.DC,20240308,20543.51,20626.75,20282.19,20539.55,20538.78,0.77,0.0,7660248.0,8715954550.0
BK0438.DC,20240311,20569.07,21036.56,20543.83,21036.56,20539.550000000003,497.01,2.42,9887983.0,11045809209.0
BK0438.DC,20240312,21051.88,21534.12,21026.33,21534.12,21036.559999999998,497.56,2.37,12119411.0,14519070571.0
BK0438.DC,20240313,21503.47,21514.54,21249.03,21353.17,21534.12,-180.95,-0.84,10172630.0,11742637152.0
BK0438.DC,20240314,21325.54,21526.9,21023.37,21225.14,21353.17,-128.03,-0.6,8856618.0,10004862627.0
BK0438.DC,20240315,21179.55,21538.55,21169.92,21538.55,21225.14,313.41,1.48,10415500.0,11534384341.0
BK0438.DC,20240318,21525.37,21714.18,21365.35,21714.18,21538.55,175.63,0.82,11988590.0,13236820682.0
BK0438.DC,20240319,21687.05,21947.46,21679.06,21787.32,21714.18,73.14,0.34,11615947.0,12466842592.0
BK0438.DC,20240320,21757.16,21890.69,21661.22,21890.69,21787.32,103.37,0.47,10601785.0,10738408903.0
BK0438.DC,20240321,21914.69,22029.78,21704.2,21974.32,21890.69,83.63,0.38,11135270.0,11309458383.0
BK0438.DC,20240322,22004.62,22076.69,21506.8,21621.85,21974.32,-352.47,-1.6,12317796.0,12841035078.0
BK0438.DC,20240325,21517.51,21622.63,21187.95,21194.72,21621.850000000002,-427.13,-1.98,10587318.0,10695838380.0
BK0438.DC,20240326,21202.24,21450.19,21096.11,21399.25,21194.72,204.53,0.97,10223677.0,10653912470.0
BK0438.DC,20240327,21422.57,21873.29,21382.48,21388.57,21399.25,-10.68,-0.05,13455781.0,15210557279.0
BK0438.DC,20240328,21162.85,21578.57,21034.88,21404.75,21388.57,16.18,0.08,12655488.0,14838924588.0
BK0438.DC,20240329,21337.67,21581.44,21311.99,21581.44,21404.75,176.69,0.83,10529167.0,11427352827.0
BK0438.DC,20240401,21619.04,22090.09,21619.04,22090.09,21581.44,508.65,2.36,12696687.0,14600969690.0
BK0438.DC,20240402,22114.32,22129.68,21879.12,22066.35,22090.09,-23.74,-0.11,11487365.0,13279615047.0
BK0438.DC,20240403,22009.82,22319.54,21901.67,22315.26,22066.35,248.91,1.13,12915770.0,13599209670.0
BK0438.DC,20240408,22286.76,22348.49,21991.95,22173.44,22315.26,-141.82,-0.64,15435361.0,16719662682.0
BK0438.DC,20240409,22028.49,22273.1,21845.96,22245.97,22173.440000000002,72.53,0.33,12803638.0,13379759790.0
BK0438.DC,20240410,22172.05,22174.71,21724.09,21849.54,22245.97,-396.43,-1.78,11432236.0,11992061523.0
BK0438.DC,20240411,21732.02,22013.41,21630.17,21788.6,21849.539999999997,-60.94,-0.28,10222143.0,11190711735.0
BK0438.DC,20240412,21716.1,21831.44,21475.4,21514.77,21788.600000000002,-273.83,-1.26,11188513.0,12083123438.0
BK0438.DC,20240415,21411.64,21482.94,20566.46,20800.85,21514.769999999997,-713.92,-3.32,14261044.0,14351274035.0
BK0438.DC,20240416,20637.15,20637.15,19676.29,19688.68,20800.85,-1112.17,-5.35,12958077.0,13457167270.0
BK0438.DC,20240417,19788.18,20525.27,19788.18,20525.27,19688.68,836.59,4.25,12400877.0,12863504569.0
BK0438.DC,20240418,20481.64,20811.44,20293.59,20608.05,20525.27,82.78,0.4,11250914.0,13007591779.0
BK0438.DC,20240419,20518.83,20630.34,20333.82,20489.47,20608.050000000003,-118.58,-0.58,9391694.0,10428164922.0
BK0438.DC,20240422,20425.18,20799.8,20243.58,20701.9,20489.47,212.43,1.04,9873360.0,11553799339.0
BK0438.DC,20240423,20689.76,20918.43,20616.49,20813.96,20701.899999999998,112.06,0.54,8360029.0,10739428534.0
BK0438.DC,20240424,20873.98,20966.8,20662.96,20966.8,20813.96,152.84,0.73,9731595.0,11740563662.0
BK0438.DC,20240425,20876.12,21094.58,20853.07,20954.98,20966.8,-11.82,-0.06,8103947.0,9234100481.0
BK0438.DC,20240426,20917.9,21101.4,20826.52,21101.4,20954.980000000003,146.42,0.7,10361523.0,11616881059.0
BK0438.DC,20240429,21173.31,21732.55,21173.31,21732.55,21101.399999999998,631.15,2.99,13922231.0,16405398641.0
BK0438.DC,20240430,21718.84,21958.47,21718.84,21908.56,21732.550000000003,176.01,0.81,13173991.0,16954602639.0
BK0438.DC,20240506,22187.21,22588.32,22187.21,22583.84,21908.56,675.28,3.08,15495773.0,21124674922.0
BK0438.DC,20240507,22646.98,22703.8,22476.43,22702.02,22583.84,118.18,0.52,15154305.0,18946099617.0
BK0438.DC,20240508,22615.7,22707.16,22495.63,22550.93,22702.02,-151.09,-0.67,13330915.0,17046421783.0
BK0438.DC,20240509,22485.9,22796.08,22484.14,22709.73,22550.93,158.8,0.7,13093237.0,16029947504.0
BK0438.DC,20240510,22750.71,23026.67,22625.05,22643.89,22709.73,-65.84,-0.29,15832287.0,18167997402.0
BK0438.DC,20240513,22464.64,22464.64,22208.96,22265.05,22643.89,-378.84,-1.67,15321104.0,17196430249.0
BK0438.DC,20240514,22234.81,22592.09,22234.81,22513.44,22265.05,248.39,1.12,14880741.0,16640915080.0
BK0438.DC,20240515,22444.24,22449.6,22227.75,22250.91,22513.44,-262.53,-1.17,12285556.0,13023940161.0
BK0438.DC,20240516,22258.03,22399.28,22219.71,22294.23,22250.91,43.32,0.19,13408787.0,15583254948.0
BK0438.DC,20240517,22267.59,22469.55,22119.51,22392.41,22294.23,98.18,0.44,12897168.0,15391284020.0
BK0438.DC,20240520,22439.61,22711.51,22435.98,22582.33,22392.410000000003,189.92,0.85,13679938.0,17429572528.0
BK0438.DC,20240521,22535.41,22601.71,22304.03,22420.29,22582.33,-162.04,-0.72,12717074.0,15787873297.0
BK0438.DC,20240522,22387.72,22476.79,22196.82,22274.03,22420.289999999997,-146.26,-0.65,11538733.0,14122857972.0
BK0438.DC,20240523,22211.11,22211.11,21705.43,21783.16,22274.03,-490.87,-2.2,12072109.0,14059537740.0
BK0438.DC,20240524,21748.39,22081.6,21723.64,21841.24,21783.16,58.08,0.27,10885882.0,12263522084.0
BK0438.DC,20240527,21814.08,21828.52,21479.49,21758.99,21841.24,-82.25,-0.38,10260589.0,11626398809.0
BK0438.DC,20240528,21723.06,21724.52,21425.68,21451.09,21758.99,-307.9,-1.42,8706006.0,9714607604.0
BK0438.DC,20240529,21403.79,21592.21,21345.25,21435.44,21451.09,-15.65,-0.07,8339200.0,8861380793.0
BK0438.DC,20240530,21381.11,21469.33,21200.21,21237.15,21435.440000000002,-198.29,-0.93,8606473.0,9291085453.0
BK0438.DC,20240531,21250.56,21309.31,21179.86,21221.77,21237.15,-15.38,-0.07,7701636.0,9007096688.0
BK0438.DC,20240603,21204.1,21215.26,20779.79,20933.03,21221.77,-288.74,-1.36,10098072.0,11311193345.0
BK0438.DC,20240604,20862.17,20905.11,20652.23,20884.06,20933.030000000002,-48.97,-0.23,10282851.0,11451516659.0
BK0438.DC,20240605,20819.13,20827.36,20439.21,20439.35,20884.059999999998,-444.71,-2.13,9515530.0,10357530881.0
BK0438.DC,20240606,20438.58,20483.7,19634.4,19751.28,20439.35,-688.07,-3.37,12023317.0,11403226198.0
BK0438.DC,20240607,19894.55,20147.34,19815.6,20103.8,19751.28,352.52,1.78,9677891.0,9359753156.0
BK0438.DC,20240611,20038.02,20077.38,19759.15,20041.99,20103.800000000003,-61.81,-0.31,8338555.0,8580635486.0
BK0438.DC,20240612,20048.73,20282.13,20036.64,20241.66,20041.99,199.67,1.0,7910548.0,8390381993.0
BK0438.DC,20240613,20251.42,20259.32,19919.67,19967.69,20241.66,-273.97,-1.35,8206205.0,9058956025.0
BK0438.DC,20240614,19977.23,20072.24,19819.08,20056.51,19967.69,88.82,0.44,8681769.0,11010667928.0
BK0438.DC,20240617,19990.46,19990.46,19771.85,19822.77,20056.510000000002,-233.74,-1.17,7324132.0,8283395238.0
BK0438.DC,20240618,19842.69,19946.85,19817.15,19870.35,19822.769999999997,47.58,0.24,7391641.0,8392705251.0
BK0438.DC,20240619,19884.52,19916.51,19739.34,19774.74,19870.350000000002,-95.61,-0.48,6779411.0,6968411964.0
BK0438.DC,20240620,19744.34,19822.82,19356.98,19363.85,19774.739999999998,-410.89,-2.08,7911692.0,8325746637.0
BK0438.DC,20240621,19330.38,19515.95,19244.4,19396.44,19363.85,32.59,0.17,6083023.0,7211202305.0
BK0438.DC,20240624,19294.01,19294.01,18691.81,18773.3,19396.44,-623.14,-3.21,7851369.0,8455754660.0
BK0438.DC,20240625,18798.17,19044.65,18772.67,18934.29,18773.3,160.99,0.86,7212798.0,7556208715.0
BK0438.DC,20240626,18898.82,19297.89,18801.36,19297.58,18934.29,363.29,1.92,7066951.0,7206761094.0
BK0438.DC,20240627,19262.38,19275.88,18955.82,18958.78,19297.579999999998,-338.8,-1.76,6245557.0,7127405046.0
BK0438.DC,20240628,18947.02,19127.87,18817.08,18858.12,18958.78,-100.66,-0.53,6586348.0,7213968687.0
BK0438.DC,20240701,18851.48,19135.58,18735.28,19134.07,18858.12,275.95,1.46,6672073.0,7111425041.0
BK0438.DC,20240702,19148.09,19301.38,19055.37,19223.01,19134.07,88.94,0.46,7064724.0,7247849606.0
BK0438.DC,20240703,19218.64,19538.57,19205.26,19352.68,19223.010000000002,129.67,0.67,8091741.0,7758005214.0
BK0438.DC,20240704,19286.65,19311.47,18691.45,18724.44,19352.68,-628.24,-3.25,8299550.0,8459084915.0
BK0438.DC,20240705,18705.43,18903.68,18541.6,18867.09,18724.44,142.65,0.76,6470527.0,6966069603.0
BK0438.DC,20240708,18789.66,18798.15,18359.68,18395.43,18867.09,-471.66,-2.5,7054225.0,7340522539.0
BK0438.DC,20240709,18361.92,18494.33,18003.09,18476.02,18395.43,80.59,0.44,8087182.0,8253366941.0
BK0438.DC,20240710,18382.58,18602.92,18219.25,18491.02,18476.02,15.0,0.08,8855733.0,9006711525.0
BK0438.DC,20240711,18702.26,19009.69,18653.14,18980.31,18491.02,489.29,2.65,10000028.0,10404508280.0
BK0438.DC,20240712,18989.77,19053.0,18860.11,18915.18,18980.31,-65.13,-0.34,7656880.0,7762135436.0
BK0438.DC,20240715,18910.14,18935.52,18701.5,18744.58,18915.18,-170.6,-0.9,6392612.0,6690101787.0
BK0438.DC,20240716,18738.06,18767.02,18618.91,18687.52,18744.58,-57.06,-0.3,6074509.0,6367814831.0
BK0438.DC,20240717,18685.24,18981.97,18631.18,18898.91,18687.52,211.39,1.13,7530272.0,8466407918.0
BK0438.DC,20240718,18828.77,18929.15,18604.85,18910.12,18898.91,11.21,0.06,7206327.0,7975059963.0
BK0438.DC,20240719,18854.85,18991.87,18725.86,18943.47,18910.120000000003,33.35,0.18,6869021.0,7849588421.0
BK0438.DC,20240722,18921.56,18945.61,18694.05,18801.74,18943.47,-141.73,-0.75,6288883.0,7156006773.0
BK0438.DC,20240723,18804.87,18851.69,18355.17,18355.17,18801.739999999998,-446.57,-2.38,7348154.0,7690366383.0
BK0438.DC,20240724,18336.64,18383.62,18067.65,18101.08,18355.170000000002,-254.09,-1.38,7402305.0,7325885025.0
BK0438.DC,20240725,18035.31,18386.91,17965.25,18236.72,18101.08,135.64,0.75,6380714.0,6246232350.0
BK0438.DC,20240726,18264.98,18474.11,18260.54,18404.8,18236.719999999998,168.08,0.92,6331915.0,6236178237.0
BK0438.DC,20240729,18412.76,18412.76,18236.43,18272.65,18404.800000000003,-132.15,-0.72,6033239.0,6505269289.0
BK0438.DC,20240730,18267.75,18426.89,18190.6,18401.67,18272.649999999998,129.02,0.71,6900924.0,7018599101.0
BK0438.DC,20240731,18411.31,19065.05,18360.03,19065.05,18401.67,663.38,3.6,10557255.0,11566901689.0
BK0438.DC,20240801,19069.52,19188.73,18905.9,18954.03,19065.05,-111.02,-0.58,8104021.0,8710131975.0
BK0438.DC,20240802,18876.78,19133.54,18829.98,18905.66,18954.03,-48.37,-0.26,8022650.0,7586324206.0
BK0438.DC,20240805,18898.64,19236.84,18729.4,18729.4,18905.66,-176.26,-0.93,9932092.0,10073411223.0
BK0438.DC,20240806,18828.4,19181.55,18828.4,19180.68,18729.4,451.28,2.41,10480191.0,10027252439.0
BK0438.DC,20240807,19176.51,19176.51,18982.37,19048.18,19180.68,-132.5,-0.69,9279833.0,8301356981.0
BK0438.DC,20240808,18988.22,19537.32,18964.96,19452.42,19048.179999999997,404.24,2.12,11968824.0,11336889343.0
BK0438.DC,20240809,19425.04,19442.46,19085.03,19085.03,19452.42,-367.39,-1.89,9303727.0,8564173636.0
BK0438.DC,20240812,19029.64,19167.13,18941.51,18998.78,19085.03,-86.25,-0.45,7104010.0,6618535192.0
BK0438.DC,20240813,18992.93,19009.72,18752.14,18940.28,18998.78,-58.5,-0.31,6315764.0,6034978167.0
BK0438.DC,20240814,18931.83,18931.83,18703.87,18723.7,18940.280000000002,-216.58,-1.14,5850254.0,5971012927.0
BK0438.DC,20240815,18695.13,18947.5,18615.03,18800.96,18723.7,77.26,0.41,7256817.0,7047020241.0
BK0438.DC,20240816,18764.42,18777.31,18546.58,18559.17,18800.96,-241.79,-1.29,6477254.0,6395108004.0
BK0438.DC,20240819,18517.36,18637.13,18472.78,18489.87,18559.17,-69.3,-0.37,7229494.0,6989246393.0
BK0438.DC,20240820,18486.36,18490.11,18174.99,18214.95,18489.87,-274.92,-1.49,6687944.0,6718137331.0
BK0438.DC,20240821,18208.53,18238.64,18102.24,18118.64,18214.95,-96.31,-0.53,5339933.0,5312666057.0
BK0438.DC,20240822,18227.79,18318.82,17894.07,17906.3,18118.64,-212.34,-1.17,6891564.0,6606200051.0
BK0438.DC,20240823,17838.23,17919.73,17701.22,17865.89,17906.3,-40.41,-0.23,6484258.0,5783801163.0
BK0438.DC,20240826,17860.18,18103.91,17793.65,17999.05,17865.89,133.16,0.75,6783691.0,6412762983.0
BK0438.DC,20240827,17948.57,18144.01,17878.3,18022.55,17999.05,23.5,0.13,6920766.0,6642164646.0
BK0438.DC,20240828,17966.65,18174.28,17837.13,18067.89,18022.55,45.34,0.25,7306434.0,7225660272.0
BK0438.DC,20240829,17998.72,18232.85,17912.91,18204.45,18067.89,136.56,0.76,7348504.0,7859491672.0
BK0438.DC,20240830,18204.6,18760.15,18089.57,18546.62,18204.45,342.17,1.88,13057756.0,14740433120.0
BK0438.DC,20240902,18490.55,18523.87,18194.5,18194.5,18546.62,-352.12,-1.9,10189987.0,11028823880.0
BK0438.DC,20240903,18187.72,18462.04,18140.63,18370.91,18194.5,176.41,0.97,7788410.0,8628170963.0
BK0438.DC,20240904,18297.54,18413.45,18161.31,18187.42,18370.91,-183.49,-1.0,6706237.0,6969622713.0
BK0438.DC,20240905,18182.27,18451.26,18182.27,18436.27,18187.420000000002,248.85,1.37,6326941.0,6580618946.0
BK0438.DC,20240906,18458.54,18458.54,18107.21,18113.23,18436.27,-323.04,-1.75,5466768.0,5668029072.0
BK0438.DC,20240909,18032.77,18210.94,17915.44,18115.96,18113.23,2.73,0.02,5926242.0,6019527907.0
BK0438.DC,20240910,18126.9,18197.16,17901.71,18127.07,18115.96,11.11,0.06,5716565.0,5832637892.0
BK0438.DC,20240911,18092.86,18187.76,17977.79,18043.95,18127.07,-83.12,-0.46,5352394.0,6122950307.0
BK0438.DC,20240912,18056.66,18180.16,17879.58,17879.58,18043.95,-164.37,-0.91,5033027.0,5544881177.0
BK0438.DC,20240913,17902.79,17909.0,17651.1,17653.77,17879.58,-225.81,-1.26,5986496.0,5925172810.0
BK0438.DC,20240918,17639.12,17651.97,17266.53,17481.94,17653.77,-171.83,-0.97,6098045.0,5658322607.0
BK0438.DC,20240919,17563.26,18318.06,17563.26,18202.65,17481.940000000002,720.71,4.12,10698186.0,10673556745.0
BK0438.DC,20240920,18166.89,18166.89,17960.5,18045.53,18202.649999999998,-157.12,-0.86,7431196.0,7353094437.0
BK0438.DC,20240923,18035.33,18169.08,17969.33,17988.06,18045.530000000002,-57.47,-0.32,6076434.0,6601211201.0
BK0438.DC,20240924,18126.27,18721.09,18078.82,18721.09,17988.06,733.03,4.08,12254613.0,13741427300.0
BK0438.DC,20240925,18864.53,19178.48,18754.51,18783.24,18721.09,62.15,0.33,14282697.0,15386335493.0
BK0438.DC,20240926,18748.58,19851.95,18746.85,19851.95,18783.24,1068.71,5.69,17557283.0,20516113957.0
BK0438.DC,20240927,20435.29,21054.09,20350.47,20871.41,19851.95,1019.46,5.14,20466075.0,24799406407.0
BK0438.DC,20240930,21693.49,23033.54,21246.15,22915.69,20871.41,2044.28,9.79,33802634.0,43235698468.0
BK0438.DC,20241008,25532.53,25536.39,22794.75,23948.59,22915.69,1032.9,4.51,40963960.0,56827127271.0
BK0438.DC,20241009,23266.87,23266.87,21597.91,21597.91,23948.59,-2350.68,-9.82,26438575.0,34790854938.0
BK0438.DC,20241010,21680.37,22266.07,21401.31,21759.8,21597.91,161.89,0.75,19681254.0,25159852337.0
BK0438.DC,20241011,21720.29,22132.38,21110.93,21300.5,21759.8,-459.3,-2.11,16809180.0,19256579758.0
BK0438.DC,20241014,21268.49,21634.38,20896.87,21608.33,21300.5,307.83,1.45,16262577.0,19084291013.0
BK0438.DC,20241015,21505.98,21757.13,21221.58,21221.58,21608.33,-386.75,-1.79,15097869.0,16358157612.0
BK0438.DC,20241016,20991.93,21387.75,20936.95,21159.29,21221.58,-62.29,-0.29,12090333.0,14473764871.0
BK0438.DC,20241017,21248.13,21413.77,21012.1,21020.52,21159.29,-138.77,-0.66,11622961.0,12834316972.0
BK0438.DC,20241018,21010.04,21813.08,20926.66,21487.83,21020.52,467.31,2.22,16357299.0,19194928774.0
BK0438.DC,20241021,21538.07,21844.34,21429.26,21762.44,21487.829999999998,274.61,1.28,15458525.0,18367764766.0
BK0438.DC,20241022,21768.49,22355.3,21738.32,22309.97,21762.440000000002,547.53,2.52,17655618.0,18349040226.0
BK0438.DC,20241023,22293.27,22460.39,22154.79,22315.65,22309.97,5.68,0.03,17346739.0,18509854443.0
BK0438.DC,20241024,22241.45,22452.14,22206.28,22369.98,22315.649999999998,54.33,0.24,13885077.0,14427200757.0
BK0438.DC,20241025,22438.45,22796.82,22415.78,22656.15,22369.980000000003,286.17,1.28,17881890.0,18327097051.0
BK0438.DC,20241028,22717.24,23434.39,22717.24,23434.39,22656.149999999998,778.24,3.44,21372816.0,21778338041.0
BK0438.DC,20241029,23593.22,23626.95,23004.39,23015.56,23434.390000000003,-418.83,-1.79,21231218.0,22045185073.0
BK0438.DC,20241030,22932.22,23194.3,22654.95,22945.06,23015.56,-70.5,-0.31,16768295.0,17691331696.0
BK0438.DC,20241031,22896.01,23060.92,22838.42,22939.79,22945.06,-5.27,-0.02,20369684.0,22050863127.0
BK0438.DC,20241101,22879.4,23399.22,22738.08,23046.11,22939.79,106.32,0.46,21619653.0,22208442294.0
BK0438.DC,20241104,23024.37,23796.18,22955.23,23777.99,23046.11,731.88,3.18,20618980.0,21918622587.0
BK0438.DC,20241105,23795.45,24287.77,23667.73,24287.77,23777.99,509.78,2.14,21263427.0,24186579221.0
BK0438.DC,20241106,24321.78,24741.6,24160.18,24560.17,24287.769999999997,272.4,1.12,23722585.0,25396771739.0
BK0438.DC,20241107,24460.22,26155.0,24444.6,26022.23,24560.17,1462.06,5.95,30476622.0,37918515208.0
BK0438.DC,20241108,26292.6,26354.5,25559.05,25693.49,26022.230000000003,-328.74,-1.26,33224915.0,36519476004.0
BK0438.DC,20241111,25315.47,25462.28,24962.45,25462.28,25693.489999999998,-231.21,-0.9,21660668.0,24727455291.0
BK0438.DC,20241112,25492.36,25818.68,25250.33,25449.95,25462.280000000002,-12.33,-0.05,23375952.0,25641824864.0
BK0438.DC,20241113,25351.88,25425.96,24805.24,25245.52,25449.95,-204.43,-0.8,16762399.0,18671490432.0
BK0438.DC,20241114,25137.47,25176.46,24640.93,24677.73,25245.52,-567.79,-2.25,13954551.0,15547718231.0
BK0438.DC,20241115,24568.45,24936.88,24435.21,24435.21,24677.73,-242.52,-0.98,16468209.0,17200274127.0
BK0438.DC,20241118,24496.12,24653.18,23767.35,23886.21,24435.21,-549.0,-2.25,16808921.0,17323195572.0
BK0438.DC,20241119,23881.52,24226.78,23628.92,24226.78,23886.21,340.57,1.43,13990361.0,14379853492.0
BK0438.DC,20241120,24186.55,24656.36,24114.52,24615.15,24226.780000000002,388.37,1.6,14529897.0,14476776840.0
BK0438.DC,20241121,24577.51,24920.19,24449.03,24781.41,24615.15,166.26,0.68,15100083.0,15308874696.0
BK0438.DC,20241122,24703.88,24726.01,23763.84,23765.87,24781.41,-1015.54,-4.1,17649279.0,17573300863.0
BK0438.DC,20241125,23744.98,24180.57,23678.74,24166.92,23765.87,401.05,1.69,14101385.0,14789970958.0
BK0438.DC,20241126,24149.69,24845.31,24144.6,24709.49,24166.920000000002,542.57,2.25,19196004.0,17853793570.0
BK0438.DC,20241127,24610.81,25065.73,24096.38,25065.73,24709.489999999998,356.24,1.44,19678791.0,18599378298.0
BK0438.DC,20241128,25003.64,25526.0,24988.48,25470.88,25065.73,405.15,1.62,23091468.0,20694785119.0
BK0438.DC,20241129,25564.35,26675.28,25564.35,26370.91,25470.88,900.03,3.53,27962476.0,29099542104.0
BK0438.DC,20241202,26437.39,27184.73,26428.91,27055.65,26370.91,684.74,2.6,31274547.0,32947058443.0
BK0438.DC,20241203,26900.46,27025.26,26576.63,26720.49,27055.65,-335.16,-1.24,26496969.0,27660416605.0
BK0438.DC,20241204,26494.33,27283.84,26338.96,26565.45,26720.49,-155.04,-0.58,27303813.0,28334826809.0
BK0438.DC,20241205,26335.15,26419.93,26045.18,26407.59,26565.45,-157.86,-0.59,21162361.0,21260864694.0
BK0438.DC,20241206,26293.23,26639.03,26252.48,26542.58,26407.59,134.99,0.51,23334333.0,22552573974.0
BK0438.DC,20241209,26488.73,26976.91,26337.38,26526.43,26542.58,-16.15,-0.06,24472431.0,23382363446.0
BK0438.DC,20241210,27780.41,28175.55,27452.07,27494.44,26526.43,968.01,3.65,37267445.0,40704521914.0
BK0438.DC,20241211,27301.05,28415.93,27282.29,28301.59,27494.44,807.15,2.94,38471496.0,42035658106.0
BK0438.DC,20241212,28246.33,29695.83,28016.07,29514.81,28301.59,1213.22,4.29,46903895.0,52799882064.0
BK0438.DC,20241213,29219.68,29219.68,28653.35,28653.35,29514.809999999998,-861.46,-2.92,42581995.0,47753448876.0
BK0438.DC,20241216,28468.57,28807.54,28018.77,28190.32,28653.35,-463.03,-1.62,31440768.0,34422767825.0
BK0438.DC,20241217,27978.4,27988.93,26872.53,26915.71,28190.32,-1274.61,-4.52,23757301.0,24140022142.0
BK0438.DC,20241218,26792.64,26908.41,26451.02,26568.67,26915.71,-347.04,-1.29,17009359.0,18279191921.0
BK0438.DC,20241219,26293.22,26363.46,25809.0,26301.02,26568.670000000002,-267.65,-1.01,17751922.0,18751030545.0
BK0438.DC,20241220,26380.4,27156.73,26380.4,26822.31,26301.02,521.29,1.98,18772791.0,21158044015.0
BK0438.DC,20241223,26784.01,26794.97,25645.2,25687.68,26822.31,-1134.63,-4.23,20320457.0,20991827736.0
BK0438.DC,20241224,25698.21,26139.51,25527.32,26139.51,25687.679999999997,451.83,1.76,16478951.0,18217718871.0
BK0438.DC,20241225,26069.15,26089.8,25298.37,25812.4,26139.510000000002,-327.11,-1.25,16430818.0,17891614216.0
BK0438.DC,20241226,25746.28,26073.6,25746.28,25943.54,25812.4,131.14,0.51,14723354.0,16924700479.0
BK0438.DC,20241227,25911.25,26231.07,25717.79,26026.58,25943.54,83.04,0.32,15999892.0,17570372056.0
BK0438.DC,20241230,25888.73,25888.73,25464.05,25500.27,26026.58,-526.31,-2.02,16105142.0,16898264509.0
BK0438.DC,20241231,25515.06,25829.62,25262.98,25278.6,25500.269999999997,-221.67,-0.87,17907720.0,19489924030.0
BK0438.DC,20250102,25284.08,26324.1,25284.08,25694.4,25278.600000000002,415.8,1.64,25210956.0,26345956261.0
BK0438.DC,20250103,25729.56,25830.01,24478.67,24515.51,25694.399999999998,-1178.89,-4.59,27501488.0,25649671417.0
BK0438.DC,20250106,24237.99,24459.98,23694.33,23975.45,24515.510000000002,-540.06,-2.2,17223004.0,17600022767.0
BK0438.DC,20250107,23908.69,24191.86,23627.55,24190.73,23975.45,215.28,0.9,16393156.0,15597503860.0
BK0438.DC,20250108,24033.53,24446.45,23691.2,24339.34,24190.73,148.61,0.61,18829139.0,18513930418.0
BK0438.DC,20250109,24184.98,24543.21,24073.19,24384.0,24339.34,44.66,0.18,15642863.0,15694805131.0
BK0438.DC,20250110,24350.19,24448.88,23646.49,23646.49,24384.0,-737.51,-3.02,14884259.0,14749075277.0
BK0438.DC,20250113,23472.67,23854.29,23182.07,23753.0,23646.49,106.51,0.45,13992497.0,14595098218.0
BK0438.DC,20250114,23834.49,24690.74,23834.49,24690.74,23753.0,937.74,3.95,16377196.0,18205289127.0
BK0438.DC,20250115,24719.79,24968.47,24701.59,24798.16,24690.74,107.42,0.44,15253841.0,16267701340.0
BK0438.DC,20250116,24829.64,25191.18,24622.37,25010.54,24798.16,212.38,0.86,17455869.0,19344042714.0
BK0438.DC,20250117,24868.76,25211.61,24672.57,25034.46,25010.54,23.92,0.1,14665557.0,17017262355.0
BK0438.DC,20250120,25150.22,25386.86,24939.93,25070.46,25034.46,36.0,0.14,14809292.0,16994386026.0
BK0438.DC,20250121,25179.16,25210.26,24717.89,25153.95,25070.46,83.49,0.33,15936905.0,18201333533.0
BK0438.DC,20250122,25065.73,25065.73,24551.03,24598.22,25153.95,-555.73,-2.21,14043553.0,16282355205.0
BK0438.DC,20250123,24781.96,24955.76,24514.45,24514.45,24598.22,-83.77,-0.34,15223650.0,16563866581.0
BK0438.DC,20250124,24451.99,24564.35,24312.76,24519.69,24514.449999999997,5.24,0.02,13474456.0,14509938939.0
BK0438.DC,20250127,24588.84,24861.01,24341.75,24341.75,24519.69,-177.94,-0.73,12699907.0,13620668230.0
BK0438.DC,20250205,24449.73,24490.57,23879.99,23976.24,24341.75,-365.51,-1.5,14015447.0,14905915666.0
BK0438.DC,20250206,23985.38,24268.12,23809.69,24268.12,23976.239999999998,291.88,1.22,14330122.0,14186427092.0
BK0438.DC,20250207,24262.3,24800.99,24184.53,24580.95,24268.12,312.83,1.29,20366537.0,19081185055.0
BK0438.DC,20250210,24609.59,25204.68,24523.86,25204.25,24580.95,623.3,2.54,20442975.0,21035891794.0
BK0438.DC,20250211,25265.1,25315.32,24944.46,25099.34,25204.25,-104.91,-0.42,19204570.0,19241170478.0
BK0438.DC,20250212,25043.91,25215.37,24939.35,25215.37,25099.34,116.03,0.46,18711908.0,18905946177.0
BK0438.DC,20250213,25178.24,25366.92,25032.89,25108.64,25215.37,-106.73,-0.42,19435468.0,21010374859.0
BK0438.DC,20250214,25059.23,25075.73,24796.3,24890.39,25108.64,-218.25,-0.87,15499576.0,16180306234.0
BK0438.DC,20250217,24906.39,25187.67,24803.18,25161.83,24890.390000000003,271.44,1.09,16881002.0,17529292090.0
BK0438.DC,20250218,25122.94,25123.16,24346.76,24425.0,25161.83,-736.83,-2.93,15713410.0,16384794541.0
BK0438.DC,20250219,24403.17,24667.33,24339.24,24666.81,24425.0,241.81,0.99,12182513.0,13917792926.0
BK0438.DC,20250220,24662.44,24988.1,24618.25,24969.57,24666.81,302.76,1.23,12901466.0,14300464423.0
BK0438.DC,20250221,24953.33,25050.16,24589.46,24849.36,24969.57,-120.21,-0.48,15563826.0,18028727284.0
BK0438.DC,20250224,24927.7,25221.53,24927.7,25071.12,24849.36,221.76,0.89,16857749.0,18001376363.0
BK0438.DC,20250225,24931.53,25151.84,24843.67,24983.63,25071.120000000003,-87.49,-0.35,14442411.0,15409096642.0
BK0438.DC,20250226,25033.14,25318.11,25011.53,25318.11,24983.63,334.48,1.34,15779397.0,17056065079.0
BK0438.DC,20250227,25369.03,26113.23,25369.03,26112.39,25318.11,794.28,3.14,23651149.0,27942912001.0
BK0438.DC,20250228,26075.6,26348.11,25698.94,25748.33,26112.390000000003,-364.06,-1.39,21617265.0,27698037038.0
BK0438.DC,20250303,25787.72,25928.2,25414.8,25587.09,25748.33,-161.24,-0.63,19041307.0,23139627008.0
BK0438.DC,20250304,25418.36,25484.45,25272.04,25482.55,25587.09,-104.54,-0.41,13356278.0,15679722528.0
BK0438.DC,20250305,25479.66,25505.75,25117.33,25345.16,25482.55,-137.39,-0.54,16197126.0,17996579842.0
BK0438.DC,20250306,25337.15,25515.37,25196.06,25487.18,25345.16,142.02,0.56,16594234.0,18531544837.0
BK0438.DC,20250307,25409.91,25607.75,25272.42,25404.59,25487.18,-82.59,-0.32,15710805.0,17969757381.0
BK0438.DC,20250310,25395.39,25528.88,25339.44,25526.3,25404.59,121.71,0.48,13300382.0,15501222779.0
BK0438.DC,20250311,25294.25,25824.64,25250.24,25824.64,25526.3,298.34,1.17,13936242.0,16675279834.0
BK0438.DC,20250312,25839.31,25968.67,25707.58,25786.27,25824.64,-38.37,-0.15,14839478.0,17144562209.0
BK0438.DC,20250313,25757.46,25857.54,25522.04,25784.63,25786.27,-1.64,-0.01,13570025.0,15567921571.0
BK0438.DC,20250314,25961.65,27199.14,25961.65,27199.14,25784.63,1414.51,5.49,29080989.0,36613731229.0
BK0438.DC,20250317,27526.5,27709.57,27233.19,27259.48,27199.14,60.34,0.22,27179720.0,32196644703.0
BK0438.DC,20250318,27284.48,27324.33,27037.41,27220.05,27259.48,-39.43,-0.14,22060576.0,22852905590.0
BK0438.DC,20250319,27107.42,27111.7,26716.88,26808.88,27220.05,-411.17,-1.51,18375836.0,17994777390.0
BK0438.DC,20250320,26832.08,27054.85,26549.66,26573.55,26808.88,-235.33,-0.88,20558676.0,20555066916.0
BK0438.DC,20250321,26454.88,26539.05,26065.36,26175.98,26573.55,-397.57,-1.5,19135786.0,19733478112.0
BK0438.DC,20250324,26183.11,26314.43,25750.96,26162.11,26175.98,-13.87,-0.05,19483938.0,20212792313.0
BK0438.DC,20250325,26138.2,26347.36,25771.12,26293.45,26162.11,131.34,0.5,18493086.0,18766778483.0
BK0438.DC,20250326,26146.95,26526.64,26101.64,26361.01,26293.449999999997,67.56,0.26,16034267.0,15756953687.0
BK0438.DC,20250327,26319.06,26536.64,26279.6,26405.69,26361.01,44.68,0.17,14916449.0,16206831645.0
BK0438.DC,20250328,26365.8,26384.21,25920.1,25920.1,26405.69,-485.59,-1.84,14501710.0,15534891476.0
BK0438.DC,20250331,25772.25,25829.16,25354.53,25601.2,25920.100000000002,-318.9,-1.23,13591595.0,15178102681.0
BK0438.DC,20250401,25623.53,26101.03,25623.53,25970.02,25601.2,368.82,1.44,11910255.0,13984083011.0
BK0438.DC,20250402,25944.58,26194.23,25907.81,25964.48,25970.02,-5.54,-0.02,10396127.0,11795878137.0
BK0438.DC,20250403,25758.86,26347.09,25752.94,26325.29,25964.48,360.81,1.39,15946926.0,17004134761.0
BK0438.DC,20250407,25261.01,25656.01,23966.91,24348.65,26325.29,-1976.64,-7.51,26622082.0,30496124196.0
BK0438.DC,20250408,24310.88,25920.98,24310.88,25920.98,24348.65,1572.33,6.46,31697415.0,34591054291.0
BK0438.DC,20250409,25604.26,26628.45,24946.17,26473.7,25920.98,552.72,2.13,37303749.0,39070676208.0
BK0438.DC,20250410,26277.13,27982.84,26277.13,27632.82,26473.7,1159.12,4.38,37070023.0,42034868116.0
BK0438.DC,20250411,27389.37,27449.45,26980.96,27146.85,27632.82,-485.97,-1.76,30563987.0,32776576452.0
BK0438.DC,20250414,27077.99,27874.92,27077.99,27730.46,27146.85,583.61,2.15,28104250.0,30594331112.0
BK0438.DC,20250415,27668.01,28427.79,27552.55,28058.29,27730.46,327.83,1.18,31834059.0,36658255507.0
BK0438.DC,20250416,27811.56,28325.53,27465.44,28294.33,28058.29,236.04,0.84,31206829.0,35000758007.0
BK0438.DC,20250417,28019.66,28968.39,27813.64,28765.33,28294.33,471.0,1.66,34984507.0,37686335919.0
BK0438.DC,20250418,28628.37,28628.37,27890.78,27890.78,28765.329999999998,-874.55,-3.04,25395681.0,28997911921.0
BK0438.DC,20250421,27619.83,28371.56,27578.85,28321.31,27890.780000000002,430.53,1.54,25347177.0,27829961367.0
BK0438.DC,20250422,28186.68,28468.56,28067.45,28427.65,28321.31,106.34,0.38,27662247.0,28762188651.0
BK0438.DC,20250423,28271.96,28324.11,27731.46,27731.46,28427.649999999998,-696.19,-2.45,27072236.0,28074006861.0
BK0438.DC,20250424,27616.8,27954.37,27541.59,27882.84,27731.46,151.38,0.55,25538072.0,27627117799.0
BK0438.DC,20250425,27692.14,27985.6,27581.65,27587.19,27882.84,-295.65,-1.06,21911544.0,24129262645.0
BK0438.DC,20250428,27413.92,27413.92,26669.34,26726.64,27587.19,-860.55,-3.12,21560686.0,22538166902.0
BK0438.DC,20250429,26679.58,27102.25,26679.58,27015.4,26726.640000000003,288.76,1.08,19508515.0,22688377797.0
BK0438.DC,20250430,26991.69,27254.18,26860.8,26860.8,27015.399999999998,-154.6,-0.57,19489247.0,23319991787.0
BK0438.DC,20250506,27005.73,27330.61,26956.27,27330.61,26860.8,469.81,1.75,19298630.0,22480411894.0
BK0438.DC,20250507,27585.22,27842.2,27526.55,27765.42,27330.609999999997,434.81,1.59,19695159.0,22980782373.0
BK0438.DC,20250508,27665.45,27801.55,27465.07,27759.56,27765.420000000002,-5.86,-0.02,16375860.0,18144379474.0
BK0438.DC,20250509,27759.74,28009.27,27679.05,27793.07,27759.56,33.51,0.12,15908620.0,18278129920.0
BK0438.DC,20250512,27838.17,27859.68,27551.51,27734.32,27793.07,-58.75,-0.21,14775406.0,17941718299.0
BK0438.DC,20250513,27837.61,27917.35,27613.49,27728.36,27734.32,-5.96,-0.02,13384955.0,16182387999.0
BK0438.DC,20250514,27721.39,27834.41,27470.91,27761.27,27728.36,32.91,0.12,13763241.0,16084497464.0
BK0438.DC,20250515,27722.72,28327.41,27690.12,28228.48,27761.27,467.21,1.68,19917763.0,22296987951.0
BK0438.DC,20250516,28128.78,28212.23,27801.44,28169.93,28228.48,-58.55,-0.21,18183761.0,20441339394.0
BK0438.DC,20250519,28119.72,28861.35,28119.72,28857.85,28169.93,687.92,2.44,18385851.0,22173812319.0
BK0438.DC,20250520,28890.35,29779.34,28890.35,29490.46,28857.85,632.61,2.19,25552088.0,32912941189.0
BK0438.DC,20250521,29384.79,29699.84,29166.54,29260.27,29490.46,-230.19,-0.78,21300828.0,25892480281.0
BK0438.DC,20250522,29150.69,29370.89,28574.67,28596.39,29260.27,-663.88,-2.27,17169705.0,20738024374.0
BK0438.DC,20250523,28626.43,28660.59,28185.67,28185.67,28596.39,-410.72,-1.44,14914972.0,18049042726.0
BK0438.DC,20250526,28174.69,28674.87,28066.83,28674.87,28185.67,489.2,1.74,13763142.0,17654942602.0
BK0438.DC,20250527,28787.73,29538.2,28787.73,29326.54,28674.870000000003,651.67,2.27,21987653.0,25784413393.0
BK0438.DC,20250528,29282.28,29688.99,29227.12,29578.7,29326.54,252.16,0.86,24070673.0,27326294591.0
BK0438.DC,20250529,29457.46,29482.86,29170.79,29411.07,29578.7,-167.63,-0.57,19691072.0,23418779839.0
BK0438.DC,20250530,29371.94,29486.93,28960.83,28972.21,29411.07,-438.86,-1.49,17886854.0,20555130969.0
BK0438.DC,20250603,28777.07,29614.6,28756.74,29614.6,28972.21,642.39,2.22,18838110.0,22105446441.0
BK0438.DC,20250604,29622.12,30391.8,29594.55,30390.52,29614.600000000002,775.92,2.62,23607004.0,27310334766.0
BK0438.DC,20250605,30302.21,30319.46,29571.36,29629.3,30390.52,-761.22,-2.5,21572848.0,25603908855.0
BK0438.DC,20250606,29593.61,29602.33,29251.87,29384.11,29629.3,-245.19,-0.83,16662701.0,20039760218.0
BK0438.DC,20250609,29375.18,29652.57,29269.14,29651.12,29384.11,267.01,0.91,14550663.0,18005845101.0
BK0438.DC,20250610,29650.03,29746.67,29203.62,29599.56,29651.120000000003,-51.56,-0.17,20258921.0,23594349296.0
BK0438.DC,20250611,29517.69,29705.3,29453.91,29589.46,29599.559999999998,-10.1,-0.03,14450878.0,17104860174.0
BK0438.DC,20250612,29539.08,29632.17,29326.23,29544.41,29589.46,-45.05,-0.15,14280884.0,18666613666.0
BK0438.DC,20250613,29431.52,29431.52,28713.04,28730.52,29544.41,-813.89,-2.75,16182894.0,21792943681.0
BK0438.DC,20250616,28626.97,28856.96,28598.14,28807.31,28730.52,76.79,0.27,11107932.0,14791864888.0
BK0438.DC,20250617,28877.98,29006.18,28653.4,28731.51,28807.309999999998,-75.8,-0.26,14349804.0,17179214162.0
BK0438.DC,20250618,28628.1,28652.04,28251.87,28341.06,28731.510000000002,-390.45,-1.36,12408485.0,14556299628.0
BK0438.DC,20250619,28295.13,28311.28,27665.26,27750.63,28341.06,-590.43,-2.08,11909879.0,14496141417.0
BK0438.DC,20250620,27714.37,27899.41,27604.25,27618.92,27750.629999999997,-131.71,-0.47,8730880.0,11000025587.0
BK0438.DC,20250623,27460.36,27760.38,27349.43,27760.24,27618.920000000002,141.32,0.51,9164475.0,11669523073.0
BK0438.DC,20250624,27832.55,28213.68,27830.34,28212.83,27760.24,452.59,1.63,10191531.0,12700357919.0
BK0438.DC,20250625,28417.23,28502.42,28123.04,28406.65,28212.83,193.82,0.69,11753352.0,14633139708.0
BK0438.DC,20250626,28358.59,28541.96,28244.58,28366.45,28406.65,-40.2,-0.14,13615623.0,16201162454.0
BK0438.DC,20250627,28340.42,28577.04,28309.26,28421.38,28366.45,54.93,0.19,11878515.0,13934688675.0
BK0438.DC,20250630,28416.8,28560.18,28334.22,28553.75,28421.38,132.37,0.47,11098373.0,13948908352.0
BK0438.DC,20250701,28539.9,28693.41,28417.82,28693.41,28553.75,139.66,0.49,10761148.0,13288253684.0
BK0438.DC,20250702,28662.31,28938.14,28617.0,28847.04,28693.41,153.63,0.54,16614585.0,17735101917.0
BK0438.DC,20250703,28805.6,28898.23,28717.51,28836.9,28847.04,-10.14,-0.04,15206500.0,15951570032.0
BK0438.DC,20250704,28829.16,28829.16,28521.1,28578.99,28836.9,-257.91,-0.89,14189355.0,15198199340.0
BK0438.DC,20250707,28675.65,28809.6,28675.65,28746.42,28578.989999999998,167.43,0.59,12228870.0,13639708293.0
BK0438.DC,20250708,28783.67,28885.47,28699.81,28863.4,28746.420000000002,116.98,0.41,12562688.0,14508206291.0
BK0438.DC,20250709,28862.74,29030.1,28820.65,28872.43,28863.4,9.03,0.03,12818831.0,15334817206.0
BK0438.DC,20250710,28873.06,28919.09,28728.51,28838.0,28872.43,-34.43,-0.12,11567379.0,14929112888.0
BK0438.DC,20250711,28875.1,28974.54,28738.73,28903.16,28838.0,65.16,0.23,12489335.0,15788210161.0
BK0438.DC,20250714,28913.01,29002.48,28839.2,28984.86,28903.16,81.7,0.28,11552569.0,14991732176.0
BK0438.DC,20250715,28902.59,28902.59,28387.71,28568.04,28984.86,-416.82,-1.44,14898696.0,17611115388.0
BK0438.DC,20250716,28544.67,28760.69,28541.75,28756.74,28568.04,188.7,0.66,11638939.0,13102293923.0
BK0438.DC,20250717,28870.09,29154.85,28870.09,28962.99,28756.74,206.25,0.72,13261166.0,16218652341.0
BK0438.DC,20250718,28980.13,28994.5,28744.52,28851.8,28962.989999999998,-111.19,-0.38,14997728.0,16076926720.0
BK0438.DC,20250721,28855.98,29016.27,28776.31,29016.27,28851.8,164.47,0.57,13687657.0,15527870470.0
BK0438.DC,20250722,29014.87,29118.98,28865.76,29118.98,29016.27,102.71,0.35,14244247.0,17092808507.0
BK0438.DC,20250723,29143.66,29255.76,28914.67,28951.25,29118.98,-167.73,-0.58,13671771.0,17724304623.0
BK0438.DC,20250724,28959.4,29283.51,28959.4,29283.51,28951.25,332.26,1.15,15662115.0,18486024168.0
BK0438.DC,20250725,29293.25,29383.14,29135.24,29173.98,29283.51,-109.53,-0.37,13338950.0,17271124680.0
BK0438.DC,20250728,29225.66,29282.25,29132.11,29230.29,29173.98,56.31,0.19,13560855.0,16837151752.0
BK0438.DC,20250729,29652.45,29721.3,29055.56,29163.21,29230.29,-67.08,-0.23,22329363.0,26486669090.0
BK0438.DC,20250730,29044.93,29542.01,29004.95,29526.94,29163.21,363.73,1.25,22547798.0,25723402821.0
BK0438.DC,20250731,29422.34,29422.34,28851.01,28885.17,29526.94,-641.77,-2.17,21277434.0,23941376644.0
BK0438.DC,20250801,28842.22,29023.78,28842.22,28995.19,28885.17,110.02,0.38,16224787.0,18495197007.0
BK0438.DC,20250804,28863.49,29105.35,28748.57,29094.43,28995.19,99.24,0.34,13922777.0,16279151533.0
BK0438.DC,20250805,29131.82,29261.73,29129.17,29253.64,29094.43,159.21,0.55,13083143.0,15853542406.0
BK0438.DC,20250806,29313.6,29319.28,29101.32,29264.43,29253.64,10.79,0.04,12911429.0,15023134240.0
BK0438.DC,20250807,29228.38,29460.78,29166.41,29458.81,29264.43,194.38,0.66,16363115.0,19049403441.0
BK0438.DC,20250808,29422.04,29456.84,29252.47,29420.93,29458.81,-37.88,-0.13,13111175.0,15489049203.0
BK0438.DC,20250811,29501.09,29685.35,29423.01,29684.97,29420.93,264.04,0.9,15496658.0,18512440894.0
BK0438.DC,20250812,29670.92,29729.63,29510.51,29616.41,29684.97,-68.56,-0.23,14540379.0,17262424707.0
BK0438.DC,20250813,29762.69,29807.26,29432.91,29648.83,29616.410000000003,32.42,0.11,16936513.0,20944536046.0
BK0438.DC,20250814,29605.24,29703.14,29259.16,29272.11,29648.83,-376.72,-1.27,17216282.0,21838499185.0
BK0438.DC,20250815,29254.35,29454.43,29223.77,29430.97,29272.11,158.86,0.54,15694725.0,21354282070.0
BK0438.DC,20250818,29491.89,29838.84,29491.89,29779.51,29430.969999999998,348.54,1.18,17317567.0,23575462486.0
BK0438.DC,20250819,29865.22,30158.08,29823.17,30158.08,29779.510000000002,378.57,1.27,21763171.0,28931461023.0
BK0438.DC,20250820,30078.71,30632.99,29970.23,30602.65,30158.08,444.57,1.47,24063542.0,31183912889.0
BK0438.DC,20250821,30577.64,30752.57,30445.34,30568.29,30602.65,-34.36,-0.11,19876910.0,27071942279.0
BK0438.DC,20250822,30567.74,30575.05,30173.57,30446.89,30568.29,-121.4,-0.4,17466182.0,23378158482.0
BK0438.DC,20250825,30470.99,30976.37,30348.05,30939.47,30446.89,492.58,1.62,23352628.0,33247513472.0
BK0438.DC,20250826,30900.89,31297.33,30804.46,31094.92,30939.469999999998,155.45,0.5,20320894.0,28892929971.0
BK0438.DC,20250827,31025.05,31097.79,30538.63,30538.63,31094.920000000002,-556.29,-1.79,22106834.0,29812372936.0
BK0438.DC,20250828,30472.62,30790.36,29744.22,30428.92,30538.629999999997,-109.71,-0.36,22655234.0,29253349519.0
BK0438.DC,20250829,30417.65,30884.09,30409.14,30588.18,30428.920000000002,159.26,0.52,19552043.0,31334427133.0
BK0438.DC,20250901,30515.48,30907.07,30333.79,30796.19,30588.18,208.01,0.68,18896790.0,27979520251.0
BK0438.DC,20250902,30794.75,30859.41,30425.98,30598.22,30796.190000000002,-197.97,-0.64,18462187.0,25248104675.0
BK0438.DC,20250903,30611.35,30760.58,29678.97,29769.46,30598.219999999998,-828.76,-2.71,15910685.0,21482241462.0
BK0438.DC,20250904,29779.08,30700.35,29670.5,30532.36,29769.46,762.9,2.56,21487057.0,27999024728.0
BK0438.DC,20250905,30574.97,30620.32,29941.54,30620.32,30532.36,87.96,0.29,17530816.0,23337330079.0
BK0438.DC,20250908,30563.98,31032.34,30562.53,30949.66,30620.32,329.34,1.08,16784023.0,23969724094.0
BK0438.DC,20250909,30905.58,31108.19,30712.47,30884.6,30949.66,-65.06,-0.21,15736610.0,21427143895.0
BK0438.DC,20250910,30826.53,31027.71,30726.06,31008.95,30884.600000000002,124.35,0.4,14872063.0,20131027164.0
BK0438.DC,20250911,30921.04,30992.64,30563.69,30992.64,31008.95,-16.31,-0.05,15421841.0,20997878544.0
BK0438.DC,20250912,30944.67,31036.73,30630.5,30640.65,30992.640000000003,-351.99,-1.14,13819861.0,19645795271.0
BK0438.DC,20250915,30772.77,31029.66,30629.28,30700.52,30640.65,59.87,0.2,16208937.0,20648176750.0
BK0438.DC,20250916,30667.25,30729.58,30434.52,30728.56,30700.52,28.04,0.09,15651687.0,18801750545.0
BK0438.DC,20250917,30724.38,30796.49,30396.55,30422.72,30728.56,-305.84,-1.0,14605558.0,17765453148.0
BK0438.DC,20250918,30409.48,30409.48,29800.35,29983.28,30422.719999999998,-439.44,-1.44,17417161.0,21716311249.0
BK0438.DC,20250919,29989.84,30001.79,29689.15,29850.34,29983.28,-132.94,-0.44,12854980.0,16459824767.0
BK0438.DC,20250922,29844.55,29856.36,29308.3,29456.4,29850.34,-393.94,-1.32,11535129.0,14753674330.0
BK0438.DC,20250923,29463.72,29470.95,28643.76,29082.22,29456.4,-374.18,-1.27,14908183.0,17665737737.0
BK0438.DC,20250924,29030.23,29333.14,28966.85,29331.65,29082.22,249.43,0.86,11927427.0,14489291187.0
BK0438.DC,20250925,29285.27,29480.46,29082.31,29117.48,29331.649999999998,-214.17,-0.73,12345072.0,15969608954.0
BK0438.DC,20250926,29120.27,29366.72,28945.55,29139.69,29117.48,22.21,0.08,12804291.0,16422015207.0
BK0438.DC,20250929,29169.44,29169.44,28662.9,29081.52,29139.69,-58.17,-0.2,12270232.0,16397765640.0
BK0438.DC,20250930,29110.24,29140.15,28986.1,29059.42,29081.519999999997,-22.1,-0.08,9899884.0,13853007422.0
BK0438.DC,20251009,29066.6,29067.59,28733.54,29021.44,29059.42,-37.98,-0.13,12542233.0,17571499520.0
BK0438.DC,20251010,28987.18,29538.17,28964.22,29424.04,29021.440000000002,402.6,1.39,13156181.0,18040115481.0
BK0438.DC,20251013,28847.78,29273.37,28814.89,29263.14,29424.04,-160.9,-0.55,13633430.0,17688313450.0
BK0438.DC,20251014,29282.26,29411.09,29182.05,29301.42,29263.14,38.28,0.13,12872909.0,17437711717.0
BK0438.DC,20251015,29345.45,29639.73,29206.79,29620.75,29301.42,319.33,1.09,12484880.0,17676892663.0
BK0438.DC,20251016,29550.45,29695.39,29276.76,29319.23,29620.75,-301.52,-1.02,10950274.0,15000906534.0
BK0438.DC,20251017,29300.46,29372.93,28968.3,28989.57,29319.23,-329.66,-1.12,10640438.0,14276166176.0
BK0438.DC,20251020,29116.27,29193.8,28929.19,29081.65,28989.57,92.08,0.32,9073448.0,12083013774.0
BK0438.DC,20251021,29074.89,29425.18,28988.95,29422.43,29081.65,340.78,1.17,10215313.0,12638070305.0
BK0438.DC,20251022,29437.72,29709.56,29417.73,29442.72,29422.43,20.29,0.07,10584645.0,13203172078.0
BK0438.DC,20251023,29407.4,29527.31,29246.04,29500.42,29442.719999999998,57.7,0.2,10857192.0,13139394097.0
BK0438.DC,20251024,29535.47,29594.61,29291.52,29314.35,29500.42,-186.07,-0.63,10934448.0,13695985715.0
BK0438.DC,20251027,29355.27,29570.24,29279.05,29457.22,29314.350000000002,142.87,0.49,11201113.0,15389711614.0
BK0438.DC,20251028,29433.23,29498.31,29295.23,29351.44,29457.219999999998,-105.78,-0.36,11016182.0,13831013897.0
BK0438.DC,20251029,29327.69,29358.76,28977.69,29358.76,29351.44,7.32,0.02,11819122.0,15331359750.0
BK0438.DC,20251030,29340.61,29432.74,29108.11,29108.11,29358.760000000002,-250.65,-0.85,13393097.0,18007383383.0
BK0438.DC,20251031,29150.41,29632.94,29150.41,29576.24,29108.11,468.13,1.61,13254872.0,17569534437.0
BK0438.DC,20251103,29625.54,29924.5,29587.82,29919.19,29576.239999999998,342.95,1.16,13631999.0,17888356416.0
BK0438.DC,20251104,29890.35,29890.35,29544.94,29709.54,29919.190000000002,-209.65,-0.7,11092522.0,15313216542.0
BK0438.DC,20251105,29610.41,30156.04,29572.93,29969.11,29709.54,259.57,0.87,12625964.0,16120891318.0
BK0438.DC,20251106,29957.37,30035.78,29773.03,29906.11,29969.11,-63.0,-0.21,11221982.0,14208397772.0
BK0438.DC,20251107,29884.63,30064.34,29836.99,29867.0,29906.11,-39.11,-0.13,10375614.0,13572312666.0
BK0438.DC,20251110,29908.28,30789.9,29795.15,30789.9,29867.0,922.9,3.09,19430325.0,27310602175.0
BK0438.DC,20251111,30791.51,31448.61,30675.55,31350.98,30789.899999999998,561.08,1.82,20434330.0,27700120541.0
BK0438.DC,20251112,31377.18,31580.06,31240.25,31343.63,31350.98,-7.35,-0.02,18196005.0,26637521884.0
BK0438.DC,20251113,31346.03,31701.06,31035.17,31655.58,31343.63,311.95,1.0,18376111.0,26564033421.0
BK0438.DC,20251114,31541.3,31900.26,31205.67,31205.67,31655.579999999998,-449.91,-1.42,18520175.0,23589933712.0
BK0438.DC,20251117,31290.56,31316.93,31035.18,31166.49,31205.670000000002,-39.18,-0.13,18527756.0,20782992637.0
BK0438.DC,20251118,31120.57,31186.67,30583.69,30758.27,31166.49,-408.22,-1.31,17615225.0,21041619075.0
BK0438.DC,20251119,30774.24,30949.75,30501.35,30813.61,30758.27,55.34,0.18,17585841.0,18562838930.0
BK0438.DC,20251120,30824.84,30826.69,30078.58,30147.7,30813.61,-665.91,-2.16,18168128.0,18481729607.0
BK0438.DC,20251121,29927.73,30329.32,29207.57,29207.57,30147.7,-940.13,-3.12,18728667.0,19874473216.0
BK0438.DC,20251124,29365.07,29656.44,29184.14,29395.3,29207.57,187.73,0.64,14918458.0,16378568322.0
BK0438.DC,20251125,29497.77,29707.2,29319.5,29604.93,29395.3,209.63,0.71,14069126.0,15403875776.0
BK0438.DC,20251126,29627.11,29962.43,29576.23,29762.24,29604.93,157.31,0.53,15923183.0,16389641181.0
BK0438.DC,20251127,29782.14,29916.65,29541.22,29715.75,29762.24,-46.49,-0.16,13670448.0,14131258496.0
BK0438.DC,20251128,29708.95,30201.44,29515.56,30193.11,29715.75,477.36,1.61,17970862.0,18055775173.0
BK0438.DC,20251201,30196.93,30526.29,30172.61,30412.9,30193.11,219.79,0.73,16937044.0,18821311820.0
BK0438.DC,20251202,30368.87,30601.1,30135.3,30515.27,30412.9,102.37,0.34,16690928.0,17899795675.0
BK0438.DC,20251203,30600.91,30735.52,30261.31,30505.59,30515.27,-9.68,-0.03,17731484.0,19293754349.0
BK0438.DC,20251204,30404.41,30595.67,29714.18,29723.61,30505.59,-781.98,-2.56,18384491.0,19473498111.0
BK0438.DC,20251205,29734.49,30150.88,29586.05,30133.96,29723.61,410.35,1.38,16591735.0,17181172207.0
BK0438.DC,20251208,30250.95,30266.44,29987.93,30074.94,30133.96,-59.02,-0.2,17768865.0,18068743266.0
BK0438.DC,20251209,30048.38,30377.49,29763.53,30201.31,30074.940000000002,126.37,0.42,20188478.0,21384117643.0
BK0438.DC,20251210,30260.86,30497.12,30003.76,30021.47,30201.31,-179.84,-0.6,19207890.0,21548088589.0
BK0438.DC,20251211,29933.31,29936.77,29268.68,29268.78,30021.469999999998,-752.69,-2.51,18354522.0,19498347300.0
BK0438.DC,20251212,29269.13,29448.97,29052.11,29107.03,29268.78,-161.75,-0.55,16635645.0,19201012235.0
BK0438.DC,20251215,29154.86,29824.51,29154.86,29702.96,29107.03,595.93,2.05,18331745.0,20102765371.0
BK0438.DC,20251216,29746.81,30342.22,29704.17,29793.74,29702.960000000003,90.78,0.31,22165620.0,26076129046.0
BK0438.DC,20251217,29838.19,30211.33,29440.69,29955.98,29793.739999999998,162.24,0.54,23034970.0,25668557448.0
BK0438.DC,20251218,29771.12,30431.88,29771.12,30164.16,29955.98,208.18,0.69,19813692.0,21589072706.0
BK0438.DC,20251219,30168.48,31111.21,29991.81,31030.91,30164.16,866.75,2.87,25758084.0,29150504126.0
BK0438.DC,20251222,31001.75,31140.14,30861.05,31138.46,31030.91,107.55,0.35,21973320.0,24544045735.0
BK0438.DC,20251223,31324.79,31376.89,30699.66,30750.12,31138.46,-388.34,-1.25,22713985.0,24638312576.0
BK0438.DC,20251224,30641.64,30718.34,30461.42,30656.29,30750.120000000003,-93.83,-0.31,18697264.0,19949492563.0
BK0438.DC,20251225,30699.11,30821.36,30507.26,30641.01,30656.289999999997,-15.28,-0.05,16967059.0,19289847422.0
BK0438.DC,20251226,30605.78,30714.53,30455.63,30515.97,30641.010000000002,-125.04,-0.41,17005569.0,19101913172.0
BK0438.DC,20251229,30462.29,30464.69,30014.69,30088.61,30515.97,-427.36,-1.4,17290491.0,18331284290.0
BK0438.DC,20251230,30021.5,30028.47,29761.02,29814.46,30088.61,-274.15,-0.91,13648697.0,15299592039.0
BK0438.DC,20251231,29877.25,29897.5,29636.49,29851.36,29814.46,36.9,0.12,11761430.0,14093910702.0
BK0438.DC,20260105,29866.98,30056.45,29780.81,30009.3,29851.36,157.94,0.53,14207267.0,17828203681.0
BK0438.DC,20260106,30005.22,30327.12,29964.66,30327.12,30009.3,317.82,1.06,15217499.0,18297699357.0
BK0438.DC,20260107,30322.58,30508.15,30172.05,30333.42,30327.12,6.3,0.02,16601027.0,19767886304.0
BK0438.DC,20260108,30213.13,30652.07,30112.2,30562.36,30333.420000000002,228.94,0.75,16633446.0,23172158002.0
BK0438.DC,20260109,30500.06,30781.14,30494.13,30781.14,30562.36,218.78,0.72,18570668.0,22324650020.0
BK0438.DC,20260112,30780.14,31275.37,30749.75,31275.37,30781.14,494.23,1.61,21399080.0,27037604357.0
BK0438.DC,20260113,31226.02,31448.86,30858.2,30914.98,31275.37,-360.39,-1.15,20425857.0,25850457841.0
BK0438.DC,20260114,30859.24,31161.64,30503.82,30883.09,30914.98,-31.89,-0.1,20447124.0,25475290193.0
BK0438.DC,20260115,30801.3,31098.93,30698.98,30786.13,30883.09,-96.96,-0.31,14778397.0,18818870457.0
BK0438.DC,20260116,30838.35,30856.72,30514.21,30658.24,30786.13,-127.89,-0.42,14382810.0,17928859746.0
BK0438.DC,20260119,30616.2,31217.15,30592.46,31198.55,30658.239999999998,540.31,1.76,16026769.0,20623565444.0
BK0438.DC,20260120,31163.73,31398.53,31095.78,31363.57,31198.55,165.02,0.53,16857512.0,21010306478.0
BK0438.DC,20260121,31262.88,31292.82,31017.94,31205.41,31363.57,-158.16,-0.5,15417109.0,19483631049.0
BK0438.DC,20260122,31221.31,31444.78,31149.85,31395.43,31205.41,190.02,0.61,14194157.0,18526036372.0
BK0438.DC,20260123,31498.3,31522.3,31391.15,31503.69,31395.43,108.26,0.34,15956554.0,20586894953.0
BK0438.DC,20260126,31449.07,31454.5,31020.48,31242.29,31503.690000000002,-261.4,-0.83,16390208.0,21812275247.0
BK0438.DC,20260127,31215.71,31215.71,30507.69,30782.28,31242.289999999997,-460.01,-1.47,14568196.0,18839718193.0
BK0438.DC,20260128,30724.27,30870.65,30556.72,30647.09,30782.28,-135.19,-0.44,13683932.0,19405849790.0
BK0438.DC,20260129,30572.81,31017.08,30449.97,31017.04,30647.09,369.95,1.21,18057025.0,25504109581.0
BK0438.DC,20260130,30916.31,31213.44,30739.96,30918.95,31017.04,-98.09,-0.32,19834190.0,24837845469.0
BK0438.DC,20260202,30725.3,31016.39,30427.96,30434.06,30918.95,-484.89,-1.57,17794945.0,22662159410.0
BK0438.DC,20260203,30505.63,30662.14,30224.64,30544.37,30434.059999999998,110.31,0.36,15040143.0,18941539368.0
BK0438.DC,20260204,30559.29,30794.64,30462.57,30794.64,30544.37,250.27,0.82,15156492.0,19080787610.0
BK0438.DC,20260205,30688.1,31385.45,30663.77,31100.16,30794.64,305.52,0.99,19445327.0,25559073192.0
BK0438.DC,20260206,30984.45,31227.22,30879.27,30961.76,31100.16,-138.4,-0.45,17249580.0,21771029040.0
BK0438.DC,20260209,31130.83,31130.83,30935.29,31115.66,30961.76,153.9,0.5,14436124.0,17568255631.0
BK0438.DC,20260210,31097.21,31097.21,30764.15,30872.11,31115.66,-243.55,-0.78,12383692.0,15653289377.0
BK0438.DC,20260211,30853.91,30889.14,30678.76,30722.66,30872.11,-149.45,-0.48,12201383.0,13966673460.0
BK0438.DC,20260212,30739.28,30739.51,30221.39,30221.39,30722.66,-501.27,-1.63,14440828.0,15628885219.0
BK0438.DC,20260213,30312.58,30424.84,30000.54,30000.54,30221.39,-220.85,-0.73,11004528.0,25634923831.0
BK0438.DC,20260224,30200.38,30239.98,29979.3,30125.23,30000.54,124.69,0.42,11250623.0,26550277112.0
BK0438.DC,20260225,30165.08,30422.8,30164.43,30301.59,30125.23,176.36,0.59,11637911.0,24712374198.0
BK0438.DC,20260226,30334.34,30354.09,30019.33,30089.32,30301.59,-212.27,-0.7,11692321.0,25523615140.0
BK0438.DC,20260227,30086.6,30191.54,30056.41,30164.9,30089.32,75.58,0.25,10600139.0,23292222063.0
BK0438.DC,20260302,29809.55,29958.74,29334.71,29453.74,30164.9,-711.16,-2.36,14431665.0,29389275991.0
BK0438.DC,20260303,29469.72,29719.61,29072.04,29096.66,29453.74,-357.08,-1.21,16309704.0,33642703736.0
BK0438.DC,20260304,28879.78,28979.65,28555.57,28670.97,29096.66,-425.69,-1.46,12947439.0,28432085244.0
BK0438.DC,20260305,28923.25,29010.23,28669.21,28749.65,28670.97,78.68,0.27,10384390.0,19822474549.0
BK0438.DC,20260306,28691.28,29363.84,28657.91,29348.92,28749.649999999998,599.27,2.08,12638976.0,23174180647.0
BK0438.DC,20260309,29093.67,29226.63,28851.32,29009.63,29348.920000000002,-339.29,-1.16,13255105.0,26031309724.0
BK0438.DC,20260310,29138.26,29326.17,29132.12,29321.87,29009.629999999997,312.24,1.08,10459004.0,19751719671.0
BK0438.DC,20260311,29343.08,29343.08,29113.18,29227.6,29321.87,-94.27,-0.32,9842725.0,18614840976.0
BK0438.DC,20260312,29194.31,29194.31,28887.71,28967.33,29227.600000000002,-260.27,-0.89,10454248.0,21109643622.0
BK0438.DC,20260313,28912.42,29210.16,28881.01,28952.02,28967.33,-15.31,-0.05,11526709.0,24670491780.0
BK0438.DC,20260316,28924.64,29309.84,28924.64,29290.02,28952.02,338.0,1.17,13043183.0,31565690596.0
BK0438.DC,20260317,29296.25,29508.76,29049.96,29058.21,29290.02,-231.81,-0.79,14391455.0,29853332027.0
BK0438.DC,20260318,29064.71,29101.53,28753.18,28979.98,29058.21,-78.23,-0.27,11670722.0,22752657555.0
BK0438.DC,20260319,28807.46,28939.78,28363.72,28425.86,28979.98,-554.12,-1.91,13383332.0,22484097981.0
BK0438.DC,20260320,28472.57,28570.38,27851.13,27855.68,28425.86,-570.18,-2.01,14408044.0,22139727838.0
BK0438.DC,20260323,27512.32,27512.32,26388.49,26522.39,27855.68,-1333.29,-4.79,17895287.0,31740148528.0
BK0438.DC,20260324,26907.47,27276.77,26578.64,27276.77,26522.39,754.38,2.84,13865524.0,21276497909.0
BK0438.DC,20260325,27357.21,27701.51,27357.21,27681.69,27276.77,404.92,1.48,12872937.0,20009471500.0
BK0438.DC,20260326,27676.06,27915.26,27306.41,27384.14,27681.69,-297.55,-1.07,13136505.0,19954426693.0
BK0438.DC,20260327,27206.72,27877.7,27189.6,27833.09,27384.14,448.95,1.64,13107416.0,22895561136.0
BK0438.DC,20260330,27562.25,27980.17,27535.68,27975.11,27833.09,142.02,0.51,13322680.0,23268738471.0
BK0438.DC,20260331,28155.65,28350.28,27691.26,27706.92,27975.109999999997,-268.19,-0.96,15481945.0,33745025900.0
BK0438.DC,20260401,27991.51,28030.23,27749.35,28004.07,27706.92,297.15,1.07,15164260.0,25888078168.0
BK0438.DC,20260402,27940.84,28081.65,27748.63,27890.98,28004.07,-113.09,-0.4,12905606.0,23195906250.0
BK0438.DC,20260403,27921.98,27924.66,27172.94,27194.77,27890.98,-696.21,-2.5,12505313.0,19638024067.0
BK0438.DC,20260407,27191.97,27531.88,27077.06,27525.16,27194.77,330.39,1.21,12595564.0,20552380773.0
BK0438.DC,20260408,27798.81,28055.46,27731.48,28055.46,27525.16,530.3,1.93,13663661.0,26038395830.0
BK0438.DC,20260409,27949.87,28028.7,27579.11,27628.2,28055.46,-427.26,-1.52,12608069.0,21119331388.0
BK0438.DC,20260410,27791.7,28068.92,27750.95,27866.72,27628.2,238.52,0.86,12475188.0,22993378290.0
BK0438.DC,20260413,27800.04,27890.24,27686.5,27865.03,27866.719999999998,-1.69,-0.01,14332303.0,22777412864.0
BK0438.DC,20260414,27980.78,27988.29,27618.98,27906.45,27865.030000000002,41.42,0.15,15000701.0,25079280876.0
BK0438.DC,20260415,27926.74,27988.24,27770.84,27957.31,27906.45,50.86,0.18,14673853.0,26038306049.0
BK0438.DC,20260416,27934.14,28246.18,27849.82,28210.97,27957.31,253.66,0.91,15395890.0,24632114716.0
BK0438.DC,20260417,28107.54,28107.54,27838.89,28057.46,28210.969999999998,-153.51,-0.54,15441824.0,35260794889.0
BK0438.DC,20260420,28045.37,28266.1,27976.32,28262.01,28057.46,204.55,0.73,14428861.0,25672803210.0
BK0438.DC,20260421,28315.37,28503.02,28114.14,28220.6,28262.01,-41.41,-0.15,14664332.0,24748749919.0
BK0438.DC,20260422,28165.09,28204.48,28056.68,28133.23,28220.6,-87.37,-0.31,15005150.0,24942910829.0
BK0438.DC,20260423,28158.61,28517.84,28054.99,28297.76,28133.23,164.53,0.58,18104679.0,34742445418.0
BK0438.DC,20260424,28202.62,28332.29,28033.25,28232.81,28297.760000000002,-64.95,-0.23,17160774.0,33399211051.0
BK0438.DC,20260427,28093.29,28335.79,27912.63,28281.93,28232.81,49.12,0.17,17076690.0,34833085642.0
BK0438.DC,20260428,28277.01,28410.29,28124.63,28282.37,28281.93,0.44,0.0,18455147.0,30815284183.0
BK0438.DC,20260429,28290.7,28918.48,28290.7,28779.16,28282.37,496.79,1.76,18572566.0,40050694016.0
BK0438.DC,20260430,28770.93,29021.2,28728.02,28848.1,28779.16,68.94,0.24,23594815.0,47520025268.0
BK0438.DC,20260506,28779.03,28853.04,28709.89,28848.71,28848.1,0.61,0.0,21859235.0,47920725783.0
BK0438.DC,20260507,28888.6,28979.06,28680.32,28700.05,28848.71,-148.66,-0.52,18615700.0,38547131887.0
BK0438.DC,20260508,28688.08,28891.68,28608.71,28831.75,28700.05,131.7,0.46,16804152.0,30432695279.0
BK0438.DC,20260511,28878.47,28880.35,28662.95,28828.1,28831.75,-3.65,-0.01,18433908.0,37655989275.0
BK0438.DC,20260512,28830.2,28846.49,28378.31,28422.74,28828.100000000002,-405.36,-1.41,16479490.0,35167594565.0
BK0438.DC,20260513,28469.62,28499.22,28322.62,28458.7,28422.74,35.96,0.13,17692867.0,36989238389.0
BK0438.DC,20260514,28503.78,28874.01,28340.81,28528.26,28458.699999999997,69.56,0.24,20336127.0,42043228084.0
BK0438.DC,20260515,28454.25,28458.3,27996.81,28098.33,28528.260000000002,-429.93,-1.51,16867974.0,35873394086.0
BK0438.DC,20260518,28126.18,28129.61,27798.29,28057.65,28098.33,-40.68,-0.14,16018946.0,32763961683.0
BK0438.DC,20260519,28076.67,28389.01,28000.37,28184.73,28057.649999999998,127.08,0.45,16641478.0,32337094316.0
BK0438.DC,20260520,28171.32,28332.01,28055.37,28189.88,28184.73,5.15,0.02,16538352.0,34058495789.0
BK0438.DC,20260521,28172.59,28346.36,27569.26,27619.54,28189.88,-570.34,-2.02,19032668.0,35723522429.0
BK0438.DC,20260522,27679.07,27701.63,27353.31,27508.96,27619.54,-110.58,-0.4,15580123.0,31983517121.0
BK0438.DC,20260525,27468.6,27626.3,27387.47,27541.47,27508.960000000003,32.51,0.12,16334609.0,33695796552.0
BK0438.DC,20260526,27476.02,27518.34,26981.6,27200.67,27541.469999999998,-340.8,-1.24,16989788.0,33681199090.0
BK0438.DC,20260527,27131.77,27540.37,26601.27,27320.2,27200.670000000002,119.53,0.44,19946798.0,49048176507.0
BK0438.DC,20260528,27162.77,27267.66,26729.88,26955.24,27320.2,-364.96,-1.34,18320595.0,36327932609.0
BK0438.DC,20260529,26920.49,27742.7,26896.31,27412.95,26955.24,457.71,1.7,21374660.0,50773997204.0
BK0438.DC,20260601,27223.0,27809.95,27062.93,27804.98,27412.95,392.03,1.43,20006704.0,38982985648.0
BK0438.DC,20260602,27726.62,27755.06,27163.56,27290.65,27804.980000000003,-514.33,-1.85,18493878.0,34690799850.0
BK0438.DC,20260603,27234.31,27234.31,26706.18,26914.43,27290.65,-376.22,-1.38,17498061.0,34698365555.0
BK0438.DC,20260604,26828.05,27020.32,26125.34,26308.56,26914.43,-605.87,-2.25,15878180.0,27673496454.0
BK0438.DC,20260605,26355.84,26713.72,26227.6,26403.21,26308.559999999998,94.65,0.36,17835782.0,29774203487.0
BK0438.DC,20260608,26102.38,26480.09,25619.88,25861.25,26403.21,-541.96,-2.05,17523546.0,29954830068.0
