ts_code,trade_date,open,high,low,close,pre_close,change,pct_chg,vol,amount
BK0737.DC,20200102,749.04,767.92,747.13,766.88,743.1899999999999,23.69,3.19,33829659.0,52762207488.0
BK0737.DC,20200103,769.04,777.19,767.36,775.75,766.88,8.87,1.16,32642160.0,49756577536.0
BK0737.DC,20200106,771.51,790.44,768.5,783.64,775.75,7.89,1.02,38336620.0,59982165760.0
BK0737.DC,20200107,785.58,805.06,784.95,805.06,783.64,21.42,2.73,37818175.0,62151231488.0
BK0737.DC,20200108,799.9,805.52,789.17,790.53,805.06,-14.53,-1.8,38847888.0,59047013888.0
BK0737.DC,20200109,800.92,817.7,800.92,817.47,790.53,26.94,3.41,41558415.0,66915575040.0
BK0737.DC,20200110,822.42,823.72,810.36,814.86,817.47,-2.61,-0.32,35515289.0,58336188160.0
BK0737.DC,20200113,811.44,826.9,809.06,826.9,814.86,12.04,1.48,33349024.0,56867578368.0
BK0737.DC,20200114,828.61,828.97,822.15,822.42,826.9,-4.48,-0.54,33819946.0,57465254400.0
BK0737.DC,20200115,820.64,829.77,819.1,827.49,822.42,5.07,0.62,35306185.0,56192192768.0
BK0737.DC,20200116,827.25,834.05,825.92,830.34,827.49,2.85,0.34,35866731.0,58801118720.0
BK0737.DC,20200117,834.67,845.66,833.17,836.76,830.34,6.42,0.77,36302733.0,62233385728.0
BK0737.DC,20200120,835.72,843.55,824.63,843.07,836.7600000000001,6.31,0.75,34814050.0,60716848128.0
BK0737.DC,20200121,837.93,838.48,825.35,825.35,843.07,-17.72,-2.1,31064268.0,53848525312.0
BK0737.DC,20200122,815.76,837.37,808.59,833.35,825.35,8.0,0.97,32772760.0,55360175616.0
BK0737.DC,20200123,819.33,830.58,790.24,799.32,833.35,-34.03,-4.08,36100836.0,63366977280.0
BK0737.DC,20200203,720.01,729.82,720.01,722.84,799.32,-76.48,-9.57,12389139.0,26694835200.0
BK0737.DC,20200204,681.99,735.96,681.99,733.51,722.84,10.67,1.48,45558328.0,67466658816.0
BK0737.DC,20200205,737.79,771.26,737.79,758.59,733.51,25.08,3.42,42073536.0,69904756736.0
BK0737.DC,20200206,762.48,795.02,760.41,792.75,758.59,34.16,4.5,45539113.0,74434785280.0
BK0737.DC,20200207,799.69,826.04,797.45,826.04,792.75,33.29,4.2,51031900.0,85539921920.0
BK0737.DC,20200210,830.89,837.72,813.08,827.68,826.04,1.64,0.2,45459336.0,79421952000.0
BK0737.DC,20200211,828.35,829.16,810.46,815.03,827.68,-12.65,-1.53,35369765.0,60299557632.0
BK0737.DC,20200212,811.65,844.56,811.37,844.38,815.03,29.35,3.6,42133682.0,77502713856.0
BK0737.DC,20200213,844.61,850.72,830.9,835.28,844.38,-9.1,-1.08,43843210.0,82431356928.0
BK0737.DC,20200214,831.09,850.24,824.26,833.15,835.28,-2.13,-0.26,38632089.0,72533721088.0
BK0737.DC,20200217,841.34,869.76,841.22,869.76,833.15,36.61,4.39,44502810.0,79260246016.0
BK0737.DC,20200218,870.98,896.04,870.01,896.04,869.76,26.28,3.02,50247519.0,89016053760.0
BK0737.DC,20200219,891.21,896.64,878.27,878.27,896.04,-17.77,-1.98,45595748.0,84281503744.0
BK0737.DC,20200220,880.87,896.95,867.35,895.7,878.2700000000001,17.43,1.98,45969464.0,86505201664.0
BK0737.DC,20200221,896.31,936.14,896.31,923.97,895.7,28.27,3.16,59040888.0,111057772544.0
BK0737.DC,20200224,927.0,957.54,924.81,952.09,923.97,28.12,3.04,60891284.0,114662912000.0
BK0737.DC,20200225,925.5,952.92,897.16,950.43,952.0899999999999,-1.66,-0.17,65946998.0,124660789248.0
BK0737.DC,20200226,931.19,943.41,903.75,907.7,950.4300000000001,-42.73,-4.5,58984095.0,109758054400.0
BK0737.DC,20200227,911.86,936.28,892.25,920.49,907.7,12.79,1.41,52708544.0,107048755200.0
BK0737.DC,20200228,879.23,896.91,854.56,855.38,920.49,-65.11,-7.07,51997345.0,99641278464.0
BK0737.DC,20200302,868.59,898.2,860.13,893.34,855.38,37.96,4.44,43757059.0,87900463104.0
BK0737.DC,20200303,912.65,943.21,902.08,912.99,893.34,19.65,2.2,56277325.0,114155888640.0
BK0737.DC,20200304,907.69,926.33,895.51,918.08,912.99,5.09,0.56,48404877.0,95573659648.0
BK0737.DC,20200305,937.81,941.39,908.5,918.79,918.0799999999999,0.71,0.08,48654305.0,94158389248.0
BK0737.DC,20200306,904.19,915.05,900.12,906.9,918.79,-11.89,-1.29,39353397.0,67699158016.0
BK0737.DC,20200309,887.17,891.09,853.28,853.28,906.9,-53.62,-5.91,43706685.0,77631823872.0
BK0737.DC,20200310,843.64,891.0,841.71,891.0,853.28,37.72,4.42,42297861.0,77542105088.0
BK0737.DC,20200311,895.38,905.67,872.36,872.57,891.0,-18.43,-2.07,40021595.0,71419547648.0
BK0737.DC,20200312,855.67,869.07,848.62,859.88,872.57,-12.69,-1.45,30993194.0,56766759680.0
BK0737.DC,20200313,813.5,865.66,813.48,858.64,859.88,-1.24,-0.14,38032689.0,69325754368.0
BK0737.DC,20200316,866.23,869.34,805.19,809.12,858.64,-49.52,-5.77,38290987.0,68873482240.0
BK0737.DC,20200317,822.13,828.0,783.78,818.97,809.12,9.85,1.22,32560552.0,59227492096.0
BK0737.DC,20200318,827.57,846.64,808.05,808.05,818.9699999999999,-10.92,-1.33,38077525.0,68809105408.0
BK0737.DC,20200319,808.24,829.88,797.83,826.6,808.0500000000001,18.55,2.3,36537848.0,63428139776.0
BK0737.DC,20200320,835.21,838.32,816.24,830.53,826.6,3.93,0.48,32603466.0,57029597440.0
BK0737.DC,20200323,805.22,817.53,786.21,789.87,830.53,-40.66,-4.9,30328518.0,51204057600.0
BK0737.DC,20200324,808.2,815.73,781.46,812.06,789.8699999999999,22.19,2.81,35745805.0,57495323648.0
BK0737.DC,20200325,829.41,831.56,817.87,826.12,812.0600000000001,14.06,1.73,33358575.0,54301798912.0
BK0737.DC,20200326,819.35,828.43,812.49,814.18,826.12,-11.94,-1.45,27564857.0,45761698304.0
BK0737.DC,20200327,823.33,824.93,799.59,800.23,814.1800000000001,-13.95,-1.71,26336928.0,46778737920.0
BK0737.DC,20200330,784.24,784.24,755.75,763.66,800.23,-36.57,-4.57,26167313.0,44222372608.0
BK0737.DC,20200331,772.51,774.42,755.34,755.86,763.66,-7.8,-1.02,21230706.0,34383841280.0
BK0737.DC,20200401,753.36,769.13,749.63,753.12,755.86,-2.74,-0.36,21596944.0,34480760576.0
BK0737.DC,20200402,751.37,782.98,750.63,782.98,753.12,29.86,3.96,24561088.0,41980476928.0
BK0737.DC,20200403,781.84,783.03,766.48,770.23,782.98,-12.75,-1.63,22083314.0,36731986432.0
BK0737.DC,20200407,788.41,804.88,788.41,804.49,770.23,34.26,4.45,29306644.0,48377433344.0
BK0737.DC,20200408,804.51,813.49,802.61,808.9,804.49,4.41,0.55,32524706.0,46924254976.0
BK0737.DC,20200409,815.49,826.02,815.14,824.73,808.9,15.83,1.96,35423985.0,54448937472.0
BK0737.DC,20200410,821.14,821.14,787.02,789.75,824.73,-34.98,-4.24,33445774.0,52406878208.0
BK0737.DC,20200413,782.53,782.53,768.52,773.66,789.75,-16.09,-2.04,25333952.0,35327221504.0
BK0737.DC,20200414,778.88,794.05,778.88,794.05,773.66,20.39,2.64,26404500.0,39572832512.0
BK0737.DC,20200415,795.57,800.36,787.59,787.79,794.05,-6.26,-0.79,27502775.0,43251694080.0
BK0737.DC,20200416,783.79,805.79,781.71,803.54,787.79,15.75,2.0,29693245.0,44641849088.0
BK0737.DC,20200417,809.29,818.19,802.07,802.64,803.54,-0.9,-0.11,34634163.0,55324863744.0
BK0737.DC,20200420,802.53,817.84,799.81,817.84,802.64,15.2,1.89,31351328.0,47447083008.0
BK0737.DC,20200421,814.71,826.61,810.8,825.03,817.8399999999999,7.19,0.88,38031754.0,55112715520.0
BK0737.DC,20200422,815.07,827.85,813.21,827.85,825.03,2.82,0.34,34541252.0,47536304384.0
BK0737.DC,20200423,827.85,828.25,814.44,815.93,827.8499999999999,-11.92,-1.44,32780347.0,44014287872.0
BK0737.DC,20200424,812.56,816.99,793.93,797.77,815.93,-18.16,-2.23,29464844.0,38322797824.0
BK0737.DC,20200427,796.7,797.83,787.54,788.14,797.77,-9.63,-1.21,25164006.0,35041775360.0
BK0737.DC,20200428,785.62,786.2,738.79,764.05,788.14,-24.09,-3.06,29130202.0,41814379776.0
BK0737.DC,20200429,759.87,768.41,757.88,759.76,764.05,-4.29,-0.56,19636450.0,27742469376.0
BK0737.DC,20200430,762.35,791.83,762.35,787.77,759.76,28.01,3.69,27437390.0,45044820992.0
BK0737.DC,20200506,778.71,809.86,778.41,809.86,787.77,22.09,2.8,29196860.0,49195464192.0
BK0737.DC,20200507,812.08,815.15,803.16,804.53,809.86,-5.33,-0.66,26070754.0,42407933184.0
BK0737.DC,20200508,811.85,829.4,811.85,821.65,804.53,17.12,2.13,31321021.0,51876808448.0
BK0737.DC,20200511,827.98,830.33,811.79,818.52,821.65,-3.13,-0.38,29709462.0,49049005056.0
BK0737.DC,20200512,818.57,818.57,799.8,814.92,818.52,-3.6,-0.44,24968674.0,38265646080.0
BK0737.DC,20200513,811.83,818.93,808.54,817.79,814.92,2.87,0.35,22742344.0,34915734784.0
BK0737.DC,20200514,814.95,823.08,812.85,814.03,817.79,-3.76,-0.46,26834159.0,39081936384.0
BK0737.DC,20200515,818.58,827.06,815.79,820.39,814.03,6.36,0.78,26815375.0,43318867712.0
BK0737.DC,20200518,820.69,821.21,801.87,803.5,820.39,-16.89,-2.06,28360561.0,48772971008.0
BK0737.DC,20200519,809.82,817.31,808.96,817.31,803.5,13.81,1.72,24583658.0,42907018752.0
BK0737.DC,20200520,816.65,816.65,802.9,807.05,817.31,-10.26,-1.26,28622480.0,47782969856.0
BK0737.DC,20200521,808.83,809.88,788.26,789.98,807.0500000000001,-17.07,-2.12,25531131.0,41415642624.0
BK0737.DC,20200522,788.98,791.61,768.78,773.26,789.98,-16.72,-2.12,22364772.0,35200776960.0
BK0737.DC,20200525,772.81,773.07,762.28,766.82,773.2600000000001,-6.44,-0.83,18756322.0,29912115712.0
BK0737.DC,20200526,770.75,789.01,770.75,789.01,766.8199999999999,22.19,2.89,21871498.0,32628315392.0
BK0737.DC,20200527,789.58,790.5,776.17,778.74,789.01,-10.27,-1.3,21691469.0,32812006656.0
BK0737.DC,20200528,778.86,783.48,763.71,778.85,778.74,0.11,0.01,20712711.0,33626348288.0
BK0737.DC,20200529,774.8,788.6,772.73,784.07,778.85,5.22,0.67,19515631.0,31589796096.0
BK0737.DC,20200601,793.1,818.12,793.1,816.81,784.0699999999999,32.74,4.18,31145986.0,50485440256.0
BK0737.DC,20200602,820.09,822.21,814.44,819.14,816.81,2.33,0.29,30989885.0,45520680960.0
BK0737.DC,20200603,822.0,826.11,816.87,817.96,819.14,-1.18,-0.14,29525537.0,44084165120.0
BK0737.DC,20200604,818.63,819.69,812.0,818.35,817.96,0.39,0.05,26718988.0,36400850944.0
BK0737.DC,20200605,818.93,821.81,813.41,821.6,818.35,3.25,0.4,28234563.0,37371065600.0
BK0737.DC,20200608,825.2,828.98,816.51,817.9,821.6,-3.7,-0.45,27477701.0,40513892864.0
BK0737.DC,20200609,818.39,824.11,814.02,823.24,817.9,5.34,0.65,27535400.0,38826923008.0
BK0737.DC,20200610,821.99,821.99,814.06,818.64,823.24,-4.6,-0.56,25122884.0,39330496512.0
BK0737.DC,20200611,819.34,837.73,818.65,824.78,818.64,6.14,0.75,31779676.0,54026523136.0
BK0737.DC,20200612,805.86,825.59,804.26,822.44,824.7800000000001,-2.34,-0.28,30498256.0,47727394048.0
BK0737.DC,20200615,822.36,835.23,821.08,821.11,822.44,-1.33,-0.16,32579678.0,52123888896.0
BK0737.DC,20200616,830.68,837.89,828.38,837.86,821.11,16.75,2.04,29612663.0,47499055104.0
BK0737.DC,20200617,838.67,840.38,828.8,840.38,837.86,2.52,0.3,31571593.0,48144970240.0
BK0737.DC,20200618,837.71,841.86,833.67,838.85,840.38,-1.53,-0.18,28418069.0,43906417408.0
BK0737.DC,20200619,838.3,842.48,834.21,840.39,838.85,1.54,0.18,26958629.0,45033830400.0
BK0737.DC,20200622,841.32,851.32,841.32,847.8,840.39,7.41,0.88,29358725.0,50852991744.0
BK0737.DC,20200623,847.8,854.68,842.44,853.9,847.8,6.1,0.72,31300188.0,54445335808.0
BK0737.DC,20200624,854.45,857.11,853.03,855.45,853.9000000000001,1.55,0.18,27542728.0,52926899968.0
BK0737.DC,20200629,853.58,854.81,840.06,842.75,855.45,-12.7,-1.48,28358728.0,49482510848.0
BK0737.DC,20200630,846.43,866.91,846.43,865.59,842.75,22.84,2.71,27497803.0,54882361344.0
BK0737.DC,20200701,868.59,869.21,852.12,863.3,865.5899999999999,-2.29,-0.26,30043064.0,59223118592.0
BK0737.DC,20200702,862.67,874.97,858.12,873.75,863.3,10.45,1.21,36690148.0,68738539520.0
BK0737.DC,20200703,874.89,883.68,869.32,883.26,873.75,9.51,1.09,38693244.0,71313653760.0
BK0737.DC,20200706,889.42,923.12,889.42,919.55,883.26,36.29,4.11,48728207.0,92061847552.0
BK0737.DC,20200707,928.01,956.75,917.93,938.6,919.5500000000001,19.05,2.07,58736571.0,113016180736.0
BK0737.DC,20200708,941.02,967.05,936.33,966.21,938.6,27.61,2.94,51328520.0,99052662784.0
BK0737.DC,20200709,969.98,1005.62,969.61,1001.25,966.21,35.04,3.63,60257533.0,112303050752.0
BK0737.DC,20200710,1000.57,1013.19,987.94,991.08,1001.25,-10.17,-1.02,52656246.0,109136248832.0
BK0737.DC,20200713,995.25,1017.48,995.16,1017.48,991.08,26.4,2.66,51826821.0,104079994880.0
BK0737.DC,20200714,1018.15,1018.91,984.78,1002.2,1017.48,-15.28,-1.5,53324572.0,105914126336.0
BK0737.DC,20200715,1005.27,1008.19,961.05,964.38,1002.2,-37.82,-3.77,48980506.0,94114557952.0
BK0737.DC,20200716,967.6,974.76,917.02,918.99,964.38,-45.39,-4.71,44770798.0,88049852416.0
BK0737.DC,20200717,920.17,929.35,900.14,911.83,918.99,-7.16,-0.78,34471046.0,68094327808.0
BK0737.DC,20200720,919.41,933.18,903.48,933.18,911.8299999999999,21.35,2.34,32815974.0,64472731136.0
BK0737.DC,20200721,942.85,949.31,930.85,939.23,933.1800000000001,6.05,0.65,34773338.0,69463302144.0
BK0737.DC,20200722,935.78,959.1,931.04,950.56,939.2299999999999,11.33,1.21,37884507.0,74673201152.0
BK0737.DC,20200723,940.34,943.49,911.87,934.6,950.5600000000001,-15.96,-1.68,39290051.0,72017481728.0
BK0737.DC,20200724,929.53,937.41,886.19,888.51,934.6,-46.09,-4.93,40010258.0,73503215616.0
BK0737.DC,20200727,892.27,896.43,876.21,885.16,888.51,-3.35,-0.38,25054582.0,46179236352.0
BK0737.DC,20200728,892.52,902.21,888.56,897.15,885.16,11.99,1.35,22298920.0,40880799232.0
BK0737.DC,20200729,894.89,924.96,891.92,924.96,897.1500000000001,27.81,3.1,29163113.0,55953193472.0
BK0737.DC,20200730,926.62,927.18,911.36,913.23,924.96,-11.73,-1.27,28740012.0,54094912256.0
BK0737.DC,20200731,912.75,931.11,911.02,928.1,913.23,14.87,1.63,31137568.0,57769931008.0
BK0737.DC,20200803,934.88,962.75,932.69,962.75,928.1,34.65,3.73,39216041.0,74075914240.0
BK0737.DC,20200804,968.47,972.25,953.27,957.22,962.75,-5.53,-0.57,38544839.0,70718570496.0
BK0737.DC,20200805,968.6,973.25,952.73,967.94,957.22,10.72,1.12,35850003.0,65792708096.0
BK0737.DC,20200806,968.49,974.53,949.04,972.16,967.9399999999999,4.22,0.44,41112584.0,76376313856.0
BK0737.DC,20200807,965.8,965.8,933.16,949.38,972.16,-22.78,-2.34,35433189.0,69817077760.0
BK0737.DC,20200810,947.94,963.75,947.68,956.62,949.38,7.24,0.76,32021827.0,63345665536.0
BK0737.DC,20200811,955.25,956.63,927.48,928.51,956.62,-28.11,-2.94,32908505.0,58052198656.0
BK0737.DC,20200812,924.35,927.52,896.71,917.98,928.51,-10.53,-1.13,29563925.0,53397132544.0
BK0737.DC,20200813,920.56,925.4,916.09,919.19,917.98,1.21,0.13,22928171.0,38012022528.0
BK0737.DC,20200814,917.8,934.9,916.65,934.69,919.19,15.5,1.69,23041280.0,40703720448.0
BK0737.DC,20200817,938.08,954.46,937.89,953.62,934.69,18.93,2.03,30305890.0,55992514560.0
BK0737.DC,20200818,952.92,959.24,950.89,955.75,953.62,2.13,0.22,30769952.0,54395008512.0
BK0737.DC,20200819,954.67,954.7,928.31,929.01,955.75,-26.74,-2.8,28488836.0,49065936384.0
BK0737.DC,20200820,921.98,936.55,916.87,925.5,929.01,-3.51,-0.38,24116410.0,39881310720.0
BK0737.DC,20200821,929.05,937.66,921.01,927.98,925.5,2.48,0.27,24470153.0,41848145664.0
BK0737.DC,20200824,929.64,943.21,913.79,938.64,927.98,10.66,1.15,27957372.0,50826340096.0
BK0737.DC,20200825,939.06,950.65,937.96,948.97,938.64,10.33,1.1,34909405.0,60659414784.0
BK0737.DC,20200826,947.41,948.85,917.58,920.59,948.97,-28.38,-2.99,34317390.0,57576315648.0
BK0737.DC,20200827,918.81,938.95,911.16,935.63,920.59,15.04,1.63,33145201.0,52084505088.0
BK0737.DC,20200828,931.56,942.02,926.05,941.05,935.63,5.42,0.58,30989249.0,51153230080.0
BK0737.DC,20200831,945.26,958.26,943.54,943.79,941.05,2.74,0.29,32677051.0,59021763584.0
BK0737.DC,20200901,943.15,947.85,936.73,947.85,943.7900000000001,4.06,0.43,29755193.0,46100536832.0
BK0737.DC,20200902,950.7,970.46,949.8,966.39,947.85,18.54,1.96,45539049.0,64877364736.0
BK0737.DC,20200903,964.73,964.73,950.99,954.39,966.39,-12.0,-1.24,40627348.0,59606179584.0
BK0737.DC,20200904,936.21,960.86,933.31,959.83,954.39,5.44,0.57,36548717.0,53321107200.0
BK0737.DC,20200907,963.43,976.3,947.97,953.85,959.83,-5.98,-0.62,48492524.0,67809478912.0
BK0737.DC,20200908,954.6,967.36,945.93,967.36,953.85,13.51,1.42,49559665.0,65368053248.0
BK0737.DC,20200909,954.33,959.02,930.13,930.56,967.3599999999999,-36.8,-3.8,55758833.0,75438362624.0
BK0737.DC,20200910,936.48,939.57,876.42,878.23,930.5600000000001,-52.33,-5.62,46798881.0,62304591360.0
BK0737.DC,20200911,869.51,897.18,869.37,894.62,878.23,16.39,1.87,30379436.0,42299581952.0
BK0737.DC,20200914,900.69,924.41,899.94,922.5,894.62,27.88,3.12,35557012.0,51172508928.0
BK0737.DC,20200915,923.97,927.74,918.61,924.26,922.5,1.76,0.19,33054429.0,49311653120.0
BK0737.DC,20200916,921.21,921.21,907.01,913.86,924.26,-10.4,-1.13,28656481.0,43335459328.0
BK0737.DC,20200917,912.75,931.44,908.33,923.52,913.86,9.66,1.06,29145787.0,46534925312.0
BK0737.DC,20200918,922.37,937.14,917.4,936.55,923.52,13.03,1.41,30328665.0,50666670592.0
BK0737.DC,20200921,940.37,942.9,929.73,931.49,936.55,-5.06,-0.54,28179662.0,44353742336.0
BK0737.DC,20200922,922.25,932.72,913.77,917.03,931.49,-14.46,-1.55,25478907.0,39906933504.0
BK0737.DC,20200923,921.06,928.04,915.83,925.37,917.03,8.34,0.91,22337829.0,35131100928.0
BK0737.DC,20200924,918.98,919.03,899.97,900.2,925.37,-25.17,-2.72,23970589.0,36216979200.0
BK0737.DC,20200925,905.69,907.7,890.18,893.96,900.2,-6.24,-0.69,18492759.0,29423200256.0
BK0737.DC,20200928,895.86,897.14,877.23,877.23,893.96,-16.73,-1.87,16999154.0,28143999488.0
BK0737.DC,20200929,883.23,896.29,881.99,889.73,877.23,12.5,1.42,17042161.0,29503405824.0
BK0737.DC,20200930,892.29,893.95,881.12,885.46,889.73,-4.27,-0.48,16644632.0,28730200832.0
BK0737.DC,20201009,899.43,913.27,899.25,912.95,885.46,27.49,3.1,20206380.0,37590177280.0
BK0737.DC,20201012,923.89,950.02,923.89,950.02,912.9499999999999,37.07,4.06,30959087.0,59825688064.0
BK0737.DC,20201013,948.32,952.56,943.38,951.66,950.02,1.64,0.17,26674472.0,49722269184.0
BK0737.DC,20201014,948.47,948.78,936.44,939.19,951.6600000000001,-12.47,-1.31,25214760.0,47031766528.0
BK0737.DC,20201015,938.65,939.49,926.87,927.07,939.19,-12.12,-1.29,23630830.0,44403279360.0
BK0737.DC,20201016,926.14,927.93,918.54,926.97,927.07,-0.1,-0.01,20967923.0,35638789632.0
BK0737.DC,20201019,934.32,937.71,922.62,924.06,926.9699999999999,-2.91,-0.31,24322422.0,38858148352.0
BK0737.DC,20201020,923.76,938.38,919.99,938.38,924.06,14.32,1.55,27504098.0,40443347200.0
BK0737.DC,20201021,937.57,937.57,918.98,925.69,938.3800000000001,-12.69,-1.35,28539031.0,44612948736.0
BK0737.DC,20201022,922.56,931.73,916.37,926.04,925.6899999999999,0.35,0.04,26395192.0,41753168384.0
BK0737.DC,20201023,925.72,933.01,906.86,908.77,926.04,-17.27,-1.86,25143531.0,41891138304.0
BK0737.DC,20201026,906.46,916.11,900.77,911.75,908.77,2.98,0.33,22957365.0,38882136832.0
BK0737.DC,20201027,908.31,913.56,903.27,911.62,911.75,-0.13,-0.01,21715383.0,36844479232.0
BK0737.DC,20201028,909.98,910.68,893.85,905.95,911.62,-5.67,-0.62,27526205.0,44891660544.0
BK0737.DC,20201029,890.15,902.72,887.22,898.84,905.95,-7.11,-0.78,24734531.0,41340622336.0
BK0737.DC,20201030,899.21,904.23,871.22,871.22,898.84,-27.62,-3.07,29775741.0,49433449984.0
BK0737.DC,20201102,871.97,874.37,855.02,864.42,871.2199999999999,-6.8,-0.78,25877128.0,45414435584.0
BK0737.DC,20201103,866.38,887.73,864.82,887.54,864.42,23.12,2.67,24011271.0,42647900416.0
BK0737.DC,20201104,889.01,889.04,876.31,881.69,887.5400000000001,-5.85,-0.66,22776498.0,38946108160.0
BK0737.DC,20201105,889.8,894.72,879.51,894.72,881.69,13.03,1.48,24629006.0,43627441152.0
BK0737.DC,20201106,896.9,896.93,876.03,881.44,894.72,-13.28,-1.48,21913556.0,38457575936.0
BK0737.DC,20201109,885.79,914.42,885.79,909.93,881.4399999999999,28.49,3.23,28839706.0,52958356480.0
BK0737.DC,20201110,911.22,911.22,892.45,896.94,909.9300000000001,-12.99,-1.43,24374640.0,44246796288.0
BK0737.DC,20201111,894.96,895.34,873.31,873.6,896.94,-23.34,-2.6,20658343.0,37914669056.0
BK0737.DC,20201112,876.98,881.18,870.81,873.49,873.6,-0.11,-0.01,18097910.0,32928191232.0
BK0737.DC,20201113,871.44,875.65,863.1,874.42,873.49,0.93,0.11,17303474.0,31770515200.0
BK0737.DC,20201116,876.74,878.28,867.81,872.01,874.42,-2.41,-0.28,17576200.0,31842993408.0
BK0737.DC,20201117,871.5,871.5,849.94,857.82,872.0100000000001,-14.19,-1.63,17994498.0,30115779840.0
BK0737.DC,20201118,855.56,866.3,855.09,859.45,857.82,1.63,0.19,17530858.0,30078931456.0
BK0737.DC,20201119,856.64,867.18,849.09,865.77,859.4499999999999,6.32,0.74,17152112.0,28986294784.0
BK0737.DC,20201120,865.82,869.03,862.12,866.72,865.77,0.95,0.11,18193430.0,28549051904.0
BK0737.DC,20201123,866.13,867.0,855.22,862.36,866.72,-4.36,-0.5,21669006.0,34057587456.0
BK0737.DC,20201124,861.56,869.74,860.72,862.66,862.36,0.3,0.03,19912101.0,32244065536.0
BK0737.DC,20201125,863.94,866.24,855.49,855.49,862.66,-7.17,-0.83,20127003.0,33566778880.0
BK0737.DC,20201126,854.69,857.26,846.8,848.73,855.49,-6.76,-0.79,18189607.0,28819095040.0
BK0737.DC,20201127,848.38,849.69,837.62,843.86,848.73,-4.87,-0.57,16399932.0,24933470976.0
BK0737.DC,20201130,843.23,852.4,837.65,843.59,843.86,-0.27,-0.03,19629875.0,34182592000.0
BK0737.DC,20201201,843.41,860.77,843.41,859.67,843.5899999999999,16.08,1.91,20835133.0,37616120576.0
BK0737.DC,20201202,859.54,861.05,855.47,858.03,859.67,-1.64,-0.19,19816909.0,34573816320.0
BK0737.DC,20201203,857.43,863.91,852.19,859.06,858.03,1.03,0.12,18866501.0,33283919360.0
BK0737.DC,20201204,859.08,861.89,856.39,858.01,859.06,-1.05,-0.12,16928407.0,27773553664.0
BK0737.DC,20201207,859.13,861.09,853.25,853.49,858.01,-4.52,-0.53,16605445.0,29374018304.0
BK0737.DC,20201208,853.48,856.14,849.51,849.87,853.49,-3.62,-0.42,15582209.0,27265776640.0
BK0737.DC,20201209,850.23,850.3,833.24,833.24,849.87,-16.63,-1.96,20334395.0,34561815808.0
BK0737.DC,20201210,829.72,834.91,825.04,827.83,833.24,-5.41,-0.65,16649321.0,27312732160.0
BK0737.DC,20201211,827.98,828.65,803.6,810.19,827.83,-17.64,-2.13,22190909.0,36267932928.0
BK0737.DC,20201214,809.52,813.11,802.91,811.45,810.19,1.26,0.16,14982160.0,25098398464.0
BK0737.DC,20201215,810.45,818.19,808.69,813.23,811.45,1.78,0.22,14601780.0,25426560768.0
BK0737.DC,20201216,812.0,812.0,791.95,792.64,813.23,-20.59,-2.53,16476539.0,26088380160.0
BK0737.DC,20201217,791.31,799.85,778.43,799.5,792.64,6.86,0.87,19260123.0,27996638976.0
BK0737.DC,20201218,799.62,799.92,786.58,788.66,799.5,-10.84,-1.36,15445068.0,22932313856.0
BK0737.DC,20201221,787.99,798.37,785.11,795.55,788.66,6.89,0.87,15438616.0,25777994752.0
BK0737.DC,20201222,793.5,793.5,771.94,772.25,795.55,-23.3,-2.93,18058667.0,31429275392.0
BK0737.DC,20201223,773.4,776.16,765.52,770.8,772.25,-1.45,-0.19,16668368.0,28256548864.0
BK0737.DC,20201224,770.49,770.5,747.21,748.26,770.8,-22.54,-2.92,18205187.0,29695163904.0
BK0737.DC,20201225,747.37,756.09,745.46,751.45,748.26,3.19,0.43,15287959.0,23635229440.0
BK0737.DC,20201228,751.82,751.82,735.54,738.19,751.45,-13.26,-1.76,19823321.0,29298277888.0
BK0737.DC,20201229,738.36,761.37,738.26,752.39,738.1899999999999,14.2,1.92,21602683.0,31711476736.0
BK0737.DC,20201230,751.9,757.26,747.82,754.74,752.39,2.35,0.31,16042311.0,27108359424.0
BK0737.DC,20201231,756.19,772.29,756.03,770.79,754.74,16.05,2.13,19330888.0,36684891904.0
BK0737.DC,20210104,773.04,784.9,771.31,783.3,770.79,12.51,1.62,20275570.0,38357728256.0
BK0737.DC,20210105,781.02,787.04,774.77,780.73,783.3000000000001,-2.57,-0.33,20213174.0,38578863104.0
BK0737.DC,20210106,781.17,781.17,758.09,759.89,780.73,-20.84,-2.67,20335399.0,36817952768.0
BK0737.DC,20210107,757.0,757.0,721.01,727.98,759.89,-31.91,-4.2,25463809.0,43141730560.0
BK0737.DC,20210108,724.99,745.02,715.2,736.3,727.9799999999999,8.32,1.14,23129699.0,38114085632.0
BK0737.DC,20210111,735.2,742.82,720.24,722.66,736.3,-13.64,-1.85,22213992.0,39611020288.0
BK0737.DC,20210112,721.0,730.53,716.97,723.55,722.66,0.89,0.12,19361075.0,36154420992.0
BK0737.DC,20210113,723.85,723.85,706.92,709.26,723.55,-14.29,-1.97,21576961.0,41978622720.0
BK0737.DC,20210114,708.42,728.08,703.9,721.89,709.26,12.63,1.78,20931925.0,40371064320.0
BK0737.DC,20210115,722.28,734.01,721.15,731.33,721.89,9.44,1.31,19317767.0,35373655040.0
BK0737.DC,20210118,729.74,743.47,728.55,742.51,731.33,11.18,1.53,18812147.0,35522213120.0
BK0737.DC,20210119,742.43,754.48,742.31,748.24,742.51,5.73,0.77,24251749.0,42791694336.0
BK0737.DC,20210120,748.59,749.19,740.68,744.92,748.24,-3.32,-0.44,19329294.0,33327603456.0
BK0737.DC,20210121,744.22,755.66,743.33,751.8,744.92,6.88,0.92,21554341.0,42226083840.0
BK0737.DC,20210122,751.03,751.03,734.81,736.81,751.8,-14.99,-1.99,20639880.0,39279969280.0
BK0737.DC,20210125,737.88,737.88,720.13,720.24,736.8100000000001,-16.57,-2.25,22231863.0,42626131456.0
BK0737.DC,20210126,719.92,730.64,716.24,717.72,720.24,-2.52,-0.35,19064133.0,36215108352.0
BK0737.DC,20210127,717.98,723.68,713.21,722.19,717.72,4.47,0.62,18720369.0,32088656128.0
BK0737.DC,20210128,716.56,729.33,714.95,715.32,722.19,-6.87,-0.95,20614251.0,34927522816.0
BK0737.DC,20210129,717.14,719.26,693.51,700.6,715.32,-14.72,-2.06,23270261.0,37803311872.0
BK0737.DC,20210201,696.09,707.05,696.09,703.41,700.6,2.81,0.4,20146150.0,34577883904.0
BK0737.DC,20210202,702.33,707.57,696.15,702.11,703.41,-1.3,-0.18,18991245.0,34239223552.0
BK0737.DC,20210203,700.19,700.31,681.85,681.89,702.11,-20.22,-2.88,20338475.0,37337432832.0
BK0737.DC,20210204,680.88,680.88,655.98,666.27,681.89,-15.62,-2.29,21280701.0,36591708672.0
BK0737.DC,20210205,667.31,676.2,653.62,653.62,666.27,-12.65,-1.9,16793188.0,26199852032.0
BK0737.DC,20210208,653.91,657.58,648.59,651.06,653.6199999999999,-2.56,-0.39,14197358.0,23779618560.0
BK0737.DC,20210209,653.19,664.71,651.48,663.61,651.0600000000001,12.55,1.93,15425812.0,26436967936.0
BK0737.DC,20210210,664.3,669.81,661.36,668.04,663.61,4.43,0.67,14918188.0,27881547520.0
BK0737.DC,20210218,678.04,696.12,678.04,691.98,668.04,23.94,3.58,20791949.0,36421936640.0
BK0737.DC,20210219,691.84,712.5,687.99,712.5,691.98,20.52,2.97,22497367.0,35940337152.0
BK0737.DC,20210222,714.83,728.62,713.88,713.88,712.5,1.38,0.19,26385657.0,41395593984.0
BK0737.DC,20210223,709.91,714.25,702.4,703.97,713.88,-9.91,-1.39,18958571.0,30373592320.0
BK0737.DC,20210224,704.41,716.75,704.38,710.39,703.97,6.42,0.91,21370643.0,37831654656.0
BK0737.DC,20210225,713.27,714.83,700.23,701.45,710.3900000000001,-8.94,-1.26,17730793.0,29915311360.0
BK0737.DC,20210226,693.13,708.67,692.59,704.57,701.45,3.12,0.44,19288432.0,30024306688.0
BK0737.DC,20210301,706.91,721.78,706.91,721.78,704.5699999999999,17.21,2.44,19136768.0,30044117760.0
BK0737.DC,20210302,724.2,725.38,713.11,717.63,721.78,-4.15,-0.57,18381532.0,31265308416.0
BK0737.DC,20210303,716.19,721.33,712.71,721.27,717.63,3.64,0.51,16561764.0,27048796928.0
BK0737.DC,20210304,718.22,722.11,710.87,712.65,721.27,-8.62,-1.2,17921626.0,29620805632.0
BK0737.DC,20210305,709.2,725.09,709.09,723.72,712.65,11.07,1.55,19871248.0,29037731328.0
BK0737.DC,20210308,725.85,731.5,712.02,712.02,723.72,-11.7,-1.62,19710625.0,32421332736.0
BK0737.DC,20210309,712.29,712.59,681.79,688.24,712.02,-23.78,-3.34,21370471.0,32870066944.0
BK0737.DC,20210310,694.54,696.9,673.63,674.12,688.24,-14.12,-2.05,18854033.0,25180770816.0
BK0737.DC,20210311,673.69,684.98,668.2,684.98,674.12,10.86,1.61,16792586.0,23213810944.0
BK0737.DC,20210312,685.21,685.38,674.27,676.11,684.98,-8.87,-1.29,15710616.0,23688862976.0
BK0737.DC,20210315,674.51,675.94,664.39,668.88,676.11,-7.23,-1.07,15839057.0,23003023360.0
BK0737.DC,20210316,670.33,682.09,669.8,682.09,668.88,13.21,1.97,17846875.0,21521444352.0
BK0737.DC,20210317,682.25,688.02,678.38,687.48,682.09,5.39,0.79,16467310.0,19926104832.0
BK0737.DC,20210318,687.5,688.34,682.65,683.53,687.48,-3.95,-0.57,15395499.0,20577230848.0
BK0737.DC,20210319,678.63,690.48,676.21,685.13,683.53,1.6,0.23,16347610.0,21709309184.0
BK0737.DC,20210322,685.63,696.3,685.63,696.3,685.13,11.17,1.63,15982586.0,21659330816.0
BK0737.DC,20210323,696.62,702.62,692.63,699.76,696.3,3.46,0.5,19411309.0,26243552512.0
BK0737.DC,20210324,697.04,702.43,695.41,696.12,699.76,-3.64,-0.52,19988241.0,24832075520.0
BK0737.DC,20210325,693.65,711.8,690.88,704.53,696.12,8.41,1.21,24818719.0,29737643776.0
BK0737.DC,20210326,703.43,710.07,701.55,708.52,704.53,3.99,0.57,20700430.0,28315704832.0
BK0737.DC,20210329,708.67,713.68,700.67,701.79,708.52,-6.73,-0.95,20959576.0,27210149376.0
BK0737.DC,20210330,699.52,699.83,688.2,688.35,701.7900000000001,-13.44,-1.92,19393414.0,24886423552.0
BK0737.DC,20210331,687.41,694.62,687.37,692.29,688.3499999999999,3.94,0.57,16873937.0,23473234432.0
BK0737.DC,20210401,692.59,694.59,689.06,693.59,692.2900000000001,1.3,0.19,16411857.0,21684097024.0
BK0737.DC,20210402,695.31,704.21,693.67,702.7,693.59,9.11,1.31,17185275.0,24174470400.0
BK0737.DC,20210406,703.46,711.91,702.51,711.61,702.7,8.91,1.27,17122458.0,23659256576.0
BK0737.DC,20210407,710.95,712.75,705.84,712.75,711.61,1.14,0.16,19032630.0,25221356288.0
BK0737.DC,20210408,710.25,710.88,703.34,703.36,712.75,-9.39,-1.32,18586184.0,24744597504.0
BK0737.DC,20210409,702.13,705.53,699.93,702.58,703.36,-0.78,-0.11,14290160.0,19984032256.0
BK0737.DC,20210412,702.25,702.42,690.14,691.19,702.58,-11.39,-1.62,15977259.0,23251997696.0
BK0737.DC,20210413,690.41,698.89,688.79,693.86,691.19,2.67,0.39,16282800.0,23517654016.0
BK0737.DC,20210414,693.36,700.44,689.54,700.44,693.86,6.58,0.95,15804372.0,22231459328.0
BK0737.DC,20210415,698.02,700.89,693.24,696.46,700.44,-3.98,-0.57,17191126.0,23508265472.0
BK0737.DC,20210416,695.78,713.47,695.47,713.3,696.4599999999999,16.84,2.42,22161614.0,28112176128.0
BK0737.DC,20210419,712.64,724.85,712.64,724.59,713.3000000000001,11.29,1.58,23794291.0,35047200768.0
BK0737.DC,20210420,722.44,727.36,718.33,718.35,724.59,-6.24,-0.86,23810893.0,34022112512.0
BK0737.DC,20210421,714.9,717.7,712.57,713.69,718.35,-4.66,-0.65,19474803.0,27300726784.0
BK0737.DC,20210422,713.8,720.03,712.94,718.3,713.6899999999999,4.61,0.65,19426713.0,28368644352.0
BK0737.DC,20210423,717.15,717.15,705.2,706.6,718.3000000000001,-11.7,-1.63,19654882.0,28327022080.0
BK0737.DC,20210426,706.58,712.8,702.81,702.98,706.6,-3.62,-0.51,20479664.0,29638468864.0
BK0737.DC,20210427,701.46,701.74,689.13,693.35,702.98,-9.63,-1.37,18382325.0,28829404928.0
BK0737.DC,20210428,689.63,689.74,682.35,684.48,693.35,-8.87,-1.28,18126128.0,27307499264.0
BK0737.DC,20210429,682.95,687.23,681.58,682.04,684.48,-2.44,-0.36,16879128.0,25879870720.0
BK0737.DC,20210430,679.63,679.74,665.63,668.33,682.0400000000001,-13.71,-2.01,18100630.0,26405416192.0
BK0737.DC,20210506,668.04,672.97,665.58,668.54,668.3299999999999,0.21,0.03,14774643.0,21794785024.0
BK0737.DC,20210507,668.05,671.39,665.48,666.02,668.54,-2.52,-0.38,20183708.0,24959862016.0
BK0737.DC,20210510,666.48,672.7,664.4,670.61,666.02,4.59,0.69,21538513.0,26427305984.0
BK0737.DC,20210511,668.15,677.45,667.2,677.22,670.61,6.61,0.99,22142440.0,30117732608.0
BK0737.DC,20210512,674.88,688.1,672.45,688.1,677.22,10.88,1.61,23851018.0,30172473600.0
BK0737.DC,20210513,684.01,692.51,683.31,685.32,688.1,-2.78,-0.4,24547335.0,31154602496.0
BK0737.DC,20210514,686.36,696.56,684.88,696.55,685.3199999999999,11.23,1.64,24621034.0,32992539904.0
BK0737.DC,20210517,695.32,695.32,687.24,687.93,696.55,-8.62,-1.24,24807017.0,33578833664.0
BK0737.DC,20210518,685.56,692.47,683.73,691.55,687.93,3.62,0.53,19709441.0,27319945216.0
BK0737.DC,20210519,689.4,691.36,686.66,686.67,691.55,-4.88,-0.71,19266166.0,25472022272.0
BK0737.DC,20210520,684.95,686.79,681.82,683.8,686.67,-2.87,-0.42,19939074.0,27946594560.0
BK0737.DC,20210521,684.97,690.79,684.16,684.66,683.8,0.86,0.13,19637418.0,25954567680.0
BK0737.DC,20210524,684.01,699.28,683.12,698.89,684.66,14.23,2.08,23056402.0,32825270272.0
BK0737.DC,20210525,700.11,710.07,698.65,709.96,698.89,11.07,1.58,26172794.0,43165695744.0
BK0737.DC,20210526,712.3,720.6,711.57,714.99,709.96,5.03,0.71,26735827.0,39681424128.0
BK0737.DC,20210527,715.2,724.16,714.99,722.51,714.99,7.52,1.05,23039669.0,33495475712.0
BK0737.DC,20210528,722.66,725.68,717.67,721.77,722.51,-0.74,-0.1,27765845.0,39328823552.0
BK0737.DC,20210531,724.22,734.81,724.22,734.81,721.77,13.04,1.81,28093781.0,40682672384.0
BK0737.DC,20210601,734.46,744.01,731.88,744.01,734.81,9.2,1.25,30606235.0,43010708480.0
BK0737.DC,20210602,743.88,744.88,732.72,733.64,744.01,-10.37,-1.39,29157566.0,41114945792.0
BK0737.DC,20210603,735.11,743.56,730.23,730.49,733.64,-3.15,-0.43,29321070.0,38312366592.0
BK0737.DC,20210604,729.3,732.88,726.03,728.04,730.49,-2.45,-0.34,30308285.0,37895193344.0
BK0737.DC,20210607,728.92,746.74,728.92,746.74,728.04,18.7,2.57,33255310.0,43353931008.0
BK0737.DC,20210608,748.07,758.46,743.57,750.96,746.74,4.22,0.57,38856762.0,53650706944.0
BK0737.DC,20210609,749.98,754.78,747.2,754.29,750.9599999999999,3.33,0.44,34676488.0,46781169152.0
BK0737.DC,20210610,755.25,791.66,755.09,789.99,754.29,35.7,4.73,56067297.0,81314738176.0
BK0737.DC,20210611,792.49,804.24,786.38,789.68,789.9899999999999,-0.31,-0.04,57963948.0,92200992768.0
BK0737.DC,20210615,787.27,789.98,781.12,783.3,789.68,-6.38,-0.81,49120591.0,77319516160.0
BK0737.DC,20210616,779.84,786.73,774.84,779.04,783.3,-4.26,-0.54,47323891.0,70041722880.0
BK0737.DC,20210617,774.53,787.61,766.42,785.59,779.0400000000001,6.55,0.84,45154012.0,68547256832.0
BK0737.DC,20210618,781.28,789.93,777.82,785.94,785.59,0.35,0.04,43513508.0,59866667264.0
BK0737.DC,20210621,782.15,800.48,780.76,799.14,785.9399999999999,13.2,1.68,41667667.0,59922738432.0
BK0737.DC,20210622,799.21,799.7,789.2,791.63,799.14,-7.51,-0.94,39103673.0,55569317376.0
BK0737.DC,20210623,790.26,793.52,780.24,791.22,791.63,-0.41,-0.05,37967497.0,53282002432.0
BK0737.DC,20210624,790.1,790.1,776.01,776.02,791.22,-15.2,-1.92,35617976.0,47969844992.0
BK0737.DC,20210625,774.46,778.64,767.11,771.52,776.02,-4.5,-0.58,33865254.0,54078445056.0
BK0737.DC,20210628,770.2,779.77,768.27,777.78,771.52,6.26,0.81,31659621.0,48295448320.0
BK0737.DC,20210629,778.11,788.38,775.58,776.14,777.78,-1.64,-0.21,35832104.0,56560461312.0
BK0737.DC,20210630,775.86,786.05,775.86,786.05,776.14,9.91,1.28,32778607.0,51978748160.0
BK0737.DC,20210701,787.32,787.4,766.91,766.91,786.05,-19.14,-2.43,35433006.0,55279436800.0
BK0737.DC,20210702,765.35,770.5,762.57,765.03,766.91,-1.88,-0.25,31757364.0,51398362368.0
BK0737.DC,20210705,771.07,782.16,771.06,782.16,765.03,17.13,2.24,32482052.0,50456619520.0
BK0737.DC,20210706,781.63,786.63,772.29,779.77,782.16,-2.39,-0.31,34553120.0,55016221184.0
BK0737.DC,20210707,775.04,778.34,768.75,777.83,779.7700000000001,-1.94,-0.25,28441891.0,43713103616.0
BK0737.DC,20210708,778.88,781.94,773.72,780.21,777.83,2.38,0.31,32301022.0,53332544000.0
BK0737.DC,20210709,776.87,781.6,770.01,776.05,780.2099999999999,-4.16,-0.53,28108925.0,48075180544.0
BK0737.DC,20210712,780.3,803.25,779.75,803.03,776.05,26.98,3.48,41815780.0,68046660864.0
BK0737.DC,20210713,806.64,817.18,806.14,809.44,803.0300000000001,6.41,0.8,47529964.0,73163157504.0
BK0737.DC,20210714,806.74,806.99,796.64,796.71,809.44,-12.73,-1.57,41862646.0,65486839040.0
BK0737.DC,20210715,793.48,793.86,776.17,783.48,796.71,-13.23,-1.66,36614406.0,56201838592.0
BK0737.DC,20210716,783.53,789.17,780.0,780.11,783.48,-3.37,-0.43,31662407.0,52604980992.0
BK0737.DC,20210719,777.31,784.2,769.71,783.86,780.11,3.75,0.48,35003822.0,52752181248.0
BK0737.DC,20210720,777.69,780.44,771.77,780.4,783.86,-3.46,-0.44,27806159.0,41078543872.0
BK0737.DC,20210721,782.08,794.69,782.08,792.93,780.4,12.53,1.61,32773621.0,50870349824.0
BK0737.DC,20210722,794.2,794.35,787.78,793.39,792.93,0.46,0.06,34351644.0,54351786496.0
BK0737.DC,20210723,792.59,792.59,775.21,776.12,793.39,-17.27,-2.18,34366691.0,52676185344.0
BK0737.DC,20210726,771.92,772.79,746.82,757.48,776.12,-18.64,-2.4,32062066.0,52622726144.0
BK0737.DC,20210727,757.74,772.34,752.9,752.9,757.48,-4.58,-0.6,32704775.0,57209846528.0
BK0737.DC,20210728,748.99,751.31,718.7,725.86,752.9,-27.04,-3.59,31819956.0,48187250432.0
BK0737.DC,20210729,733.97,745.97,733.97,743.11,725.86,17.25,2.38,27288132.0,43228342016.0
BK0737.DC,20210730,743.32,756.4,739.06,753.82,743.11,10.71,1.44,30692585.0,49270342656.0
BK0737.DC,20210802,752.58,774.13,747.58,774.13,753.82,20.31,2.69,30859502.0,50736667136.0
BK0737.DC,20210803,773.79,792.25,773.73,784.3,774.13,10.17,1.31,40056840.0,62120357120.0
BK0737.DC,20210804,780.06,789.78,778.96,789.78,784.3,5.48,0.7,34166329.0,52574365440.0
BK0737.DC,20210805,786.17,786.17,770.28,772.96,789.7800000000001,-16.82,-2.13,32543002.0,48893219584.0
BK0737.DC,20210806,773.87,774.51,762.72,768.82,772.96,-4.14,-0.54,27068917.0,41642398976.0
BK0737.DC,20210809,768.99,780.23,768.74,780.23,768.82,11.41,1.48,26542077.0,44431676160.0
BK0737.DC,20210810,778.88,791.99,776.05,791.11,780.23,10.88,1.39,29119301.0,46355790592.0
BK0737.DC,20210811,791.03,791.03,784.75,787.14,791.11,-3.97,-0.5,27899351.0,41541607424.0
BK0737.DC,20210812,788.67,804.8,788.67,797.18,787.14,10.04,1.28,35263576.0,52259541248.0
BK0737.DC,20210813,794.65,794.92,783.11,787.05,797.18,-10.13,-1.27,32365085.0,46528797184.0
BK0737.DC,20210816,786.45,791.66,782.51,787.17,787.05,0.12,0.02,26881956.0,38991547136.0
BK0737.DC,20210817,786.45,786.48,764.11,765.14,787.17,-22.03,-2.8,29938611.0,43089430784.0
BK0737.DC,20210818,764.28,775.67,759.5,775.56,765.14,10.42,1.36,26661636.0,41510013696.0
BK0737.DC,20210819,773.38,781.09,772.86,774.34,775.5600000000001,-1.22,-0.16,25546502.0,39406397952.0
BK0737.DC,20210820,770.87,770.9,757.03,763.79,774.3399999999999,-10.55,-1.36,23376708.0,36361136128.0
BK0737.DC,20210823,764.91,788.32,764.91,788.26,763.79,24.47,3.2,28338590.0,42198977792.0
BK0737.DC,20210824,788.6,788.64,783.92,787.32,788.2600000000001,-0.94,-0.12,27405082.0,42484530944.0
BK0737.DC,20210825,787.17,787.52,782.78,785.24,787.32,-2.08,-0.26,24082598.0,39246760192.0
BK0737.DC,20210826,783.75,783.75,769.55,769.67,785.24,-15.57,-1.98,25757557.0,39454232576.0
BK0737.DC,20210827,768.55,770.4,763.31,770.39,769.67,0.72,0.09,27511572.0,39594332160.0
BK0737.DC,20210830,776.19,782.13,771.94,774.36,770.39,3.97,0.52,33215807.0,49329278720.0
BK0737.DC,20210831,771.28,772.84,759.35,764.97,774.36,-9.39,-1.21,32813839.0,46544522496.0
BK0737.DC,20210901,765.56,771.19,755.44,770.22,764.97,5.25,0.69,31426436.0,46823872256.0
BK0737.DC,20210902,767.5,771.86,763.12,771.59,770.22,1.37,0.18,28679636.0,42054749184.0
BK0737.DC,20210903,776.84,783.71,772.68,779.16,771.5899999999999,7.57,0.98,35987695.0,51332439552.0
BK0737.DC,20210906,778.88,789.99,775.85,789.88,779.16,10.72,1.38,34375697.0,49020100608.0
BK0737.DC,20210907,788.24,796.42,787.58,795.56,789.88,5.68,0.72,33409344.0,47236858112.0
BK0737.DC,20210908,795.94,807.2,795.27,807.12,795.5600000000001,11.56,1.45,39507818.0,54561165056.0
BK0737.DC,20210909,802.52,802.52,794.3,796.96,807.12,-10.16,-1.26,35097248.0,48034563328.0
BK0737.DC,20210910,796.08,798.99,791.12,792.87,796.96,-4.09,-0.51,30419220.0,43849979392.0
BK0737.DC,20210913,791.95,794.06,784.31,790.14,792.87,-2.73,-0.34,28623295.0,42336483328.0
BK0737.DC,20210914,790.5,804.65,788.41,789.97,790.14,-0.17,-0.02,35206195.0,52231906560.0
BK0737.DC,20210915,788.62,788.62,782.07,785.95,789.97,-4.02,-0.51,30393451.0,47152327936.0
BK0737.DC,20210916,784.96,790.55,774.8,775.82,785.95,-10.13,-1.29,29553089.0,41247795712.0
BK0737.DC,20210917,776.38,776.95,759.1,769.12,775.82,-6.7,-0.86,23826565.0,33524691968.0
BK0737.DC,20210922,760.55,767.24,759.09,766.16,769.12,-2.96,-0.38,18915814.0,26920215552.0
BK0737.DC,20210923,769.68,781.61,769.68,778.99,766.16,12.83,1.67,26796561.0,38761434624.0
BK0737.DC,20210924,780.3,787.0,774.33,774.51,778.99,-4.48,-0.58,27343355.0,43246699776.0
BK0737.DC,20210927,779.34,781.87,755.79,759.13,774.51,-15.38,-1.99,30443646.0,47725179904.0
BK0737.DC,20210928,756.14,757.51,749.31,755.66,759.13,-3.47,-0.46,19733322.0,30284218112.0
BK0737.DC,20210929,751.01,751.01,733.33,733.33,755.6600000000001,-22.33,-2.96,21851711.0,32266571776.0
BK0737.DC,20210930,737.49,751.63,737.49,750.47,733.33,17.14,2.34,18728629.0,29231549952.0
BK0737.DC,20211008,757.01,767.13,757.01,767.1,750.47,16.63,2.22,23903941.0,34130320896.0
BK0737.DC,20211011,768.08,769.61,762.39,766.23,767.1,-0.87,-0.11,20962461.0,29502425344.0
BK0737.DC,20211012,765.55,765.55,746.11,752.16,766.23,-14.07,-1.84,21546630.0,30142069760.0
BK0737.DC,20211013,752.76,756.22,748.07,755.56,752.16,3.4,0.45,18946170.0,24912541696.0
BK0737.DC,20211014,753.86,759.5,748.6,757.72,755.5600000000001,2.16,0.29,17670540.0,23391538176.0
BK0737.DC,20211015,758.02,765.57,753.74,758.31,757.7199999999999,0.59,0.08,24374381.0,35104879104.0
BK0737.DC,20211018,755.81,756.7,749.24,756.54,758.31,-1.77,-0.23,20670511.0,29080919040.0
BK0737.DC,20211019,755.52,763.06,755.07,762.34,756.5400000000001,5.8,0.77,21475228.0,33332739328.0
BK0737.DC,20211020,766.96,771.79,763.86,764.79,762.3399999999999,2.45,0.32,23933087.0,36618818304.0
BK0737.DC,20211021,760.97,762.25,752.84,754.92,764.79,-9.87,-1.29,21189747.0,30355966720.0
BK0737.DC,20211022,754.36,757.74,751.43,751.57,754.9200000000001,-3.35,-0.44,20595932.0,31166516224.0
BK0737.DC,20211025,750.29,750.87,744.11,750.87,751.57,-0.7,-0.09,19580570.0,30550029056.0
BK0737.DC,20211026,748.45,748.48,740.05,741.52,750.87,-9.35,-1.25,20854420.0,34025282048.0
BK0737.DC,20211027,739.54,739.54,718.02,719.66,741.52,-21.86,-2.95,21528108.0,31991444992.0
BK0737.DC,20211028,716.12,718.66,708.25,709.64,719.66,-10.02,-1.39,19096615.0,31421511168.0
BK0737.DC,20211029,708.85,725.14,708.85,723.79,709.64,14.15,1.99,20965155.0,34624756736.0
BK0737.DC,20211101,723.64,734.94,721.3,734.0,723.79,10.21,1.41,21706503.0,34780320768.0
BK0737.DC,20211102,733.54,737.46,719.31,723.72,734.0,-10.28,-1.4,21972415.0,33191705344.0
BK0737.DC,20211103,725.11,735.59,725.11,735.51,723.72,11.79,1.63,18952164.0,30948291328.0
BK0737.DC,20211104,736.29,744.08,736.22,744.08,735.51,8.57,1.17,20736604.0,33837911040.0
BK0737.DC,20211105,744.32,760.52,743.71,755.36,744.08,11.28,1.52,30876401.0,46353820416.0
BK0737.DC,20211108,755.51,759.23,749.81,758.63,755.36,3.27,0.43,26629209.0,40239017728.0
BK0737.DC,20211109,758.46,769.75,757.82,769.48,758.63,10.85,1.43,28035349.0,43872913152.0
BK0737.DC,20211110,770.1,776.86,769.9,776.86,769.48,7.38,0.96,32967604.0,43699316480.0
BK0737.DC,20211111,773.77,788.04,772.86,784.78,776.86,7.92,1.02,32316700.0,44799241472.0
BK0737.DC,20211112,784.24,793.71,783.87,792.87,784.78,8.09,1.03,34816152.0,49444849664.0
BK0737.DC,20211115,794.95,808.39,794.89,807.64,792.87,14.77,1.86,37321671.0,54006826240.0
BK0737.DC,20211116,807.75,811.18,801.91,802.24,807.64,-5.4,-0.67,36822720.0,51463064576.0
BK0737.DC,20211117,801.69,813.16,801.55,813.14,802.24,10.9,1.36,33716718.0,47884070912.0
BK0737.DC,20211118,814.59,817.13,797.19,797.19,813.1400000000001,-15.95,-1.96,34892564.0,48920651776.0
BK0737.DC,20211119,796.59,807.5,796.59,805.3,797.1899999999999,8.11,1.02,29675094.0,40400332032.0
BK0737.DC,20211122,804.49,809.11,801.06,807.83,805.3000000000001,2.53,0.31,28465829.0,43910113280.0
BK0737.DC,20211123,806.36,811.97,801.67,809.53,807.8299999999999,1.7,0.21,28570335.0,43305738752.0
BK0737.DC,20211124,809.67,817.79,805.19,814.73,809.53,5.2,0.64,31524420.0,47406682880.0
BK0737.DC,20211125,816.58,823.29,812.02,814.37,814.73,-0.36,-0.04,33903308.0,50981969920.0
BK0737.DC,20211126,812.57,822.5,801.35,815.68,814.37,1.31,0.16,34710686.0,52310739456.0
BK0737.DC,20211129,801.74,812.44,800.5,810.04,815.68,-5.64,-0.69,28827470.0,43726287872.0
BK0737.DC,20211130,813.24,839.72,813.24,831.62,810.04,21.58,2.66,40120343.0,57358005248.0
BK0737.DC,20211201,832.62,848.5,832.49,845.9,831.62,14.28,1.72,39291707.0,57036145664.0
BK0737.DC,20211202,843.89,843.89,822.94,822.94,845.9000000000001,-22.96,-2.71,17890695.0,30851184384.0
BK0737.DC,20211203,825.65,831.58,821.48,822.01,822.9399999999999,-0.93,-0.11,14769256.0,25299783936.0
BK0737.DC,20211206,819.32,819.55,806.98,807.6,822.01,-14.41,-1.75,16358666.0,27676642304.0
BK0737.DC,20211207,811.95,813.29,800.42,805.34,807.6,-2.26,-0.28,14605994.0,24235386112.0
BK0737.DC,20211208,805.6,815.99,802.69,815.17,805.3399999999999,9.83,1.22,14066696.0,24378253056.0
BK0737.DC,20211209,814.61,822.38,813.78,818.89,815.17,3.72,0.46,14804055.0,28698022656.0
BK0737.DC,20211210,816.6,816.89,811.08,811.73,818.89,-7.16,-0.87,13047798.0,24766255104.0
BK0737.DC,20211213,812.89,823.21,810.85,821.13,811.73,9.4,1.16,14674804.0,28331471360.0
BK0737.DC,20211214,819.68,837.99,818.44,837.99,821.13,16.86,2.05,18816772.0,31945362688.0
BK0737.DC,20211215,838.73,848.43,838.73,842.41,837.99,4.42,0.53,20326476.0,35364796416.0
BK0737.DC,20211216,845.46,852.64,845.46,852.19,842.4100000000001,9.78,1.16,17407277.0,30891256320.0
BK0737.DC,20211217,850.85,851.25,840.91,842.0,852.19,-10.19,-1.2,17974346.0,31742567168.0
BK0737.DC,20211220,837.92,842.07,825.62,825.98,842.0,-16.02,-1.9,16256674.0,29284322304.0
BK0737.DC,20211221,827.16,844.81,827.16,844.24,825.98,18.26,2.21,15625923.0,29157006848.0
BK0737.DC,20211222,845.41,856.72,843.28,852.34,844.24,8.1,0.96,18330126.0,31651762176.0
BK0737.DC,20211223,851.78,851.94,842.92,843.02,852.34,-9.32,-1.09,18006463.0,30945838592.0
BK0737.DC,20211224,845.67,847.76,828.13,828.47,843.02,-14.55,-1.73,17581462.0,29251091968.0
BK0737.DC,20211227,828.39,831.85,821.26,828.62,828.47,0.15,0.02,14958697.0,24943662336.0
BK0737.DC,20211228,829.88,844.93,829.79,843.95,828.62,15.33,1.85,16659787.0,27716624128.0
BK0737.DC,20211229,841.15,841.49,832.71,838.65,843.9499999999999,-5.3,-0.63,15189158.0,25923521024.0
BK0737.DC,20211230,837.51,857.8,837.51,853.71,838.6500000000001,15.06,1.8,18326536.0,31128220160.0
BK0737.DC,20211231,855.86,862.21,851.66,858.89,853.71,5.18,0.61,18403403.0,31763743232.0
BK0737.DC,20220104,861.82,880.13,860.97,878.15,858.89,19.26,2.24,21475942.0,38103864576.0
BK0737.DC,20220105,878.32,881.66,861.87,869.99,878.15,-8.16,-0.93,21840586.0,40314525696.0
BK0737.DC,20220106,865.02,872.46,859.95,868.51,869.99,-1.48,-0.17,18253959.0,35073994752.0
BK0737.DC,20220107,871.47,878.53,847.47,847.7,868.51,-20.81,-2.4,18890042.0,34875179520.0
BK0737.DC,20220110,845.27,867.32,835.01,862.89,847.6999999999999,15.19,1.79,16278311.0,31176097536.0
BK0737.DC,20220111,862.77,867.41,845.21,847.33,862.89,-15.56,-1.8,16153399.0,28613981952.0
BK0737.DC,20220112,849.41,858.11,848.84,856.74,847.33,9.41,1.11,14403079.0,25694772736.0
BK0737.DC,20220113,860.93,867.64,855.02,855.67,856.74,-1.07,-0.12,19020891.0,31877556224.0
BK0737.DC,20220114,849.46,858.63,844.4,849.71,855.6700000000001,-5.96,-0.7,16885742.0,29777265408.0
BK0737.DC,20220117,859.34,901.66,859.19,900.45,849.71,50.74,5.97,29404672.0,53491011072.0
BK0737.DC,20220118,908.61,931.59,902.32,902.4,900.4499999999999,1.95,0.22,38981619.0,71878672384.0
BK0737.DC,20220119,894.72,913.72,893.77,912.35,902.4,9.95,1.1,29635409.0,49394802176.0
BK0737.DC,20220120,909.35,909.5,888.74,894.05,912.3499999999999,-18.3,-2.01,29113006.0,49609253376.0
BK0737.DC,20220121,887.81,904.6,887.81,888.58,894.0500000000001,-5.47,-0.61,24281528.0,42043327232.0
BK0737.DC,20220124,882.15,904.8,881.91,892.85,888.58,4.27,0.48,22055502.0,37932332544.0
BK0737.DC,20220125,886.63,891.39,848.69,848.87,892.85,-43.98,-4.93,24994690.0,41532432384.0
BK0737.DC,20220126,848.33,859.45,830.49,844.23,848.87,-4.64,-0.55,21163851.0,35622575616.0
BK0737.DC,20220127,842.5,842.81,789.72,790.29,844.23,-53.94,-6.39,20546023.0,35450148096.0
BK0737.DC,20220128,794.64,813.96,792.41,799.83,790.2900000000001,9.54,1.21,16999809.0,29079856896.0
BK0737.DC,20220207,812.94,816.04,794.29,798.03,799.8299999999999,-1.8,-0.23,15417479.0,26496544256.0
BK0737.DC,20220208,795.69,810.47,784.36,810.47,798.03,12.44,1.56,17169729.0,28360929280.0
BK0737.DC,20220209,813.08,839.71,811.73,839.04,810.4699999999999,28.57,3.53,23837841.0,39762055936.0
BK0737.DC,20220210,834.58,834.58,821.9,825.96,839.0400000000001,-13.08,-1.56,18658526.0,32041123584.0
BK0737.DC,20220211,823.04,828.68,809.03,811.31,825.9599999999999,-14.65,-1.77,21933314.0,38429423104.0
BK0737.DC,20220214,802.97,814.13,794.43,804.72,811.3100000000001,-6.59,-0.81,18187233.0,33211242752.0
BK0737.DC,20220215,805.44,811.89,796.7,805.32,804.72,0.6,0.07,15335953.0,26328140032.0
BK0737.DC,20220216,817.82,822.83,808.22,812.16,805.3199999999999,6.84,0.85,15961524.0,27379748096.0
BK0737.DC,20220217,807.11,816.69,800.13,800.86,812.16,-11.3,-1.39,16997739.0,28071703040.0
BK0737.DC,20220218,799.47,816.18,799.47,816.18,800.8599999999999,15.32,1.91,16930105.0,27291217408.0
BK0737.DC,20220221,821.02,842.39,821.02,841.12,816.18,24.94,3.06,22425003.0,36150741248.0
BK0737.DC,20220222,835.08,838.21,823.96,828.34,841.12,-12.78,-1.52,21696206.0,36710489088.0
BK0737.DC,20220223,832.3,847.99,827.66,846.92,828.3399999999999,18.58,2.24,23442724.0,37429814528.0
BK0737.DC,20220224,841.18,844.77,797.55,811.07,846.9200000000001,-35.85,-4.23,28641942.0,46187816960.0
BK0737.DC,20220225,818.85,828.01,816.47,819.05,811.0699999999999,7.98,0.98,17915472.0,29027059456.0
BK0737.DC,20220228,827.09,832.76,813.58,827.56,819.05,8.51,1.04,18162571.0,30288985600.0
BK0737.DC,20220301,827.26,835.99,823.75,834.53,827.56,6.97,0.84,18611053.0,32670299904.0
BK0737.DC,20220302,828.97,839.91,825.67,837.78,834.53,3.25,0.39,19758060.0,33864083456.0
BK0737.DC,20220303,840.83,842.09,824.67,827.46,837.7800000000001,-10.32,-1.23,21291628.0,34398465792.0
BK0737.DC,20220304,822.35,827.38,812.44,815.24,827.46,-12.22,-1.48,18788204.0,31626786816.0
BK0737.DC,20220307,809.82,809.82,793.17,796.67,815.24,-18.57,-2.28,17359612.0,29254619904.0
BK0737.DC,20220308,795.51,801.41,777.01,777.01,796.67,-19.66,-2.47,20068840.0,32553491456.0
BK0737.DC,20220309,776.02,778.57,732.19,769.68,777.01,-7.33,-0.94,23585381.0,35595831296.0
BK0737.DC,20220310,784.76,789.64,774.44,774.54,769.68,4.86,0.63,21023653.0,33681631744.0
BK0737.DC,20220311,761.81,785.16,752.9,783.44,774.5400000000001,8.9,1.15,19909344.0,32050236416.0
BK0737.DC,20220314,777.01,783.17,761.53,761.53,783.4399999999999,-21.91,-2.8,17685408.0,29138689024.0
BK0737.DC,20220315,756.02,766.61,731.4,731.4,761.53,-30.13,-3.96,20640293.0,32644778240.0
BK0737.DC,20220316,743.17,759.76,723.96,759.18,731.4,27.78,3.8,22905791.0,36728500992.0
BK0737.DC,20220317,766.7,782.56,765.29,773.43,759.18,14.25,1.88,24480888.0,41959080448.0
BK0737.DC,20220318,768.08,773.06,762.34,770.32,773.4300000000001,-3.11,-0.4,18050576.0,28502958080.0
BK0737.DC,20220321,770.18,775.79,763.92,774.16,770.3199999999999,3.84,0.5,20028234.0,30051968768.0
BK0737.DC,20220322,772.26,777.23,765.43,773.67,774.16,-0.49,-0.06,20505870.0,31577404672.0
BK0737.DC,20220323,770.92,775.87,764.67,768.91,773.67,-4.76,-0.62,17908118.0,26877950208.0
BK0737.DC,20220324,763.52,763.52,748.86,751.27,768.91,-17.64,-2.29,15202990.0,23490481408.0
BK0737.DC,20220325,754.46,760.84,744.74,744.74,751.27,-6.53,-0.87,13796863.0,21328336896.0
BK0737.DC,20220328,739.73,753.03,732.62,743.64,744.74,-1.1,-0.15,14799510.0,21548436480.0
BK0737.DC,20220329,744.38,745.08,728.17,730.34,743.64,-13.3,-1.79,13308290.0,19906796032.0
BK0737.DC,20220330,733.27,743.57,730.31,743.57,730.34,13.23,1.81,13047472.0,20766208256.0
BK0737.DC,20220331,740.78,749.02,736.39,747.2,743.57,3.63,0.49,17537939.0,25992793088.0
BK0737.DC,20220401,742.52,744.21,737.2,740.1,747.2,-7.1,-0.95,15424847.0,22902814208.0
BK0737.DC,20220406,739.95,749.27,739.68,746.35,740.1,6.25,0.84,14368581.0,21516317952.0
BK0737.DC,20220407,744.52,744.54,723.11,723.11,746.35,-23.24,-3.11,14720596.0,21697053952.0
BK0737.DC,20220408,723.11,724.46,704.39,709.37,723.11,-13.74,-1.9,13819697.0,19384023040.0
BK0737.DC,20220411,705.79,705.79,675.31,680.02,709.37,-29.35,-4.14,13482793.0,19330061568.0
BK0737.DC,20220412,679.22,692.19,674.54,692.0,680.02,11.98,1.76,11114547.0,16642634240.0
BK0737.DC,20220413,688.23,688.23,671.47,671.47,692.0,-20.53,-2.97,12336545.0,16207323648.0
BK0737.DC,20220414,675.38,680.86,673.66,675.46,671.47,3.99,0.59,9929013.0,14261179136.0
BK0737.DC,20220415,670.34,670.42,655.51,660.49,675.46,-14.97,-2.22,11905281.0,16822673664.0
BK0737.DC,20220418,656.64,668.18,644.02,667.41,660.49,6.92,1.05,9581031.0,14546448896.0
BK0737.DC,20220419,666.29,674.05,662.93,667.51,667.41,0.1,0.01,9300477.0,14512972288.0
BK0737.DC,20220420,676.58,680.24,663.23,665.94,667.5100000000001,-1.57,-0.24,12282883.0,17836193536.0
BK0737.DC,20220421,658.46,664.05,638.6,640.64,665.9399999999999,-25.3,-3.8,12844157.0,17520946176.0
BK0737.DC,20220422,636.79,638.09,624.68,624.69,640.6400000000001,-15.95,-2.49,11032726.0,15879670272.0
BK0737.DC,20220425,613.97,613.97,569.25,569.25,624.69,-55.44,-8.87,14510667.0,18577656064.0
BK0737.DC,20220426,569.31,573.86,545.53,546.22,569.25,-23.03,-4.05,14398402.0,19044438272.0
BK0737.DC,20220427,538.76,565.45,532.82,565.45,546.22,19.23,3.52,14414863.0,18263936000.0
BK0737.DC,20220428,560.62,561.33,541.58,547.3,565.4499999999999,-18.15,-3.21,11175851.0,14578637312.0
BK0737.DC,20220429,552.21,580.9,552.21,578.67,547.3,31.37,5.73,13974916.0,19416791552.0
BK0737.DC,20220505,575.96,590.41,571.84,584.35,578.6700000000001,5.68,0.98,11889498.0,16968029440.0
BK0737.DC,20220506,572.18,603.0,567.31,590.01,584.35,5.66,0.97,15024860.0,19343311872.0
BK0737.DC,20220509,588.28,599.5,587.95,592.71,590.01,2.7,0.46,11805224.0,15050078208.0
BK0737.DC,20220510,585.33,604.41,583.17,603.12,592.71,10.41,1.76,11829923.0,16045318912.0
BK0737.DC,20220511,603.45,620.14,602.99,602.99,603.12,-0.13,-0.02,15232750.0,20751070976.0
BK0737.DC,20220512,598.66,611.43,598.56,607.79,602.99,4.8,0.8,12309046.0,16823518720.0
BK0737.DC,20220513,610.15,611.52,602.14,607.0,607.79,-0.79,-0.13,10423710.0,13643336960.0
BK0737.DC,20220516,610.24,614.6,603.3,608.02,607.0,1.02,0.17,11800160.0,14286400256.0
BK0737.DC,20220517,607.78,607.9,595.83,604.84,608.02,-3.18,-0.52,10828702.0,14344761088.0
BK0737.DC,20220518,611.89,621.04,611.21,612.05,604.8399999999999,7.21,1.19,13147293.0,17600280576.0
BK0737.DC,20220519,602.42,610.67,600.06,610.67,612.05,-1.38,-0.23,10784107.0,14136370688.0
BK0737.DC,20220520,612.02,618.15,610.05,617.51,610.67,6.84,1.12,11156015.0,15159132928.0
BK0737.DC,20220523,619.74,627.93,618.36,627.79,617.51,10.28,1.66,11165211.0,14658238976.0
BK0737.DC,20220524,627.68,627.72,593.12,593.12,627.79,-34.67,-5.52,13728644.0,18109391616.0
BK0737.DC,20220525,594.98,608.73,594.98,608.73,593.12,15.61,2.63,10065702.0,14065658624.0
BK0737.DC,20220526,609.45,614.22,596.59,610.71,608.73,1.98,0.33,11106250.0,15279628288.0
BK0737.DC,20220527,613.58,616.09,604.02,609.44,610.71,-1.27,-0.21,10412478.0,14424703232.0
BK0737.DC,20220530,611.19,615.9,606.62,615.81,609.4399999999999,6.37,1.05,9266678.0,14497885952.0
BK0737.DC,20220531,616.28,627.45,608.8,626.48,615.8100000000001,10.67,1.73,11354799.0,18720760064.0
BK0737.DC,20220601,626.09,637.26,625.12,634.58,626.48,8.1,1.29,11281187.0,17137104128.0
BK0737.DC,20220602,633.32,651.79,627.98,651.54,634.5799999999999,16.96,2.67,11823666.0,18509139968.0
BK0737.DC,20220606,653.35,672.96,653.35,671.27,651.54,19.73,3.03,15943111.0,27420608768.0
BK0737.DC,20220607,670.91,671.83,656.8,662.98,671.27,-8.29,-1.23,13996801.0,22654623488.0
BK0737.DC,20220608,662.43,674.39,652.34,663.24,662.98,0.26,0.04,15063110.0,24179605760.0
BK0737.DC,20220609,662.36,662.36,641.34,643.8,663.24,-19.44,-2.93,13155620.0,20643905024.0
BK0737.DC,20220610,640.28,651.39,638.94,650.54,643.8,6.74,1.05,12335523.0,20134058240.0
BK0737.DC,20220613,645.8,655.78,644.25,655.78,650.54,5.24,0.81,12544942.0,18720154112.0
BK0737.DC,20220614,650.04,651.53,628.95,651.44,655.7800000000001,-4.34,-0.66,13890751.0,20620282112.0
BK0737.DC,20220615,652.64,668.37,652.5,658.64,651.4399999999999,7.2,1.11,17336987.0,29241018624.0
BK0737.DC,20220616,657.68,669.45,657.55,663.45,658.6400000000001,4.81,0.73,15686439.0,24999935488.0
BK0737.DC,20220617,659.1,663.53,647.76,660.18,663.4499999999999,-3.27,-0.49,12693252.0,19976373021.0
BK0737.DC,20220620,662.56,669.31,659.44,667.74,660.1800000000001,7.56,1.15,13531971.0,22372502886.0
BK0737.DC,20220621,668.74,675.74,660.2,668.31,667.7399999999999,0.57,0.09,15533460.0,24372878116.0
BK0737.DC,20220622,668.46,668.55,652.26,652.26,668.31,-16.05,-2.4,12944749.0,20293277092.0
BK0737.DC,20220623,655.01,668.09,652.8,668.09,652.26,15.83,2.43,15291966.0,24096567443.0
BK0737.DC,20220624,672.37,678.02,670.2,673.31,668.0899999999999,5.22,0.78,17367769.0,25022613384.0
BK0737.DC,20220627,674.64,678.18,672.16,675.64,673.31,2.33,0.35,14953814.0,23499060192.0
BK0737.DC,20220628,676.0,684.68,667.48,684.64,675.64,9.0,1.33,17238510.0,25117520055.0
BK0737.DC,20220629,683.39,692.18,676.36,677.3,684.64,-7.34,-1.07,19624450.0,28552844452.0
BK0737.DC,20220630,678.17,681.13,673.16,676.77,677.3,-0.53,-0.08,15303858.0,22985782963.0
BK0737.DC,20220701,677.93,680.29,670.01,671.63,676.77,-5.14,-0.76,14257857.0,20161563379.0
BK0737.DC,20220704,674.77,675.15,667.48,674.65,671.63,3.02,0.45,13364051.0,21139569023.0
BK0737.DC,20220705,674.73,675.97,655.12,662.18,674.65,-12.47,-1.85,16710811.0,22993393254.0
BK0737.DC,20220706,661.0,665.21,654.21,658.59,662.1800000000001,-3.59,-0.54,11514188.0,16068448340.0
BK0737.DC,20220707,660.74,664.64,657.74,660.08,658.59,1.49,0.23,13017707.0,17571557892.0
BK0737.DC,20220708,660.34,672.18,660.34,664.53,660.0799999999999,4.45,0.67,13790053.0,18324468328.0
BK0737.DC,20220711,663.19,663.19,649.6,653.91,664.53,-10.62,-1.6,12108487.0,16796563690.0
BK0737.DC,20220712,652.51,652.7,640.38,640.38,653.91,-13.53,-2.07,11115490.0,15633784462.0
BK0737.DC,20220713,640.69,648.18,640.69,645.78,640.38,5.4,0.84,9543626.0,12833608667.0
BK0737.DC,20220714,645.24,653.68,642.16,649.53,645.78,3.75,0.58,9618618.0,13396479805.0
BK0737.DC,20220715,648.02,648.02,636.08,636.08,649.5300000000001,-13.45,-2.07,13135822.0,17988935489.0
BK0737.DC,20220718,636.54,652.69,636.54,652.69,636.08,16.61,2.61,10922681.0,16038900040.0
BK0737.DC,20220719,654.25,674.96,652.52,674.96,652.69,22.27,3.41,17266198.0,24087300945.0
BK0737.DC,20220720,676.56,680.11,673.41,679.06,674.9599999999999,4.1,0.61,16037415.0,22656042056.0
BK0737.DC,20220721,677.09,684.5,676.24,679.06,679.06,0.0,0.0,13955172.0,19768712926.0
BK0737.DC,20220722,679.15,683.37,666.48,671.71,679.0600000000001,-7.35,-1.08,12063522.0,17130551714.0
BK0737.DC,20220725,674.27,678.06,664.88,667.63,671.71,-4.08,-0.61,10020277.0,14281098397.0
BK0737.DC,20220726,668.04,677.78,666.39,677.78,667.63,10.15,1.52,10809331.0,15668611528.0
BK0737.DC,20220727,678.12,683.31,676.17,681.68,677.78,3.9,0.58,10125532.0,15477823656.0
BK0737.DC,20220728,685.36,692.72,685.36,688.95,681.6800000000001,7.27,1.07,12665258.0,19069556222.0
BK0737.DC,20220729,690.17,692.08,685.7,687.3,688.9499999999999,-1.65,-0.24,12794532.0,18710919335.0
BK0737.DC,20220801,687.5,696.15,682.44,692.84,687.3000000000001,5.54,0.81,13708275.0,19104718247.0
BK0737.DC,20220802,686.73,686.73,653.09,660.19,692.84,-32.65,-4.71,17654569.0,23606448795.0
BK0737.DC,20220803,660.39,684.06,660.39,668.05,660.1899999999999,7.86,1.19,15524465.0,23710516765.0
BK0737.DC,20220804,672.63,680.9,671.13,680.84,668.0500000000001,12.79,1.91,12778065.0,18419598904.0
BK0737.DC,20220805,684.97,706.63,684.97,706.63,680.84,25.79,3.79,19004534.0,32310789603.0
BK0737.DC,20220808,707.24,715.12,702.76,715.12,706.63,8.49,1.2,15243851.0,28246036087.0
BK0737.DC,20220809,714.3,715.4,705.44,712.68,715.12,-2.44,-0.34,14041450.0,25413042887.0
BK0737.DC,20220810,710.58,714.22,706.81,712.38,712.68,-0.3,-0.04,13227145.0,23179246223.0
BK0737.DC,20220811,714.34,721.77,713.93,721.32,712.38,8.94,1.25,15287722.0,25576081745.0
BK0737.DC,20220812,720.49,726.25,716.39,717.96,721.32,-3.36,-0.47,16563165.0,26904523042.0
BK0737.DC,20220815,716.19,716.19,709.27,712.65,717.9599999999999,-5.31,-0.74,14081155.0,23835190020.0
BK0737.DC,20220816,713.36,714.87,707.34,709.8,712.65,-2.85,-0.4,13985745.0,23765121394.0
BK0737.DC,20220817,710.12,710.55,702.86,708.69,709.8000000000001,-1.11,-0.16,13567675.0,22974669526.0
BK0737.DC,20220818,707.8,710.68,702.31,709.54,708.6899999999999,0.85,0.12,13294527.0,22070919076.0
BK0737.DC,20220819,709.44,716.68,698.38,698.38,709.54,-11.16,-1.57,16539502.0,24440074454.0
BK0737.DC,20220822,696.06,701.06,688.37,699.31,698.38,0.93,0.13,12364902.0,19052692282.0
BK0737.DC,20220823,698.61,704.19,694.85,702.72,699.3100000000001,3.41,0.49,12565896.0,20005126772.0
BK0737.DC,20220824,702.38,702.52,677.41,678.16,702.7199999999999,-24.56,-3.49,15879437.0,24724909992.0
BK0737.DC,20220825,679.33,681.38,663.81,672.15,678.16,-6.01,-0.89,12358970.0,19437687796.0
BK0737.DC,20220826,673.32,675.96,661.64,662.28,672.15,-9.87,-1.47,12548168.0,18148364482.0
BK0737.DC,20220829,654.67,664.7,648.86,663.92,662.28,1.64,0.25,11719007.0,16258100933.0
BK0737.DC,20220830,663.37,670.19,659.84,665.29,663.92,1.37,0.21,10287542.0,14721634384.0
BK0737.DC,20220831,664.09,666.96,648.63,650.23,665.29,-15.06,-2.26,11271462.0,17081504630.0
BK0737.DC,20220901,651.55,662.56,650.02,651.3,650.2299999999999,1.07,0.16,9677207.0,15457825283.0
BK0737.DC,20220902,653.08,665.86,652.78,665.77,651.3,14.47,2.22,10935666.0,15888213583.0
BK0737.DC,20220905,665.29,667.07,657.04,661.39,665.77,-4.38,-0.66,9791438.0,14706627427.0
BK0737.DC,20220906,663.04,663.75,656.98,663.2,661.3900000000001,1.81,0.27,9382268.0,13491718358.0
BK0737.DC,20220907,661.76,666.23,659.26,664.75,663.2,1.55,0.23,10031898.0,16107526035.0
BK0737.DC,20220908,663.9,663.95,655.61,655.71,664.75,-9.04,-1.36,8951390.0,13270638410.0
BK0737.DC,20220909,656.42,661.8,653.19,659.63,655.71,3.92,0.6,8585763.0,13739231815.0
BK0737.DC,20220913,662.26,670.35,662.26,664.49,659.63,4.86,0.74,9486388.0,15618974713.0
BK0737.DC,20220914,655.87,663.11,652.79,663.11,664.49,-1.38,-0.21,8924332.0,15467780483.0
BK0737.DC,20220915,663.65,666.19,647.61,654.67,663.11,-8.44,-1.27,12232091.0,19676067794.0
BK0737.DC,20220916,653.55,669.05,652.66,653.6,654.6700000000001,-1.07,-0.16,13341880.0,24281228256.0
BK0737.DC,20220919,653.44,653.56,633.56,635.08,653.6,-18.52,-2.83,12546808.0,20511676245.0
BK0737.DC,20220920,636.92,641.92,635.39,639.52,635.0799999999999,4.44,0.7,8267549.0,13917823755.0
BK0737.DC,20220921,637.46,650.03,623.68,647.2,639.5200000000001,7.68,1.2,9824713.0,14594831610.0
BK0737.DC,20220922,643.07,658.46,642.06,649.65,647.1999999999999,2.45,0.38,8765027.0,14000507891.0
BK0737.DC,20220923,649.93,650.06,628.83,630.01,649.65,-19.64,-3.02,9873930.0,14724284594.0
BK0737.DC,20220926,626.02,626.02,610.99,611.89,630.01,-18.12,-2.88,9229670.0,13363819265.0
BK0737.DC,20220927,612.27,626.61,612.27,626.43,611.89,14.54,2.38,8445892.0,12989408658.0
BK0737.DC,20220928,625.06,625.32,606.65,606.65,626.43,-19.78,-3.16,8164580.0,11693229103.0
BK0737.DC,20220929,611.75,616.89,601.2,603.58,606.6500000000001,-3.07,-0.51,9058421.0,12230358115.0
BK0737.DC,20220930,603.85,609.49,598.56,598.56,603.5799999999999,-5.02,-0.83,9023476.0,12567827526.0
BK0737.DC,20221010,599.88,601.41,585.88,587.15,598.56,-11.41,-1.91,9810639.0,13895677462.0
BK0737.DC,20221011,587.91,594.1,584.5,590.71,587.1500000000001,3.56,0.61,8488927.0,12787858745.0
BK0737.DC,20221012,590.18,617.29,588.21,617.29,590.7099999999999,26.58,4.5,12420264.0,18578055308.0
BK0737.DC,20221013,617.0,645.99,616.22,639.32,617.2900000000001,22.03,3.57,17723446.0,26664365303.0
BK0737.DC,20221014,641.06,654.77,639.94,653.74,639.32,14.42,2.26,17378042.0,24906705786.0
BK0737.DC,20221017,653.33,677.6,653.13,675.92,653.74,22.18,3.39,18344890.0,28752907106.0
BK0737.DC,20221018,677.11,677.11,667.63,672.87,675.92,-3.05,-0.45,16531786.0,23267305700.0
BK0737.DC,20221019,672.34,676.41,665.08,670.96,672.87,-1.91,-0.28,15816261.0,24795118333.0
BK0737.DC,20221020,668.12,684.6,666.06,674.99,670.96,4.03,0.6,19842987.0,31081821208.0
BK0737.DC,20221021,675.69,683.02,665.58,678.38,674.99,3.39,0.5,18739648.0,28198203221.0
BK0737.DC,20221024,679.51,695.22,673.72,676.3,678.38,-2.08,-0.31,19636288.0,33484420156.0
BK0737.DC,20221025,672.06,677.13,658.69,664.25,676.3,-12.05,-1.78,17941674.0,29251064613.0
BK0737.DC,20221026,663.87,700.65,663.87,695.99,664.25,31.74,4.78,25163351.0,41384141645.0
BK0737.DC,20221027,698.4,715.3,696.42,705.49,695.99,9.5,1.36,26714018.0,46059940641.0
BK0737.DC,20221028,702.26,710.42,688.07,690.79,705.49,-14.7,-2.08,28090444.0,44973497184.0
BK0737.DC,20221031,694.71,736.34,694.71,729.95,690.7900000000001,39.16,5.67,31461252.0,52766333225.0
BK0737.DC,20221101,733.65,737.37,722.46,735.35,729.95,5.4,0.74,31111524.0,52382436590.0
BK0737.DC,20221102,739.29,744.88,734.9,744.39,735.35,9.04,1.23,29515262.0,49439785658.0
BK0737.DC,20221103,737.85,741.9,725.72,733.69,744.3900000000001,-10.7,-1.44,27006897.0,46116337185.0
BK0737.DC,20221104,732.32,739.96,725.94,737.33,733.69,3.64,0.5,23997698.0,41192047801.0
BK0737.DC,20221107,737.16,751.92,736.14,740.8,737.3299999999999,3.47,0.47,24636330.0,40421125444.0
BK0737.DC,20221108,738.64,750.38,727.48,750.38,740.8,9.58,1.29,26703163.0,42073536039.0
BK0737.DC,20221109,747.87,750.44,735.3,742.72,750.38,-7.66,-1.02,22386363.0,34192375536.0
BK0737.DC,20221110,738.22,751.98,737.42,745.97,742.72,3.25,0.44,27071273.0,39568728495.0
BK0737.DC,20221111,759.14,761.81,737.82,737.82,745.97,-8.15,-1.09,29768200.0,47029540453.0
BK0737.DC,20221114,734.91,746.42,730.16,745.85,737.82,8.03,1.09,23699627.0,36828949450.0
BK0737.DC,20221115,743.04,766.44,742.4,759.71,745.85,13.86,1.86,25592029.0,43171120678.0
BK0737.DC,20221116,757.91,767.66,750.57,754.04,759.7099999999999,-5.67,-0.75,21757654.0,33827663986.0
BK0737.DC,20221117,756.38,775.86,750.45,775.86,754.04,21.82,2.89,24234644.0,41518371599.0
BK0737.DC,20221118,774.4,783.87,760.21,760.74,775.86,-15.12,-1.95,26869382.0,44974016616.0
BK0737.DC,20221121,758.12,765.06,748.23,764.64,760.74,3.9,0.51,20575571.0,33656612453.0
BK0737.DC,20221122,761.56,766.98,746.83,749.61,764.64,-15.03,-1.97,19832900.0,32261642366.0
BK0737.DC,20221123,748.34,748.34,723.15,734.44,749.61,-15.17,-2.02,18236344.0,29181635228.0
BK0737.DC,20221124,733.79,739.25,728.45,729.64,734.4399999999999,-4.8,-0.65,14609476.0,24500234664.0
BK0737.DC,20221125,729.3,732.12,718.27,718.27,729.64,-11.37,-1.56,13910220.0,22669589344.0
BK0737.DC,20221128,709.53,719.58,707.3,711.31,718.27,-6.96,-0.97,13135347.0,22079512957.0
BK0737.DC,20221129,711.78,722.31,710.48,721.49,711.3100000000001,10.18,1.43,14013679.0,24074841763.0
BK0737.DC,20221130,720.6,720.6,710.49,715.45,721.49,-6.04,-0.84,13419879.0,22507859327.0
BK0737.DC,20221201,718.95,737.22,718.95,737.22,715.45,21.77,3.04,18559420.0,31907856623.0
BK0737.DC,20221202,735.05,754.02,734.03,744.91,737.2199999999999,7.69,1.04,20704800.0,31043590563.0
BK0737.DC,20221205,748.09,754.14,744.45,751.24,744.91,6.33,0.85,20135331.0,29371058296.0
BK0737.DC,20221206,749.84,753.11,742.85,745.06,751.2399999999999,-6.18,-0.82,19377384.0,26638933500.0
BK0737.DC,20221207,744.58,746.46,738.5,740.7,745.0600000000001,-4.36,-0.59,18071677.0,25339336084.0
BK0737.DC,20221208,740.52,740.59,726.98,727.14,740.6999999999999,-13.56,-1.83,19400893.0,24770814135.0
BK0737.DC,20221209,726.76,726.93,717.99,720.89,727.14,-6.25,-0.86,16715114.0,23234181056.0
BK0737.DC,20221212,721.34,732.8,721.04,731.12,720.89,10.23,1.42,15662764.0,23179800551.0
BK0737.DC,20221213,732.14,733.7,713.59,713.93,731.12,-17.19,-2.35,17276187.0,23773336325.0
BK0737.DC,20221214,713.93,723.25,713.81,715.11,713.9300000000001,1.18,0.17,14597900.0,20372263277.0
BK0737.DC,20221215,714.38,728.41,710.21,722.95,715.11,7.84,1.1,16001984.0,21876206260.0
BK0737.DC,20221216,719.43,719.45,704.6,705.38,722.95,-17.57,-2.43,14368379.0,19246558637.0
BK0737.DC,20221219,705.29,707.91,691.75,694.2,705.38,-11.18,-1.58,13323584.0,17890082316.0
BK0737.DC,20221220,698.36,703.04,685.44,686.67,694.1999999999999,-7.53,-1.08,13386787.0,18722555554.0
BK0737.DC,20221221,684.98,689.16,675.17,677.87,686.67,-8.8,-1.28,11080830.0,14416920871.0
BK0737.DC,20221222,679.83,683.33,669.04,670.5,677.87,-7.37,-1.09,11225163.0,15306136421.0
BK0737.DC,20221223,668.1,688.03,667.81,682.46,670.5,11.96,1.78,13289800.0,17979712270.0
BK0737.DC,20221226,682.44,692.62,680.74,692.41,682.4599999999999,9.95,1.46,12030029.0,16622040338.0
BK0737.DC,20221227,693.93,694.89,684.37,691.32,692.4100000000001,-1.09,-0.16,12824302.0,17418777633.0
BK0737.DC,20221228,689.91,691.1,679.78,681.57,691.32,-9.75,-1.41,12703943.0,17379024703.0
BK0737.DC,20221229,680.09,696.24,679.15,687.47,681.57,5.9,0.87,14743018.0,21139403163.0
BK0737.DC,20221230,688.83,699.8,687.41,695.69,687.47,8.22,1.2,13977070.0,18217901215.0
BK0737.DC,20230103,696.02,734.17,695.97,734.17,695.6899999999999,38.48,5.53,23415785.0,34717027878.0
BK0737.DC,20230104,737.42,739.78,732.88,739.75,734.17,5.58,0.76,21636027.0,31614096749.0
BK0737.DC,20230105,740.03,740.97,734.4,739.14,739.75,-0.61,-0.08,19097565.0,28929092379.0
BK0737.DC,20230106,737.5,740.02,732.1,733.4,739.14,-5.74,-0.78,19758483.0,29540592424.0
BK0737.DC,20230109,734.98,742.7,732.66,737.13,733.4,3.73,0.51,18474296.0,28300227771.0
BK0737.DC,20230110,736.89,740.63,730.14,736.63,737.13,-0.5,-0.07,17717056.0,25988042535.0
BK0737.DC,20230111,736.14,736.42,719.96,720.69,736.6300000000001,-15.94,-2.16,16527750.0,25349322644.0
BK0737.DC,20230112,721.44,729.56,718.14,723.84,720.69,3.15,0.44,16012215.0,24147311434.0
BK0737.DC,20230113,724.8,725.11,716.1,721.02,723.84,-2.82,-0.39,14265735.0,20241763148.0
BK0737.DC,20230116,724.49,742.69,724.49,738.35,721.02,17.33,2.4,20284694.0,32875311620.0
BK0737.DC,20230117,738.91,741.34,730.33,732.35,738.35,-6.0,-0.81,17493136.0,24768260713.0
BK0737.DC,20230118,733.29,748.02,729.74,747.07,732.35,14.72,2.01,18478126.0,29390042560.0
BK0737.DC,20230119,745.72,765.61,745.48,765.61,747.07,18.54,2.48,22030884.0,36977151983.0
BK0737.DC,20230120,765.72,778.91,764.04,770.35,765.61,4.74,0.62,19859558.0,32296711865.0
BK0737.DC,20230130,783.24,786.76,777.6,785.66,770.35,15.31,1.99,25722060.0,45000479831.0
BK0737.DC,20230131,782.6,784.18,778.34,782.74,785.66,-2.92,-0.37,24007845.0,39992869679.0
BK0737.DC,20230201,784.95,810.15,783.85,810.15,782.74,27.41,3.5,27392099.0,44593817665.0
BK0737.DC,20230202,809.72,817.69,802.99,804.6,810.15,-5.55,-0.69,26746098.0,49876387367.0
BK0737.DC,20230203,803.2,824.09,803.1,823.75,804.6,19.15,2.38,26420413.0,46114795365.0
BK0737.DC,20230206,822.47,836.47,819.36,833.69,823.75,9.94,1.21,29390954.0,54119961681.0
BK0737.DC,20230207,830.19,835.62,821.68,831.02,833.6899999999999,-2.67,-0.32,30316766.0,54503973789.0
BK0737.DC,20230208,830.59,832.87,818.22,823.11,831.02,-7.91,-0.95,26543938.0,45936095650.0
BK0737.DC,20230209,817.93,838.31,812.28,838.31,823.1099999999999,15.2,1.85,32062567.0,52964083626.0
BK0737.DC,20230210,836.35,844.49,828.1,831.43,838.31,-6.88,-0.82,33128266.0,56596933437.0
BK0737.DC,20230213,828.35,839.29,828.35,839.17,831.43,7.74,0.93,28773946.0,49709655003.0
BK0737.DC,20230214,840.55,841.79,829.29,831.42,839.17,-7.75,-0.92,26499514.0,44889245070.0
BK0737.DC,20230215,831.31,850.41,828.85,850.41,831.42,18.99,2.28,33300630.0,58483476343.0
BK0737.DC,20230216,847.05,857.85,826.83,832.55,850.41,-17.86,-2.1,40243765.0,68065419871.0
BK0737.DC,20230217,832.03,836.33,807.73,807.91,832.55,-24.64,-2.96,31677290.0,53765722181.0
BK0737.DC,20230220,809.25,823.36,805.49,823.36,807.91,15.45,1.91,25917637.0,46605757085.0
BK0737.DC,20230221,824.4,837.52,815.7,821.92,823.36,-1.44,-0.17,33307739.0,54492629299.0
BK0737.DC,20230222,816.76,831.35,809.54,828.06,821.92,6.14,0.75,28888671.0,48012234533.0
BK0737.DC,20230223,827.63,828.02,809.91,812.15,828.06,-15.91,-1.92,27875100.0,44499969226.0
BK0737.DC,20230224,813.4,822.47,812.5,817.65,812.15,5.5,0.68,25304919.0,40693677608.0
BK0737.DC,20230227,813.75,818.86,802.41,803.31,817.65,-14.34,-1.75,24727577.0,39413465994.0
BK0737.DC,20230228,815.45,829.02,807.72,819.32,803.3100000000001,16.01,1.99,30233924.0,50759697658.0
BK0737.DC,20230301,818.65,849.58,818.65,849.0,819.32,29.68,3.62,41754526.0,71175548929.0
BK0737.DC,20230302,847.79,854.8,846.07,850.46,849.0,1.46,0.17,35935773.0,65207112855.0
BK0737.DC,20230303,845.46,848.83,832.61,842.34,850.46,-8.12,-0.95,32585074.0,56930399583.0
BK0737.DC,20230306,842.21,844.68,837.34,841.65,842.34,-0.69,-0.08,24452879.0,43532430871.0
BK0737.DC,20230307,841.92,848.14,821.94,822.43,841.65,-19.22,-2.28,26618223.0,45287634940.0
BK0737.DC,20230308,822.77,843.73,822.77,843.73,822.4300000000001,21.3,2.59,26658713.0,45762436273.0
BK0737.DC,20230309,843.27,850.46,832.09,847.58,843.73,3.85,0.46,24144425.0,42471000022.0
BK0737.DC,20230310,840.82,858.09,840.32,850.69,847.58,3.11,0.37,27942868.0,49042957507.0
BK0737.DC,20230313,847.94,875.38,842.25,875.38,850.6899999999999,24.69,2.9,33745748.0,63085417132.0
BK0737.DC,20230314,871.93,873.34,855.16,864.32,875.38,-11.06,-1.26,33361880.0,60838194972.0
BK0737.DC,20230315,868.92,870.96,850.73,851.59,864.32,-12.73,-1.47,27217269.0,49950768648.0
BK0737.DC,20230316,846.87,856.59,836.5,846.86,851.59,-4.73,-0.56,26745916.0,47561898936.0
BK0737.DC,20230317,852.69,876.96,852.69,872.44,846.86,25.58,3.02,35200914.0,69455036337.0
BK0737.DC,20230320,876.21,879.57,861.84,862.69,872.44,-9.75,-1.12,35149375.0,68637341285.0
BK0737.DC,20230321,862.1,879.56,854.12,879.14,862.6899999999999,16.45,1.91,31215570.0,57280890819.0
BK0737.DC,20230322,879.72,892.59,874.75,892.59,879.14,13.45,1.53,36046052.0,68046071085.0
BK0737.DC,20230323,888.53,902.31,880.36,902.31,892.5899999999999,9.72,1.09,43068934.0,84024201172.0
BK0737.DC,20230324,902.61,918.94,894.86,917.29,902.31,14.98,1.66,48006820.0,93464899145.0
BK0737.DC,20230327,921.55,935.8,912.7,934.26,917.29,16.97,1.85,53549530.0,110488910991.0
BK0737.DC,20230328,930.28,936.01,913.68,920.67,934.26,-13.59,-1.45,51040314.0,104412955720.0
BK0737.DC,20230329,919.35,931.3,907.93,918.83,920.6700000000001,-1.84,-0.2,46862313.0,95525969416.0
BK0737.DC,20230330,917.05,917.05,895.55,900.03,918.8299999999999,-18.8,-2.05,42563314.0,81769353505.0
BK0737.DC,20230331,899.4,923.27,891.54,922.06,900.03,22.03,2.45,41836571.0,86398872213.0
BK0737.DC,20230403,924.05,958.04,923.02,958.04,922.06,35.98,3.9,53629699.0,119393804658.0
BK0737.DC,20230404,959.09,971.61,945.62,960.94,958.0400000000001,2.9,0.3,54008710.0,123167481875.0
BK0737.DC,20230406,946.1,957.44,939.8,947.17,960.9399999999999,-13.77,-1.43,45832701.0,104082704481.0
BK0737.DC,20230407,948.86,965.22,934.99,965.22,947.1700000000001,18.05,1.91,41511790.0,89503623106.0
BK0737.DC,20230410,965.76,968.27,918.5,921.72,965.22,-43.5,-4.51,44488695.0,98522526666.0
BK0737.DC,20230411,920.46,936.61,912.76,932.79,921.7199999999999,11.07,1.2,39509115.0,84091302344.0
BK0737.DC,20230412,933.69,961.06,929.4,960.51,932.79,27.72,2.97,43698545.0,95686482883.0
BK0737.DC,20230413,955.68,970.01,947.55,949.23,960.51,-11.28,-1.17,43420053.0,93071729718.0
BK0737.DC,20230414,951.22,961.04,929.52,951.03,949.23,1.8,0.19,38230840.0,79335263852.0
BK0737.DC,20230417,948.59,948.81,924.56,928.82,951.0300000000001,-22.21,-2.34,33638065.0,70012405890.0
BK0737.DC,20230418,924.73,929.03,909.76,920.76,928.8199999999999,-8.06,-0.87,30886854.0,68364273727.0
BK0737.DC,20230419,917.99,936.49,917.68,921.76,920.76,1.0,0.11,34625196.0,74364857748.0
BK0737.DC,20230420,918.68,932.44,916.28,932.42,921.76,10.66,1.16,35882833.0,83198261210.0
BK0737.DC,20230421,930.03,930.03,879.45,879.51,932.42,-52.91,-5.67,40856172.0,89911997093.0
BK0737.DC,20230424,878.42,888.43,870.38,875.98,879.51,-3.53,-0.4,30304121.0,67862044714.0
BK0737.DC,20230425,873.78,874.74,845.68,857.2,875.98,-18.78,-2.14,32279940.0,71509305270.0
BK0737.DC,20230426,853.59,862.16,828.87,835.14,857.1999999999999,-22.06,-2.57,32982004.0,71990145349.0
BK0737.DC,20230427,830.23,842.56,819.08,823.87,835.14,-11.27,-1.35,28410222.0,59425605531.0
BK0737.DC,20230428,822.21,855.94,822.21,855.43,823.87,31.56,3.83,31093434.0,62678033736.0
BK0737.DC,20230504,853.44,861.52,835.5,847.75,855.43,-7.68,-0.9,31351947.0,61447709151.0
BK0737.DC,20230505,846.15,865.83,843.52,863.17,847.75,15.42,1.82,28326239.0,57995649787.0
BK0737.DC,20230508,865.04,880.75,858.61,880.6,863.1700000000001,17.43,2.02,29727867.0,65588871345.0
BK0737.DC,20230509,876.92,882.57,861.17,861.89,880.6,-18.71,-2.12,32155391.0,70444522070.0
BK0737.DC,20230510,858.2,872.46,853.76,861.5,861.89,-0.39,-0.05,25869870.0,59483721794.0
BK0737.DC,20230511,863.79,872.6,859.39,867.18,861.5,5.68,0.66,23773837.0,52860640158.0
BK0737.DC,20230512,863.44,872.83,858.6,858.94,867.1800000000001,-8.24,-0.95,22094554.0,46430554499.0
BK0737.DC,20230515,858.31,860.37,837.78,854.99,858.94,-3.95,-0.46,21688012.0,45685415785.0
BK0737.DC,20230516,854.23,854.37,831.51,833.63,854.99,-21.36,-2.5,22981565.0,46486116250.0
BK0737.DC,20230517,830.59,846.8,828.42,846.37,833.63,12.74,1.53,18898486.0,37706441905.0
BK0737.DC,20230518,846.99,865.67,844.73,865.67,846.37,19.3,2.28,26369756.0,55216517476.0
BK0737.DC,20230519,865.07,870.02,859.49,865.95,865.6700000000001,0.28,0.03,21175506.0,45765422938.0
BK0737.DC,20230522,865.67,865.72,855.97,861.16,865.9499999999999,-4.79,-0.55,20432025.0,41495454725.0
BK0737.DC,20230523,860.34,860.34,847.87,847.89,861.16,-13.27,-1.54,20405232.0,39340668096.0
BK0737.DC,20230524,844.7,856.37,841.12,849.56,847.89,1.67,0.2,21511693.0,44313500702.0
BK0737.DC,20230525,848.87,855.87,828.08,841.9,849.56,-7.66,-0.9,21482512.0,43049102715.0
BK0737.DC,20230526,842.97,862.06,840.65,860.44,841.9000000000001,18.54,2.2,21755617.0,45438395480.0
BK0737.DC,20230529,862.66,868.54,857.89,861.81,860.4399999999999,1.37,0.16,24359670.0,49774766222.0
BK0737.DC,20230530,860.86,879.32,852.05,879.32,861.8100000000001,17.51,2.03,29505738.0,61011062817.0
BK0737.DC,20230531,880.09,896.04,880.09,894.95,879.32,15.63,1.78,32711866.0,64159985192.0
BK0737.DC,20230601,889.81,912.22,886.62,905.21,894.95,10.26,1.15,35617139.0,74362803408.0
BK0737.DC,20230602,906.0,913.45,904.97,908.04,905.2099999999999,2.83,0.31,27791607.0,58871731515.0
BK0737.DC,20230605,907.01,915.74,907.01,912.52,908.04,4.48,0.49,25226210.0,53325030052.0
BK0737.DC,20230606,911.88,913.42,887.15,890.4,912.52,-22.12,-2.42,28014718.0,56817688581.0
BK0737.DC,20230607,890.15,908.87,885.67,907.58,890.4000000000001,17.18,1.93,24511811.0,49619436216.0
BK0737.DC,20230608,905.74,906.01,889.52,900.07,907.58,-7.51,-0.83,25353189.0,50111390782.0
BK0737.DC,20230609,900.25,913.61,897.18,913.38,900.07,13.31,1.48,28255405.0,60543006699.0
BK0737.DC,20230612,914.26,918.99,909.61,912.19,913.3800000000001,-1.19,-0.13,25921246.0,57798912013.0
BK0737.DC,20230613,911.44,928.75,905.11,927.39,912.1899999999999,15.2,1.67,38111485.0,81760617242.0
BK0737.DC,20230614,926.9,933.56,922.77,927.04,927.39,-0.35,-0.04,33233692.0,71946056349.0
BK0737.DC,20230615,926.04,928.58,910.19,911.07,927.0400000000001,-15.97,-1.72,27923190.0,60285996228.0
BK0737.DC,20230616,909.8,932.06,903.95,930.78,911.0699999999999,19.71,2.16,30382978.0,66849201479.0
BK0737.DC,20230619,932.51,956.74,932.32,955.58,930.7800000000001,24.8,2.66,34927965.0,82204142815.0
BK0737.DC,20230620,953.28,963.49,946.88,959.63,955.58,4.05,0.42,37056744.0,90879799006.0
BK0737.DC,20230621,956.09,956.09,924.89,924.92,959.63,-34.71,-3.62,32142672.0,74460817182.0
BK0737.DC,20230626,915.35,920.52,875.94,877.32,924.9200000000001,-47.6,-5.15,29767213.0,64658327769.0
BK0737.DC,20230627,878.73,887.82,876.86,885.58,877.32,8.26,0.94,21735916.0,47325853652.0
BK0737.DC,20230628,885.17,885.17,843.41,864.16,885.5799999999999,-21.42,-2.42,26727431.0,56636516908.0
BK0737.DC,20230629,863.12,881.38,861.24,877.27,864.16,13.11,1.52,21941956.0,46358939439.0
BK0737.DC,20230630,874.77,883.79,868.73,880.97,877.27,3.7,0.42,21580694.0,46575388337.0
BK0737.DC,20230703,882.29,885.57,861.7,880.45,880.97,-0.52,-0.06,24476106.0,52669376571.0
BK0737.DC,20230704,877.32,889.53,875.7,888.85,880.45,8.4,0.95,23885341.0,46751099748.0
BK0737.DC,20230705,889.96,900.55,880.34,881.07,888.85,-7.78,-0.88,24337592.0,46758540489.0
BK0737.DC,20230706,879.31,890.77,874.98,879.27,881.0699999999999,-1.8,-0.2,21303379.0,46038321771.0
BK0737.DC,20230707,877.66,877.68,856.8,865.13,879.27,-14.14,-1.61,24177643.0,51672462204.0
BK0737.DC,20230710,866.78,868.47,859.19,860.4,865.13,-4.73,-0.55,18531129.0,37468967404.0
BK0737.DC,20230711,860.98,866.89,857.67,862.55,860.4,2.15,0.25,21424868.0,46115303152.0
BK0737.DC,20230712,861.87,863.2,840.38,840.99,862.55,-21.56,-2.5,23801107.0,46773513409.0
BK0737.DC,20230713,842.95,856.09,840.37,854.17,840.99,13.18,1.57,22511399.0,45422525615.0
BK0737.DC,20230714,855.45,883.98,855.45,877.34,854.1700000000001,23.17,2.71,27933138.0,57217685419.0
BK0737.DC,20230717,879.34,887.83,875.53,879.59,877.34,2.25,0.26,23515452.0,44846384186.0
BK0737.DC,20230718,879.34,880.07,865.03,866.1,879.59,-13.49,-1.53,19637623.0,38645986465.0
BK0737.DC,20230719,869.64,875.92,866.6,870.06,866.0999999999999,3.96,0.46,17411759.0,40929152642.0
BK0737.DC,20230720,870.05,870.21,851.31,852.23,870.0600000000001,-17.83,-2.05,20942904.0,41776504834.0
BK0737.DC,20230721,849.13,851.97,838.51,839.8,852.2299999999999,-12.43,-1.46,16557346.0,29858740783.0
BK0737.DC,20230724,838.08,855.17,835.36,844.37,839.8,4.57,0.54,15877949.0,30270181525.0
BK0737.DC,20230725,853.01,862.35,848.2,862.18,844.37,17.81,2.11,21556856.0,45001149713.0
BK0737.DC,20230726,860.61,860.61,846.05,848.23,862.1800000000001,-13.95,-1.62,19309266.0,37994400467.0
BK0737.DC,20230727,846.78,849.0,833.67,834.32,848.23,-13.91,-1.64,16244038.0,30728521064.0
BK0737.DC,20230728,833.64,847.74,828.44,846.22,834.32,11.9,1.43,20498836.0,41667449635.0
BK0737.DC,20230731,846.41,855.25,842.08,850.45,846.22,4.23,0.5,23013004.0,46536336452.0
BK0737.DC,20230801,849.48,854.89,843.24,851.65,850.4499999999999,1.2,0.14,20644261.0,43017211741.0
BK0737.DC,20230802,848.32,856.94,845.9,856.92,851.65,5.27,0.62,19268766.0,39552857373.0
BK0737.DC,20230803,853.99,860.1,851.58,857.86,856.92,0.94,0.11,19731103.0,39277347572.0
BK0737.DC,20230804,860.84,888.32,860.84,881.97,857.86,24.11,2.81,32748275.0,64625635809.0
BK0737.DC,20230807,881.53,889.59,881.05,889.44,881.97,7.47,0.85,26802128.0,55064269431.0
BK0737.DC,20230808,887.17,888.95,879.95,880.62,889.44,-8.82,-0.99,21382388.0,45323517210.0
BK0737.DC,20230809,877.8,892.79,876.6,878.88,880.62,-1.74,-0.2,21448763.0,43830198994.0
BK0737.DC,20230810,875.21,882.69,871.85,881.17,878.88,2.29,0.26,21161148.0,44451200867.0
BK0737.DC,20230811,879.51,879.51,858.13,858.25,881.17,-22.92,-2.6,21601978.0,42169109048.0
BK0737.DC,20230814,849.13,876.93,847.89,876.26,858.25,18.01,2.1,23315228.0,46669847714.0
BK0737.DC,20230815,875.21,876.2,857.15,867.54,876.26,-8.72,-1.0,21514716.0,43427011508.0
BK0737.DC,20230816,864.52,868.92,850.74,854.03,867.54,-13.51,-1.56,24655369.0,51663882098.0
BK0737.DC,20230817,848.7,863.75,838.61,861.96,854.0300000000001,7.93,0.93,23451712.0,47744083800.0
BK0737.DC,20230818,862.66,874.74,844.78,844.78,861.9599999999999,-17.18,-1.99,22727482.0,45697438051.0
BK0737.DC,20230821,842.16,861.88,842.16,844.85,844.78,0.07,0.01,20473335.0,41438651187.0
BK0737.DC,20230822,852.14,873.68,847.56,873.64,844.85,28.79,3.41,30185867.0,59570100790.0
BK0737.DC,20230823,869.45,870.67,852.47,852.77,873.64,-20.87,-2.39,28853645.0,54154072115.0
BK0737.DC,20230824,855.34,861.0,842.74,844.0,852.77,-8.77,-1.03,29274562.0,55843438170.0
BK0737.DC,20230825,834.15,837.81,804.08,808.68,844.0,-35.32,-4.18,29497946.0,52953583861.0
BK0737.DC,20230828,866.94,867.19,805.41,805.56,808.68,-3.12,-0.39,33209701.0,67563850167.0
BK0737.DC,20230829,801.11,846.66,800.97,843.3,805.56,37.74,4.68,29965770.0,59177019064.0
BK0737.DC,20230830,843.1,869.62,843.1,866.96,843.3000000000001,23.66,2.81,32004082.0,64171552224.0
BK0737.DC,20230831,863.03,869.28,857.45,862.95,866.96,-4.01,-0.46,24428269.0,49011278587.0
BK0737.DC,20230901,862.45,864.54,847.31,850.24,862.95,-12.71,-1.47,19115394.0,37730079405.0
BK0737.DC,20230904,854.24,861.67,846.63,861.67,850.24,11.43,1.34,22972592.0,43772765603.0
BK0737.DC,20230905,859.26,861.07,848.63,851.15,861.67,-10.52,-1.22,22806812.0,45086708166.0
BK0737.DC,20230906,847.68,856.74,837.83,855.95,851.1500000000001,4.8,0.56,21119143.0,40867854066.0
BK0737.DC,20230907,853.84,864.22,848.9,849.42,855.9499999999999,-6.53,-0.76,24673802.0,44999992463.0
BK0737.DC,20230908,845.71,856.39,837.05,852.88,849.42,3.46,0.41,26080376.0,46208298615.0
BK0737.DC,20230911,853.2,862.93,844.52,856.91,852.88,4.03,0.47,25603208.0,48428281339.0
BK0737.DC,20230912,854.98,858.22,849.69,850.35,856.91,-6.56,-0.77,21653232.0,38671298548.0
BK0737.DC,20230913,847.96,848.07,824.13,831.27,850.35,-19.08,-2.24,21827899.0,38714214863.0
BK0737.DC,20230914,830.01,830.44,814.76,820.14,831.27,-11.13,-1.34,16258724.0,29458956700.0
BK0737.DC,20230915,821.69,822.39,808.29,810.89,820.14,-9.25,-1.13,15507242.0,28135800231.0
BK0737.DC,20230918,808.19,818.29,804.95,811.2,810.8900000000001,0.31,0.04,14070874.0,25958900561.0
BK0737.DC,20230919,809.84,809.84,794.22,795.61,811.2,-15.59,-1.92,14247874.0,25673589120.0
BK0737.DC,20230920,794.37,801.83,790.17,790.5,795.61,-5.11,-0.64,14456185.0,25780010932.0
BK0737.DC,20230921,788.15,797.76,786.4,788.33,790.5,-2.17,-0.27,15451588.0,25138228877.0
BK0737.DC,20230922,786.85,814.12,785.8,814.1,788.33,25.77,3.27,22595767.0,44016548783.0
BK0737.DC,20230925,813.59,814.16,801.87,806.88,814.1,-7.22,-0.89,20071290.0,38123405303.0
BK0737.DC,20230926,804.72,818.22,804.47,812.13,806.88,5.25,0.65,18919930.0,39066840107.0
BK0737.DC,20230927,810.17,816.85,806.13,810.44,812.1300000000001,-1.69,-0.21,17854944.0,33074178244.0
BK0737.DC,20230928,812.77,819.27,811.94,816.75,810.44,6.31,0.78,16850583.0,29908005930.0
BK0737.DC,20231009,815.57,818.79,810.93,815.88,816.75,-0.87,-0.11,18937859.0,33976649227.0
BK0737.DC,20231010,818.42,829.21,818.42,826.35,815.88,10.47,1.28,27455601.0,45162884252.0
BK0737.DC,20231011,827.26,840.74,819.52,832.91,826.35,6.56,0.79,29628523.0,51856638083.0
BK0737.DC,20231012,835.58,837.22,825.98,828.87,832.91,-4.04,-0.49,24823535.0,41857072657.0
BK0737.DC,20231013,824.29,825.28,816.78,818.73,828.87,-10.14,-1.22,23430045.0,38295122050.0
BK0737.DC,20231016,819.09,821.03,809.73,815.24,818.73,-3.49,-0.43,25656539.0,40527855472.0
BK0737.DC,20231017,817.65,821.91,811.13,821.78,815.24,6.54,0.8,27254122.0,42791339189.0
BK0737.DC,20231018,815.78,815.78,797.45,805.73,821.78,-16.05,-1.95,28368393.0,46414169208.0
BK0737.DC,20231019,802.18,819.22,798.76,799.21,805.73,-6.52,-0.81,28880628.0,48093334679.0
BK0737.DC,20231020,794.94,802.01,777.57,778.53,799.2099999999999,-20.68,-2.59,25008355.0,41016780784.0
BK0737.DC,20231023,775.02,775.16,749.87,754.12,778.53,-24.41,-3.14,23174818.0,36265533253.0
BK0737.DC,20231024,757.26,775.66,749.08,770.51,754.12,16.39,2.17,23049003.0,41445357950.0
BK0737.DC,20231025,774.24,794.78,772.18,786.0,770.51,15.49,2.01,25447136.0,43990623114.0
BK0737.DC,20231026,781.71,792.34,779.51,791.93,786.0,5.93,0.75,24834597.0,42635710364.0
BK0737.DC,20231027,788.99,790.71,774.9,787.39,791.93,-4.54,-0.57,24282628.0,41578740935.0
BK0737.DC,20231030,784.49,804.73,783.69,802.75,787.39,15.36,1.95,24230493.0,42262209980.0
BK0737.DC,20231031,802.7,805.2,788.85,794.81,802.75,-7.94,-0.99,23529562.0,38273639520.0
BK0737.DC,20231101,794.93,799.44,787.78,788.26,794.81,-6.55,-0.82,17802747.0,29631822675.0
BK0737.DC,20231102,787.64,793.19,777.78,777.78,788.26,-10.48,-1.33,17485405.0,28987208851.0
BK0737.DC,20231103,779.55,799.46,779.55,796.29,777.78,18.51,2.38,19555492.0,34607239327.0
BK0737.DC,20231106,801.14,822.54,801.14,822.5,796.29,26.21,3.29,24472575.0,44332964621.0
BK0737.DC,20231107,821.65,834.21,818.33,832.8,822.5,10.3,1.25,24027196.0,43560243598.0
BK0737.DC,20231108,834.38,851.84,833.92,843.34,832.8000000000001,10.54,1.27,29912717.0,52582662127.0
BK0737.DC,20231109,843.19,851.99,836.15,842.34,843.34,-1.0,-0.12,28051829.0,45484061407.0
BK0737.DC,20231110,837.57,841.21,831.57,833.04,842.3399999999999,-9.3,-1.1,22306617.0,37884031337.0
BK0737.DC,20231113,837.62,857.55,837.62,856.55,833.04,23.51,2.82,28950610.0,52562364025.0
BK0737.DC,20231114,859.61,879.61,858.73,879.61,856.5500000000001,23.06,2.69,34240202.0,61397282989.0
BK0737.DC,20231115,887.24,888.96,875.79,878.09,879.61,-1.52,-0.17,31980072.0,61234522633.0
BK0737.DC,20231116,874.74,884.5,869.92,871.78,878.0899999999999,-6.31,-0.72,28617701.0,49730968137.0
BK0737.DC,20231117,870.19,875.7,867.82,874.82,871.7800000000001,3.04,0.35,25385289.0,43532471630.0
BK0737.DC,20231120,876.69,889.68,873.59,886.84,874.82,12.02,1.37,28537077.0,49377886070.0
BK0737.DC,20231121,888.49,896.72,880.32,883.29,886.8399999999999,-3.55,-0.4,29683128.0,49312840286.0
BK0737.DC,20231122,879.63,898.66,879.63,893.2,883.2900000000001,9.91,1.12,26861612.0,42800123792.0
BK0737.DC,20231123,892.96,900.09,881.84,895.59,893.2,2.39,0.27,25411868.0,40709182406.0
BK0737.DC,20231124,895.43,895.96,878.04,882.24,895.59,-13.35,-1.49,23754846.0,39530403805.0
BK0737.DC,20231127,884.21,905.51,884.21,901.4,882.24,19.16,2.17,19977753.0,34880229914.0
BK0737.DC,20231128,894.38,904.91,890.31,900.89,901.4,-0.51,-0.06,18811407.0,33093842421.0
BK0737.DC,20231129,899.92,902.63,882.71,883.29,900.89,-17.6,-1.95,17203487.0,29493450632.0
BK0737.DC,20231130,882.44,885.55,864.05,875.51,883.29,-7.78,-0.88,17027804.0,28725854985.0
BK0737.DC,20231201,876.13,898.99,873.68,894.66,875.51,19.15,2.19,21779466.0,40952764983.0
BK0737.DC,20231204,894.4,909.59,892.8,900.79,894.66,6.13,0.69,25468365.0,47299413948.0
BK0737.DC,20231205,897.89,897.89,883.04,883.04,900.79,-17.75,-1.97,24691646.0,42005704053.0
BK0737.DC,20231206,880.28,891.42,873.68,881.39,883.04,-1.65,-0.19,19842204.0,34633955420.0
BK0737.DC,20231207,879.82,910.77,879.82,906.92,881.39,25.53,2.9,24932239.0,46717920423.0
BK0737.DC,20231208,911.01,921.63,906.65,910.53,906.92,3.61,0.4,29017416.0,57875225313.0
BK0737.DC,20231211,908.64,924.02,896.7,923.05,910.53,12.52,1.38,25908029.0,52352421040.0
BK0737.DC,20231212,921.33,932.54,919.81,930.05,923.05,7.0,0.76,25208481.0,47856330843.0
BK0737.DC,20231213,926.84,930.95,921.31,921.39,930.05,-8.66,-0.93,23141491.0,44723828760.0
BK0737.DC,20231214,921.93,927.96,908.4,908.66,921.39,-12.73,-1.38,20968591.0,38173313925.0
BK0737.DC,20231215,907.74,909.25,895.6,899.63,908.66,-9.03,-0.99,18340479.0,33164952311.0
BK0737.DC,20231218,898.89,911.77,886.01,888.59,899.63,-11.04,-1.23,18750417.0,33157168144.0
BK0737.DC,20231219,885.56,898.1,879.59,894.75,888.59,6.16,0.69,16554846.0,31746968033.0
BK0737.DC,20231220,894.8,895.93,876.29,876.46,894.75,-18.29,-2.04,18542386.0,35313418161.0
BK0737.DC,20231221,872.27,879.23,856.37,867.28,876.4599999999999,-9.18,-1.05,18489614.0,35080254450.0
BK0737.DC,20231222,864.12,864.86,843.11,846.21,867.2800000000001,-21.07,-2.43,20356042.0,35310271389.0
BK0737.DC,20231225,846.39,854.47,837.59,844.75,846.21,-1.46,-0.17,15771484.0,26825582147.0
BK0737.DC,20231226,845.01,845.01,823.39,829.5,844.75,-15.25,-1.81,16753647.0,28135173277.0
BK0737.DC,20231227,830.9,842.99,830.9,839.8,829.5,10.3,1.24,16900768.0,29950887759.0
BK0737.DC,20231228,837.22,860.59,828.4,855.04,839.8,15.24,1.81,19512269.0,35641047435.0
BK0737.DC,20231229,853.73,875.87,853.73,874.76,855.04,19.72,2.31,18302591.0,34901827589.0
BK0737.DC,20240102,876.53,877.1,869.66,870.1,874.76,-4.66,-0.53,16060501.0,29998819114.0
BK0737.DC,20240103,866.47,869.47,854.3,862.28,870.1,-7.82,-0.9,15447950.0,31791276246.0
BK0737.DC,20240104,861.27,869.31,854.62,860.6,862.28,-1.68,-0.19,16839230.0,33097885733.0
BK0737.DC,20240105,863.46,864.59,838.65,843.56,860.5999999999999,-17.04,-1.98,18433359.0,31365585378.0
BK0737.DC,20240108,839.76,839.76,818.08,818.08,843.5600000000001,-25.48,-3.02,18427762.0,30923475487.0
BK0737.DC,20240109,819.67,828.13,802.52,809.83,818.08,-8.25,-1.01,17691810.0,30378685604.0
BK0737.DC,20240110,807.49,807.49,787.6,793.33,809.83,-16.5,-2.04,15389513.0,25217633372.0
BK0737.DC,20240111,793.19,824.24,793.19,820.83,793.33,27.5,3.47,19108757.0,33045432350.0
BK0737.DC,20240112,818.0,820.04,794.77,794.82,820.83,-26.01,-3.17,17498062.0,28785864623.0
BK0737.DC,20240115,791.74,794.09,783.33,786.11,794.82,-8.71,-1.1,14068235.0,24406547144.0
BK0737.DC,20240116,786.35,790.26,769.39,790.26,786.11,4.15,0.53,17084908.0,29185742221.0
BK0737.DC,20240117,788.93,794.81,772.9,772.9,790.26,-17.36,-2.2,15118391.0,25412674362.0
BK0737.DC,20240118,767.83,779.01,753.34,779.01,772.9,6.11,0.79,20690059.0,34138798971.0
BK0737.DC,20240119,776.75,779.83,764.19,764.2,779.01,-14.81,-1.9,16527363.0,27488384137.0
BK0737.DC,20240122,762.9,765.73,714.91,721.67,764.1999999999999,-42.53,-5.57,20976335.0,32082934435.0
BK0737.DC,20240123,720.72,736.23,715.85,733.73,721.6700000000001,12.06,1.67,20824282.0,34988140715.0
BK0737.DC,20240124,736.43,744.7,712.24,742.48,733.73,8.75,1.19,21724344.0,35792557317.0
BK0737.DC,20240125,740.96,768.06,734.1,764.88,742.48,22.4,3.02,23427950.0,38674444489.0
BK0737.DC,20240126,763.4,774.44,756.92,757.51,764.88,-7.37,-0.96,21033974.0,32839820344.0
BK0737.DC,20240129,757.67,761.75,720.5,720.5,757.51,-37.01,-4.89,20497760.0,30804598451.0
BK0737.DC,20240130,715.44,722.81,697.1,698.51,720.5,-21.99,-3.05,16968546.0,24989860878.0
BK0737.DC,20240131,692.87,696.11,658.79,660.4,698.51,-38.11,-5.46,23223793.0,31557725436.0
BK0737.DC,20240201,655.46,671.18,642.29,652.32,660.4000000000001,-8.08,-1.22,21208896.0,30364247204.0
BK0737.DC,20240202,653.83,664.87,594.73,617.41,652.3199999999999,-34.91,-5.35,24396167.0,31791525742.0
BK0737.DC,20240205,609.24,609.24,538.74,552.49,617.41,-64.92,-10.51,29191078.0,34420331769.0
BK0737.DC,20240206,540.72,586.18,519.12,573.5,552.49,21.01,3.8,30506814.0,35764549672.0
BK0737.DC,20240207,574.62,586.26,552.0,561.47,573.5,-12.03,-2.1,31173747.0,38767902553.0
BK0737.DC,20240208,563.56,610.66,561.93,610.36,561.47,48.89,8.71,31028131.0,38636216544.0
BK0737.DC,20240219,628.54,651.79,628.54,648.28,610.36,37.92,6.21,31514616.0,43382104005.0
BK0737.DC,20240220,647.1,659.77,637.79,658.23,648.28,9.95,1.53,26226872.0,38788190371.0
BK0737.DC,20240221,650.07,687.56,646.47,666.63,658.23,8.4,1.28,29169742.0,41840205400.0
BK0737.DC,20240222,670.68,694.87,670.68,694.83,666.63,28.2,4.23,29374073.0,42636949124.0
BK0737.DC,20240223,702.13,720.4,694.43,720.4,694.8299999999999,25.57,3.68,32472776.0,47466924400.0
BK0737.DC,20240226,720.07,739.28,712.4,726.53,720.4,6.13,0.85,33107468.0,48801956076.0
BK0737.DC,20240227,722.88,759.3,720.04,759.3,726.53,32.77,4.51,36622865.0,56992899782.0
BK0737.DC,20240228,760.8,774.85,699.41,699.45,759.3000000000001,-59.85,-7.88,46817419.0,71058185893.0
BK0737.DC,20240229,691.33,732.56,691.33,732.56,699.4499999999999,33.11,4.73,31793179.0,49229635900.0
BK0737.DC,20240301,734.66,755.01,732.55,752.46,732.5600000000001,19.9,2.72,36436890.0,58889570262.0
BK0737.DC,20240304,755.86,759.1,732.73,754.16,752.4599999999999,1.7,0.23,34469838.0,56249406624.0
BK0737.DC,20240305,748.26,753.45,737.56,740.91,754.16,-13.25,-1.76,30676362.0,56400810919.0
BK0737.DC,20240306,736.5,751.88,730.35,744.57,740.9100000000001,3.66,0.49,25238717.0,43647744056.0
BK0737.DC,20240307,745.75,751.2,723.55,723.55,744.5699999999999,-21.02,-2.82,27112083.0,45912746569.0
BK0737.DC,20240308,724.94,738.4,720.05,736.21,723.5500000000001,12.66,1.75,23042913.0,37437551461.0
BK0737.DC,20240311,733.12,751.35,730.91,751.35,736.21,15.14,2.06,26233995.0,43643655138.0
BK0737.DC,20240312,754.06,763.57,748.81,762.61,751.35,11.26,1.5,30217815.0,48529737178.0
BK0737.DC,20240313,764.48,780.43,764.48,771.43,762.6099999999999,8.82,1.16,33463155.0,55473001376.0
BK0737.DC,20240314,767.09,769.04,746.21,759.07,771.4300000000001,-12.36,-1.6,32414701.0,50664298020.0
BK0737.DC,20240315,754.78,767.69,747.5,767.69,759.07,8.62,1.14,25872920.0,41017694618.0
BK0737.DC,20240318,769.4,785.75,767.82,785.74,767.69,18.05,2.35,33354662.0,51544503725.0
BK0737.DC,20240319,784.53,795.03,784.15,785.93,785.7399999999999,0.19,0.02,31381377.0,50714659243.0
BK0737.DC,20240320,783.83,804.8,783.83,804.8,785.93,18.87,2.4,33756315.0,58263330835.0
BK0737.DC,20240321,807.35,814.56,796.52,803.09,804.8000000000001,-1.71,-0.21,34002146.0,63079498588.0
BK0737.DC,20240322,800.66,803.43,779.38,794.26,803.09,-8.83,-1.1,33344373.0,56835922935.0
BK0737.DC,20240325,792.8,797.59,764.88,764.91,794.26,-29.35,-3.7,35083140.0,56709532877.0
BK0737.DC,20240326,760.4,769.61,738.51,748.42,764.91,-16.49,-2.16,29915920.0,47680724999.0
BK0737.DC,20240327,746.85,747.01,712.25,712.32,748.4200000000001,-36.1,-4.82,27660343.0,41682743508.0
BK0737.DC,20240328,713.45,748.33,713.27,741.63,712.32,29.31,4.11,29965874.0,46611363138.0
BK0737.DC,20240329,740.43,742.84,726.61,741.84,741.63,0.21,0.03,22905054.0,34605820632.0
BK0737.DC,20240401,745.85,758.79,745.85,758.78,741.8399999999999,16.94,2.28,24128005.0,37073196408.0
BK0737.DC,20240402,757.4,757.57,738.81,743.21,758.7800000000001,-15.57,-2.05,23170495.0,34118133059.0
BK0737.DC,20240403,740.87,740.87,718.21,722.83,743.21,-20.38,-2.74,20978007.0,31169174654.0
BK0737.DC,20240408,720.37,720.37,700.4,700.42,722.8299999999999,-22.41,-3.1,19484771.0,28752938039.0
BK0737.DC,20240409,700.87,709.56,699.25,709.56,700.42,9.14,1.3,15617600.0,23027757757.0
BK0737.DC,20240410,707.75,707.75,686.58,693.92,709.56,-15.64,-2.2,17927176.0,25762956426.0
BK0737.DC,20240411,689.0,705.04,687.83,693.6,693.9200000000001,-0.32,-0.05,18974284.0,29832752442.0
BK0737.DC,20240412,693.1,700.51,683.31,683.71,693.6,-9.89,-1.43,17014042.0,26578418095.0
BK0737.DC,20240415,679.99,685.64,646.05,655.81,683.7099999999999,-27.9,-4.08,23356851.0,32614315658.0
BK0737.DC,20240416,650.35,650.35,604.68,604.68,655.81,-51.13,-7.8,24178646.0,31717794404.0
BK0737.DC,20240417,613.97,651.45,613.97,651.45,604.6800000000001,46.77,7.73,22165834.0,31167589081.0
BK0737.DC,20240418,650.51,663.44,639.91,648.96,651.45,-2.49,-0.38,20296213.0,29657311784.0
BK0737.DC,20240419,645.91,651.23,635.23,641.05,648.9599999999999,-7.91,-1.22,17563526.0,26728098601.0
BK0737.DC,20240422,636.84,649.09,624.29,641.25,641.05,0.2,0.03,16299800.0,23652244837.0
BK0737.DC,20240423,642.86,658.17,642.86,654.22,641.25,12.97,2.02,16771838.0,25547610172.0
BK0737.DC,20240424,655.25,678.25,655.25,678.25,654.22,24.03,3.67,20567538.0,31310941416.0
BK0737.DC,20240425,673.52,681.44,668.84,672.45,678.25,-5.8,-0.86,17656341.0,26534462102.0
BK0737.DC,20240426,672.78,698.08,670.33,696.56,672.4499999999999,24.11,3.59,26127748.0,42359350871.0
BK0737.DC,20240429,699.33,720.89,699.33,719.35,696.5600000000001,22.79,3.27,28557985.0,45608074192.0
BK0737.DC,20240430,719.77,723.18,706.11,711.43,719.3499999999999,-7.92,-1.1,25087828.0,38335108408.0
BK0737.DC,20240506,720.07,724.37,712.94,715.58,711.4300000000001,4.15,0.58,23667315.0,37118921506.0
BK0737.DC,20240507,713.79,722.12,711.21,719.04,715.5799999999999,3.46,0.48,23732372.0,35789725654.0
BK0737.DC,20240508,714.52,714.52,698.16,699.03,719.04,-20.01,-2.78,21406310.0,31602699476.0
BK0737.DC,20240509,699.36,707.98,699.36,706.03,699.03,7.0,1.0,16942034.0,27071586136.0
BK0737.DC,20240510,706.77,710.77,691.27,692.53,706.03,-13.5,-1.91,19203409.0,29125905989.0
BK0737.DC,20240513,687.44,687.44,671.4,673.44,692.5300000000001,-19.09,-2.76,18061047.0,27459073669.0
BK0737.DC,20240514,676.18,685.14,675.44,682.83,673.44,9.39,1.39,16405988.0,25681756402.0
BK0737.DC,20240515,680.6,684.14,672.61,673.38,682.83,-9.45,-1.38,15130617.0,21892540048.0
BK0737.DC,20240516,675.29,684.88,675.29,678.28,673.38,4.9,0.73,17894201.0,24225866806.0
BK0737.DC,20240517,680.06,692.5,675.29,692.5,678.28,14.22,2.1,21505821.0,28842268283.0
BK0737.DC,20240520,691.73,700.16,686.09,692.15,692.5,-0.35,-0.05,20739713.0,31641669609.0
BK0737.DC,20240521,691.68,692.66,681.03,683.1,692.15,-9.05,-1.31,15936843.0,25051443590.0
BK0737.DC,20240522,681.82,688.7,677.97,688.23,683.1,5.13,0.75,14468767.0,22168514554.0
BK0737.DC,20240523,688.22,688.44,676.81,677.45,688.23,-10.78,-1.57,18311826.0,25746539481.0
BK0737.DC,20240524,676.23,679.23,663.46,663.46,677.45,-13.99,-2.07,18592517.0,23818337695.0
BK0737.DC,20240527,663.87,666.5,651.52,666.23,663.46,2.77,0.42,17960722.0,23467715446.0
BK0737.DC,20240528,664.39,669.56,656.52,658.77,666.23,-7.46,-1.12,14404882.0,19193936116.0
BK0737.DC,20240529,658.44,665.31,653.43,656.73,658.77,-2.04,-0.31,14874151.0,18488182079.0
BK0737.DC,20240530,654.04,659.42,646.79,654.47,656.73,-2.26,-0.34,12521618.0,17357161981.0
BK0737.DC,20240531,654.88,669.92,654.88,667.41,654.4699999999999,12.94,1.98,15444001.0,22179669630.0
BK0737.DC,20240603,667.62,668.05,647.29,652.2,667.4100000000001,-15.21,-2.28,17002227.0,23338681783.0
BK0737.DC,20240604,649.34,649.54,633.04,642.0,652.2,-10.2,-1.56,16979642.0,22888603960.0
BK0737.DC,20240605,640.96,645.53,635.07,635.07,642.0,-6.93,-1.08,17270845.0,22411546006.0
BK0737.DC,20240606,634.57,636.73,597.81,600.57,635.07,-34.5,-5.43,23541065.0,27641662809.0
BK0737.DC,20240607,607.39,617.37,601.9,610.21,600.57,9.64,1.61,16879348.0,20993725064.0
BK0737.DC,20240611,607.75,624.46,598.93,624.17,610.2099999999999,13.96,2.29,16591350.0,21371996894.0
BK0737.DC,20240612,623.82,635.54,623.82,632.43,624.17,8.26,1.32,15437688.0,21516310569.0
BK0737.DC,20240613,632.95,641.3,628.07,636.37,632.43,3.94,0.62,15432784.0,22317584193.0
BK0737.DC,20240614,635.1,643.24,629.72,641.32,636.37,4.95,0.78,17674774.0,28069561544.0
BK0737.DC,20240617,638.62,642.71,635.1,637.6,641.32,-3.72,-0.58,17054915.0,24897582188.0
BK0737.DC,20240618,636.68,654.98,635.78,654.98,637.6,17.38,2.73,22092988.0,30339155807.0
BK0737.DC,20240619,657.07,664.99,657.01,659.57,654.98,4.59,0.7,24559513.0,33344793276.0
BK0737.DC,20240620,657.2,660.44,648.49,648.74,659.57,-10.83,-1.64,24747042.0,32511975250.0
BK0737.DC,20240621,645.37,651.66,638.64,647.42,648.74,-1.32,-0.2,21257647.0,26246987568.0
BK0737.DC,20240624,640.0,640.0,620.8,621.91,647.42,-25.51,-3.94,23964399.0,29709581466.0
BK0737.DC,20240625,621.31,626.87,604.83,613.22,621.9100000000001,-8.69,-1.4,23501209.0,28087057417.0
BK0737.DC,20240626,611.34,643.28,606.66,642.8,613.2199999999999,29.58,4.82,25880161.0,33100473560.0
BK0737.DC,20240627,639.63,644.05,630.86,630.86,642.8000000000001,-11.94,-1.86,22195089.0,28168607221.0
BK0737.DC,20240628,629.14,639.79,624.25,625.55,630.8599999999999,-5.31,-0.84,22036920.0,29166556132.0
BK0737.DC,20240701,625.01,627.2,613.81,625.33,625.5500000000001,-0.22,-0.04,18674316.0,24481636242.0
BK0737.DC,20240702,629.61,648.37,629.61,640.41,625.3299999999999,15.08,2.41,25556832.0,32547515058.0
BK0737.DC,20240703,638.98,639.29,623.76,623.81,640.41,-16.6,-2.59,24142317.0,29938017103.0
BK0737.DC,20240704,623.51,628.5,603.65,603.65,623.81,-20.16,-3.23,22842218.0,26510057336.0
BK0737.DC,20240705,601.88,616.16,593.7,612.25,603.65,8.6,1.42,20030758.0,23090227933.0
BK0737.DC,20240708,608.86,608.86,585.58,587.45,612.25,-24.8,-4.05,20253741.0,22746726060.0
BK0737.DC,20240709,586.92,598.56,573.6,597.77,587.4499999999999,10.32,1.76,20922532.0,23951587384.0
BK0737.DC,20240710,594.28,605.41,591.6,596.95,597.7700000000001,-0.82,-0.14,20242812.0,22350324497.0
BK0737.DC,20240711,606.73,615.11,603.3,614.19,596.95,17.24,2.89,23509970.0,26534793879.0
BK0737.DC,20240712,612.76,616.49,605.95,607.63,614.1899999999999,-6.56,-1.07,19474606.0,21567431632.0
BK0737.DC,20240715,606.88,607.12,595.08,597.04,607.63,-10.59,-1.74,17350876.0,18994691451.0
BK0737.DC,20240716,594.9,606.13,591.82,605.18,597.04,8.14,1.36,16841980.0,21423969009.0
BK0737.DC,20240717,604.16,608.67,600.25,600.25,605.18,-4.93,-0.81,17195137.0,20893503435.0
BK0737.DC,20240718,594.64,598.25,580.52,593.33,600.25,-6.92,-1.15,18323720.0,21534851216.0
BK0737.DC,20240719,591.64,607.34,590.28,602.84,593.33,9.51,1.6,18198561.0,23363901584.0
BK0737.DC,20240722,612.66,625.87,612.66,621.84,602.84,19.0,3.15,24242056.0,31740466510.0
BK0737.DC,20240723,618.93,623.14,609.26,609.41,621.8399999999999,-12.43,-2.0,25563145.0,28839663360.0
BK0737.DC,20240724,605.83,609.91,593.6,594.48,609.41,-14.93,-2.45,21946485.0,24097729753.0
BK0737.DC,20240725,590.68,604.54,588.76,596.93,594.4799999999999,2.45,0.41,18452996.0,20182127714.0
BK0737.DC,20240726,595.59,605.31,595.59,602.6,596.9300000000001,5.67,0.95,16137011.0,18388915633.0
BK0737.DC,20240729,603.0,610.8,598.21,608.87,602.6,6.27,1.04,18309790.0,20289889330.0
BK0737.DC,20240730,605.91,617.46,603.6,613.68,608.87,4.81,0.79,18989637.0,20946972819.0
BK0737.DC,20240731,612.35,641.63,611.34,640.26,613.68,26.58,4.33,27914533.0,36176022310.0
BK0737.DC,20240801,637.88,643.44,635.54,639.7,640.26,-0.56,-0.09,23134291.0,29416844961.0
BK0737.DC,20240802,634.32,639.73,622.6,623.2,639.7,-16.5,-2.58,20850521.0,24672351457.0
BK0737.DC,20240805,617.2,628.71,600.57,600.57,623.2,-22.63,-3.63,20427144.0,24885449862.0
BK0737.DC,20240806,608.45,613.07,602.42,611.27,600.5699999999999,10.7,1.78,14947671.0,19105318379.0
BK0737.DC,20240807,611.2,618.53,610.9,613.0,611.27,1.73,0.28,14872258.0,18031668380.0
BK0737.DC,20240808,610.1,610.68,595.82,602.96,613.0,-10.04,-1.64,15949904.0,18473283761.0
BK0737.DC,20240809,606.29,608.67,596.05,596.05,602.9599999999999,-6.91,-1.15,13576969.0,15400442785.0
BK0737.DC,20240812,594.17,594.26,584.47,586.84,596.0500000000001,-9.21,-1.55,13494093.0,14941747679.0
BK0737.DC,20240813,586.72,591.29,582.34,591.29,586.8399999999999,4.45,0.76,11027924.0,12242915010.0
BK0737.DC,20240814,591.31,595.24,588.37,590.84,591.2900000000001,-0.45,-0.08,13288855.0,14504892662.0
BK0737.DC,20240815,589.34,605.08,584.4,600.43,590.8399999999999,9.59,1.62,17805686.0,19638897848.0
BK0737.DC,20240816,600.15,604.09,598.12,598.75,600.43,-1.68,-0.28,16091283.0,17423487044.0
BK0737.DC,20240819,599.22,611.7,599.22,604.1,598.75,5.35,0.89,18690330.0,22274131251.0
BK0737.DC,20240820,602.57,602.87,590.4,591.73,604.1,-12.37,-2.05,17798463.0,20228113085.0
BK0737.DC,20240821,589.4,598.78,589.09,590.16,591.73,-1.57,-0.27,15267762.0,17496529003.0
BK0737.DC,20240822,588.98,597.92,575.43,575.79,590.16,-14.37,-2.43,17771741.0,21757929155.0
BK0737.DC,20240823,576.14,588.67,575.16,583.43,575.79,7.64,1.33,20485107.0,23604146670.0
BK0737.DC,20240826,582.4,587.96,577.8,584.49,583.4300000000001,1.06,0.18,18850508.0,21401977227.0
BK0737.DC,20240827,582.21,586.53,572.25,573.33,584.49,-11.16,-1.91,21342357.0,22651005415.0
BK0737.DC,20240828,570.77,580.3,564.76,575.01,573.33,1.68,0.29,18472159.0,19014619896.0
BK0737.DC,20240829,571.37,585.73,569.1,583.09,575.01,8.08,1.41,19264069.0,20602298987.0
BK0737.DC,20240830,583.39,610.05,583.39,602.64,583.09,19.55,3.35,29525521.0,35691007335.0
BK0737.DC,20240902,601.56,602.83,585.73,585.84,602.64,-16.8,-2.79,23317886.0,26396491309.0
BK0737.DC,20240903,586.7,596.92,585.83,596.89,585.84,11.05,1.89,21713428.0,24484152336.0
BK0737.DC,20240904,592.25,597.31,588.45,590.09,596.89,-6.8,-1.14,20840457.0,22903747630.0
BK0737.DC,20240905,592.15,605.5,592.15,600.88,590.09,10.79,1.83,23070187.0,25085263790.0
BK0737.DC,20240906,601.45,603.62,588.42,588.64,600.88,-12.24,-2.04,23425477.0,25799338582.0
BK0737.DC,20240909,583.22,590.38,576.85,583.92,588.64,-4.72,-0.8,19388291.0,19557069518.0
BK0737.DC,20240910,584.81,598.96,577.12,596.33,583.9200000000001,12.41,2.13,22734689.0,24631732238.0
BK0737.DC,20240911,593.68,596.1,590.66,593.81,596.3299999999999,-2.52,-0.42,18007138.0,21308528271.0
BK0737.DC,20240912,594.63,605.19,594.63,598.06,593.81,4.25,0.72,23603482.0,26477869967.0
BK0737.DC,20240913,597.06,597.82,587.53,588.02,598.06,-10.04,-1.68,21998155.0,24333996468.0
BK0737.DC,20240918,585.73,590.21,572.82,582.94,588.0200000000001,-5.08,-0.86,19894545.0,22361956339.0
BK0737.DC,20240919,587.25,604.24,583.1,602.49,582.94,19.55,3.35,26650606.0,32616982065.0
BK0737.DC,20240920,604.33,615.49,604.33,612.22,602.49,9.73,1.61,31902969.0,39285454174.0
BK0737.DC,20240923,614.16,624.05,610.33,618.22,612.22,6.0,0.98,34896649.0,43387311940.0
BK0737.DC,20240924,618.01,638.63,609.39,638.63,618.22,20.41,3.3,45066249.0,57924756226.0
BK0737.DC,20240925,643.46,661.02,643.11,648.73,638.63,10.1,1.58,50426794.0,67315575336.0
BK0737.DC,20240926,643.92,666.2,642.36,666.2,648.73,17.47,2.69,47239453.0,66362626215.0
BK0737.DC,20240927,676.71,727.19,676.71,721.35,666.2,55.15,8.28,57493622.0,85907151225.0
BK0737.DC,20240930,770.54,844.27,763.92,841.52,721.35,120.17,16.66,71867362.0,112628880216.0
BK0737.DC,20241008,991.34,991.34,910.24,986.13,841.52,144.61,17.18,79939747.0,141967697215.0
BK0737.DC,20241009,951.72,1006.86,916.5,916.5,986.13,-69.63,-7.06,98236462.0,207133559872.0
BK0737.DC,20241010,936.31,946.29,875.7,878.92,916.5,-37.58,-4.1,75508219.0,161110239504.0
BK0737.DC,20241011,858.0,871.79,828.15,841.38,878.92,-37.54,-4.27,61130742.0,122521464059.0
BK0737.DC,20241014,845.79,900.0,827.1,899.95,841.38,58.57,6.96,63842845.0,132861600102.0
BK0737.DC,20241015,888.38,931.76,878.19,879.8,899.9499999999999,-20.15,-2.24,72628538.0,164029943699.0
BK0737.DC,20241016,855.66,902.65,855.66,889.62,879.8,9.82,1.12,52960249.0,114624179065.0
BK0737.DC,20241017,913.87,947.2,907.84,915.17,889.62,25.55,2.87,71574062.0,163033931108.0
BK0737.DC,20241018,908.44,994.45,901.43,966.83,915.1700000000001,51.66,5.64,82716097.0,186456109456.0
BK0737.DC,20241021,975.72,1030.01,975.19,1021.19,966.83,54.36,5.62,80836621.0,187771789936.0
BK0737.DC,20241022,1018.82,1018.82,966.87,978.21,1021.19,-42.98,-4.21,67451279.0,156196921456.0
BK0737.DC,20241023,972.0,1007.68,964.84,980.7,978.21,2.49,0.25,58197179.0,134896445266.0
BK0737.DC,20241024,969.98,983.05,959.74,973.55,980.6999999999999,-7.15,-0.73,46019069.0,102931636674.0
BK0737.DC,20241025,977.0,1004.92,973.83,983.84,973.5500000000001,10.29,1.06,45219604.0,103687594293.0
BK0737.DC,20241028,983.65,1011.02,981.68,1011.02,983.84,27.18,2.76,52403665.0,113229029832.0
BK0737.DC,20241029,1015.06,1027.25,1002.68,1002.78,1011.02,-8.24,-0.82,63499234.0,141077077243.0
BK0737.DC,20241030,993.61,1011.07,984.02,1007.97,1002.78,5.19,0.52,63414140.0,143039627077.0
BK0737.DC,20241031,1007.59,1038.16,999.12,1024.8,1007.9699999999999,16.83,1.67,82503935.0,184981803319.0
BK0737.DC,20241101,1016.46,1018.17,943.59,943.59,1024.8,-81.21,-7.92,73563934.0,148594771054.0
BK0737.DC,20241104,936.2,968.56,936.2,968.56,943.5899999999999,24.97,2.65,43071321.0,91583967593.0
BK0737.DC,20241105,972.11,1036.9,971.96,1035.48,968.5600000000001,66.92,6.91,61815203.0,144763963049.0
BK0737.DC,20241106,1046.96,1077.81,1045.0,1053.79,1035.48,18.31,1.77,78225666.0,182113997054.0
BK0737.DC,20241107,1042.29,1094.43,1039.3,1094.43,1053.79,40.64,3.86,70901278.0,164460392096.0
BK0737.DC,20241108,1109.05,1136.9,1106.68,1109.28,1094.43,14.85,1.36,77571568.0,188768631567.0
BK0737.DC,20241111,1105.27,1151.49,1105.27,1151.08,1109.28,41.8,3.77,71230886.0,181708193234.0
BK0737.DC,20241112,1158.2,1159.88,1107.13,1122.06,1151.08,-29.02,-2.52,71757127.0,166150451685.0
BK0737.DC,20241113,1113.93,1133.64,1096.28,1133.47,1122.06,11.41,1.02,64023502.0,148964896956.0
BK0737.DC,20241114,1128.68,1140.38,1099.39,1100.63,1133.47,-32.84,-2.9,61759402.0,145512492835.0
BK0737.DC,20241115,1098.36,1129.83,1078.0,1078.38,1100.63,-22.25,-2.02,63384641.0,152834747823.0
BK0737.DC,20241118,1079.4,1084.43,1002.45,1009.83,1078.38,-68.55,-6.36,59378952.0,126384010618.0
BK0737.DC,20241119,1011.0,1043.47,997.52,1042.25,1009.83,32.42,3.21,53080877.0,109234321062.0
BK0737.DC,20241120,1036.61,1084.19,1034.74,1073.96,1042.25,31.71,3.04,55967655.0,112922751407.0
BK0737.DC,20241121,1068.29,1098.45,1065.46,1087.29,1073.96,13.33,1.24,54945913.0,124174544267.0
BK0737.DC,20241122,1079.33,1109.13,1045.25,1045.64,1087.2900000000002,-41.65,-3.83,66355618.0,139780821095.0
BK0737.DC,20241125,1054.3,1060.87,1023.6,1056.11,1045.6399999999999,10.47,1.0,56634849.0,110308556118.0
BK0737.DC,20241126,1050.77,1067.01,1030.6,1030.96,1056.1100000000001,-25.15,-2.38,45049089.0,88804934296.0
BK0737.DC,20241127,1020.96,1067.42,997.57,1067.42,1030.96,36.46,3.54,48074125.0,103386067661.0
BK0737.DC,20241128,1072.2,1088.4,1058.14,1060.46,1067.42,-6.96,-0.65,50907401.0,111112725784.0
BK0737.DC,20241129,1057.94,1110.87,1052.01,1095.41,1060.46,34.95,3.3,59948706.0,143036989250.0
BK0737.DC,20241202,1088.99,1115.25,1085.47,1113.97,1095.41,18.56,1.69,60090271.0,130140144254.0
BK0737.DC,20241203,1112.03,1140.18,1099.08,1128.98,1113.97,15.01,1.35,67588320.0,135176574773.0
BK0737.DC,20241204,1122.77,1129.56,1095.41,1101.49,1128.98,-27.49,-2.43,61530965.0,120509708570.0
BK0737.DC,20241205,1099.48,1137.39,1099.48,1132.21,1101.49,30.72,2.79,59635869.0,124709046669.0
BK0737.DC,20241206,1142.39,1159.76,1123.78,1139.1,1132.2099999999998,6.89,0.61,71055785.0,143805107408.0
BK0737.DC,20241209,1137.93,1146.13,1110.6,1122.49,1139.1,-16.61,-1.46,56621833.0,119989315896.0
BK0737.DC,20241210,1170.8,1170.8,1140.38,1143.13,1122.49,20.64,1.84,70798086.0,166890730251.0
BK0737.DC,20241211,1137.78,1144.73,1130.29,1143.2,1143.13,0.07,0.01,55205771.0,117991022855.0
BK0737.DC,20241212,1143.7,1156.64,1127.87,1154.95,1143.2,11.75,1.03,59910929.0,126101305187.0
BK0737.DC,20241213,1142.32,1149.03,1124.48,1125.06,1154.95,-29.89,-2.59,60509724.0,124364759072.0
BK0737.DC,20241216,1124.22,1126.25,1097.31,1105.4,1125.0600000000002,-19.66,-1.75,48946655.0,95099558523.0
BK0737.DC,20241217,1102.3,1102.34,1060.55,1062.4,1105.4,-43.0,-3.89,43171063.0,86979587651.0
BK0737.DC,20241218,1065.15,1086.33,1047.83,1072.44,1062.4,10.04,0.95,38630754.0,79801211682.0
BK0737.DC,20241219,1056.09,1090.74,1055.28,1087.49,1072.44,15.05,1.4,40274672.0,83998378296.0
BK0737.DC,20241220,1081.88,1115.19,1077.35,1104.4,1087.49,16.91,1.55,42686817.0,91742765452.0
BK0737.DC,20241223,1098.65,1099.36,1041.87,1042.61,1104.3999999999999,-61.79,-5.59,41064728.0,81529922765.0
BK0737.DC,20241224,1047.25,1053.61,1021.35,1042.14,1042.6100000000001,-0.47,-0.05,33612155.0,67580778250.0
BK0737.DC,20241225,1037.13,1037.13,998.53,1010.53,1042.1399999999999,-31.61,-3.03,31076233.0,64388575762.0
BK0737.DC,20241226,1009.98,1036.51,1009.98,1026.2,1010.5300000000001,15.67,1.55,28129618.0,62373723175.0
BK0737.DC,20241227,1025.95,1049.76,1022.04,1028.06,1026.2,1.86,0.18,33176121.0,77951590442.0
BK0737.DC,20241230,1025.2,1030.17,1004.87,1024.93,1028.0600000000002,-3.13,-0.3,29961248.0,67908837261.0
BK0737.DC,20241231,1028.31,1031.21,985.81,985.81,1024.9299999999998,-39.12,-3.82,35211779.0,77071425063.0
BK0737.DC,20250102,981.87,988.7,942.75,954.15,985.81,-31.66,-3.21,33378734.0,71781789262.0
BK0737.DC,20250103,957.54,960.54,904.94,906.19,954.1500000000001,-47.96,-5.03,32329835.0,63377717258.0
BK0737.DC,20250106,904.18,908.48,880.55,887.96,906.19,-18.23,-2.01,26576544.0,49222901042.0
BK0737.DC,20250107,892.36,919.41,891.37,919.4,887.9599999999999,31.44,3.54,25553624.0,49583345280.0
BK0737.DC,20250108,916.08,923.53,883.32,914.37,919.4,-5.03,-0.55,30660937.0,59398933334.0
BK0737.DC,20250109,909.38,933.01,908.87,924.57,914.37,10.2,1.12,26124021.0,49734280769.0
BK0737.DC,20250110,924.04,937.47,895.81,895.81,924.5699999999999,-28.76,-3.11,26030429.0,50326385607.0
BK0737.DC,20250113,884.03,913.08,870.0,905.59,895.8100000000001,9.78,1.09,25679691.0,49268483262.0
BK0737.DC,20250114,912.92,968.95,911.93,968.95,905.59,63.36,7.0,38995245.0,86971041787.0
BK0737.DC,20250115,968.01,972.12,954.8,957.93,968.9499999999999,-11.02,-1.14,31680939.0,66985299120.0
BK0737.DC,20250116,965.8,987.61,955.89,964.51,957.93,6.58,0.69,33842682.0,74202997855.0
BK0737.DC,20250117,959.24,973.17,955.73,961.29,964.51,-3.22,-0.33,27263514.0,62038118725.0
BK0737.DC,20250120,972.84,976.14,960.97,966.31,961.29,5.02,0.52,27326562.0,57707567468.0
BK0737.DC,20250121,971.5,973.41,953.59,968.86,966.3100000000001,2.55,0.26,25450638.0,55091144373.0
BK0737.DC,20250122,962.69,964.03,952.05,956.57,968.86,-12.29,-1.27,24415754.0,54347374051.0
BK0737.DC,20250123,970.07,994.92,956.7,956.72,956.57,0.15,0.02,37128713.0,79714241315.0
BK0737.DC,20250124,951.96,996.48,951.96,995.13,956.72,38.41,4.01,39188886.0,80511905536.0
BK0737.DC,20250127,1010.02,1013.47,980.47,980.47,995.13,-14.66,-1.47,37008651.0,78397230430.0
BK0737.DC,20250205,1012.83,1046.26,1012.83,1037.84,980.4699999999999,57.37,5.85,47963760.0,105853583950.0
BK0737.DC,20250206,1035.17,1073.65,1024.95,1073.64,1037.8400000000001,35.8,3.45,62084785.0,132855145006.0
BK0737.DC,20250207,1072.13,1128.09,1071.32,1107.98,1073.64,34.34,3.2,81994086.0,177715014570.0
BK0737.DC,20250210,1121.54,1170.35,1118.79,1170.35,1107.98,62.37,5.63,77689780.0,165552406495.0
BK0737.DC,20250211,1160.77,1190.87,1143.91,1159.53,1170.35,-10.82,-0.92,72786815.0,150578967951.0
BK0737.DC,20250212,1155.68,1186.36,1155.68,1186.22,1159.53,26.69,2.3,67922464.0,146565781979.0
BK0737.DC,20250213,1187.86,1196.24,1157.12,1173.73,1186.22,-12.49,-1.05,73967127.0,160326069735.0
BK0737.DC,20250214,1174.13,1228.97,1169.81,1221.63,1173.73,47.9,4.08,86263079.0,181186245629.0
BK0737.DC,20250217,1244.17,1249.92,1213.2,1226.0,1221.63,4.37,0.36,90377464.0,195565913258.0
BK0737.DC,20250218,1215.97,1226.3,1168.9,1172.62,1226.0,-53.38,-4.35,77367345.0,164454740692.0
BK0737.DC,20250219,1174.76,1205.59,1170.15,1205.59,1172.62,32.97,2.81,71354751.0,149089070483.0
BK0737.DC,20250220,1202.96,1214.69,1192.84,1208.42,1205.5900000000001,2.83,0.23,67327674.0,135935867255.0
BK0737.DC,20250221,1215.75,1252.66,1198.19,1250.58,1208.4199999999998,42.16,3.49,84616445.0,190269298532.0
BK0737.DC,20250224,1246.56,1255.91,1222.68,1237.21,1250.58,-13.37,-1.07,72408462.0,169557853538.0
BK0737.DC,20250225,1205.86,1248.79,1202.69,1226.77,1237.21,-10.44,-0.84,68686626.0,156164021362.0
BK0737.DC,20250226,1229.93,1246.7,1215.98,1244.24,1226.77,17.47,1.42,64090248.0,144876428406.0
BK0737.DC,20250227,1241.97,1251.77,1201.96,1229.58,1244.24,-14.66,-1.18,66960461.0,149837238158.0
BK0737.DC,20250228,1219.18,1222.48,1151.65,1154.98,1229.58,-74.6,-6.07,58266748.0,125982407300.0
BK0737.DC,20250303,1163.65,1188.58,1147.33,1164.77,1154.98,9.79,0.85,48938047.0,104106101016.0
BK0737.DC,20250304,1149.55,1198.07,1149.29,1197.27,1164.77,32.5,2.79,48274032.0,94540920593.0
BK0737.DC,20250305,1196.61,1211.4,1184.3,1210.76,1197.27,13.49,1.13,49831523.0,105317181200.0
BK0737.DC,20250306,1226.63,1278.75,1226.63,1267.46,1210.76,56.7,4.68,76175933.0,170079932932.0
BK0737.DC,20250307,1265.47,1279.64,1237.89,1249.87,1267.4599999999998,-17.59,-1.39,71361563.0,153382200384.0
BK0737.DC,20250310,1248.09,1250.44,1222.65,1236.52,1249.87,-13.35,-1.07,58201669.0,112693393341.0
BK0737.DC,20250311,1211.73,1235.62,1211.73,1233.01,1236.52,-3.51,-0.28,46462039.0,87775116080.0
BK0737.DC,20250312,1244.56,1258.62,1235.81,1240.27,1233.01,7.26,0.59,54524820.0,107946597540.0
BK0737.DC,20250313,1234.76,1236.15,1196.11,1212.87,1240.27,-27.4,-2.21,52369300.0,104692013509.0
BK0737.DC,20250314,1209.46,1246.4,1201.34,1244.16,1212.8700000000001,31.29,2.58,49692237.0,117588878076.0
BK0737.DC,20250317,1244.55,1250.18,1232.45,1243.6,1244.1599999999999,-0.56,-0.05,40399755.0,98776744436.0
BK0737.DC,20250318,1247.66,1259.18,1237.26,1244.2,1243.6000000000001,0.6,0.05,36464233.0,84393648630.0
BK0737.DC,20250319,1236.54,1236.54,1215.51,1221.2,1244.2,-23.0,-1.85,32131692.0,74166080477.0
BK0737.DC,20250320,1218.51,1227.86,1206.08,1206.1,1221.1999999999998,-15.1,-1.24,32591615.0,77849962650.0
BK0737.DC,20250321,1198.21,1199.29,1166.2,1167.83,1206.1,-38.27,-3.17,35438432.0,78356289359.0
BK0737.DC,20250324,1166.76,1168.15,1108.31,1138.75,1167.83,-29.08,-2.49,34834006.0,70525136100.0
BK0737.DC,20250325,1138.45,1140.6,1116.39,1122.5,1138.75,-16.25,-1.43,26110223.0,53724477003.0
BK0737.DC,20250326,1120.64,1134.64,1120.64,1124.77,1122.5,2.27,0.2,20279274.0,41236787169.0
BK0737.DC,20250327,1122.21,1136.11,1104.34,1118.55,1124.77,-6.22,-0.55,22271700.0,51040357614.0
BK0737.DC,20250328,1117.29,1126.34,1106.04,1106.04,1118.55,-12.51,-1.12,19609490.0,41766383201.0
BK0737.DC,20250331,1094.96,1105.03,1071.61,1100.26,1106.04,-5.78,-0.52,26475307.0,56314933644.0
BK0737.DC,20250401,1101.73,1112.46,1093.56,1093.69,1100.26,-6.57,-0.6,24303529.0,50466945158.0
BK0737.DC,20250402,1089.87,1107.79,1089.58,1097.64,1093.69,3.95,0.36,19918227.0,39370526779.0
BK0737.DC,20250403,1083.32,1107.67,1082.57,1091.02,1097.6399999999999,-6.62,-0.6,21055835.0,43607794899.0
BK0737.DC,20250407,1016.49,1029.03,903.5,918.73,1091.02,-172.29,-15.79,37706439.0,75030897803.0
BK0737.DC,20250408,924.84,964.86,914.53,942.38,918.73,23.65,2.57,40794458.0,73415483522.0
BK0737.DC,20250409,924.96,999.71,884.53,991.95,942.38,49.57,5.26,42886615.0,84706032899.0
BK0737.DC,20250410,1013.85,1045.64,1013.68,1019.09,991.95,27.14,2.74,36912176.0,78325231872.0
BK0737.DC,20250411,1009.92,1042.34,1009.92,1029.16,1019.09,10.07,0.99,28738878.0,60086140950.0
BK0737.DC,20250414,1045.29,1056.56,1040.94,1045.08,1029.1599999999999,15.92,1.55,27077305.0,54919912189.0
BK0737.DC,20250415,1043.91,1047.6,1029.86,1039.33,1045.08,-5.75,-0.55,23677586.0,45762689464.0
BK0737.DC,20250416,1034.72,1040.03,1005.12,1024.1,1039.33,-15.23,-1.47,26440895.0,49046695982.0
BK0737.DC,20250417,1016.19,1039.96,1014.99,1026.06,1024.1,1.96,0.19,25440392.0,46959177338.0
BK0737.DC,20250418,1024.36,1035.29,1017.95,1026.33,1026.06,0.27,0.03,25352646.0,50355942344.0
BK0737.DC,20250421,1022.51,1055.93,1016.6,1055.64,1026.3300000000002,29.31,2.86,29645396.0,56948725202.0
BK0737.DC,20250422,1060.06,1063.72,1052.11,1052.74,1055.64,-2.9,-0.27,32179922.0,61995626943.0
BK0737.DC,20250423,1060.69,1072.31,1054.51,1061.26,1052.74,8.52,0.81,31714732.0,65024736289.0
BK0737.DC,20250424,1059.13,1059.49,1027.55,1030.08,1061.26,-31.18,-2.94,28911180.0,57164516331.0
BK0737.DC,20250425,1034.18,1047.0,1026.13,1035.97,1030.08,5.89,0.57,31578328.0,60638554981.0
BK0737.DC,20250428,1032.44,1041.84,1021.7,1021.85,1035.97,-14.12,-1.36,27508799.0,56362651630.0
BK0737.DC,20250429,1011.08,1029.93,1004.65,1024.61,1021.8499999999999,2.76,0.27,27362305.0,50389949812.0
BK0737.DC,20250430,1026.24,1053.97,1026.24,1050.46,1024.6100000000001,25.85,2.52,31588973.0,65520732104.0
BK0737.DC,20250506,1057.17,1088.99,1057.17,1088.99,1050.46,38.53,3.67,39726443.0,80858905768.0
BK0737.DC,20250507,1108.66,1112.97,1078.25,1089.76,1088.99,0.77,0.07,42100448.0,86900284312.0
BK0737.DC,20250508,1083.93,1104.91,1083.03,1103.75,1089.76,13.99,1.28,34857924.0,65556288890.0
BK0737.DC,20250509,1101.62,1101.75,1080.61,1081.93,1103.75,-21.82,-1.98,33550692.0,67918429942.0
BK0737.DC,20250512,1090.44,1104.66,1086.98,1104.66,1081.93,22.73,2.1,30561419.0,64470927275.0
BK0737.DC,20250513,1116.39,1117.45,1091.49,1093.29,1104.6599999999999,-11.37,-1.03,30854768.0,62061272021.0
BK0737.DC,20250514,1092.42,1114.23,1083.83,1103.44,1093.29,10.15,0.93,35476042.0,72712440216.0
BK0737.DC,20250515,1097.73,1097.73,1071.29,1071.29,1103.44,-32.15,-2.91,28566518.0,55406659690.0
BK0737.DC,20250516,1067.43,1079.29,1063.17,1069.85,1071.29,-1.44,-0.13,20882017.0,40249746727.0
BK0737.DC,20250519,1072.0,1081.82,1062.89,1081.05,1069.85,11.2,1.05,22824638.0,42424526648.0
BK0737.DC,20250520,1082.76,1092.26,1073.59,1090.09,1081.05,9.04,0.84,23358835.0,43895325551.0
BK0737.DC,20250521,1089.53,1089.69,1075.73,1079.22,1090.09,-10.87,-1.0,21495763.0,41065036689.0
BK0737.DC,20250522,1077.56,1088.05,1066.67,1068.16,1079.22,-11.06,-1.02,20677433.0,37577620582.0
BK0737.DC,20250523,1069.0,1077.17,1046.45,1046.45,1068.16,-21.71,-2.03,25698371.0,49252554927.0
BK0737.DC,20250526,1047.53,1065.22,1047.53,1065.22,1046.45,18.77,1.79,19839550.0,38199746465.0
BK0737.DC,20250527,1064.79,1064.87,1053.71,1059.08,1065.22,-6.14,-0.58,19549207.0,37861654752.0
BK0737.DC,20250528,1060.28,1067.12,1047.65,1050.86,1059.08,-8.22,-0.78,20576215.0,37550618576.0
BK0737.DC,20250529,1052.04,1099.01,1052.04,1099.01,1050.86,48.15,4.58,36160430.0,68565298156.0
BK0737.DC,20250530,1098.47,1098.47,1076.16,1080.57,1099.01,-18.44,-1.68,31457618.0,61998012275.0
BK0737.DC,20250603,1082.46,1100.03,1082.46,1085.12,1080.57,4.55,0.42,28999265.0,59467837540.0
BK0737.DC,20250604,1083.99,1092.13,1080.91,1088.66,1085.1200000000001,3.54,0.33,24423384.0,50524168456.0
BK0737.DC,20250605,1089.44,1115.31,1088.81,1111.9,1088.66,23.24,2.13,34766725.0,71357788721.0
BK0737.DC,20250606,1109.49,1118.15,1102.52,1111.74,1111.9,-0.16,-0.01,28445697.0,57971581898.0
BK0737.DC,20250609,1113.66,1124.68,1108.39,1123.48,1111.74,11.74,1.06,29052585.0,58216047467.0
BK0737.DC,20250610,1122.54,1123.02,1086.1,1100.53,1123.48,-22.95,-2.04,31625264.0,62330000299.0
BK0737.DC,20250611,1100.44,1117.41,1096.39,1107.34,1100.53,6.81,0.62,26129541.0,54896654720.0
BK0737.DC,20250612,1101.83,1120.34,1097.48,1113.84,1107.34,6.5,0.59,27100380.0,57146304488.0
BK0737.DC,20250613,1111.82,1115.16,1089.8,1090.54,1113.84,-23.3,-2.09,33608939.0,70892082956.0
BK0737.DC,20250616,1087.42,1122.82,1087.42,1122.44,1090.54,31.9,2.93,32020384.0,71200264291.0
BK0737.DC,20250617,1120.59,1126.92,1111.55,1116.36,1122.4399999999998,-6.08,-0.54,32268827.0,73975127749.0
BK0737.DC,20250618,1110.92,1117.87,1105.91,1112.96,1116.3600000000001,-3.4,-0.3,31147136.0,68002504060.0
BK0737.DC,20250619,1114.56,1121.18,1085.31,1088.58,1112.96,-24.38,-2.19,33986174.0,68852247968.0
BK0737.DC,20250620,1084.98,1088.24,1063.36,1066.26,1088.58,-22.32,-2.05,28018488.0,57213549304.0
BK0737.DC,20250623,1059.79,1103.03,1058.69,1101.9,1066.26,35.64,3.34,33982603.0,70131934586.0
BK0737.DC,20250624,1103.96,1130.69,1103.96,1127.49,1101.9,25.59,2.32,39175556.0,87289218615.0
BK0737.DC,20250625,1125.65,1168.27,1124.63,1165.19,1127.49,37.7,3.34,50477370.0,124193439569.0
BK0737.DC,20250626,1167.66,1197.92,1164.66,1179.67,1165.19,14.48,1.24,57036962.0,132593581988.0
BK0737.DC,20250627,1181.21,1200.89,1174.08,1174.29,1179.67,-5.38,-0.46,49903923.0,115158739133.0
BK0737.DC,20250630,1177.82,1191.49,1177.12,1188.79,1174.29,14.5,1.23,38875651.0,90214886492.0
BK0737.DC,20250701,1189.5,1189.77,1163.58,1172.55,1188.79,-16.24,-1.37,36208719.0,80997812095.0
BK0737.DC,20250702,1169.47,1169.47,1148.3,1156.06,1172.55,-16.49,-1.41,29816588.0,64309286269.0
BK0737.DC,20250703,1155.45,1165.24,1153.69,1161.54,1156.06,5.48,0.47,25257448.0,56622634022.0
BK0737.DC,20250704,1162.33,1180.73,1150.0,1163.06,1161.54,1.52,0.13,37701397.0,87905360944.0
BK0737.DC,20250707,1160.05,1174.31,1159.06,1170.58,1163.06,7.52,0.65,33116143.0,74028234558.0
BK0737.DC,20250708,1168.54,1189.53,1165.3,1188.93,1170.5800000000002,18.35,1.57,35454928.0,81321361387.0
BK0737.DC,20250709,1188.46,1195.37,1182.4,1185.55,1188.93,-3.38,-0.28,34800380.0,77818287511.0
BK0737.DC,20250710,1180.99,1189.51,1171.0,1181.03,1185.55,-4.52,-0.38,39280502.0,84873007293.0
BK0737.DC,20250711,1183.26,1216.47,1175.11,1208.76,1181.03,27.73,2.35,51802177.0,122028343434.0
BK0737.DC,20250714,1206.52,1207.29,1190.4,1198.97,1208.76,-9.79,-0.81,39885457.0,85462360879.0
BK0737.DC,20250715,1196.52,1208.32,1180.93,1208.32,1198.97,9.35,0.78,44633243.0,93413259966.0
BK0737.DC,20250716,1207.65,1222.42,1206.17,1215.09,1208.32,6.77,0.56,37561882.0,79015421293.0
BK0737.DC,20250717,1214.23,1234.09,1210.42,1229.41,1215.0900000000001,14.32,1.18,44006784.0,100564083040.0
BK0737.DC,20250718,1232.45,1243.92,1231.06,1233.65,1229.41,4.24,0.34,42511831.0,96856163723.0
BK0737.DC,20250721,1229.7,1237.82,1226.13,1234.21,1233.65,0.56,0.05,36884274.0,78958011235.0
BK0737.DC,20250722,1231.16,1232.63,1218.38,1223.31,1234.21,-10.9,-0.88,36187367.0,80219653072.0
BK0737.DC,20250723,1220.79,1235.45,1213.75,1224.16,1223.3100000000002,0.85,0.07,39108348.0,87259892897.0
BK0737.DC,20250724,1219.7,1239.66,1219.7,1239.66,1224.16,15.5,1.27,35092470.0,80454926777.0
BK0737.DC,20250725,1243.61,1259.5,1240.49,1257.18,1239.66,17.52,1.41,41396959.0,93767972400.0
BK0737.DC,20250728,1261.98,1262.79,1250.95,1258.81,1257.1799999999998,1.63,0.13,39914353.0,91217727356.0
BK0737.DC,20250729,1254.1,1263.52,1242.14,1263.52,1258.81,4.71,0.37,37978276.0,89514845428.0
BK0737.DC,20250730,1259.45,1259.45,1231.39,1242.05,1263.52,-21.47,-1.7,36175878.0,84381442277.0
BK0737.DC,20250731,1237.63,1268.45,1237.63,1249.6,1242.05,7.55,0.61,45596020.0,104162107180.0
BK0737.DC,20250801,1257.17,1271.6,1242.47,1266.43,1249.6000000000001,16.83,1.35,43279855.0,98101592024.0
BK0737.DC,20250804,1256.05,1280.84,1255.19,1280.84,1266.4299999999998,14.41,1.14,33229743.0,74589953024.0
BK0737.DC,20250805,1279.87,1283.95,1271.23,1280.88,1280.8400000000001,0.04,0.0,33268241.0,76661951337.0
BK0737.DC,20250806,1279.6,1303.38,1276.31,1303.37,1280.8799999999999,22.49,1.76,40096624.0,87523730288.0
BK0737.DC,20250807,1301.47,1308.58,1290.43,1302.95,1303.3700000000001,-0.42,-0.03,43189256.0,88550967574.0
BK0737.DC,20250808,1295.78,1295.78,1269.96,1269.96,1302.95,-32.99,-2.53,40608182.0,85527212549.0
BK0737.DC,20250811,1269.73,1296.8,1269.73,1293.82,1269.96,23.86,1.88,36213892.0,86330470783.0
BK0737.DC,20250812,1291.12,1291.12,1278.42,1290.16,1293.8200000000002,-3.66,-0.28,36020788.0,84704148221.0
BK0737.DC,20250813,1292.3,1301.25,1283.96,1295.06,1290.1599999999999,4.9,0.38,42059619.0,102757190658.0
BK0737.DC,20250814,1296.5,1307.12,1277.44,1277.44,1295.06,-17.62,-1.36,50687452.0,118397114163.0
BK0737.DC,20250815,1273.54,1312.95,1272.8,1309.79,1277.44,32.35,2.53,50082420.0,133887464680.0
BK0737.DC,20250818,1314.53,1361.83,1313.99,1352.53,1309.79,42.74,3.26,64107364.0,176828767338.0
BK0737.DC,20250819,1350.08,1368.24,1347.01,1355.45,1352.53,2.92,0.22,63298133.0,159391997565.0
BK0737.DC,20250820,1345.42,1352.03,1324.46,1352.03,1355.45,-3.42,-0.25,53280668.0,127630195315.0
BK0737.DC,20250821,1363.01,1378.2,1354.84,1362.61,1352.03,10.58,0.78,62802719.0,154861825984.0
BK0737.DC,20250822,1360.2,1394.65,1360.2,1394.65,1362.6100000000001,32.04,2.35,65071165.0,170872146877.0
BK0737.DC,20250825,1409.8,1416.94,1389.77,1401.65,1394.65,7.0,0.5,72741622.0,197545089895.0
BK0737.DC,20250826,1396.39,1422.18,1392.83,1411.35,1401.6499999999999,9.7,0.69,65882600.0,162559669843.0
BK0737.DC,20250827,1422.93,1433.53,1383.68,1383.68,1411.3500000000001,-27.67,-1.96,80339775.0,202677453857.0
BK0737.DC,20250828,1378.8,1400.67,1344.79,1400.67,1383.68,16.99,1.23,71454846.0,181970014929.0
BK0737.DC,20250829,1400.15,1400.21,1377.36,1384.64,1400.67,-16.03,-1.14,51962740.0,148508478193.0
BK0737.DC,20250901,1391.03,1407.83,1380.85,1387.87,1384.6399999999999,3.23,0.23,48865196.0,136380813508.0
BK0737.DC,20250902,1384.78,1384.78,1330.26,1340.82,1387.87,-47.05,-3.39,51964675.0,138659521836.0
BK0737.DC,20250903,1343.21,1347.01,1293.88,1297.66,1340.8200000000002,-43.16,-3.22,36579497.0,99147408487.0
BK0737.DC,20250904,1299.66,1309.98,1259.5,1279.68,1297.66,-17.98,-1.39,37194111.0,98345820913.0
BK0737.DC,20250905,1284.52,1307.11,1268.2,1306.54,1279.68,26.86,2.1,31562365.0,81231128648.0
BK0737.DC,20250908,1304.44,1319.7,1299.93,1317.95,1306.54,11.41,0.87,30902814.0,82314963601.0
BK0737.DC,20250909,1316.64,1316.64,1287.4,1292.72,1317.95,-25.23,-1.91,30458435.0,74679428182.0
BK0737.DC,20250910,1294.06,1306.33,1289.77,1295.79,1292.72,3.07,0.24,27209293.0,66924573882.0
BK0737.DC,20250911,1298.86,1331.39,1286.5,1331.39,1295.7900000000002,35.6,2.75,39196697.0,106655780191.0
BK0737.DC,20250912,1332.47,1344.9,1323.49,1324.4,1331.39,-6.99,-0.53,38615763.0,102724356557.0
BK0737.DC,20250915,1321.68,1322.43,1309.53,1313.14,1324.4,-11.26,-0.85,31016604.0,81168285770.0
BK0737.DC,20250916,1312.19,1332.51,1307.47,1332.51,1313.14,19.37,1.48,31523963.0,88429489742.0
BK0737.DC,20250917,1328.27,1345.32,1321.88,1341.35,1332.51,8.84,0.66,33297771.0,98630664973.0
BK0737.DC,20250918,1337.24,1355.83,1304.03,1315.35,1341.35,-26.0,-1.94,48924218.0,132981108728.0
BK0737.DC,20250919,1314.18,1323.24,1294.42,1297.77,1315.35,-17.58,-1.34,33810128.0,82955752769.0
BK0737.DC,20250922,1299.55,1310.0,1296.07,1310.0,1297.77,12.23,0.94,32262766.0,79475941019.0
BK0737.DC,20250923,1305.26,1305.26,1249.33,1274.69,1310.0,-35.31,-2.7,43166556.0,99032685809.0
BK0737.DC,20250924,1269.55,1304.64,1263.75,1304.64,1274.69,29.95,2.35,40352134.0,97687686996.0
BK0737.DC,20250925,1303.66,1326.8,1301.07,1306.25,1304.64,1.61,0.12,38588338.0,99793171450.0
BK0737.DC,20250926,1303.77,1305.18,1276.93,1276.93,1306.25,-29.32,-2.24,31570645.0,79067894714.0
BK0737.DC,20250929,1277.76,1299.37,1265.0,1292.7,1276.93,15.77,1.23,29494599.0,84151656212.0
BK0737.DC,20250930,1300.59,1312.97,1299.73,1305.85,1292.6999999999998,13.15,1.02,29522084.0,86102904625.0
BK0737.DC,20251009,1306.99,1322.79,1296.5,1314.39,1305.8500000000001,8.54,0.65,36268380.0,105421875690.0
BK0737.DC,20251010,1308.37,1308.37,1283.97,1287.08,1314.3899999999999,-27.31,-2.08,31351240.0,88538482239.0
BK0737.DC,20251013,1243.39,1304.85,1243.39,1296.82,1287.08,9.74,0.76,32181577.0,96181570883.0
BK0737.DC,20251014,1301.26,1307.22,1265.78,1270.72,1296.82,-26.1,-2.01,31761908.0,91381242522.0
BK0737.DC,20251015,1271.24,1295.96,1259.42,1292.09,1270.72,21.37,1.68,27770070.0,71697210434.0
BK0737.DC,20251016,1287.69,1287.98,1270.6,1276.26,1292.09,-15.83,-1.23,26430358.0,69899141259.0
BK0737.DC,20251017,1274.7,1276.77,1238.82,1239.23,1276.26,-37.03,-2.9,27484248.0,67253753743.0
BK0737.DC,20251020,1255.84,1260.48,1242.96,1252.1,1239.23,12.87,1.04,21749189.0,54281042676.0
BK0737.DC,20251021,1252.89,1271.62,1249.86,1271.5,1252.1,19.4,1.55,21717584.0,53987319850.0
BK0737.DC,20251022,1265.86,1274.0,1260.4,1265.21,1271.5,-6.29,-0.49,18737793.0,44669082026.0
BK0737.DC,20251023,1268.36,1278.71,1250.15,1277.89,1265.21,12.68,1.0,24027856.0,56941157615.0
BK0737.DC,20251024,1281.97,1290.84,1281.97,1289.56,1277.8899999999999,11.67,0.91,26274550.0,67403903786.0
BK0737.DC,20251027,1295.39,1299.49,1280.28,1293.76,1289.56,4.2,0.33,28045971.0,80131841684.0
BK0737.DC,20251028,1289.85,1313.23,1284.51,1300.45,1293.76,6.69,0.52,29075854.0,88411587803.0
BK0737.DC,20251029,1296.57,1311.7,1290.64,1311.17,1300.45,10.72,0.82,30390532.0,87524830250.0
BK0737.DC,20251030,1307.05,1324.79,1296.15,1300.38,1311.17,-10.79,-0.82,35315061.0,96300337746.0
BK0737.DC,20251031,1297.05,1338.34,1297.05,1328.7,1300.38,28.32,2.18,38543522.0,98184443884.0
BK0737.DC,20251103,1331.53,1340.92,1322.57,1340.61,1328.6999999999998,11.91,0.9,41463172.0,94253551116.0
BK0737.DC,20251104,1332.51,1332.51,1314.95,1326.37,1340.61,-14.24,-1.06,37316833.0,81459672035.0
BK0737.DC,20251105,1309.42,1322.09,1303.4,1315.31,1326.37,-11.06,-0.83,32533262.0,71134499017.0
BK0737.DC,20251106,1314.41,1315.19,1298.21,1312.05,1315.31,-3.26,-0.25,31696632.0,69385913894.0
BK0737.DC,20251107,1305.6,1305.6,1292.49,1293.04,1312.05,-19.01,-1.45,28279277.0,63899127515.0
BK0737.DC,20251110,1294.66,1302.82,1292.87,1299.26,1293.04,6.22,0.48,25679053.0,59468094613.0
BK0737.DC,20251111,1301.94,1303.04,1284.48,1285.86,1299.26,-13.4,-1.03,26944142.0,64269729067.0
BK0737.DC,20251112,1283.39,1285.64,1268.16,1276.22,1285.8600000000001,-9.64,-0.75,24271980.0,55581614299.0
BK0737.DC,20251113,1276.29,1289.7,1270.01,1288.91,1276.22,12.69,0.99,24275983.0,52226056298.0
BK0737.DC,20251114,1279.62,1287.87,1272.02,1272.02,1288.91,-16.89,-1.31,24715899.0,50767940410.0
BK0737.DC,20251117,1272.9,1298.41,1272.9,1297.13,1272.0200000000002,25.11,1.97,32925436.0,64977129207.0
BK0737.DC,20251118,1292.92,1309.03,1286.52,1303.65,1297.13,6.52,0.5,39095298.0,79996417309.0
BK0737.DC,20251119,1304.16,1304.84,1275.03,1279.11,1303.6499999999999,-24.54,-1.88,33332769.0,63817097916.0
BK0737.DC,20251120,1285.33,1287.97,1263.32,1272.31,1279.11,-6.8,-0.53,31000429.0,59612807077.0
BK0737.DC,20251121,1258.17,1277.56,1233.24,1236.85,1272.31,-35.46,-2.79,35531265.0,68301993460.0
BK0737.DC,20251124,1247.39,1282.44,1234.82,1277.23,1236.85,40.38,3.26,38731030.0,76356537349.0
BK0737.DC,20251125,1280.11,1308.93,1280.11,1296.69,1277.23,19.46,1.52,41763965.0,80307430973.0
BK0737.DC,20251126,1294.34,1309.77,1279.83,1282.99,1296.69,-13.7,-1.06,31825868.0,66411157467.0
BK0737.DC,20251127,1279.34,1286.0,1272.34,1272.93,1282.99,-10.06,-0.78,27354739.0,57826412308.0
BK0737.DC,20251128,1272.61,1289.34,1266.15,1289.34,1272.9299999999998,16.41,1.29,28838303.0,54615905273.0
BK0737.DC,20251201,1286.43,1291.58,1279.84,1287.02,1289.34,-2.32,-0.18,26463445.0,54350117291.0
BK0737.DC,20251202,1283.91,1283.91,1266.11,1268.37,1287.02,-18.65,-1.45,22810850.0,47076362371.0
BK0737.DC,20251203,1266.97,1267.7,1235.64,1238.65,1268.3700000000001,-29.72,-2.34,25283327.0,48719259933.0
BK0737.DC,20251204,1236.76,1240.24,1218.82,1222.96,1238.65,-15.69,-1.27,23325262.0,41926895290.0
BK0737.DC,20251205,1223.21,1252.01,1212.74,1249.65,1222.96,26.69,2.18,26229620.0,61853346467.0
BK0737.DC,20251208,1254.38,1274.68,1254.38,1267.89,1249.65,18.24,1.46,29550666.0,70031699443.0
BK0737.DC,20251209,1263.07,1268.17,1250.96,1250.96,1267.89,-16.93,-1.34,23946363.0,50954537888.0
BK0737.DC,20251210,1246.8,1248.4,1235.14,1246.56,1250.96,-4.4,-0.35,21593470.0,45881020972.0
BK0737.DC,20251211,1247.09,1247.5,1228.56,1228.56,1246.56,-18.0,-1.44,22865997.0,47692814153.0
BK0737.DC,20251212,1226.08,1241.69,1221.79,1231.34,1228.56,2.78,0.23,24941538.0,60243862728.0
BK0737.DC,20251215,1223.13,1234.34,1211.7,1219.56,1231.34,-11.78,-0.96,20349704.0,47221593408.0
BK0737.DC,20251216,1220.18,1223.51,1204.6,1214.36,1219.56,-5.2,-0.43,27018409.0,56970095526.0
BK0737.DC,20251217,1208.97,1225.24,1192.95,1220.85,1214.36,6.49,0.53,29786270.0,63565040674.0
BK0737.DC,20251218,1211.11,1235.12,1209.7,1222.19,1220.8500000000001,1.34,0.11,24374644.0,49002633984.0
BK0737.DC,20251219,1223.35,1237.56,1223.35,1230.85,1222.1899999999998,8.66,0.71,23673156.0,49454040398.0
BK0737.DC,20251222,1233.24,1244.66,1232.42,1237.41,1230.8500000000001,6.56,0.53,24062122.0,49240007855.0
BK0737.DC,20251223,1241.41,1242.45,1213.46,1217.07,1237.4099999999999,-20.34,-1.64,23653847.0,46982907096.0
BK0737.DC,20251224,1214.76,1237.42,1214.76,1236.96,1217.07,19.89,1.63,21836081.0,47069484138.0
BK0737.DC,20251225,1237.07,1255.39,1236.94,1252.43,1236.96,15.47,1.25,24029357.0,53396667996.0
BK0737.DC,20251226,1251.0,1269.51,1248.77,1255.54,1252.43,3.11,0.25,29146803.0,64780456640.0
BK0737.DC,20251229,1253.53,1257.86,1244.66,1251.97,1255.54,-3.57,-0.28,28355323.0,67829324915.0
BK0737.DC,20251230,1249.93,1261.84,1246.87,1247.35,1251.9699999999998,-4.62,-0.37,33901073.0,72075869385.0
BK0737.DC,20251231,1245.19,1269.52,1243.57,1261.4,1247.3500000000001,14.05,1.13,33781423.0,73215140591.0
BK0737.DC,20260105,1266.81,1292.72,1261.37,1292.63,1261.4,31.23,2.48,40530412.0,92736921007.0
BK0737.DC,20260106,1293.08,1318.47,1290.81,1318.24,1292.63,25.61,1.98,42678230.0,109545794054.0
BK0737.DC,20260107,1316.86,1318.48,1302.93,1308.63,1318.24,-9.61,-0.73,38877526.0,93219346392.0
BK0737.DC,20260108,1308.16,1337.91,1308.16,1333.28,1308.6299999999999,24.65,1.88,40009036.0,95472601182.0
BK0737.DC,20260109,1331.05,1372.7,1331.05,1372.7,1333.28,39.42,2.96,53694664.0,123903799121.0
BK0737.DC,20260112,1394.68,1480.2,1394.68,1479.43,1372.7,106.73,7.78,82655688.0,215668222317.0
BK0737.DC,20260113,1505.73,1508.25,1451.14,1455.46,1479.43,-23.97,-1.62,82612239.0,221855773684.0
BK0737.DC,20260114,1457.35,1545.97,1457.35,1508.63,1455.46,53.17,3.65,97564635.0,264091311048.0
BK0737.DC,20260115,1498.11,1499.25,1452.74,1465.5,1508.63,-43.13,-2.86,70947534.0,178324566324.0
BK0737.DC,20260116,1462.31,1471.27,1425.29,1432.01,1465.5,-33.49,-2.29,59347252.0,143111384171.0
BK0737.DC,20260119,1422.56,1434.47,1410.19,1418.89,1432.01,-13.12,-0.92,41387534.0,106857345649.0
BK0737.DC,20260120,1425.13,1430.14,1385.27,1396.8,1418.8899999999999,-22.09,-1.56,40119906.0,94976613175.0
BK0737.DC,20260121,1389.59,1413.94,1386.77,1398.79,1396.8,1.99,0.14,33259433.0,81590461373.0
BK0737.DC,20260122,1405.66,1422.82,1400.89,1415.75,1398.79,16.96,1.21,36277186.0,87137332787.0
BK0737.DC,20260123,1419.65,1443.79,1413.83,1441.88,1415.75,26.13,1.85,44414398.0,104534789775.0
BK0737.DC,20260126,1443.38,1444.97,1391.42,1406.65,1441.88,-35.23,-2.44,43980371.0,106556159205.0
BK0737.DC,20260127,1403.22,1414.08,1378.37,1413.1,1406.6499999999999,6.45,0.46,38442030.0,90542063531.0
BK0737.DC,20260128,1412.98,1425.9,1392.11,1394.08,1413.1,-19.02,-1.35,35663518.0,87311737613.0
BK0737.DC,20260129,1385.86,1433.47,1370.36,1394.19,1394.0800000000002,0.11,0.01,47330171.0,119654895912.0
BK0737.DC,20260130,1385.29,1388.31,1357.76,1368.88,1394.19,-25.31,-1.82,34970554.0,87234945001.0
BK0737.DC,20260202,1362.04,1375.37,1337.28,1337.28,1368.8799999999999,-31.6,-2.31,32552475.0,79119613642.0
BK0737.DC,20260203,1350.8,1371.15,1345.31,1371.15,1337.2800000000002,33.87,2.53,29348754.0,72205248533.0
BK0737.DC,20260204,1362.35,1366.81,1341.52,1356.74,1371.15,-14.41,-1.05,31256908.0,76483627746.0
BK0737.DC,20260205,1344.69,1355.57,1343.13,1346.99,1356.74,-9.75,-0.72,25232999.0,60605323089.0
BK0737.DC,20260206,1336.67,1355.41,1326.24,1338.37,1346.9899999999998,-8.62,-0.64,24752079.0,59171368383.0
BK0737.DC,20260209,1356.92,1374.73,1352.85,1374.72,1338.3700000000001,36.35,2.72,30458319.0,73947325868.0
BK0737.DC,20260210,1377.77,1392.56,1372.05,1382.2,1374.72,7.48,0.54,31732907.0,75701032808.0
BK0737.DC,20260211,1382.56,1389.27,1378.48,1378.58,1382.1999999999998,-3.62,-0.26,29344821.0,64579420901.0
BK0737.DC,20260212,1384.18,1396.02,1371.19,1386.28,1378.58,7.7,0.56,31538574.0,74875874657.0
BK0737.DC,20260213,1380.54,1409.46,1380.54,1382.16,1386.28,-4.12,-0.3,26582715.0,63208477205.0
BK0737.DC,20260224,1388.93,1389.41,1344.39,1350.2,1382.16,-31.96,-2.31,25255643.0,64576726692.0
BK0737.DC,20260225,1352.8,1362.15,1348.22,1357.29,1350.2,7.09,0.53,21070622.0,52934464199.0
BK0737.DC,20260226,1359.07,1360.0,1347.37,1351.43,1357.29,-5.86,-0.43,19318020.0,48283766851.0
BK0737.DC,20260227,1350.98,1379.42,1350.86,1377.15,1351.43,25.72,1.9,23180765.0,57349906958.0
BK0737.DC,20260302,1351.11,1359.53,1320.13,1323.66,1377.15,-53.49,-3.88,29095592.0,71350940024.0
BK0737.DC,20260303,1326.13,1331.25,1259.43,1262.25,1323.66,-61.41,-4.64,28371003.0,71027626196.0
BK0737.DC,20260304,1247.12,1270.32,1244.02,1252.19,1262.25,-10.06,-0.8,19281714.0,48605963683.0
BK0737.DC,20260305,1276.89,1280.53,1264.09,1271.07,1252.1899999999998,18.88,1.51,21222508.0,51110187215.0
BK0737.DC,20260306,1266.42,1299.48,1266.42,1299.48,1271.07,28.41,2.24,20765378.0,51222647598.0
BK0737.DC,20260309,1279.7,1314.03,1267.07,1309.48,1299.48,10.0,0.77,31862080.0,74222156593.0
BK0737.DC,20260310,1322.88,1346.81,1317.59,1334.73,1309.48,25.25,1.93,33183238.0,78913727779.0
BK0737.DC,20260311,1339.5,1345.51,1322.15,1325.39,1334.73,-9.34,-0.7,27297561.0,64862260855.0
BK0737.DC,20260312,1321.96,1330.72,1307.74,1312.26,1325.39,-13.13,-0.99,23740383.0,56485506146.0
BK0737.DC,20260313,1305.24,1305.24,1279.52,1281.86,1312.26,-30.4,-2.32,23348876.0,51560276128.0
BK0737.DC,20260316,1282.21,1291.41,1272.47,1291.41,1281.8600000000001,9.55,0.75,20243420.0,46987961392.0
BK0737.DC,20260317,1293.92,1294.3,1261.75,1261.75,1291.41,-29.66,-2.3,21214596.0,54724014494.0
BK0737.DC,20260318,1264.89,1290.44,1261.16,1289.18,1261.75,27.43,2.17,19818882.0,48916935122.0
BK0737.DC,20260319,1270.64,1285.01,1265.08,1269.52,1289.18,-19.66,-1.53,22535471.0,50908621256.0
BK0737.DC,20260320,1272.66,1278.59,1218.16,1218.16,1269.52,-51.36,-4.05,22688201.0,49745282149.0
BK0737.DC,20260323,1195.0,1201.83,1142.76,1150.4,1218.16,-67.76,-5.56,24906314.0,53854388803.0
BK0737.DC,20260324,1173.02,1184.4,1150.61,1184.4,1150.4,34.0,2.96,19819474.0,42133942302.0
BK0737.DC,20260325,1187.22,1210.69,1187.22,1199.56,1184.3999999999999,15.16,1.28,18266735.0,40777574013.0
BK0737.DC,20260326,1198.88,1201.99,1160.93,1164.96,1199.56,-34.6,-2.88,17285478.0,37292889367.0
BK0737.DC,20260327,1151.41,1185.3,1150.5,1181.22,1164.96,16.26,1.4,14990797.0,31746702367.0
BK0737.DC,20260330,1163.86,1181.31,1152.69,1180.6,1181.2199999999998,-0.62,-0.05,16423505.0,32593494665.0
BK0737.DC,20260331,1182.68,1194.41,1161.46,1161.77,1180.6,-18.83,-1.59,17463719.0,34410550052.0
BK0737.DC,20260401,1185.27,1187.37,1174.27,1182.37,1161.77,20.6,1.77,16855020.0,35403567480.0
BK0737.DC,20260402,1178.06,1178.06,1142.79,1148.94,1182.3700000000001,-33.43,-2.83,17180438.0,34727993566.0
BK0737.DC,20260403,1158.07,1161.2,1129.23,1133.14,1148.94,-15.8,-1.38,16123805.0,30797088980.0
BK0737.DC,20260407,1135.5,1152.36,1135.5,1143.71,1133.14,10.57,0.93,16629887.0,30320725920.0
BK0737.DC,20260408,1169.91,1212.33,1169.91,1212.33,1143.71,68.62,6.0,26785283.0,60225017602.0
BK0737.DC,20260409,1198.78,1198.78,1178.16,1178.33,1212.33,-34.0,-2.8,25129712.0,43456175490.0
BK0737.DC,20260410,1189.9,1207.27,1189.9,1191.23,1178.33,12.9,1.09,25075531.0,52754588175.0
BK0737.DC,20260413,1182.5,1198.21,1181.52,1194.15,1191.23,2.92,0.25,19115068.0,41067857079.0
BK0737.DC,20260414,1210.29,1216.85,1199.88,1213.18,1194.15,19.03,1.59,24539779.0,52467628436.0
BK0737.DC,20260415,1222.31,1223.05,1198.9,1201.7,1213.18,-11.48,-0.95,21934879.0,46010496780.0
BK0737.DC,20260416,1207.28,1231.03,1206.73,1229.7,1201.7,28.0,2.33,24851343.0,52210375940.0
BK0737.DC,20260417,1224.0,1230.78,1212.77,1226.83,1229.6999999999998,-2.87,-0.23,21456005.0,46061257126.0
BK0737.DC,20260420,1223.97,1235.45,1220.78,1230.48,1226.83,3.65,0.3,21574960.0,48669024436.0
BK0737.DC,20260421,1225.61,1225.61,1202.67,1210.51,1230.48,-19.97,-1.62,19579803.0,40172923561.0
BK0737.DC,20260422,1206.26,1219.71,1197.79,1219.54,1210.51,9.03,0.75,20714049.0,47324618955.0
BK0737.DC,20260423,1216.3,1221.34,1192.01,1198.24,1219.54,-21.3,-1.75,20106237.0,47618746080.0
BK0737.DC,20260424,1190.4,1197.17,1168.77,1188.74,1198.24,-9.5,-0.79,21905109.0,51021018300.0
BK0737.DC,20260427,1183.68,1198.42,1167.45,1196.51,1188.74,7.77,0.65,20000345.0,48569289524.0
BK0737.DC,20260428,1188.76,1188.76,1162.78,1168.02,1196.51,-28.49,-2.38,20823446.0,48356532554.0
BK0737.DC,20260429,1162.61,1190.16,1162.61,1186.07,1168.02,18.05,1.55,21540974.0,43591552213.0
BK0737.DC,20260430,1185.55,1198.92,1184.4,1193.81,1186.07,7.74,0.65,21498951.0,49278803075.0
BK0737.DC,20260506,1200.3,1229.01,1200.3,1218.35,1193.81,24.54,2.06,26649801.0,69227492681.0
BK0737.DC,20260507,1218.54,1239.12,1214.87,1238.12,1218.35,19.77,1.62,24104470.0,60153532796.0
BK0737.DC,20260508,1240.2,1260.67,1237.43,1248.98,1238.1200000000001,10.86,0.88,29239240.0,66540008189.0
BK0737.DC,20260511,1251.83,1256.32,1240.98,1252.22,1248.98,3.24,0.26,26870905.0,70444720197.0
BK0737.DC,20260512,1249.61,1249.65,1229.96,1234.17,1252.22,-18.05,-1.44,22959261.0,57787785455.0
BK0737.DC,20260513,1231.75,1246.95,1223.84,1246.53,1234.17,12.36,1.0,21679052.0,53302915433.0
BK0737.DC,20260514,1253.78,1258.9,1210.61,1210.61,1246.53,-35.92,-2.88,23080547.0,56512704066.0
BK0737.DC,20260515,1211.82,1228.65,1196.73,1204.1,1210.61,-6.51,-0.54,21528764.0,53176431114.0
BK0737.DC,20260518,1201.53,1227.56,1201.25,1221.24,1204.1,17.14,1.42,18520416.0,46898906352.0
BK0737.DC,20260519,1221.64,1249.98,1221.64,1249.82,1221.24,28.58,2.34,21232301.0,51875486016.0
BK0737.DC,20260520,1243.86,1246.47,1220.15,1225.84,1249.82,-23.98,-1.92,19563476.0,47713937411.0
BK0737.DC,20260521,1232.21,1249.89,1184.44,1186.11,1225.84,-39.73,-3.24,25181643.0,71641743069.0
BK0737.DC,20260522,1197.16,1209.68,1180.21,1204.01,1186.11,17.9,1.51,20053094.0,55023325404.0
BK0737.DC,20260525,1209.75,1224.57,1197.76,1216.08,1204.01,12.07,1.0,21935838.0,61997476728.0
BK0737.DC,20260526,1209.0,1212.65,1172.25,1193.01,1216.08,-23.07,-1.9,21811710.0,63225841505.0
BK0737.DC,20260527,1188.36,1194.8,1149.81,1153.98,1193.01,-39.03,-3.27,20239871.0,55598744994.0
BK0737.DC,20260528,1154.14,1165.84,1128.73,1157.46,1153.98,3.48,0.3,20344241.0,53083508462.0
BK0737.DC,20260529,1164.0,1170.79,1108.68,1113.97,1157.46,-43.49,-3.76,20190930.0,53649792159.0
BK0737.DC,20260601,1114.56,1167.64,1114.56,1151.92,1113.97,37.95,3.41,22140601.0,60705267554.0
BK0737.DC,20260602,1154.94,1156.33,1121.65,1137.37,1151.9199999999998,-14.55,-1.26,19610545.0,52069336993.0
BK0737.DC,20260603,1129.88,1138.62,1112.02,1120.51,1137.37,-16.86,-1.48,19303680.0,55110673863.0
BK0737.DC,20260604,1111.31,1116.22,1088.88,1096.24,1120.51,-24.27,-2.17,18245070.0,47240844666.0
BK0737.DC,20260605,1096.76,1119.2,1082.38,1100.93,1096.24,4.69,0.43,18208406.0,46437131988.0
BK0737.DC,20260608,1070.91,1110.43,1070.39,1087.54,1100.93,-13.39,-1.22,19273556.0,45656845665.0
