ts_code,trade_date,open,high,low,close,pre_close,change,pct_chg,vol,amount
BK0900.DC,20200102,851.19,863.14,849.55,862.92,846.55,16.37,1.93,40729496.0,40454678528.0
BK0900.DC,20200103,864.36,868.4,860.79,866.23,862.9200000000001,3.31,0.38,38000881.0,38447685376.0
BK0900.DC,20200106,865.36,893.32,864.7,887.22,866.23,20.99,2.42,51537208.0,57132169472.0
BK0900.DC,20200107,890.02,894.51,885.82,894.51,887.22,7.29,0.82,44330399.0,44241969408.0
BK0900.DC,20200108,893.01,911.48,891.47,897.26,894.51,2.75,0.31,53126190.0,51552903936.0
BK0900.DC,20200109,906.44,908.73,900.64,905.6,897.26,8.34,0.93,46526584.0,46613773824.0
BK0900.DC,20200110,904.31,904.67,890.1,895.17,905.5999999999999,-10.43,-1.15,35588063.0,37514121472.0
BK0900.DC,20200113,898.9,911.86,897.07,911.86,895.17,16.69,1.86,40688307.0,45833642752.0
BK0900.DC,20200114,916.51,923.94,912.5,913.03,911.86,1.17,0.13,48601731.0,53967060736.0
BK0900.DC,20200115,909.55,909.55,896.79,902.36,913.03,-10.67,-1.17,35056022.0,38565977600.0
BK0900.DC,20200116,903.38,907.07,897.59,899.66,902.36,-2.7,-0.3,33678168.0,38104095744.0
BK0900.DC,20200117,901.3,903.15,893.66,896.33,899.6600000000001,-3.33,-0.37,36028684.0,41703053824.0
BK0900.DC,20200120,895.18,905.02,891.64,905.0,896.33,8.67,0.97,34559149.0,43350187776.0
BK0900.DC,20200121,899.77,899.77,884.74,884.74,905.0,-20.26,-2.24,31265767.0,38241492224.0
BK0900.DC,20200122,879.28,897.42,865.37,892.06,884.7399999999999,7.32,0.83,34781520.0,47022987520.0
BK0900.DC,20200123,883.27,891.81,852.81,862.12,892.0600000000001,-29.94,-3.36,39331446.0,51816199680.0
BK0900.DC,20200203,778.77,785.29,778.77,781.58,862.12,-80.54,-9.34,15980823.0,37615418624.0
BK0900.DC,20200204,738.78,782.75,738.78,779.32,781.58,-2.26,-0.29,46856829.0,55105651456.0
BK0900.DC,20200205,789.02,818.95,789.02,804.34,779.32,25.02,3.21,43697518.0,62640708864.0
BK0900.DC,20200206,798.04,822.5,793.95,819.12,804.34,14.78,1.84,45896374.0,67339516672.0
BK0900.DC,20200207,818.53,824.4,809.52,823.45,819.12,4.33,0.53,41989582.0,59068502784.0
BK0900.DC,20200210,822.03,853.56,820.37,853.56,823.4499999999999,30.11,3.66,44700672.0,59913812480.0
BK0900.DC,20200211,857.22,859.0,846.87,850.22,853.5600000000001,-3.34,-0.39,39976172.0,53192418048.0
BK0900.DC,20200212,846.89,871.45,845.87,871.0,850.22,20.78,2.44,46525978.0,54427246336.0
BK0900.DC,20200213,868.75,876.66,863.69,865.73,871.0,-5.27,-0.61,49181379.0,56957890816.0
BK0900.DC,20200214,865.26,871.98,855.26,862.75,865.73,-2.98,-0.34,43752998.0,51927091200.0
BK0900.DC,20200217,866.38,892.29,866.38,892.29,862.75,29.54,3.42,50716426.0,58187253760.0
BK0900.DC,20200218,895.27,911.67,894.2,911.67,892.29,19.38,2.17,54530765.0,62497128448.0
BK0900.DC,20200219,921.56,926.23,914.02,914.09,911.6700000000001,2.42,0.27,66752028.0,76779147264.0
BK0900.DC,20200220,918.41,938.18,918.24,937.41,914.0899999999999,23.32,2.55,67262605.0,78928592896.0
BK0900.DC,20200221,937.69,953.18,937.1,949.53,937.41,12.12,1.29,69754271.0,78428966912.0
BK0900.DC,20200224,949.26,966.76,943.76,963.71,949.5300000000001,14.18,1.49,71739543.0,82516586496.0
BK0900.DC,20200225,941.19,983.67,927.05,982.19,963.71,18.48,1.92,88926264.0,101359841280.0
BK0900.DC,20200226,971.83,988.66,955.82,958.62,982.19,-23.57,-2.4,80624448.0,89480245248.0
BK0900.DC,20200227,964.21,970.57,946.9,957.63,958.62,-0.99,-0.1,63387740.0,65000775424.0
BK0900.DC,20200228,917.22,929.3,889.75,890.31,957.6299999999999,-67.32,-7.03,66990141.0,69675802624.0
BK0900.DC,20200302,897.01,927.06,896.9,922.04,890.31,31.73,3.56,55624904.0,57111956480.0
BK0900.DC,20200303,942.42,956.16,926.9,936.9,922.04,14.86,1.61,63469883.0,64909577216.0
BK0900.DC,20200304,927.52,940.62,921.23,938.38,936.9,1.48,0.16,52094175.0,53246922752.0
BK0900.DC,20200305,951.16,957.01,944.68,956.92,938.38,18.54,1.98,57830879.0,60605106688.0
BK0900.DC,20200306,943.76,962.33,941.97,954.04,956.92,-2.88,-0.3,55767217.0,53179734272.0
BK0900.DC,20200309,936.97,943.85,911.68,911.68,954.04,-42.36,-4.44,54837788.0,57956610304.0
BK0900.DC,20200310,897.15,938.74,886.94,938.74,911.6800000000001,27.06,2.97,56339512.0,58299723776.0
BK0900.DC,20200311,942.98,953.05,929.32,929.32,938.74,-9.42,-1.0,50612913.0,53956701952.0
BK0900.DC,20200312,912.7,918.47,900.09,912.01,929.3199999999999,-17.31,-1.86,43766269.0,46505238272.0
BK0900.DC,20200313,862.66,906.82,861.98,901.07,912.0100000000001,-10.94,-1.2,54883313.0,53075628800.0
BK0900.DC,20200316,908.46,909.33,849.7,852.36,901.07,-48.71,-5.41,52527304.0,57620488960.0
BK0900.DC,20200317,856.44,866.23,821.57,850.71,852.36,-1.65,-0.19,46490916.0,47625131008.0
BK0900.DC,20200318,857.96,871.95,834.47,834.47,850.71,-16.24,-1.91,47782492.0,50828295168.0
BK0900.DC,20200319,832.6,846.28,816.31,841.92,834.4699999999999,7.45,0.89,44874353.0,48402380544.0
BK0900.DC,20200320,852.11,854.59,834.92,848.89,841.92,6.97,0.83,37174993.0,39058361088.0
BK0900.DC,20200323,824.18,827.63,800.02,802.84,848.89,-46.05,-5.42,36480953.0,38372231936.0
BK0900.DC,20200324,818.51,821.79,793.66,821.79,802.8399999999999,18.95,2.36,39959553.0,40823534848.0
BK0900.DC,20200325,840.69,850.69,839.74,848.57,821.7900000000001,26.78,3.26,42604855.0,47952674304.0
BK0900.DC,20200326,844.95,847.53,834.06,835.08,848.57,-13.49,-1.59,36888121.0,37220286720.0
BK0900.DC,20200327,846.19,847.86,827.56,827.87,835.08,-7.21,-0.86,35801680.0,36281543936.0
BK0900.DC,20200330,814.88,818.2,797.46,810.48,827.87,-17.39,-2.1,36237628.0,36925025280.0
BK0900.DC,20200331,817.71,819.23,808.3,808.71,810.48,-1.77,-0.22,32150528.0,31584188672.0
BK0900.DC,20200401,811.9,829.61,811.9,814.78,808.7099999999999,6.07,0.75,39883856.0,41028067840.0
BK0900.DC,20200402,807.81,833.51,807.31,833.51,814.78,18.73,2.3,35020353.0,36626424064.0
BK0900.DC,20200403,834.19,836.59,820.8,824.01,833.51,-9.5,-1.14,31818678.0,32605162752.0
BK0900.DC,20200407,839.85,850.95,837.6,850.95,824.01,26.94,3.27,39428325.0,39871182592.0
BK0900.DC,20200408,846.38,854.49,844.88,850.57,850.95,-0.38,-0.04,38604468.0,36503481088.0
BK0900.DC,20200409,855.36,857.13,850.35,854.32,850.57,3.75,0.44,36075025.0,32312808448.0
BK0900.DC,20200410,855.46,855.5,829.48,833.12,854.32,-21.2,-2.48,35413111.0,37134166016.0
BK0900.DC,20200413,826.31,826.31,815.94,820.41,833.12,-12.71,-1.53,25550552.0,28485805312.0
BK0900.DC,20200414,825.43,842.03,825.43,842.03,820.41,21.62,2.64,30414224.0,38064320512.0
BK0900.DC,20200415,844.32,847.59,837.38,837.54,842.03,-4.49,-0.53,36708626.0,43837364736.0
BK0900.DC,20200416,831.47,842.35,828.6,840.96,837.5400000000001,3.42,0.41,30799300.0,34514902528.0
BK0900.DC,20200417,846.96,849.7,841.79,842.13,840.96,1.17,0.14,34272071.0,41253340672.0
BK0900.DC,20200420,842.66,847.17,838.28,847.17,842.13,5.04,0.6,30299991.0,34055338240.0
BK0900.DC,20200421,842.2,842.2,828.24,837.13,847.17,-10.04,-1.19,30230981.0,33976349184.0
BK0900.DC,20200422,829.43,842.83,826.54,842.83,837.13,5.7,0.68,27963365.0,29523362560.0
BK0900.DC,20200423,844.91,845.96,834.16,834.26,842.83,-8.57,-1.02,29512039.0,32882422784.0
BK0900.DC,20200424,835.97,843.36,821.36,823.42,834.26,-10.84,-1.3,32515292.0,34657103104.0
BK0900.DC,20200427,822.55,823.96,814.34,814.35,823.4200000000001,-9.07,-1.1,26459480.0,27484102400.0
BK0900.DC,20200428,813.8,814.52,774.57,797.27,814.35,-17.08,-2.1,33301233.0,35443604480.0
BK0900.DC,20200429,793.84,805.4,792.24,797.48,797.27,0.21,0.03,25970575.0,28394258176.0
BK0900.DC,20200430,802.51,824.2,802.51,821.98,797.48,24.5,3.07,35088380.0,42505963264.0
BK0900.DC,20200506,815.37,838.24,814.94,838.23,821.98,16.25,1.98,36083640.0,44910762496.0
BK0900.DC,20200507,839.61,840.06,833.66,834.66,838.23,-3.57,-0.43,31015470.0,39127703552.0
BK0900.DC,20200508,837.11,846.43,836.0,843.56,834.66,8.9,1.07,32683236.0,42970210816.0
BK0900.DC,20200511,846.59,851.38,839.48,844.31,843.56,0.75,0.09,30838655.0,41502763008.0
BK0900.DC,20200512,843.68,844.27,830.13,841.96,844.3100000000001,-2.35,-0.28,29241273.0,34223319808.0
BK0900.DC,20200513,837.36,843.01,835.47,841.88,841.96,-0.08,-0.01,24101348.0,29944990720.0
BK0900.DC,20200514,837.56,840.75,833.83,834.34,841.88,-7.54,-0.9,27523128.0,31623545088.0
BK0900.DC,20200515,836.82,842.93,832.8,837.54,834.3399999999999,3.2,0.38,28175572.0,36575656704.0
BK0900.DC,20200518,837.2,837.44,823.83,825.92,837.54,-11.62,-1.39,30749813.0,36558908928.0
BK0900.DC,20200519,831.63,836.18,830.28,836.18,825.92,10.26,1.24,26219755.0,31794209024.0
BK0900.DC,20200520,837.22,844.91,835.26,837.49,836.1800000000001,1.31,0.16,32723361.0,41759179264.0
BK0900.DC,20200521,840.49,841.34,825.32,827.7,837.49,-9.79,-1.17,32352257.0,35780426240.0
BK0900.DC,20200522,825.19,826.05,809.85,815.63,827.7,-12.07,-1.46,27155503.0,29952960512.0
BK0900.DC,20200525,814.79,817.07,807.69,810.99,815.63,-4.64,-0.57,21745354.0,24670633216.0
BK0900.DC,20200526,813.78,829.49,813.78,829.24,810.99,18.25,2.25,23303159.0,27751727360.0
BK0900.DC,20200527,831.18,835.93,828.09,831.53,829.24,2.29,0.28,28028306.0,33596356096.0
BK0900.DC,20200528,832.39,837.08,820.63,831.36,831.53,-0.17,-0.02,29726847.0,31491221248.0
BK0900.DC,20200529,832.29,839.0,831.23,834.66,831.36,3.3,0.4,34011106.0,34782741248.0
BK0900.DC,20200601,837.5,860.13,837.5,860.13,834.66,25.47,3.05,39490032.0,44188847616.0
BK0900.DC,20200602,864.24,866.85,860.68,864.56,860.13,4.43,0.52,44779348.0,53073946880.0
BK0900.DC,20200603,865.76,868.7,860.31,864.55,864.56,-0.01,0.0,42921152.0,49571396096.0
BK0900.DC,20200604,866.42,871.38,864.56,870.33,864.5500000000001,5.78,0.67,42868410.0,48771818496.0
BK0900.DC,20200605,871.46,872.06,862.91,868.4,870.3299999999999,-1.93,-0.22,36799397.0,42363695104.0
BK0900.DC,20200608,872.25,873.47,867.12,868.63,868.4,0.23,0.03,35494108.0,43278315008.0
BK0900.DC,20200609,869.85,872.71,867.1,871.74,868.63,3.11,0.36,35931360.0,40227912960.0
BK0900.DC,20200610,871.27,871.27,862.36,866.46,871.74,-5.28,-0.61,31089708.0,40502869760.0
BK0900.DC,20200611,870.5,883.58,866.77,871.84,866.46,5.38,0.62,45607022.0,58416098304.0
BK0900.DC,20200612,852.31,872.48,850.28,868.08,871.84,-3.76,-0.43,41628010.0,51415422976.0
BK0900.DC,20200615,864.94,871.0,859.24,859.35,868.08,-8.73,-1.01,37255504.0,45117320960.0
BK0900.DC,20200616,866.26,873.6,865.19,873.6,859.35,14.25,1.66,33027541.0,41401944576.0
BK0900.DC,20200617,875.07,875.07,864.99,870.56,873.5999999999999,-3.04,-0.35,33363270.0,41658524928.0
BK0900.DC,20200618,870.44,875.36,867.81,874.72,870.5600000000001,4.16,0.48,37879916.0,43496639232.0
BK0900.DC,20200619,874.24,885.35,874.05,883.78,874.72,9.06,1.04,37979582.0,51683828736.0
BK0900.DC,20200622,885.2,890.19,884.49,886.39,883.78,2.61,0.3,39004368.0,51938388224.0
BK0900.DC,20200623,884.93,884.93,876.15,879.06,886.39,-7.33,-0.83,34615879.0,44714470912.0
BK0900.DC,20200624,878.39,879.24,872.82,874.9,879.06,-4.16,-0.47,30195975.0,40074174976.0
BK0900.DC,20200629,871.54,872.42,865.22,867.66,874.9,-7.24,-0.83,32471079.0,39409037824.0
BK0900.DC,20200630,870.5,879.92,870.5,877.62,867.66,9.96,1.15,29053970.0,40228912384.0
BK0900.DC,20200701,882.52,885.14,875.27,882.81,877.6199999999999,5.19,0.59,41923925.0,53331032576.0
BK0900.DC,20200702,883.75,892.16,879.39,891.85,882.8100000000001,9.04,1.02,54893901.0,59820262656.0
BK0900.DC,20200703,895.77,908.53,895.77,908.28,891.85,16.43,1.84,58592189.0,65784862976.0
BK0900.DC,20200706,913.49,944.11,913.49,944.11,908.28,35.83,3.94,77509545.0,89384865792.0
BK0900.DC,20200707,955.04,973.73,944.39,961.09,944.11,16.98,1.8,79539492.0,97728110592.0
BK0900.DC,20200708,961.38,980.56,954.53,980.56,961.0899999999999,19.47,2.03,100294548.0,123215486976.0
BK0900.DC,20200709,980.83,1003.47,979.28,1003.47,980.5600000000001,22.91,2.34,109996493.0,137888706560.0
BK0900.DC,20200710,1000.63,1007.0,993.57,996.33,1003.47,-7.14,-0.71,102230438.0,130901950464.0
BK0900.DC,20200713,1000.49,1031.65,1000.49,1031.65,996.33,35.32,3.55,103706447.0,138661957632.0
BK0900.DC,20200714,1031.58,1035.41,1004.65,1024.37,1031.6499999999999,-7.28,-0.71,109837330.0,147674775552.0
BK0900.DC,20200715,1027.59,1030.0,990.56,994.85,1024.3700000000001,-29.52,-2.88,104294444.0,130566336512.0
BK0900.DC,20200716,996.89,1004.92,952.5,953.99,994.85,-40.86,-4.11,91716401.0,117291753472.0
BK0900.DC,20200717,955.78,967.32,944.1,956.64,953.99,2.65,0.28,70153226.0,88740290560.0
BK0900.DC,20200720,967.02,989.79,964.1,989.79,956.64,33.15,3.47,72892362.0,93826052096.0
BK0900.DC,20200721,994.26,997.92,983.97,992.68,989.79,2.89,0.29,67449114.0,85699407872.0
BK0900.DC,20200722,991.02,1001.93,988.37,993.09,992.6800000000001,0.41,0.04,68629768.0,89119617024.0
BK0900.DC,20200723,988.02,991.05,963.98,989.43,993.0899999999999,-3.66,-0.37,78025300.0,100776591360.0
BK0900.DC,20200724,985.35,991.19,947.96,950.77,989.43,-38.66,-3.91,83221719.0,112807178240.0
BK0900.DC,20200727,953.61,957.5,938.51,953.7,950.7700000000001,2.93,0.31,63306570.0,78686961664.0
BK0900.DC,20200728,960.75,971.09,958.47,966.53,953.6999999999999,12.83,1.35,64185144.0,83994460160.0
BK0900.DC,20200729,964.28,989.19,958.26,989.19,966.5300000000001,22.66,2.34,68558853.0,84891119616.0
BK0900.DC,20200730,991.43,995.49,983.73,986.32,989.19,-2.87,-0.29,74420257.0,84138582016.0
BK0900.DC,20200731,984.38,997.02,977.53,994.89,986.3199999999999,8.57,0.87,73587361.0,88250298368.0
BK0900.DC,20200803,1001.67,1026.05,1001.67,1026.05,994.89,31.16,3.13,80601805.0,97339105280.0
BK0900.DC,20200804,1029.73,1029.86,1017.86,1023.17,1026.05,-2.88,-0.28,82052355.0,100006137856.0
BK0900.DC,20200805,1024.73,1033.54,1015.51,1033.54,1023.17,10.37,1.01,74401321.0,88312901632.0
BK0900.DC,20200806,1034.27,1035.89,1018.21,1032.28,1033.54,-1.26,-0.12,78950692.0,96952139776.0
BK0900.DC,20200807,1029.26,1029.38,1007.9,1022.21,1032.28,-10.07,-0.98,79120003.0,96957575168.0
BK0900.DC,20200810,1019.54,1035.83,1018.87,1031.01,1022.21,8.8,0.86,68722668.0,86540337152.0
BK0900.DC,20200811,1032.4,1034.94,1013.05,1014.08,1031.01,-16.93,-1.64,75007316.0,88283910144.0
BK0900.DC,20200812,1010.7,1013.2,986.3,1013.2,1014.08,-0.88,-0.09,72404628.0,88979271680.0
BK0900.DC,20200813,1016.79,1026.22,1016.79,1019.91,1013.1999999999999,6.71,0.66,67460823.0,73426944000.0
BK0900.DC,20200814,1018.03,1027.74,1009.51,1027.26,1019.91,7.35,0.72,73214610.0,72639885312.0
BK0900.DC,20200817,1028.23,1045.82,1024.97,1045.82,1027.26,18.56,1.81,80929106.0,89583202304.0
BK0900.DC,20200818,1048.04,1056.98,1047.92,1056.25,1045.82,10.43,1.0,86333028.0,93831458816.0
BK0900.DC,20200819,1054.7,1054.7,1037.2,1038.14,1056.25,-18.11,-1.71,84990106.0,87270535168.0
BK0900.DC,20200820,1030.26,1036.32,1021.56,1024.66,1038.14,-13.48,-1.3,69312323.0,74895532032.0
BK0900.DC,20200821,1030.31,1040.33,1024.99,1032.68,1024.66,8.02,0.78,67104330.0,72210509824.0
BK0900.DC,20200824,1036.0,1043.87,1021.57,1041.65,1032.68,8.97,0.87,66772150.0,76567232512.0
BK0900.DC,20200825,1042.71,1047.73,1039.21,1042.94,1041.65,1.29,0.12,74668979.0,79385329664.0
BK0900.DC,20200826,1043.94,1044.06,1017.41,1020.33,1042.94,-22.61,-2.17,81072504.0,82995773440.0
BK0900.DC,20200827,1022.56,1044.08,1019.7,1042.85,1020.3299999999999,22.52,2.21,79072307.0,83002888192.0
BK0900.DC,20200828,1040.86,1047.83,1033.45,1047.16,1042.8500000000001,4.31,0.41,79735214.0,85453946880.0
BK0900.DC,20200831,1049.54,1060.17,1049.2,1049.44,1047.16,2.28,0.22,76124316.0,84182429696.0
BK0900.DC,20200901,1049.42,1071.76,1048.16,1071.76,1049.44,22.32,2.13,75987717.0,87478480896.0
BK0900.DC,20200902,1074.23,1085.33,1068.12,1079.93,1071.76,8.17,0.76,87309716.0,95190974464.0
BK0900.DC,20200903,1077.79,1077.8,1060.31,1064.35,1079.9299999999998,-15.58,-1.44,80131146.0,85488377856.0
BK0900.DC,20200904,1044.56,1072.61,1042.19,1071.23,1064.35,6.88,0.65,77580349.0,76915847168.0
BK0900.DC,20200907,1074.07,1085.86,1061.16,1068.21,1071.23,-3.02,-0.28,92242849.0,101416165376.0
BK0900.DC,20200908,1068.01,1081.62,1058.76,1080.99,1068.21,12.78,1.2,89297283.0,89289957376.0
BK0900.DC,20200909,1068.8,1079.9,1052.07,1052.07,1080.99,-28.92,-2.68,113086147.0,108883902464.0
BK0900.DC,20200910,1055.54,1057.45,1001.03,1003.91,1052.07,-48.16,-4.58,90543537.0,84257968128.0
BK0900.DC,20200911,995.24,1024.87,995.23,1022.1,1003.91,18.19,1.81,70171062.0,66994316544.0
BK0900.DC,20200914,1028.43,1047.91,1028.06,1046.85,1022.0999999999999,24.75,2.42,78878589.0,81785339904.0
BK0900.DC,20200915,1050.08,1055.07,1044.65,1052.24,1046.85,5.39,0.51,72701007.0,80802340864.0
BK0900.DC,20200916,1051.46,1054.52,1045.17,1051.53,1052.24,-0.71,-0.07,67475366.0,78379884544.0
BK0900.DC,20200917,1051.6,1075.64,1049.04,1068.07,1051.53,16.54,1.57,77653499.0,95963279360.0
BK0900.DC,20200918,1068.42,1077.97,1064.38,1077.86,1068.07,9.79,0.92,74338831.0,90258022400.0
BK0900.DC,20200921,1079.51,1082.7,1071.65,1074.27,1077.86,-3.59,-0.33,66650230.0,85995851776.0
BK0900.DC,20200922,1063.73,1068.09,1049.37,1053.03,1074.27,-21.24,-1.98,60477422.0,68780044288.0
BK0900.DC,20200923,1057.09,1062.24,1050.55,1059.63,1053.0300000000002,6.6,0.63,56328722.0,67811467520.0
BK0900.DC,20200924,1050.92,1050.92,1025.7,1025.76,1059.6299999999999,-33.87,-3.2,56585541.0,65737196544.0
BK0900.DC,20200925,1030.67,1032.73,1015.75,1020.68,1025.76,-5.08,-0.5,44239450.0,52689890816.0
BK0900.DC,20200928,1023.21,1024.92,1008.33,1008.57,1020.6800000000001,-12.11,-1.19,44185162.0,52165390336.0
BK0900.DC,20200929,1014.5,1023.25,1010.76,1016.73,1008.57,8.16,0.81,45391204.0,56802874880.0
BK0900.DC,20200930,1018.3,1022.36,1011.39,1016.82,1016.73,0.09,0.01,43517530.0,56159657984.0
BK0900.DC,20201009,1037.14,1060.82,1036.99,1059.45,1016.82,42.63,4.19,60978770.0,87009873920.0
BK0900.DC,20201012,1073.37,1099.2,1072.5,1099.2,1059.45,39.75,3.75,78124600.0,107033718784.0
BK0900.DC,20201013,1099.01,1114.78,1093.37,1112.71,1099.2,13.51,1.23,77671821.0,100243025920.0
BK0900.DC,20201014,1112.83,1113.23,1103.98,1110.71,1112.71,-2.0,-0.18,80875412.0,104608485376.0
BK0900.DC,20201015,1117.43,1124.19,1109.41,1109.5,1110.71,-1.21,-0.11,81055496.0,103078567936.0
BK0900.DC,20201016,1106.09,1107.66,1093.86,1101.82,1109.5,-7.68,-0.69,64537702.0,91503243264.0
BK0900.DC,20201019,1106.66,1110.89,1094.79,1098.3,1101.82,-3.52,-0.32,61850150.0,80984264704.0
BK0900.DC,20201020,1097.05,1121.83,1091.09,1121.83,1098.3,23.53,2.14,65833446.0,91672272896.0
BK0900.DC,20201021,1121.99,1121.99,1099.62,1103.35,1121.83,-18.48,-1.65,65095148.0,93075644416.0
BK0900.DC,20201022,1098.5,1112.48,1089.3,1104.65,1103.3500000000001,1.3,0.12,60268114.0,85345730560.0
BK0900.DC,20201023,1105.04,1114.95,1089.4,1092.09,1104.6499999999999,-12.56,-1.14,62515592.0,87028928512.0
BK0900.DC,20201026,1089.04,1106.38,1080.11,1104.09,1092.09,12.0,1.1,57875315.0,81881067520.0
BK0900.DC,20201027,1099.39,1106.96,1090.33,1100.42,1104.0900000000001,-3.67,-0.33,58762852.0,82360127488.0
BK0900.DC,20201028,1099.76,1115.82,1088.84,1113.4,1100.42,12.98,1.18,73943570.0,110287872000.0
BK0900.DC,20201029,1094.53,1119.02,1092.23,1110.5,1113.4,-2.9,-0.26,80055754.0,119199629312.0
BK0900.DC,20201030,1113.14,1115.05,1084.37,1084.52,1110.5,-25.98,-2.34,88204539.0,130938441728.0
BK0900.DC,20201102,1085.36,1104.53,1081.87,1103.34,1084.52,18.82,1.74,82312443.0,124471226368.0
BK0900.DC,20201103,1110.48,1118.99,1106.27,1118.99,1103.34,15.65,1.42,81276198.0,123644751872.0
BK0900.DC,20201104,1119.76,1129.96,1115.49,1123.43,1118.99,4.44,0.4,78615967.0,123697295360.0
BK0900.DC,20201105,1134.56,1158.11,1134.13,1158.11,1123.4299999999998,34.68,3.09,96726170.0,150260629504.0
BK0900.DC,20201106,1162.6,1163.48,1134.31,1142.07,1158.11,-16.04,-1.39,93106675.0,150941777920.0
BK0900.DC,20201109,1146.9,1165.73,1146.27,1162.03,1142.07,19.96,1.75,92299492.0,143445753856.0
BK0900.DC,20201110,1161.86,1161.86,1135.92,1141.84,1162.03,-20.19,-1.74,81733919.0,128071819264.0
BK0900.DC,20201111,1138.55,1140.38,1118.41,1118.53,1141.84,-23.31,-2.04,66822789.0,111728340992.0
BK0900.DC,20201112,1121.32,1126.28,1113.18,1117.42,1118.53,-1.11,-0.1,55157842.0,88774799360.0
BK0900.DC,20201113,1121.26,1133.3,1118.07,1130.15,1117.42,12.73,1.14,61426890.0,103373750272.0
BK0900.DC,20201116,1130.09,1136.31,1122.3,1135.44,1130.15,5.29,0.47,69005097.0,105813590016.0
BK0900.DC,20201117,1135.77,1140.73,1125.97,1134.35,1135.4399999999998,-1.09,-0.1,82111990.0,124934508544.0
BK0900.DC,20201118,1131.39,1143.55,1128.6,1137.45,1134.3500000000001,3.1,0.27,76817318.0,113189892096.0
BK0900.DC,20201119,1139.12,1141.42,1130.8,1139.9,1137.45,2.45,0.22,82527255.0,107997257728.0
BK0900.DC,20201120,1138.76,1161.77,1138.3,1160.87,1139.8999999999999,20.97,1.84,89153060.0,125083721728.0
BK0900.DC,20201123,1162.8,1170.37,1155.5,1167.76,1160.87,6.89,0.59,98251364.0,140347858944.0
BK0900.DC,20201124,1170.46,1183.46,1169.41,1175.64,1167.76,7.88,0.67,96908726.0,139126820864.0
BK0900.DC,20201125,1176.52,1185.76,1167.74,1167.74,1175.64,-7.9,-0.67,100535583.0,140632682496.0
BK0900.DC,20201126,1164.43,1164.43,1144.66,1153.52,1167.74,-14.22,-1.22,86220841.0,120015208448.0
BK0900.DC,20201127,1152.43,1155.3,1136.15,1149.4,1153.52,-4.12,-0.36,79713439.0,109785919488.0
BK0900.DC,20201130,1147.93,1154.2,1138.53,1141.99,1149.4,-7.41,-0.64,83032814.0,117772845056.0
BK0900.DC,20201201,1138.2,1159.53,1136.87,1159.0,1141.99,17.01,1.49,82848852.0,114177167360.0
BK0900.DC,20201202,1158.84,1161.0,1151.34,1156.74,1159.0,-2.26,-0.19,90760512.0,125697851392.0
BK0900.DC,20201203,1155.18,1155.62,1141.38,1146.97,1156.74,-9.77,-0.84,86437074.0,111625564160.0
BK0900.DC,20201204,1142.96,1148.56,1139.77,1145.04,1146.97,-1.93,-0.17,72966180.0,96057118720.0
BK0900.DC,20201207,1145.66,1146.03,1138.14,1139.04,1145.04,-6.0,-0.52,70831035.0,99586277376.0
BK0900.DC,20201208,1139.95,1152.0,1139.95,1148.93,1139.04,9.89,0.87,71240724.0,109299646464.0
BK0900.DC,20201209,1149.31,1149.68,1123.42,1123.42,1148.93,-25.51,-2.22,79931397.0,115674767360.0
BK0900.DC,20201210,1117.54,1124.77,1107.55,1116.71,1123.42,-6.71,-0.6,65538775.0,97417494528.0
BK0900.DC,20201211,1117.61,1120.22,1088.25,1099.92,1116.71,-16.79,-1.5,71383301.0,102748237824.0
BK0900.DC,20201214,1098.66,1114.64,1090.11,1114.31,1099.9199999999998,14.39,1.31,68458967.0,101746790400.0
BK0900.DC,20201215,1113.1,1119.26,1107.82,1117.34,1114.31,3.03,0.27,68314578.0,106874978304.0
BK0900.DC,20201216,1117.73,1117.73,1097.69,1098.21,1117.3400000000001,-19.13,-1.71,71291791.0,96413556736.0
BK0900.DC,20201217,1094.51,1112.35,1081.73,1111.71,1098.21,13.5,1.23,75403776.0,101142450176.0
BK0900.DC,20201218,1111.92,1125.54,1110.63,1115.65,1111.71,3.94,0.35,76232829.0,118042439680.0
BK0900.DC,20201221,1116.68,1140.44,1115.34,1139.79,1115.6499999999999,24.14,2.16,92022508.0,149581115392.0
BK0900.DC,20201222,1134.83,1135.84,1108.38,1108.73,1139.79,-31.06,-2.73,97121697.0,149677957120.0
BK0900.DC,20201223,1108.5,1129.19,1108.5,1122.89,1108.73,14.16,1.28,94782459.0,143259238400.0
BK0900.DC,20201224,1122.5,1122.5,1095.72,1099.49,1122.89,-23.4,-2.08,80213612.0,112572989440.0
BK0900.DC,20201225,1096.72,1115.63,1094.19,1114.12,1099.4899999999998,14.63,1.33,78971169.0,116872863744.0
BK0900.DC,20201228,1114.21,1114.21,1093.95,1100.04,1114.12,-14.08,-1.26,88566039.0,129857155072.0
BK0900.DC,20201229,1098.58,1103.69,1082.35,1083.66,1100.0400000000002,-16.38,-1.49,87361984.0,129894457344.0
BK0900.DC,20201230,1081.02,1100.8,1081.02,1094.25,1083.66,10.59,0.98,81508529.0,128901980160.0
BK0900.DC,20201231,1096.2,1114.95,1096.2,1110.46,1094.25,16.21,1.48,87586570.0,130645868544.0
BK0900.DC,20210104,1118.28,1147.13,1118.26,1145.13,1110.46,34.67,3.12,104721946.0,168799911936.0
BK0900.DC,20210105,1144.37,1144.37,1126.45,1138.38,1145.13,-6.75,-0.59,107564278.0,174619344896.0
BK0900.DC,20210106,1138.0,1138.58,1108.44,1113.83,1138.3799999999999,-24.55,-2.16,93548590.0,147951284224.0
BK0900.DC,20210107,1111.8,1111.8,1081.97,1090.64,1113.8300000000002,-23.19,-2.08,106658918.0,164884086784.0
BK0900.DC,20210108,1090.16,1093.94,1067.21,1085.94,1090.64,-4.7,-0.43,98495119.0,163148894208.0
BK0900.DC,20210111,1087.07,1087.24,1056.47,1060.49,1085.94,-25.45,-2.34,103300872.0,184665169920.0
BK0900.DC,20210112,1057.23,1067.83,1053.48,1066.0,1060.49,5.51,0.52,83711734.0,153769328640.0
BK0900.DC,20210113,1067.07,1067.07,1042.05,1045.75,1066.0,-20.25,-1.9,101139484.0,184913752064.0
BK0900.DC,20210114,1041.89,1051.42,1027.35,1042.95,1045.75,-2.8,-0.27,93172785.0,155803164672.0
BK0900.DC,20210115,1040.24,1060.0,1039.38,1058.9,1042.95,15.95,1.53,84770363.0,141421096960.0
BK0900.DC,20210118,1056.64,1078.09,1055.65,1077.29,1058.8999999999999,18.39,1.74,78109151.0,130692161536.0
BK0900.DC,20210119,1077.22,1084.57,1073.75,1076.33,1077.29,-0.96,-0.09,81406252.0,137025257472.0
BK0900.DC,20210120,1077.83,1093.79,1077.83,1093.75,1076.33,17.42,1.62,76123594.0,137852768256.0
BK0900.DC,20210121,1091.84,1105.62,1088.33,1100.39,1093.75,6.64,0.61,89723292.0,154752376832.0
BK0900.DC,20210122,1099.01,1099.01,1082.06,1089.56,1100.3899999999999,-10.83,-0.98,88467976.0,158542127104.0
BK0900.DC,20210125,1087.27,1087.35,1070.93,1074.86,1089.56,-14.7,-1.35,88241060.0,179183206400.0
BK0900.DC,20210126,1072.26,1081.36,1062.38,1064.75,1074.86,-10.11,-0.94,74630871.0,143565000704.0
BK0900.DC,20210127,1064.34,1069.88,1056.6,1067.89,1064.75,3.14,0.29,74173353.0,137835126784.0
BK0900.DC,20210128,1057.81,1070.76,1049.54,1050.18,1067.89,-17.71,-1.66,70607332.0,125254021120.0
BK0900.DC,20210129,1055.09,1057.96,1022.18,1034.86,1050.1799999999998,-15.32,-1.46,75030039.0,134735118336.0
BK0900.DC,20210201,1026.77,1038.83,1026.52,1038.56,1034.86,3.7,0.36,71127557.0,117685968896.0
BK0900.DC,20210202,1039.0,1047.33,1034.06,1046.93,1038.5600000000002,8.37,0.81,71527716.0,134734082048.0
BK0900.DC,20210203,1045.32,1045.48,1028.66,1029.53,1046.93,-17.4,-1.66,82667773.0,144857309184.0
BK0900.DC,20210204,1024.88,1026.34,996.31,1009.73,1029.53,-19.8,-1.92,78979095.0,131221139456.0
BK0900.DC,20210205,1009.71,1018.0,986.62,986.62,1009.73,-23.11,-2.29,68293519.0,125678039040.0
BK0900.DC,20210208,986.72,994.25,974.89,985.53,986.62,-1.09,-0.11,57493128.0,111000133632.0
BK0900.DC,20210209,987.07,1006.97,986.22,1004.84,985.5300000000001,19.31,1.96,60844608.0,110850379776.0
BK0900.DC,20210210,1007.33,1013.39,1004.28,1011.87,1004.84,7.03,0.7,58088530.0,112255373312.0
BK0900.DC,20210218,1027.02,1037.87,1025.96,1037.69,1011.87,25.82,2.55,73959224.0,144754610176.0
BK0900.DC,20210219,1036.55,1062.69,1032.28,1062.67,1037.69,24.98,2.41,76518807.0,126224224256.0
BK0900.DC,20210222,1066.9,1092.01,1066.9,1070.89,1062.67,8.22,0.77,98297766.0,161059282944.0
BK0900.DC,20210223,1065.78,1070.61,1057.52,1062.96,1070.89,-7.93,-0.74,76016681.0,126900432896.0
BK0900.DC,20210224,1063.32,1074.87,1053.45,1062.56,1062.96,-0.4,-0.04,77205161.0,140952027136.0
BK0900.DC,20210225,1068.78,1070.71,1048.21,1050.12,1062.56,-12.44,-1.17,69953262.0,115831844864.0
BK0900.DC,20210226,1034.72,1052.12,1032.0,1047.44,1050.1200000000001,-2.68,-0.26,68932859.0,113861976064.0
BK0900.DC,20210301,1051.88,1077.2,1051.88,1077.2,1047.44,29.76,2.84,70588641.0,114229293056.0
BK0900.DC,20210302,1080.9,1081.08,1065.07,1072.28,1077.2,-4.92,-0.46,70258056.0,114099535872.0
BK0900.DC,20210303,1068.85,1087.07,1067.84,1087.07,1072.28,14.79,1.38,68347502.0,99465969664.0
BK0900.DC,20210304,1081.66,1086.3,1070.83,1073.67,1087.0700000000002,-13.4,-1.23,81925046.0,126289154048.0
BK0900.DC,20210305,1065.33,1088.07,1064.04,1085.56,1073.6699999999998,11.89,1.11,77571776.0,113774182400.0
BK0900.DC,20210308,1090.49,1096.48,1068.1,1068.1,1085.56,-17.46,-1.61,82026985.0,123835617280.0
BK0900.DC,20210309,1066.37,1067.19,1020.29,1035.54,1068.1,-32.56,-3.05,84204045.0,124208193536.0
BK0900.DC,20210310,1046.6,1050.48,1026.87,1028.04,1035.54,-7.5,-0.72,61680492.0,98418892800.0
BK0900.DC,20210311,1028.05,1050.4,1021.67,1050.4,1028.0400000000002,22.36,2.18,65234429.0,99043213312.0
BK0900.DC,20210312,1051.38,1053.61,1041.04,1051.11,1050.3999999999999,0.71,0.07,71528684.0,106268135424.0
BK0900.DC,20210315,1046.9,1053.13,1037.54,1045.84,1051.11,-5.27,-0.5,68396992.0,99617878016.0
BK0900.DC,20210316,1045.97,1055.55,1043.18,1055.55,1045.84,9.71,0.93,67589699.0,92669919232.0
BK0900.DC,20210317,1053.75,1066.05,1047.34,1065.28,1055.55,9.73,0.92,60053765.0,92257878016.0
BK0900.DC,20210318,1066.13,1068.49,1061.2,1063.73,1065.28,-1.55,-0.15,60958024.0,92966555648.0
BK0900.DC,20210319,1053.73,1068.63,1049.98,1059.62,1063.7299999999998,-4.11,-0.39,60896287.0,95367241728.0
BK0900.DC,20210322,1060.6,1075.93,1060.6,1075.93,1059.6200000000001,16.31,1.54,62366431.0,88590213120.0
BK0900.DC,20210323,1074.56,1074.64,1053.16,1057.7,1075.93,-18.23,-1.69,63182067.0,93524443136.0
BK0900.DC,20210324,1051.58,1057.53,1040.25,1042.48,1057.7,-15.22,-1.44,57683730.0,85521563648.0
BK0900.DC,20210325,1038.26,1045.41,1031.53,1036.87,1042.4799999999998,-5.61,-0.54,48715328.0,73511424000.0
BK0900.DC,20210326,1037.75,1055.93,1037.75,1054.59,1036.87,17.72,1.71,59085798.0,95966949376.0
BK0900.DC,20210329,1056.63,1056.63,1048.15,1050.7,1054.5900000000001,-3.89,-0.37,55786931.0,85176176640.0
BK0900.DC,20210330,1049.36,1049.36,1039.04,1042.15,1050.7,-8.55,-0.81,53279603.0,82794242048.0
BK0900.DC,20210331,1042.19,1045.63,1037.42,1044.05,1042.1499999999999,1.9,0.18,47139540.0,75625975808.0
BK0900.DC,20210401,1045.41,1049.18,1041.25,1047.82,1044.05,3.77,0.36,49191053.0,75616169984.0
BK0900.DC,20210402,1049.67,1054.17,1045.4,1053.38,1047.8200000000002,5.56,0.53,51893059.0,78538313728.0
BK0900.DC,20210406,1056.38,1070.08,1056.38,1069.39,1053.38,16.01,1.52,56311698.0,82201305088.0
BK0900.DC,20210407,1070.13,1073.59,1064.36,1073.59,1069.3899999999999,4.2,0.39,65723845.0,93987098624.0
BK0900.DC,20210408,1071.26,1073.95,1066.19,1066.19,1073.5900000000001,-7.4,-0.69,59242588.0,78583058432.0
BK0900.DC,20210409,1065.43,1069.34,1062.56,1067.36,1066.1899999999998,1.17,0.11,55463434.0,79782785024.0
BK0900.DC,20210412,1066.85,1066.97,1047.47,1049.95,1067.3600000000001,-17.41,-1.63,60110387.0,89032089600.0
BK0900.DC,20210413,1049.15,1050.46,1040.85,1043.19,1049.95,-6.76,-0.64,51587180.0,71258583040.0
BK0900.DC,20210414,1043.13,1060.58,1042.92,1060.58,1043.1899999999998,17.39,1.67,54931259.0,82100813824.0
BK0900.DC,20210415,1056.7,1059.97,1050.96,1058.57,1060.58,-2.01,-0.19,58486925.0,76211294208.0
BK0900.DC,20210416,1059.46,1077.74,1059.46,1076.4,1058.5700000000002,17.83,1.68,67917087.0,88871755776.0
BK0900.DC,20210419,1082.36,1110.3,1082.36,1109.75,1076.4,33.35,3.1,92013658.0,135207325696.0
BK0900.DC,20210420,1109.23,1113.2,1101.62,1101.97,1109.75,-7.78,-0.7,87327104.0,126158729216.0
BK0900.DC,20210421,1095.37,1098.69,1088.15,1093.23,1101.97,-8.74,-0.79,72413565.0,100952924160.0
BK0900.DC,20210422,1096.12,1102.62,1095.23,1097.51,1093.23,4.28,0.39,73253937.0,104915513344.0
BK0900.DC,20210423,1094.45,1097.72,1088.53,1093.9,1097.51,-3.61,-0.33,74612777.0,107385860096.0
BK0900.DC,20210426,1094.92,1101.69,1087.37,1088.17,1093.9,-5.73,-0.52,80704164.0,126731689984.0
BK0900.DC,20210427,1086.16,1086.4,1066.04,1074.38,1088.17,-13.79,-1.27,69870643.0,102697086976.0
BK0900.DC,20210428,1071.71,1078.81,1066.46,1078.73,1074.38,4.35,0.4,64404557.0,105813803008.0
BK0900.DC,20210429,1075.79,1077.17,1071.3,1071.3,1078.73,-7.43,-0.69,61525187.0,102953562112.0
BK0900.DC,20210430,1069.59,1071.09,1060.92,1065.68,1071.3,-5.62,-0.52,67836349.0,116187955200.0
BK0900.DC,20210506,1065.05,1072.16,1063.81,1071.03,1065.68,5.35,0.5,65203441.0,111290105856.0
BK0900.DC,20210507,1071.44,1071.57,1061.44,1061.44,1071.03,-9.59,-0.9,70373046.0,109178580992.0
BK0900.DC,20210510,1061.07,1065.63,1056.1,1065.58,1061.4399999999998,4.14,0.39,70980524.0,102793953280.0
BK0900.DC,20210511,1060.49,1066.68,1049.77,1064.94,1065.5800000000002,-0.64,-0.06,70735404.0,103519481856.0
BK0900.DC,20210512,1061.71,1078.06,1059.0,1078.06,1064.94,13.12,1.23,65045606.0,95143686144.0
BK0900.DC,20210513,1069.82,1076.44,1064.99,1065.66,1078.0600000000002,-12.4,-1.15,70092700.0,98600071168.0
BK0900.DC,20210514,1069.07,1082.8,1067.32,1082.17,1065.66,16.51,1.55,71916595.0,106368253952.0
BK0900.DC,20210517,1080.65,1083.76,1073.73,1077.86,1082.1699999999998,-4.31,-0.4,76771730.0,127024508928.0
BK0900.DC,20210518,1075.21,1081.28,1072.67,1081.26,1077.86,3.4,0.32,62925530.0,97369288704.0
BK0900.DC,20210519,1079.85,1092.9,1077.0,1091.3,1081.26,10.04,0.93,73088310.0,126798745600.0
BK0900.DC,20210520,1088.48,1093.59,1085.99,1088.59,1091.3,-2.71,-0.25,79854623.0,127538864128.0
BK0900.DC,20210521,1090.07,1094.36,1089.28,1090.86,1088.59,2.27,0.21,69657651.0,115022024704.0
BK0900.DC,20210524,1089.83,1095.57,1089.5,1095.57,1090.86,4.71,0.43,64780872.0,108581982208.0
BK0900.DC,20210525,1094.81,1099.48,1088.79,1099.36,1095.57,3.79,0.35,73127562.0,117470609408.0
BK0900.DC,20210526,1100.77,1108.01,1098.96,1107.2,1099.3600000000001,7.84,0.71,69462111.0,110410682368.0
BK0900.DC,20210527,1108.02,1118.12,1107.31,1117.14,1107.2,9.94,0.9,70733187.0,110220013568.0
BK0900.DC,20210528,1118.98,1129.31,1118.58,1122.65,1117.14,5.51,0.49,83292145.0,152967106560.0
BK0900.DC,20210531,1125.16,1143.15,1125.16,1143.15,1122.65,20.5,1.83,79763192.0,153254191104.0
BK0900.DC,20210601,1142.94,1148.5,1139.14,1147.99,1143.15,4.84,0.42,79836178.0,142867763200.0
BK0900.DC,20210602,1148.14,1153.06,1140.85,1144.88,1147.99,-3.11,-0.27,81301399.0,127700959232.0
BK0900.DC,20210603,1144.4,1154.49,1142.05,1143.54,1144.8799999999999,-1.34,-0.12,76661409.0,128429703168.0
BK0900.DC,20210604,1139.85,1158.19,1139.36,1154.27,1143.54,10.73,0.94,80247442.0,144627511296.0
BK0900.DC,20210607,1157.85,1161.79,1155.13,1161.79,1154.27,7.52,0.65,84543186.0,143226130432.0
BK0900.DC,20210608,1163.3,1170.64,1157.72,1164.08,1161.79,2.29,0.2,83226911.0,144093962240.0
BK0900.DC,20210609,1163.47,1168.04,1159.51,1166.63,1164.0800000000002,2.55,0.22,79602107.0,116499652608.0
BK0900.DC,20210610,1165.48,1176.98,1164.5,1176.21,1166.63,9.58,0.82,85851561.0,148777148416.0
BK0900.DC,20210611,1177.49,1177.68,1168.1,1168.1,1176.2099999999998,-8.11,-0.69,92094835.0,163754524672.0
BK0900.DC,20210615,1169.79,1171.87,1161.45,1167.13,1168.1000000000001,-0.97,-0.08,83294234.0,142822277120.0
BK0900.DC,20210616,1165.68,1165.85,1141.9,1143.02,1167.1299999999999,-24.11,-2.07,81351944.0,146334748672.0
BK0900.DC,20210617,1141.89,1153.63,1141.89,1153.63,1143.0200000000002,10.61,0.93,70351176.0,122502516736.0
BK0900.DC,20210618,1154.25,1180.01,1150.34,1179.04,1153.6299999999999,25.41,2.2,90729300.0,162209787904.0
BK0900.DC,20210621,1176.81,1195.84,1175.2,1195.63,1179.0400000000002,16.59,1.41,87426207.0,158883266560.0
BK0900.DC,20210622,1198.53,1206.69,1193.24,1204.56,1195.6299999999999,8.93,0.75,92163156.0,149963051008.0
BK0900.DC,20210623,1204.92,1219.41,1204.35,1216.63,1204.5600000000002,12.07,1.0,100029038.0,175837351936.0
BK0900.DC,20210624,1218.61,1218.79,1209.62,1211.89,1216.63,-4.74,-0.39,100162783.0,157427003392.0
BK0900.DC,20210625,1211.88,1212.58,1198.5,1208.95,1211.89,-2.94,-0.24,88624927.0,148984045568.0
BK0900.DC,20210628,1209.83,1223.48,1209.83,1220.65,1208.95,11.7,0.97,89671788.0,159255105536.0
BK0900.DC,20210629,1222.55,1223.77,1207.6,1208.27,1220.65,-12.38,-1.01,90723871.0,160802336768.0
BK0900.DC,20210630,1208.56,1222.29,1207.1,1222.21,1208.27,13.94,1.15,79668764.0,147175862272.0
BK0900.DC,20210701,1224.31,1224.47,1196.44,1196.44,1222.21,-25.77,-2.11,83532091.0,149782880256.0
BK0900.DC,20210702,1193.75,1203.46,1190.36,1200.55,1196.44,4.11,0.34,81590623.0,154069852160.0
BK0900.DC,20210705,1204.88,1226.44,1204.88,1226.44,1200.55,25.89,2.16,87024630.0,169416761344.0
BK0900.DC,20210706,1227.05,1233.98,1210.3,1225.67,1226.44,-0.77,-0.06,89708421.0,182284484608.0
BK0900.DC,20210707,1218.6,1247.84,1216.25,1247.06,1225.6699999999998,21.39,1.75,97963740.0,192801550336.0
BK0900.DC,20210708,1250.44,1256.68,1248.75,1251.89,1247.0600000000002,4.83,0.39,106643599.0,205711171584.0
BK0900.DC,20210709,1247.47,1270.35,1244.54,1268.44,1251.89,16.55,1.32,110132895.0,211865542656.0
BK0900.DC,20210712,1276.24,1296.07,1276.03,1291.26,1268.44,22.82,1.8,125438456.0,248967327744.0
BK0900.DC,20210713,1291.51,1295.11,1282.36,1295.11,1291.26,3.85,0.3,119725340.0,222243745792.0
BK0900.DC,20210714,1291.13,1291.13,1271.91,1272.32,1295.11,-22.79,-1.76,117452168.0,227420708864.0
BK0900.DC,20210715,1265.66,1268.81,1240.91,1263.22,1272.32,-9.1,-0.72,109134633.0,209112236032.0
BK0900.DC,20210716,1261.66,1276.28,1259.75,1263.17,1263.22,-0.05,0.0,105915308.0,202695897088.0
BK0900.DC,20210719,1262.09,1264.56,1252.52,1259.62,1263.1699999999998,-3.55,-0.28,102982807.0,202904100864.0
BK0900.DC,20210720,1249.09,1273.02,1247.42,1272.93,1259.6200000000001,13.31,1.06,89677327.0,162776977408.0
BK0900.DC,20210721,1277.11,1302.37,1277.11,1300.28,1272.93,27.35,2.15,114385295.0,222186864640.0
BK0900.DC,20210722,1303.12,1316.55,1299.16,1316.55,1300.28,16.27,1.25,120460393.0,223031611392.0
BK0900.DC,20210723,1316.42,1323.9,1305.95,1310.32,1316.55,-6.23,-0.47,133105096.0,240436776960.0
BK0900.DC,20210726,1309.12,1312.1,1272.86,1297.2,1310.32,-13.12,-1.0,127877614.0,230489313280.0
BK0900.DC,20210727,1298.34,1310.38,1268.85,1268.98,1297.2,-28.22,-2.18,131497759.0,255551819776.0
BK0900.DC,20210728,1255.82,1262.12,1208.84,1237.23,1268.98,-31.75,-2.5,113795694.0,212451291136.0
BK0900.DC,20210729,1254.21,1289.97,1254.21,1286.87,1237.2299999999998,49.64,4.01,110528727.0,223893606400.0
BK0900.DC,20210730,1287.43,1313.45,1286.64,1308.41,1286.8700000000001,21.54,1.67,117089216.0,240875208704.0
BK0900.DC,20210802,1317.42,1339.85,1316.37,1339.85,1308.4099999999999,31.44,2.4,124632607.0,270363643904.0
BK0900.DC,20210803,1337.48,1347.97,1316.58,1320.24,1339.85,-19.61,-1.46,120753121.0,244710559744.0
BK0900.DC,20210804,1316.62,1359.93,1316.58,1359.92,1320.24,39.68,3.01,111028649.0,244144996352.0
BK0900.DC,20210805,1356.22,1358.56,1341.73,1354.79,1359.92,-5.13,-0.38,111812595.0,226105114624.0
BK0900.DC,20210806,1361.09,1375.42,1357.56,1373.11,1354.79,18.32,1.35,117906798.0,246246973440.0
BK0900.DC,20210809,1369.46,1372.47,1352.59,1372.47,1373.1100000000001,-0.64,-0.05,115305439.0,232330530816.0
BK0900.DC,20210810,1369.8,1394.37,1368.46,1384.35,1372.4699999999998,11.88,0.87,120770035.0,244132311040.0
BK0900.DC,20210811,1383.9,1409.96,1375.48,1409.96,1384.3500000000001,25.61,1.85,131515136.0,238873300992.0
BK0900.DC,20210812,1408.09,1425.55,1401.91,1421.53,1409.96,11.57,0.82,145117898.0,263270932480.0
BK0900.DC,20210813,1417.22,1431.41,1415.33,1424.1,1421.53,2.57,0.18,133737748.0,253604483072.0
BK0900.DC,20210816,1420.92,1422.56,1403.51,1410.36,1424.1,-13.74,-0.96,124020452.0,238580981760.0
BK0900.DC,20210817,1408.37,1413.54,1362.85,1366.72,1410.3600000000001,-43.64,-3.09,129133673.0,220461678592.0
BK0900.DC,20210818,1363.02,1382.36,1360.41,1371.87,1366.7199999999998,5.15,0.38,102584148.0,190337863680.0
BK0900.DC,20210819,1368.15,1383.13,1350.81,1374.35,1371.87,2.48,0.18,110149532.0,204188348416.0
BK0900.DC,20210820,1368.01,1373.7,1348.14,1369.4,1374.3500000000001,-4.95,-0.36,100595756.0,193454747648.0
BK0900.DC,20210823,1374.21,1415.43,1374.21,1415.35,1369.3999999999999,45.95,3.36,111941965.0,220033146880.0
BK0900.DC,20210824,1419.36,1431.04,1414.58,1422.76,1415.35,7.41,0.52,124323543.0,239766384640.0
BK0900.DC,20210825,1420.89,1430.13,1412.71,1430.13,1422.7600000000002,7.37,0.52,113922903.0,210729455616.0
BK0900.DC,20210826,1429.26,1437.21,1420.69,1422.42,1430.13,-7.71,-0.54,126973133.0,226481618944.0
BK0900.DC,20210827,1418.06,1427.24,1407.06,1425.71,1422.42,3.29,0.23,137328453.0,232895328256.0
BK0900.DC,20210830,1422.52,1439.49,1420.34,1430.35,1425.7099999999998,4.64,0.33,133280399.0,271281995776.0
BK0900.DC,20210831,1428.68,1428.68,1408.02,1421.84,1430.35,-8.51,-0.59,124555018.0,226559885312.0
BK0900.DC,20210901,1422.19,1422.73,1373.91,1390.45,1421.8400000000001,-31.39,-2.21,140455468.0,248563605504.0
BK0900.DC,20210902,1385.27,1411.96,1383.18,1411.72,1390.45,21.27,1.53,116040760.0,197292994560.0
BK0900.DC,20210903,1410.78,1429.53,1390.69,1401.3,1411.72,-10.42,-0.74,129476851.0,219059888128.0
BK0900.DC,20210906,1402.02,1414.92,1383.43,1414.92,1401.3000000000002,13.62,0.97,107835822.0,197261893632.0
BK0900.DC,20210907,1416.21,1437.62,1411.72,1437.62,1414.9199999999998,22.7,1.6,111136778.0,203701813248.0
BK0900.DC,20210908,1437.54,1443.45,1432.26,1440.39,1437.6200000000001,2.77,0.19,118389650.0,200972750848.0
BK0900.DC,20210909,1439.13,1440.51,1423.07,1432.3,1440.3899999999999,-8.09,-0.56,110837192.0,193317027840.0
BK0900.DC,20210910,1433.36,1435.67,1414.76,1430.45,1432.3,-1.85,-0.13,116526953.0,208083144704.0
BK0900.DC,20210913,1432.0,1432.0,1418.66,1430.39,1430.45,-0.06,0.0,113843095.0,201106767872.0
BK0900.DC,20210914,1428.92,1447.07,1422.1,1425.78,1430.3899999999999,-4.61,-0.32,120164618.0,234212356096.0
BK0900.DC,20210915,1423.65,1439.72,1417.1,1439.72,1425.78,13.94,0.98,108337306.0,211048112128.0
BK0900.DC,20210916,1440.29,1443.48,1402.56,1402.56,1439.72,-37.16,-2.58,118081388.0,219060973568.0
BK0900.DC,20210917,1401.71,1409.26,1372.64,1397.32,1402.56,-5.24,-0.37,98923791.0,179989135360.0
BK0900.DC,20210922,1381.45,1400.53,1378.39,1400.05,1397.32,2.73,0.2,78133094.0,142005465088.0
BK0900.DC,20210923,1406.37,1412.98,1402.66,1407.76,1400.05,7.71,0.55,88332700.0,164962418688.0
BK0900.DC,20210924,1407.0,1407.03,1379.17,1380.25,1407.76,-27.51,-1.95,83367744.0,155672793088.0
BK0900.DC,20210927,1383.12,1386.35,1320.65,1335.04,1380.25,-45.21,-3.28,93444851.0,177861005312.0
BK0900.DC,20210928,1331.9,1340.65,1327.44,1334.87,1335.04,-0.17,-0.01,66241820.0,131370065920.0
BK0900.DC,20210929,1325.92,1327.78,1297.22,1297.22,1334.8700000000001,-37.65,-2.82,80363336.0,149531844608.0
BK0900.DC,20210930,1303.89,1331.23,1303.89,1330.07,1297.22,32.85,2.53,67612009.0,136485941248.0
BK0900.DC,20211008,1346.54,1352.89,1337.89,1346.31,1330.07,16.24,1.22,70393070.0,143902113792.0
BK0900.DC,20211011,1348.36,1348.48,1331.37,1342.5,1346.31,-3.81,-0.28,63960008.0,130599247872.0
BK0900.DC,20211012,1341.92,1343.64,1302.08,1314.87,1342.5,-27.63,-2.06,68537710.0,132568731648.0
BK0900.DC,20211013,1316.55,1335.82,1311.08,1334.93,1314.8700000000001,20.06,1.53,58621719.0,125794516992.0
BK0900.DC,20211014,1333.73,1353.72,1330.48,1350.59,1334.9299999999998,15.66,1.17,65904274.0,131133566976.0
BK0900.DC,20211015,1347.15,1351.66,1339.12,1346.9,1350.5900000000001,-3.69,-0.27,76716933.0,164206178304.0
BK0900.DC,20211018,1347.51,1368.49,1347.09,1368.38,1346.9,21.48,1.59,71372884.0,159169675264.0
BK0900.DC,20211019,1370.62,1382.04,1370.49,1380.75,1368.38,12.37,0.9,76033971.0,158543421440.0
BK0900.DC,20211020,1377.56,1391.25,1373.97,1385.23,1380.75,4.48,0.32,80044262.0,171343814656.0
BK0900.DC,20211021,1385.94,1386.0,1370.39,1374.14,1385.23,-11.09,-0.8,76799805.0,158975254528.0
BK0900.DC,20211022,1373.94,1374.05,1357.34,1358.0,1374.14,-16.14,-1.17,75977741.0,162384306176.0
BK0900.DC,20211025,1358.3,1382.53,1355.14,1382.53,1358.0,24.53,1.81,78045100.0,181464268800.0
BK0900.DC,20211026,1391.47,1399.19,1385.13,1389.19,1382.53,6.66,0.48,96477704.0,210592505856.0
BK0900.DC,20211027,1384.14,1387.57,1369.54,1375.11,1389.1899999999998,-14.08,-1.01,94246269.0,196899446784.0
BK0900.DC,20211028,1369.04,1374.33,1343.48,1348.88,1375.1100000000001,-26.23,-1.91,93782751.0,202087235584.0
BK0900.DC,20211029,1350.43,1374.04,1343.0,1374.04,1348.8799999999999,25.16,1.87,91815470.0,209160347648.0
BK0900.DC,20211101,1373.5,1407.85,1372.3,1405.32,1374.04,31.28,2.28,106967908.0,229845168128.0
BK0900.DC,20211102,1407.68,1419.47,1382.28,1394.56,1405.32,-10.76,-0.77,106132475.0,218831007744.0
BK0900.DC,20211103,1392.25,1399.54,1382.78,1398.19,1394.56,3.63,0.26,87597629.0,180777996288.0
BK0900.DC,20211104,1402.15,1433.54,1402.15,1433.54,1398.19,35.35,2.53,99370322.0,203600207872.0
BK0900.DC,20211105,1432.99,1444.47,1429.84,1430.28,1433.54,-3.26,-0.23,113762557.0,220190715904.0
BK0900.DC,20211108,1430.81,1447.98,1430.81,1447.98,1430.28,17.7,1.24,101714199.0,215331262464.0
BK0900.DC,20211109,1449.82,1464.85,1449.23,1464.85,1447.98,16.87,1.17,91883791.0,185725464576.0
BK0900.DC,20211110,1459.69,1474.87,1452.02,1474.87,1464.85,10.02,0.68,94931441.0,204318769152.0
BK0900.DC,20211111,1472.88,1490.84,1472.62,1488.71,1474.8700000000001,13.84,0.94,97394138.0,187922628608.0
BK0900.DC,20211112,1488.59,1525.92,1488.59,1525.37,1488.7099999999998,36.66,2.46,104949573.0,199316008960.0
BK0900.DC,20211115,1533.62,1539.88,1526.81,1532.1,1525.37,6.73,0.44,118394744.0,228622659584.0
BK0900.DC,20211116,1528.9,1529.35,1513.78,1514.54,1532.1,-17.56,-1.15,113194491.0,201226346496.0
BK0900.DC,20211117,1516.96,1550.99,1516.96,1550.99,1514.54,36.45,2.41,116762368.0,207631429632.0
BK0900.DC,20211118,1552.14,1553.31,1539.88,1539.88,1550.99,-11.11,-0.72,124294426.0,220115308544.0
BK0900.DC,20211119,1537.77,1563.42,1536.93,1561.55,1539.8799999999999,21.67,1.41,123725051.0,217902510080.0
BK0900.DC,20211122,1564.59,1597.07,1564.49,1597.07,1561.55,35.52,2.27,131059694.0,264811954176.0
BK0900.DC,20211123,1600.5,1612.03,1599.96,1605.7,1597.07,8.63,0.54,133245292.0,248424275968.0
BK0900.DC,20211124,1605.3,1613.31,1601.2,1604.46,1605.7,-1.24,-0.08,123633695.0,224277557248.0
BK0900.DC,20211125,1605.47,1605.47,1594.72,1597.98,1604.46,-6.48,-0.4,110940815.0,199024615424.0
BK0900.DC,20211126,1595.41,1606.81,1594.32,1603.24,1597.98,5.26,0.33,106599212.0,201248411648.0
BK0900.DC,20211129,1578.1,1624.93,1576.1,1624.93,1603.24,21.69,1.35,111981752.0,232291528704.0
BK0900.DC,20211130,1636.42,1651.73,1628.46,1639.52,1624.93,14.59,0.9,124745587.0,243729985536.0
BK0900.DC,20211201,1638.45,1654.86,1637.32,1654.86,1639.52,15.34,0.94,120550395.0,222237634560.0
BK0900.DC,20211202,1654.59,1659.46,1644.05,1644.79,1654.86,-10.07,-0.61,132739581.0,236116795392.0
BK0900.DC,20211203,1642.71,1652.16,1632.74,1646.05,1644.79,1.26,0.08,114866993.0,212148510720.0
BK0900.DC,20211206,1644.7,1644.7,1611.04,1613.1,1646.05,-32.95,-2.0,119192507.0,223675805696.0
BK0900.DC,20211207,1619.68,1622.22,1565.63,1576.15,1613.1000000000001,-36.95,-2.29,117647199.0,241304711168.0
BK0900.DC,20211208,1580.45,1609.75,1579.52,1609.75,1576.15,33.6,2.13,103624827.0,204873719808.0
BK0900.DC,20211209,1611.13,1613.63,1604.03,1606.74,1609.75,-3.01,-0.19,106992266.0,211682742272.0
BK0900.DC,20211210,1600.25,1623.72,1596.84,1622.66,1606.74,15.92,0.99,103872538.0,210578141184.0
BK0900.DC,20211213,1626.36,1627.34,1609.24,1623.03,1622.66,0.37,0.02,109504573.0,216071581696.0
BK0900.DC,20211214,1619.54,1624.35,1612.36,1624.31,1623.03,1.28,0.08,101803740.0,190205825024.0
BK0900.DC,20211215,1621.88,1630.98,1618.62,1622.4,1624.3100000000002,-1.91,-0.12,98879416.0,175478673408.0
BK0900.DC,20211216,1622.01,1631.73,1616.13,1631.73,1622.4,9.33,0.58,99132992.0,174357061632.0
BK0900.DC,20211217,1629.54,1629.54,1609.38,1609.38,1631.73,-22.35,-1.37,105928842.0,187793809408.0
BK0900.DC,20211220,1605.36,1610.72,1579.64,1579.78,1609.3799999999999,-29.6,-1.84,106337613.0,194979786752.0
BK0900.DC,20211221,1578.9,1606.29,1578.9,1606.28,1579.78,26.5,1.68,97728092.0,160534888448.0
BK0900.DC,20211222,1610.72,1617.07,1604.53,1614.46,1606.28,8.18,0.51,108102807.0,177867223040.0
BK0900.DC,20211223,1615.76,1629.52,1604.97,1625.13,1614.46,10.67,0.66,103530808.0,182640889856.0
BK0900.DC,20211224,1629.03,1630.05,1578.3,1578.3,1625.1299999999999,-46.83,-2.88,109432735.0,203214565376.0
BK0900.DC,20211227,1573.83,1586.75,1565.17,1576.33,1578.3,-1.97,-0.12,85243400.0,157740703744.0
BK0900.DC,20211228,1579.37,1591.63,1574.9,1591.63,1576.3300000000002,15.3,0.97,84819753.0,163856101376.0
BK0900.DC,20211229,1589.35,1591.15,1577.29,1585.92,1591.63,-5.71,-0.36,85911959.0,153097445376.0
BK0900.DC,20211230,1586.66,1601.82,1585.86,1593.59,1585.9199999999998,7.67,0.48,86861514.0,153178984448.0
BK0900.DC,20211231,1596.87,1602.75,1594.03,1596.24,1593.59,2.65,0.17,85349130.0,154826670080.0
BK0900.DC,20220104,1603.58,1606.68,1587.58,1596.75,1596.24,0.51,0.03,97302589.0,186657034240.0
BK0900.DC,20220105,1593.53,1593.53,1543.92,1556.53,1596.75,-40.22,-2.52,101811241.0,191818088448.0
BK0900.DC,20220106,1548.35,1582.69,1546.62,1577.38,1556.5300000000002,20.85,1.34,90022213.0,159444783104.0
BK0900.DC,20220107,1577.64,1583.0,1543.02,1543.02,1577.3799999999999,-34.36,-2.18,94400850.0,166078939136.0
BK0900.DC,20220110,1539.78,1557.28,1528.76,1553.2,1543.02,10.18,0.66,78130102.0,144539779072.0
BK0900.DC,20220111,1555.14,1565.13,1533.16,1536.63,1553.2,-16.57,-1.07,78459479.0,144144904192.0
BK0900.DC,20220112,1544.09,1569.15,1544.09,1569.15,1536.63,32.52,2.12,77954668.0,162155065344.0
BK0900.DC,20220113,1570.93,1570.93,1551.38,1553.17,1569.15,-15.98,-1.02,81023160.0,146279391232.0
BK0900.DC,20220114,1547.25,1569.98,1540.04,1556.13,1553.17,2.96,0.19,81112643.0,146840563712.0
BK0900.DC,20220117,1555.35,1588.85,1555.35,1588.47,1556.13,32.34,2.08,81825876.0,155983138816.0
BK0900.DC,20220118,1587.5,1587.5,1565.13,1569.69,1588.47,-18.78,-1.18,80577723.0,145059667968.0
BK0900.DC,20220119,1564.75,1566.88,1540.09,1551.61,1569.6899999999998,-18.08,-1.15,74523661.0,149088423936.0
BK0900.DC,20220120,1550.22,1550.42,1502.08,1502.88,1551.6100000000001,-48.73,-3.14,75421752.0,135698391040.0
BK0900.DC,20220121,1498.9,1504.98,1487.33,1491.91,1502.88,-10.97,-0.73,64182218.0,117798289408.0
BK0900.DC,20220124,1488.04,1506.72,1483.92,1498.68,1491.91,6.77,0.45,60494062.0,123966214144.0
BK0900.DC,20220125,1493.7,1502.6,1436.63,1436.63,1498.68,-62.05,-4.14,70390269.0,126928646144.0
BK0900.DC,20220126,1440.57,1457.25,1430.4,1450.85,1436.6299999999999,14.22,0.99,59661914.0,113321447424.0
BK0900.DC,20220127,1451.37,1452.93,1403.37,1403.72,1450.8500000000001,-47.13,-3.25,65720082.0,123938353152.0
BK0900.DC,20220128,1413.5,1434.28,1389.76,1418.16,1403.72,14.44,1.03,62976164.0,128342900736.0
BK0900.DC,20220207,1439.93,1446.64,1430.05,1435.16,1418.16,17.0,1.2,64196431.0,119998521344.0
BK0900.DC,20220208,1434.42,1437.82,1410.16,1437.2,1435.16,2.04,0.14,65229340.0,127019769856.0
BK0900.DC,20220209,1438.25,1459.86,1431.25,1459.86,1437.1999999999998,22.66,1.58,66012221.0,121227325440.0
BK0900.DC,20220210,1459.61,1459.64,1431.02,1439.14,1459.8600000000001,-20.72,-1.42,61579517.0,126595072000.0
BK0900.DC,20220211,1433.38,1433.38,1401.19,1402.93,1439.14,-36.21,-2.52,65001213.0,130686603264.0
BK0900.DC,20220214,1396.46,1420.89,1386.67,1406.54,1402.93,3.61,0.26,57115860.0,111819198464.0
BK0900.DC,20220215,1409.68,1426.87,1400.75,1426.87,1406.54,20.33,1.45,60549906.0,121695207424.0
BK0900.DC,20220216,1433.79,1447.25,1431.24,1443.13,1426.8700000000001,16.26,1.14,61768433.0,111501332480.0
BK0900.DC,20220217,1440.96,1458.1,1434.7,1446.47,1443.13,3.34,0.23,69255685.0,135377342464.0
BK0900.DC,20220218,1437.69,1447.6,1431.56,1447.52,1446.47,1.05,0.07,53911593.0,98525581312.0
BK0900.DC,20220221,1448.32,1460.41,1445.75,1460.41,1447.52,12.89,0.89,61423112.0,107854163968.0
BK0900.DC,20220222,1452.24,1452.24,1433.02,1444.5,1460.41,-15.91,-1.09,68025549.0,126078390272.0
BK0900.DC,20220223,1445.92,1482.11,1445.92,1482.11,1444.5,37.61,2.6,73719764.0,148426240000.0
BK0900.DC,20220224,1476.24,1493.17,1427.43,1448.38,1482.1100000000001,-33.73,-2.28,103136617.0,180833939456.0
BK0900.DC,20220225,1459.65,1479.14,1459.65,1465.5,1448.38,17.12,1.18,70062477.0,138118279168.0
BK0900.DC,20220228,1465.39,1467.46,1441.45,1464.34,1465.5,-1.16,-0.08,63846807.0,126850678784.0
BK0900.DC,20220301,1470.09,1477.99,1465.21,1474.49,1464.34,10.15,0.69,68503071.0,135528161280.0
BK0900.DC,20220302,1468.11,1472.69,1459.2,1472.28,1474.49,-2.21,-0.15,67074875.0,120226525184.0
BK0900.DC,20220303,1476.45,1477.62,1448.72,1450.58,1472.28,-21.7,-1.47,76046057.0,127979778048.0
BK0900.DC,20220304,1442.02,1446.62,1417.83,1422.61,1450.58,-27.97,-1.93,68845701.0,129257345024.0
BK0900.DC,20220307,1417.67,1417.67,1382.25,1388.56,1422.61,-34.05,-2.39,68894031.0,135780929536.0
BK0900.DC,20220308,1390.33,1396.95,1338.58,1344.9,1388.5600000000002,-43.66,-3.14,82014733.0,153533005824.0
BK0900.DC,20220309,1349.0,1355.69,1272.59,1328.03,1344.8999999999999,-16.87,-1.25,86583370.0,150326083584.0
BK0900.DC,20220310,1357.66,1368.86,1352.08,1353.8,1328.03,25.77,1.94,73061891.0,149229588480.0
BK0900.DC,20220311,1337.87,1358.93,1316.29,1357.07,1353.8,3.27,0.24,70819901.0,130483335168.0
BK0900.DC,20220314,1345.0,1347.81,1318.43,1318.43,1357.0700000000002,-38.64,-2.85,59510784.0,108915339264.0
BK0900.DC,20220315,1312.02,1317.94,1255.13,1255.13,1318.43,-63.3,-4.8,80313085.0,139924680704.0
BK0900.DC,20220316,1276.53,1304.95,1235.55,1303.63,1255.13,48.5,3.86,86777464.0,168513810432.0
BK0900.DC,20220317,1319.52,1348.2,1319.52,1328.98,1303.63,25.35,1.94,85167286.0,174673166336.0
BK0900.DC,20220318,1324.53,1339.72,1320.77,1338.37,1328.9799999999998,9.39,0.71,63803305.0,117048455168.0
BK0900.DC,20220321,1341.43,1359.63,1338.54,1354.99,1338.3700000000001,16.62,1.24,67665810.0,126189182976.0
BK0900.DC,20220322,1354.39,1362.24,1344.5,1353.19,1354.99,-1.8,-0.13,64562908.0,106901573632.0
BK0900.DC,20220323,1359.61,1370.11,1354.49,1362.46,1353.19,9.27,0.69,66812055.0,108007022592.0
BK0900.DC,20220324,1356.41,1356.41,1336.14,1339.28,1362.46,-23.18,-1.7,62048312.0,104029429760.0
BK0900.DC,20220325,1341.15,1347.44,1328.14,1328.3,1339.28,-10.98,-0.82,62180209.0,102769504256.0
BK0900.DC,20220328,1321.17,1329.13,1302.76,1318.02,1328.3,-10.28,-0.77,59926751.0,98396479488.0
BK0900.DC,20220329,1322.47,1325.48,1294.96,1299.33,1318.02,-18.69,-1.42,56259610.0,94098759680.0
BK0900.DC,20220330,1306.48,1327.75,1303.36,1327.75,1299.33,28.42,2.19,60633674.0,113074503680.0
BK0900.DC,20220331,1325.02,1325.02,1309.51,1312.21,1327.75,-15.54,-1.17,60134362.0,101044187136.0
BK0900.DC,20220401,1306.34,1311.25,1297.17,1307.29,1312.21,-4.92,-0.37,52513477.0,90535424000.0
BK0900.DC,20220406,1305.07,1310.54,1298.48,1308.48,1307.29,1.19,0.09,58981647.0,97641537536.0
BK0900.DC,20220407,1305.02,1305.55,1275.37,1275.37,1308.4799999999998,-33.11,-2.53,60215050.0,94788808704.0
BK0900.DC,20220408,1276.75,1278.29,1248.97,1262.53,1275.37,-12.84,-1.01,62766239.0,100138070016.0
BK0900.DC,20220411,1256.87,1256.87,1202.17,1208.22,1262.53,-54.31,-4.3,66121905.0,113894281216.0
BK0900.DC,20220412,1206.12,1228.45,1197.19,1228.45,1208.22,20.23,1.67,60945436.0,92156035072.0
BK0900.DC,20220413,1224.15,1224.15,1202.23,1202.24,1228.45,-26.21,-2.13,54070572.0,82071650304.0
BK0900.DC,20220414,1210.26,1220.14,1206.31,1210.55,1202.24,8.31,0.69,51373660.0,85225218048.0
BK0900.DC,20220415,1204.68,1207.62,1177.51,1197.92,1210.5500000000002,-12.63,-1.04,59338317.0,98030964736.0
BK0900.DC,20220418,1195.99,1225.45,1185.01,1225.45,1197.92,27.53,2.3,54651868.0,88512638976.0
BK0900.DC,20220419,1226.76,1240.63,1216.46,1223.2,1225.45,-2.25,-0.18,52979476.0,90577248256.0
BK0900.DC,20220420,1221.78,1233.65,1202.44,1208.55,1223.2,-14.65,-1.2,55231480.0,96203149312.0
BK0900.DC,20220421,1202.3,1207.31,1158.66,1161.97,1208.55,-46.58,-3.85,64418135.0,100048314368.0
BK0900.DC,20220422,1155.37,1160.32,1138.49,1146.5,1161.97,-15.47,-1.33,54032212.0,84220342272.0
BK0900.DC,20220425,1126.52,1126.52,1051.73,1051.99,1146.5,-94.51,-8.24,74751741.0,104152080384.0
BK0900.DC,20220426,1050.45,1057.21,1008.39,1011.5,1051.99,-40.49,-3.85,71982564.0,97853472768.0
BK0900.DC,20220427,995.01,1056.33,985.28,1056.33,1011.4999999999999,44.83,4.43,79406449.0,121163726848.0
BK0900.DC,20220428,1048.84,1058.33,1028.72,1040.89,1056.3300000000002,-15.44,-1.46,65639598.0,109419319296.0
BK0900.DC,20220429,1049.07,1095.62,1049.07,1092.45,1040.89,51.56,4.95,75383570.0,123262484480.0
BK0900.DC,20220505,1093.57,1118.23,1089.7,1108.27,1092.45,15.82,1.45,67440983.0,125529698304.0
BK0900.DC,20220506,1083.76,1103.56,1077.4,1095.16,1108.27,-13.11,-1.18,56377979.0,85293588480.0
BK0900.DC,20220509,1093.47,1113.78,1093.27,1107.28,1095.16,12.12,1.11,47592376.0,70356733952.0
BK0900.DC,20220510,1093.54,1131.01,1088.49,1130.98,1107.28,23.7,2.14,62030927.0,102283862016.0
BK0900.DC,20220511,1132.98,1178.48,1132.85,1149.34,1130.98,18.36,1.62,87116634.0,152819757056.0
BK0900.DC,20220512,1142.98,1160.09,1141.83,1155.39,1149.3400000000001,6.05,0.53,62333089.0,95171825664.0
BK0900.DC,20220513,1160.33,1176.5,1156.86,1176.5,1155.39,21.11,1.83,68693801.0,102412562432.0
BK0900.DC,20220516,1184.78,1189.76,1169.93,1174.22,1176.5,-2.28,-0.19,68158072.0,99917639680.0
BK0900.DC,20220517,1172.76,1189.07,1167.0,1189.07,1174.22,14.85,1.26,73004564.0,117344931840.0
BK0900.DC,20220518,1190.8,1215.44,1186.78,1204.99,1189.07,15.92,1.34,79009472.0,118016262144.0
BK0900.DC,20220519,1188.29,1218.95,1185.19,1218.95,1204.99,13.96,1.16,78400773.0,118854574080.0
BK0900.DC,20220520,1223.28,1238.05,1217.2,1238.05,1218.95,19.1,1.57,84779625.0,131141120000.0
BK0900.DC,20220523,1245.04,1262.79,1239.07,1262.66,1238.0500000000002,24.61,1.99,86516772.0,132340060160.0
BK0900.DC,20220524,1270.01,1279.4,1217.92,1217.92,1262.66,-44.74,-3.54,109791196.0,160909234176.0
BK0900.DC,20220525,1214.95,1240.15,1210.65,1239.85,1217.9199999999998,21.93,1.8,84887027.0,122878701568.0
BK0900.DC,20220526,1244.26,1249.24,1217.69,1242.21,1239.8500000000001,2.36,0.19,92417912.0,124098351104.0
BK0900.DC,20220527,1245.31,1260.7,1229.13,1240.97,1242.21,-1.24,-0.1,85844126.0,116752044032.0
BK0900.DC,20220530,1245.12,1257.6,1231.04,1257.6,1240.9699999999998,16.63,1.34,81184760.0,116569243648.0
BK0900.DC,20220531,1258.64,1271.7,1242.77,1270.3,1257.6,12.7,1.01,89681815.0,135628910592.0
BK0900.DC,20220601,1270.42,1297.15,1269.39,1292.17,1270.3000000000002,21.87,1.72,99872197.0,148991725568.0
BK0900.DC,20220602,1290.36,1333.16,1287.57,1331.63,1292.17,39.46,3.05,111794519.0,163627241472.0
BK0900.DC,20220606,1336.61,1363.18,1336.31,1357.83,1331.6299999999999,26.2,1.97,121640921.0,202215567360.0
BK0900.DC,20220607,1357.47,1357.47,1325.28,1335.19,1357.8300000000002,-22.64,-1.67,104780262.0,162341511168.0
BK0900.DC,20220608,1335.22,1344.76,1302.77,1337.99,1335.19,2.8,0.21,109820049.0,184449388544.0
BK0900.DC,20220609,1333.87,1333.87,1293.31,1299.65,1337.99,-38.34,-2.87,88099970.0,143938600960.0
BK0900.DC,20220610,1292.3,1347.88,1291.12,1345.27,1299.65,45.62,3.51,103851161.0,182099021824.0
BK0900.DC,20220613,1342.93,1372.71,1340.69,1368.58,1345.27,23.31,1.73,119582087.0,203277213696.0
BK0900.DC,20220614,1355.81,1380.22,1329.63,1380.22,1368.58,11.64,0.85,126662720.0,202638352384.0
BK0900.DC,20220615,1385.06,1395.93,1366.28,1366.28,1380.22,-13.94,-1.01,135155281.0,230212177920.0
BK0900.DC,20220616,1365.25,1386.94,1365.25,1375.62,1366.28,9.34,0.68,104830663.0,175220121600.0
BK0900.DC,20220617,1367.86,1408.68,1366.04,1407.95,1375.6200000000001,32.33,2.35,113678401.0,209065782737.0
BK0900.DC,20220620,1415.82,1435.24,1415.82,1432.45,1407.95,24.5,1.74,120303749.0,222135525920.0
BK0900.DC,20220621,1434.06,1434.14,1401.83,1417.94,1432.45,-14.51,-1.01,118015961.0,195419460360.0
BK0900.DC,20220622,1419.11,1443.57,1417.27,1418.36,1417.9399999999998,0.42,0.03,114735846.0,184510596833.0
BK0900.DC,20220623,1422.29,1479.09,1422.29,1479.09,1418.36,60.73,4.28,152314281.0,234256926196.0
BK0900.DC,20220624,1485.63,1505.08,1479.81,1501.8,1479.09,22.71,1.54,154503684.0,247054949917.0
BK0900.DC,20220627,1508.86,1518.19,1494.24,1516.5,1501.8,14.7,0.98,152670214.0,254328879910.0
BK0900.DC,20220628,1516.65,1547.71,1511.46,1547.18,1516.5,30.68,2.02,160054331.0,262133999173.0
BK0900.DC,20220629,1544.3,1544.3,1476.66,1476.66,1547.18,-70.52,-4.56,165907172.0,277692690997.0
BK0900.DC,20220630,1474.25,1493.64,1467.49,1481.56,1476.6599999999999,4.9,0.33,125346977.0,215233211188.0
BK0900.DC,20220701,1480.64,1487.27,1468.22,1481.24,1481.56,-0.32,-0.02,109641706.0,200277096142.0
BK0900.DC,20220704,1477.43,1484.3,1457.55,1484.11,1481.24,2.87,0.19,104395807.0,205575252705.0
BK0900.DC,20220705,1485.25,1494.86,1447.87,1466.57,1484.11,-17.54,-1.18,110510397.0,215963975295.0
BK0900.DC,20220706,1460.43,1480.06,1451.01,1466.24,1466.57,-0.33,-0.02,98177406.0,190387290277.0
BK0900.DC,20220707,1464.76,1506.47,1461.18,1505.4,1466.24,39.16,2.67,122715404.0,241773818878.0
BK0900.DC,20220708,1508.56,1517.6,1492.74,1493.79,1505.3999999999999,-11.61,-0.77,122982321.0,224827310219.0
BK0900.DC,20220711,1487.9,1487.9,1454.68,1469.43,1493.79,-24.36,-1.63,108010661.0,196109044994.0
BK0900.DC,20220712,1468.64,1473.69,1437.23,1437.38,1469.43,-32.05,-2.18,93229799.0,183114597615.0
BK0900.DC,20220713,1438.13,1464.55,1435.63,1462.17,1437.38,24.79,1.72,92113014.0,180686442119.0
BK0900.DC,20220714,1459.37,1505.71,1456.28,1498.38,1462.17,36.21,2.48,109893674.0,203588783241.0
BK0900.DC,20220715,1492.67,1516.05,1491.54,1491.73,1498.38,-6.65,-0.44,118540553.0,217041563286.0
BK0900.DC,20220718,1499.11,1537.83,1499.11,1537.83,1491.73,46.1,3.09,115900859.0,206819546615.0
BK0900.DC,20220719,1541.44,1566.98,1536.78,1555.09,1537.83,17.26,1.12,121416069.0,206050906498.0
BK0900.DC,20220720,1559.83,1562.88,1548.74,1562.88,1555.0900000000001,7.79,0.5,101500523.0,168044545628.0
BK0900.DC,20220721,1561.44,1580.67,1554.21,1568.3,1562.8799999999999,5.42,0.35,113418705.0,189025303697.0
BK0900.DC,20220722,1570.63,1584.62,1558.58,1573.32,1568.3,5.02,0.32,118682222.0,187837121122.0
BK0900.DC,20220725,1574.41,1575.81,1536.77,1542.54,1573.32,-30.78,-1.96,113496847.0,176678969755.0
BK0900.DC,20220726,1542.03,1561.08,1518.71,1561.08,1542.54,18.54,1.2,97868575.0,158010520902.0
BK0900.DC,20220727,1559.9,1599.77,1557.72,1599.68,1561.0800000000002,38.6,2.47,109565346.0,176950665594.0
BK0900.DC,20220728,1609.96,1629.99,1609.79,1623.59,1599.6799999999998,23.91,1.49,129587056.0,214149710617.0
BK0900.DC,20220729,1626.31,1641.12,1621.86,1633.16,1623.5900000000001,9.57,0.59,128493108.0,210504229959.0
BK0900.DC,20220801,1633.24,1657.4,1622.24,1657.4,1633.16,24.24,1.48,134770771.0,234707042816.0
BK0900.DC,20220802,1634.15,1634.15,1583.49,1600.99,1657.4,-56.41,-3.4,146572252.0,236511672244.0
BK0900.DC,20220803,1605.25,1641.64,1568.87,1575.72,1600.99,-25.27,-1.58,144293763.0,237705381901.0
BK0900.DC,20220804,1582.09,1591.67,1554.74,1584.01,1575.72,8.29,0.53,110534076.0,181380540798.0
BK0900.DC,20220805,1586.8,1600.49,1565.43,1586.07,1584.01,2.06,0.13,108794403.0,180234927384.0
BK0900.DC,20220808,1581.59,1627.52,1567.22,1627.52,1586.07,41.45,2.61,103168343.0,173915327092.0
BK0900.DC,20220809,1629.57,1644.83,1624.43,1637.12,1627.52,9.6,0.59,107843327.0,186704712494.0
BK0900.DC,20220810,1633.96,1650.47,1631.26,1648.25,1637.12,11.13,0.68,113341491.0,192755693873.0
BK0900.DC,20220811,1654.04,1657.91,1642.07,1657.16,1648.25,8.91,0.54,122258863.0,202478525020.0
BK0900.DC,20220812,1657.09,1668.05,1635.26,1635.5,1657.16,-21.66,-1.31,112677159.0,174304179377.0
BK0900.DC,20220815,1630.91,1659.16,1629.82,1659.1,1635.5,23.6,1.44,106159049.0,188630749163.0
BK0900.DC,20220816,1660.91,1685.91,1660.28,1683.02,1659.1,23.92,1.44,113839797.0,196832544159.0
BK0900.DC,20220817,1685.07,1691.47,1673.67,1690.42,1683.02,7.4,0.44,122351077.0,215455513372.0
BK0900.DC,20220818,1689.89,1718.08,1687.35,1718.08,1690.4199999999998,27.66,1.64,123545217.0,214111283903.0
BK0900.DC,20220819,1719.93,1720.07,1666.67,1666.87,1718.08,-51.21,-2.98,121013065.0,206361454290.0
BK0900.DC,20220822,1662.38,1671.01,1645.65,1671.01,1666.87,4.14,0.25,106550448.0,190987207405.0
BK0900.DC,20220823,1665.15,1692.27,1663.54,1687.9,1671.01,16.89,1.01,104534590.0,181071488705.0
BK0900.DC,20220824,1689.73,1691.01,1609.01,1611.81,1687.8999999999999,-76.09,-4.51,128197916.0,218259817422.0
BK0900.DC,20220825,1615.27,1619.66,1564.69,1585.4,1611.8100000000002,-26.41,-1.64,100166469.0,169555079746.0
BK0900.DC,20220826,1588.7,1605.59,1574.96,1578.5,1585.4,-6.9,-0.44,90790893.0,157546291002.0
BK0900.DC,20220829,1555.07,1591.16,1546.41,1587.71,1578.5,9.21,0.58,83958817.0,138052154387.0
BK0900.DC,20220830,1588.51,1592.75,1561.12,1568.65,1587.71,-19.06,-1.2,79737899.0,134431450919.0
BK0900.DC,20220831,1563.61,1564.96,1495.39,1498.13,1568.65,-70.52,-4.5,99731992.0,180741133484.0
BK0900.DC,20220901,1499.48,1510.91,1481.64,1485.47,1498.13,-12.66,-0.85,70744266.0,125059505857.0
BK0900.DC,20220902,1489.0,1513.43,1478.35,1511.64,1485.47,26.17,1.76,68931951.0,117032528758.0
BK0900.DC,20220905,1510.08,1525.94,1500.97,1513.44,1511.64,1.8,0.12,66721338.0,117395102502.0
BK0900.DC,20220906,1519.7,1546.74,1508.26,1546.74,1513.44,33.3,2.2,78970793.0,146268483889.0
BK0900.DC,20220907,1542.37,1576.15,1539.36,1566.01,1546.74,19.27,1.25,81705159.0,146739970897.0
BK0900.DC,20220908,1568.51,1576.88,1545.61,1547.15,1566.01,-18.86,-1.2,76443192.0,127997007398.0
BK0900.DC,20220909,1549.0,1550.42,1520.28,1537.09,1547.1499999999999,-10.06,-0.65,65873265.0,112806162727.0
BK0900.DC,20220913,1543.3,1555.31,1531.4,1545.22,1537.09,8.13,0.53,63518583.0,109288949653.0
BK0900.DC,20220914,1521.68,1536.46,1507.96,1521.5,1545.22,-23.72,-1.54,65273575.0,115499858549.0
BK0900.DC,20220915,1528.73,1529.61,1445.34,1462.87,1521.5,-58.63,-3.85,87109358.0,153070586167.0
BK0900.DC,20220916,1459.93,1469.27,1433.69,1433.71,1462.8700000000001,-29.16,-1.99,69481862.0,112277964342.0
BK0900.DC,20220919,1431.77,1446.13,1414.45,1422.04,1433.71,-11.67,-0.81,63538722.0,104698400291.0
BK0900.DC,20220920,1431.71,1470.23,1431.71,1458.74,1422.04,36.7,2.58,65308738.0,114980474281.0
BK0900.DC,20220921,1453.95,1464.35,1432.59,1458.19,1458.74,-0.55,-0.04,63030178.0,99066050450.0
BK0900.DC,20220922,1448.13,1474.2,1442.81,1455.97,1458.19,-2.22,-0.15,59418067.0,98274156085.0
BK0900.DC,20220923,1456.75,1462.9,1408.86,1421.08,1455.97,-34.89,-2.4,63812642.0,103550297631.0
BK0900.DC,20220926,1412.42,1437.14,1402.84,1412.97,1421.08,-8.11,-0.57,63437384.0,111309428906.0
BK0900.DC,20220927,1417.32,1434.9,1406.7,1432.57,1412.97,19.6,1.39,59071240.0,99035904916.0
BK0900.DC,20220928,1428.73,1429.14,1377.89,1377.89,1432.5700000000002,-54.68,-3.82,60750717.0,97630329459.0
BK0900.DC,20220929,1390.4,1394.01,1366.16,1373.85,1377.8899999999999,-4.04,-0.29,55197319.0,89068502233.0
BK0900.DC,20220930,1371.62,1373.51,1341.42,1341.43,1373.8500000000001,-32.42,-2.36,52629309.0,89542050006.0
BK0900.DC,20221010,1342.98,1349.12,1304.11,1309.05,1341.43,-32.38,-2.41,51156306.0,82496341572.0
BK0900.DC,20221011,1313.42,1339.17,1308.75,1332.33,1309.05,23.28,1.78,50489292.0,89501796627.0
BK0900.DC,20221012,1333.33,1383.03,1315.81,1383.01,1332.33,50.68,3.8,68047504.0,117273206103.0
BK0900.DC,20221013,1376.2,1403.55,1371.59,1390.02,1383.01,7.01,0.51,63444185.0,105657855078.0
BK0900.DC,20221014,1399.49,1422.91,1392.98,1417.28,1390.02,27.26,1.96,66112558.0,121132479538.0
BK0900.DC,20221017,1409.39,1429.56,1406.72,1429.33,1417.28,12.05,0.85,62694973.0,107273242557.0
BK0900.DC,20221018,1437.22,1451.65,1428.11,1438.59,1429.33,9.26,0.65,66680276.0,115671823403.0
BK0900.DC,20221019,1435.13,1454.73,1431.78,1435.3,1438.59,-3.29,-0.23,69101178.0,121944840494.0
BK0900.DC,20221020,1428.01,1437.35,1397.14,1417.97,1435.3,-17.33,-1.21,70433630.0,121123260991.0
BK0900.DC,20221021,1419.54,1430.1,1409.03,1416.36,1417.9699999999998,-1.61,-0.11,56749899.0,93670552363.0
BK0900.DC,20221024,1420.42,1439.81,1397.63,1406.8,1416.36,-9.56,-0.67,67981979.0,116524341237.0
BK0900.DC,20221025,1401.14,1429.3,1381.29,1422.82,1406.8,16.02,1.14,69929376.0,115744076282.0
BK0900.DC,20221026,1423.52,1450.46,1419.15,1441.58,1422.82,18.76,1.32,78173513.0,128804000928.0
BK0900.DC,20221027,1443.52,1457.07,1423.21,1423.66,1441.5800000000002,-17.92,-1.24,75199198.0,127176528365.0
BK0900.DC,20221028,1414.88,1414.88,1356.37,1361.43,1423.66,-62.23,-4.37,79045823.0,133510897338.0
BK0900.DC,20221031,1353.42,1392.44,1353.42,1379.59,1361.4299999999998,18.16,1.33,68798179.0,117595707554.0
BK0900.DC,20221101,1382.37,1422.81,1382.37,1422.81,1379.59,43.22,3.13,77113929.0,134920261915.0
BK0900.DC,20221102,1423.73,1457.37,1420.64,1451.64,1422.8100000000002,28.83,2.03,86059048.0,144710017235.0
BK0900.DC,20221103,1443.19,1467.29,1440.3,1463.06,1451.6399999999999,11.42,0.79,75482844.0,125547256214.0
BK0900.DC,20221104,1465.26,1501.94,1465.26,1501.4,1463.0600000000002,38.34,2.62,92484159.0,169990285855.0
BK0900.DC,20221107,1503.2,1510.62,1489.16,1504.26,1501.4,2.86,0.19,81745692.0,146198091313.0
BK0900.DC,20221108,1503.98,1503.99,1484.08,1495.2,1504.26,-9.06,-0.6,66242806.0,118040017102.0
BK0900.DC,20221109,1496.4,1503.91,1488.73,1490.35,1495.1999999999998,-4.85,-0.32,59624006.0,100129988801.0
BK0900.DC,20221110,1483.88,1487.25,1465.37,1470.55,1490.35,-19.8,-1.33,66619056.0,110693415049.0
BK0900.DC,20221111,1501.81,1508.42,1473.3,1473.3,1470.55,2.75,0.19,91019187.0,140546001017.0
BK0900.DC,20221114,1473.41,1479.36,1447.8,1452.9,1473.3000000000002,-20.4,-1.38,74308147.0,123993016438.0
BK0900.DC,20221115,1451.35,1493.64,1445.56,1493.64,1452.9,40.74,2.8,76801162.0,127496057746.0
BK0900.DC,20221116,1494.57,1500.01,1477.9,1482.4,1493.64,-11.24,-0.75,71213580.0,106471529891.0
BK0900.DC,20221117,1478.69,1478.69,1459.08,1474.34,1482.3999999999999,-8.06,-0.54,67202157.0,107210157500.0
BK0900.DC,20221118,1475.14,1482.08,1458.6,1459.8,1474.34,-14.54,-0.99,68425804.0,108471091545.0
BK0900.DC,20221121,1454.87,1478.75,1446.76,1478.73,1459.8,18.93,1.3,65105432.0,98821729358.0
BK0900.DC,20221122,1477.1,1478.39,1448.82,1453.47,1478.73,-25.26,-1.71,65701636.0,97288781989.0
BK0900.DC,20221123,1452.07,1458.32,1423.54,1453.23,1453.47,-0.24,-0.02,64961764.0,102026794573.0
BK0900.DC,20221124,1455.59,1467.9,1451.75,1458.76,1453.23,5.53,0.38,60605252.0,98158022355.0
BK0900.DC,20221125,1453.89,1453.89,1431.06,1431.3,1458.76,-27.46,-1.88,54064930.0,84339655537.0
BK0900.DC,20221128,1413.69,1423.93,1405.85,1422.62,1431.3,-8.68,-0.61,59454267.0,90747753409.0
BK0900.DC,20221129,1423.97,1441.22,1422.54,1439.42,1422.6200000000001,16.8,1.18,64097862.0,100450142720.0
BK0900.DC,20221130,1439.93,1461.97,1434.1,1455.44,1439.42,16.02,1.11,80920146.0,125978301775.0
BK0900.DC,20221201,1469.86,1477.77,1462.68,1464.36,1455.4399999999998,8.92,0.61,84414865.0,142305424465.0
BK0900.DC,20221202,1462.07,1475.22,1459.03,1467.12,1464.36,2.76,0.19,67411039.0,106025619191.0
BK0900.DC,20221205,1471.73,1474.13,1461.69,1469.5,1467.12,2.38,0.16,75717878.0,121393175372.0
BK0900.DC,20221206,1465.7,1476.45,1454.94,1471.58,1469.5,2.08,0.14,74716821.0,123536708584.0
BK0900.DC,20221207,1467.74,1480.88,1463.91,1468.51,1471.58,-3.07,-0.21,68850486.0,127834891130.0
BK0900.DC,20221208,1465.79,1473.19,1459.19,1461.66,1468.51,-6.85,-0.47,60907999.0,99576888648.0
BK0900.DC,20221209,1460.7,1465.25,1448.36,1452.27,1461.66,-9.39,-0.64,64331336.0,108947197402.0
BK0900.DC,20221212,1450.04,1452.17,1437.96,1446.61,1452.27,-5.66,-0.39,59549878.0,94613299662.0
BK0900.DC,20221213,1445.42,1450.62,1428.39,1429.61,1446.61,-17.0,-1.18,53376884.0,87077642873.0
BK0900.DC,20221214,1430.38,1439.26,1420.49,1423.44,1429.6100000000001,-6.17,-0.43,49669778.0,79302442366.0
BK0900.DC,20221215,1421.74,1451.2,1418.68,1450.59,1423.4399999999998,27.15,1.91,59067453.0,97568921255.0
BK0900.DC,20221216,1443.22,1444.64,1413.95,1416.68,1450.5900000000001,-33.91,-2.34,54490235.0,85456362273.0
BK0900.DC,20221219,1416.49,1426.33,1393.7,1397.98,1416.68,-18.7,-1.32,56928533.0,88512657319.0
BK0900.DC,20221220,1393.71,1407.4,1387.36,1403.1,1397.98,5.12,0.37,49930217.0,78850936816.0
BK0900.DC,20221221,1402.51,1402.63,1373.8,1379.84,1403.1,-23.26,-1.66,44840959.0,66765303647.0
BK0900.DC,20221222,1384.82,1385.98,1351.37,1354.09,1379.84,-25.75,-1.87,51509507.0,77637462691.0
BK0900.DC,20221223,1346.56,1352.11,1329.74,1339.19,1354.0900000000001,-14.9,-1.1,42312949.0,65085811101.0
BK0900.DC,20221226,1338.7,1380.3,1338.65,1380.14,1339.19,40.95,3.06,45051364.0,78039501996.0
BK0900.DC,20221227,1382.96,1389.48,1370.05,1388.13,1380.14,7.99,0.58,45863934.0,74950036069.0
BK0900.DC,20221228,1383.85,1383.85,1361.04,1363.01,1388.1299999999999,-25.12,-1.81,46347728.0,81212069113.0
BK0900.DC,20221229,1361.66,1372.76,1354.84,1354.85,1363.01,-8.16,-0.6,41209405.0,66299667488.0
BK0900.DC,20221230,1362.01,1370.5,1359.15,1360.7,1354.8500000000001,5.85,0.43,44184625.0,70096742039.0
BK0900.DC,20230103,1360.32,1397.09,1357.65,1395.52,1360.7,34.82,2.56,58150402.0,90728657986.0
BK0900.DC,20230104,1394.67,1399.49,1382.95,1391.12,1395.52,-4.4,-0.32,54884914.0,94498759523.0
BK0900.DC,20230105,1394.66,1414.66,1390.74,1413.76,1391.12,22.64,1.63,62567200.0,113937923671.0
BK0900.DC,20230106,1413.92,1436.97,1413.37,1427.64,1413.76,13.88,0.98,67644483.0,122109934899.0
BK0900.DC,20230109,1433.62,1452.64,1433.62,1443.12,1427.6399999999999,15.48,1.08,65811932.0,116272133149.0
BK0900.DC,20230110,1445.64,1454.88,1435.53,1452.02,1443.12,8.9,0.62,69040660.0,121429369712.0
BK0900.DC,20230111,1452.85,1457.01,1436.13,1437.12,1452.02,-14.9,-1.03,62739783.0,105243714918.0
BK0900.DC,20230112,1439.88,1454.74,1439.88,1446.37,1437.12,9.25,0.64,58452922.0,103040251540.0
BK0900.DC,20230113,1450.1,1454.76,1437.9,1445.88,1446.3700000000001,-0.49,-0.03,56978772.0,104995025634.0
BK0900.DC,20230116,1445.73,1460.5,1441.04,1454.88,1445.88,9.0,0.62,65507235.0,115101043242.0
BK0900.DC,20230117,1457.17,1464.05,1452.89,1458.34,1454.8799999999999,3.46,0.24,52407651.0,86609500339.0
BK0900.DC,20230118,1461.27,1467.09,1456.99,1462.56,1458.34,4.22,0.29,51939061.0,81491710707.0
BK0900.DC,20230119,1460.64,1465.36,1454.77,1464.54,1462.56,1.98,0.14,50696673.0,78924359986.0
BK0900.DC,20230120,1467.56,1478.33,1467.56,1478.11,1464.54,13.57,0.93,56849923.0,97780686624.0
BK0900.DC,20230130,1504.06,1524.08,1504.06,1515.91,1478.1100000000001,37.8,2.56,95707372.0,167918448654.0
BK0900.DC,20230131,1511.97,1528.39,1510.1,1528.39,1515.91,12.48,0.82,81313788.0,129550112889.0
BK0900.DC,20230201,1530.42,1555.71,1530.42,1555.71,1528.39,27.32,1.79,94510079.0,150754866342.0
BK0900.DC,20230202,1556.77,1562.02,1548.91,1554.18,1555.71,-1.53,-0.1,86936316.0,134630100585.0
BK0900.DC,20230203,1551.5,1552.91,1526.71,1547.08,1554.1799999999998,-7.1,-0.46,74855641.0,120347259986.0
BK0900.DC,20230206,1546.44,1551.8,1540.88,1547.3,1547.08,0.22,0.01,71567316.0,110156563166.0
BK0900.DC,20230207,1549.53,1566.55,1547.09,1566.53,1547.3,19.23,1.24,73406563.0,111714278029.0
BK0900.DC,20230208,1567.35,1575.58,1562.53,1567.86,1566.53,1.33,0.08,74432678.0,116866851887.0
BK0900.DC,20230209,1564.6,1588.93,1559.22,1588.91,1567.8600000000001,21.05,1.34,87671615.0,131852213839.0
BK0900.DC,20230210,1586.8,1587.83,1568.71,1576.46,1588.91,-12.45,-0.78,84812265.0,121263054578.0
BK0900.DC,20230213,1575.37,1589.6,1573.83,1589.59,1576.4599999999998,13.13,0.83,87625936.0,131379999008.0
BK0900.DC,20230214,1592.21,1593.94,1583.45,1590.24,1589.59,0.65,0.04,81773873.0,123702749051.0
BK0900.DC,20230215,1591.08,1602.68,1590.52,1601.21,1590.24,10.97,0.69,91410504.0,130801674223.0
BK0900.DC,20230216,1599.86,1599.93,1545.23,1556.25,1601.21,-44.96,-2.81,116779341.0,157778939018.0
BK0900.DC,20230217,1557.25,1565.9,1540.94,1542.61,1556.25,-13.64,-0.88,80426790.0,119655105438.0
BK0900.DC,20230220,1543.91,1559.37,1533.3,1559.36,1542.61,16.75,1.09,81553110.0,129353667559.0
BK0900.DC,20230221,1561.43,1576.27,1559.78,1570.91,1559.3600000000001,11.55,0.74,85117017.0,131403158753.0
BK0900.DC,20230222,1565.2,1572.95,1562.41,1569.09,1570.9099999999999,-1.82,-0.12,68173928.0,104293639010.0
BK0900.DC,20230223,1570.64,1582.64,1567.99,1575.8,1569.09,6.71,0.43,71927817.0,114510667150.0
BK0900.DC,20230224,1574.98,1574.98,1554.97,1562.78,1575.8,-13.02,-0.83,65817115.0,100339301968.0
BK0900.DC,20230227,1557.74,1564.19,1545.35,1547.27,1562.78,-15.51,-0.99,67041627.0,104491347173.0
BK0900.DC,20230228,1551.45,1558.55,1538.85,1556.23,1547.27,8.96,0.58,63195360.0,99478455359.0
BK0900.DC,20230301,1556.65,1565.43,1549.49,1565.43,1556.23,9.2,0.59,71730751.0,118142915834.0
BK0900.DC,20230302,1564.89,1564.89,1542.48,1544.07,1565.4299999999998,-21.36,-1.36,82033547.0,130053921502.0
BK0900.DC,20230303,1544.67,1549.09,1530.7,1540.45,1544.07,-3.62,-0.23,64895994.0,98893050637.0
BK0900.DC,20230306,1542.43,1543.61,1526.59,1541.28,1540.45,0.83,0.05,68989543.0,122135994626.0
BK0900.DC,20230307,1541.12,1541.12,1507.04,1507.04,1541.28,-34.24,-2.22,68172157.0,103735651895.0
BK0900.DC,20230308,1503.34,1517.72,1502.85,1517.72,1507.04,10.68,0.71,50932189.0,81050639776.0
BK0900.DC,20230309,1520.59,1522.81,1510.66,1518.65,1517.72,0.93,0.06,55490765.0,89377664063.0
BK0900.DC,20230310,1511.15,1514.92,1490.93,1491.26,1518.65,-27.39,-1.8,73048081.0,114054558623.0
BK0900.DC,20230313,1484.57,1491.06,1469.26,1481.48,1491.26,-9.78,-0.66,68831962.0,110854531350.0
BK0900.DC,20230314,1480.42,1480.42,1434.94,1460.52,1481.48,-20.96,-1.41,74585043.0,125863632286.0
BK0900.DC,20230315,1466.31,1482.32,1466.31,1470.32,1460.52,9.8,0.67,60683757.0,95585349528.0
BK0900.DC,20230316,1464.15,1465.43,1439.21,1440.62,1470.32,-29.7,-2.02,61396435.0,98450485098.0
BK0900.DC,20230317,1450.02,1456.06,1442.3,1445.41,1440.6200000000001,4.79,0.33,68189930.0,112168157757.0
BK0900.DC,20230320,1446.8,1457.28,1433.25,1452.53,1445.41,7.12,0.49,78446368.0,122470966105.0
BK0900.DC,20230321,1455.12,1480.3,1449.52,1480.3,1452.53,27.77,1.91,70310583.0,116634853190.0
BK0900.DC,20230322,1484.23,1495.65,1482.74,1489.76,1480.3,9.46,0.64,76572872.0,124881356007.0
BK0900.DC,20230323,1485.5,1491.08,1481.81,1488.83,1489.76,-0.93,-0.06,74348249.0,116335546337.0
BK0900.DC,20230324,1490.24,1499.61,1486.5,1497.06,1488.83,8.23,0.55,84735378.0,131175547052.0
BK0900.DC,20230327,1496.17,1499.58,1486.81,1497.05,1497.06,-0.01,0.0,85281134.0,138926083035.0
BK0900.DC,20230328,1496.58,1496.58,1479.89,1481.32,1497.05,-15.73,-1.05,74744302.0,114854270169.0
BK0900.DC,20230329,1481.95,1490.85,1479.74,1480.92,1481.3200000000002,-0.4,-0.03,72873031.0,121757023730.0
BK0900.DC,20230330,1481.56,1482.18,1469.79,1478.34,1480.9199999999998,-2.58,-0.17,71831457.0,124031286369.0
BK0900.DC,20230331,1480.04,1495.21,1478.59,1492.27,1478.34,13.93,0.94,74458322.0,124447894099.0
BK0900.DC,20230403,1492.72,1499.36,1486.72,1499.36,1492.27,7.09,0.48,88249081.0,150136718843.0
BK0900.DC,20230404,1498.45,1498.45,1466.23,1471.02,1499.36,-28.34,-1.89,93473765.0,163017524972.0
BK0900.DC,20230406,1466.27,1472.86,1458.66,1472.42,1471.02,1.4,0.1,83274186.0,142017970641.0
BK0900.DC,20230407,1473.14,1480.16,1471.01,1479.49,1472.42,7.07,0.48,72413499.0,122444133817.0
BK0900.DC,20230410,1482.66,1486.65,1464.64,1468.82,1479.49,-10.67,-0.72,85329367.0,146507382931.0
BK0900.DC,20230411,1468.13,1468.23,1453.38,1462.32,1468.82,-6.5,-0.44,76135573.0,135072273139.0
BK0900.DC,20230412,1462.71,1469.59,1458.39,1469.59,1462.32,7.27,0.5,77422843.0,127196970405.0
BK0900.DC,20230413,1467.9,1467.9,1447.93,1448.36,1469.59,-21.23,-1.44,76701449.0,120902059866.0
BK0900.DC,20230414,1451.16,1462.28,1450.86,1462.03,1448.36,13.67,0.94,74516510.0,132027496171.0
BK0900.DC,20230417,1461.37,1473.39,1460.82,1466.81,1462.03,4.78,0.33,72673625.0,126077034946.0
BK0900.DC,20230418,1465.27,1465.57,1456.39,1460.33,1466.81,-6.48,-0.44,71803534.0,128845163659.0
BK0900.DC,20230419,1458.14,1458.17,1449.69,1451.5,1460.33,-8.83,-0.6,73982640.0,124778956322.0
BK0900.DC,20230420,1449.36,1449.58,1427.61,1437.57,1451.5,-13.93,-0.96,82424299.0,138246829805.0
BK0900.DC,20230421,1436.55,1441.14,1398.09,1398.09,1437.57,-39.48,-2.75,85353475.0,145869548856.0
BK0900.DC,20230424,1396.82,1403.66,1381.41,1392.54,1398.09,-5.55,-0.4,74684231.0,135218255983.0
BK0900.DC,20230425,1390.36,1390.83,1336.68,1352.69,1392.54,-39.85,-2.86,85097600.0,143772785863.0
BK0900.DC,20230426,1348.44,1387.54,1347.61,1380.48,1352.69,27.79,2.05,83531237.0,152133804545.0
BK0900.DC,20230427,1377.54,1390.29,1370.64,1378.21,1380.48,-2.27,-0.16,70131166.0,124512980606.0
BK0900.DC,20230428,1376.04,1396.38,1376.04,1396.07,1378.21,17.86,1.3,79725682.0,128225470299.0
BK0900.DC,20230504,1393.99,1409.94,1392.94,1398.72,1396.07,2.65,0.19,85804483.0,129318064505.0
BK0900.DC,20230505,1398.6,1398.8,1370.61,1377.78,1398.72,-20.94,-1.5,73079864.0,107369236424.0
BK0900.DC,20230508,1381.71,1392.01,1380.38,1386.98,1377.78,9.2,0.67,68956065.0,102751462677.0
BK0900.DC,20230509,1385.88,1385.88,1362.96,1362.96,1386.98,-24.02,-1.73,73351396.0,107620354928.0
BK0900.DC,20230510,1361.57,1402.05,1360.63,1397.05,1362.96,34.09,2.5,82394018.0,129632312720.0
BK0900.DC,20230511,1399.42,1408.63,1392.0,1405.81,1397.05,8.76,0.63,74454719.0,121267865673.0
BK0900.DC,20230512,1402.12,1407.67,1383.82,1384.24,1405.81,-21.57,-1.53,61081312.0,90462548203.0
BK0900.DC,20230515,1383.31,1408.3,1383.31,1408.26,1384.24,24.02,1.74,69460432.0,117317482213.0
BK0900.DC,20230516,1410.39,1412.06,1397.85,1402.3,1408.26,-5.96,-0.42,69695837.0,106091898789.0
BK0900.DC,20230517,1399.26,1417.53,1398.64,1417.53,1402.3,15.23,1.09,62823056.0,95110405515.0
BK0900.DC,20230518,1418.17,1427.92,1416.16,1425.88,1417.5300000000002,8.35,0.59,75852260.0,112271121186.0
BK0900.DC,20230519,1424.03,1433.7,1417.34,1429.76,1425.8799999999999,3.88,0.27,70413717.0,103651101044.0
BK0900.DC,20230522,1428.91,1437.35,1423.21,1436.76,1429.76,7.0,0.49,67579194.0,96265715148.0
BK0900.DC,20230523,1435.38,1441.53,1423.69,1423.69,1436.76,-13.07,-0.91,60196752.0,89826920525.0
BK0900.DC,20230524,1419.96,1436.5,1415.28,1425.63,1423.69,1.94,0.14,60603106.0,88755363320.0
BK0900.DC,20230525,1424.02,1436.2,1413.11,1429.11,1425.6299999999999,3.48,0.24,68031584.0,103305021525.0
BK0900.DC,20230526,1428.81,1441.03,1410.67,1439.36,1429.11,10.25,0.72,73175012.0,110028874729.0
BK0900.DC,20230529,1439.49,1441.53,1419.71,1421.87,1439.36,-17.49,-1.22,74721597.0,113362047665.0
BK0900.DC,20230530,1419.75,1434.68,1416.01,1431.93,1421.8700000000001,10.06,0.71,81331951.0,123618987407.0
BK0900.DC,20230531,1429.51,1429.54,1419.62,1423.41,1431.93,-8.52,-0.6,72637982.0,112509440273.0
BK0900.DC,20230601,1421.48,1434.74,1415.82,1425.17,1423.41,1.76,0.12,80568585.0,120025211938.0
BK0900.DC,20230602,1427.75,1447.72,1427.75,1444.77,1425.17,19.6,1.38,80565460.0,122602773847.0
BK0900.DC,20230605,1448.29,1449.86,1435.75,1447.58,1444.77,2.81,0.19,74116008.0,112424059746.0
BK0900.DC,20230606,1446.22,1446.22,1410.51,1413.08,1447.58,-34.5,-2.38,79430789.0,111542296073.0
BK0900.DC,20230607,1413.53,1415.12,1403.27,1407.26,1413.08,-5.82,-0.41,65678675.0,106482479319.0
BK0900.DC,20230608,1406.32,1410.18,1390.49,1393.83,1407.26,-13.43,-0.95,66907853.0,101344765461.0
BK0900.DC,20230609,1397.15,1410.84,1397.15,1410.65,1393.8300000000002,16.82,1.21,79214611.0,121528226941.0
BK0900.DC,20230612,1409.5,1451.67,1408.66,1448.97,1410.65,38.32,2.72,91924911.0,135579973258.0
BK0900.DC,20230613,1450.02,1463.48,1449.82,1463.31,1448.97,14.34,0.99,91347265.0,130079189750.0
BK0900.DC,20230614,1465.27,1465.62,1452.55,1458.84,1463.31,-4.47,-0.31,90558434.0,135426391834.0
BK0900.DC,20230615,1457.73,1480.75,1454.03,1479.8,1458.84,20.96,1.44,104877363.0,177869341321.0
BK0900.DC,20230616,1481.91,1489.46,1478.85,1488.46,1479.8,8.66,0.59,93738679.0,156454606485.0
BK0900.DC,20230619,1488.59,1500.3,1488.21,1494.57,1488.46,6.11,0.41,93440259.0,154312910644.0
BK0900.DC,20230620,1496.84,1507.69,1486.33,1500.86,1494.57,6.29,0.42,100170015.0,169994712330.0
BK0900.DC,20230621,1500.44,1509.58,1490.37,1490.79,1500.86,-10.07,-0.67,95610217.0,151335969100.0
BK0900.DC,20230626,1482.53,1498.75,1469.51,1472.73,1490.79,-18.06,-1.21,98752898.0,152066232080.0
BK0900.DC,20230627,1470.69,1494.47,1467.64,1492.9,1472.73,20.17,1.37,84160198.0,128764476456.0
BK0900.DC,20230628,1491.79,1498.26,1459.52,1494.75,1492.9,1.85,0.12,93648818.0,134610012000.0
BK0900.DC,20230629,1494.07,1524.03,1494.07,1518.42,1494.75,23.67,1.58,98432022.0,144108153817.0
BK0900.DC,20230630,1515.84,1542.49,1512.32,1540.35,1518.4199999999998,21.93,1.44,101671911.0,156607978881.0
BK0900.DC,20230703,1546.7,1561.34,1544.88,1546.96,1540.3500000000001,6.61,0.43,112510585.0,176977291334.0
BK0900.DC,20230704,1549.22,1582.89,1545.65,1581.2,1546.96,34.24,2.21,113909272.0,177165065933.0
BK0900.DC,20230705,1580.34,1582.93,1562.86,1564.92,1581.2,-16.28,-1.03,107657302.0,164114420495.0
BK0900.DC,20230706,1560.17,1571.26,1550.14,1569.08,1564.9199999999998,4.16,0.27,93257119.0,146385856407.0
BK0900.DC,20230707,1563.37,1568.88,1551.53,1551.94,1569.0800000000002,-17.14,-1.09,91219867.0,133199892349.0
BK0900.DC,20230710,1554.31,1562.83,1542.98,1545.91,1551.94,-6.03,-0.39,78668640.0,124572080500.0
BK0900.DC,20230711,1547.39,1578.26,1543.57,1578.26,1545.91,32.35,2.09,91916808.0,143960320577.0
BK0900.DC,20230712,1578.5,1592.97,1568.43,1570.04,1578.26,-8.22,-0.52,113246852.0,169044957295.0
BK0900.DC,20230713,1567.15,1574.75,1562.62,1573.1,1570.04,3.06,0.19,101058020.0,154656826236.0
BK0900.DC,20230714,1571.18,1574.88,1554.89,1563.66,1573.1000000000001,-9.44,-0.6,93486793.0,152070552043.0
BK0900.DC,20230717,1555.17,1555.17,1542.04,1553.81,1563.6599999999999,-9.85,-0.63,84689080.0,127869742294.0
BK0900.DC,20230718,1554.19,1572.88,1543.86,1564.98,1553.81,11.17,0.72,92316827.0,135395307657.0
BK0900.DC,20230719,1560.22,1565.18,1544.3,1553.11,1564.9799999999998,-11.87,-0.76,76967879.0,112843000468.0
BK0900.DC,20230720,1554.67,1557.73,1526.12,1527.53,1553.11,-25.58,-1.65,92561890.0,129939423685.0
BK0900.DC,20230721,1522.74,1524.93,1503.26,1505.83,1527.53,-21.7,-1.42,78309846.0,101019493424.0
BK0900.DC,20230724,1502.4,1513.11,1492.54,1498.5,1505.83,-7.33,-0.49,63515217.0,88189315435.0
BK0900.DC,20230725,1511.72,1534.11,1510.59,1533.37,1498.5,34.87,2.33,90376476.0,132525300320.0
BK0900.DC,20230726,1531.75,1531.75,1505.88,1508.8,1533.37,-24.57,-1.6,82749758.0,102615780503.0
BK0900.DC,20230727,1521.57,1534.74,1511.21,1513.49,1508.8,4.69,0.31,88739868.0,115142089503.0
BK0900.DC,20230728,1507.37,1525.02,1492.25,1522.29,1513.49,8.8,0.58,101924610.0,125514083616.0
BK0900.DC,20230731,1524.62,1545.03,1523.64,1537.43,1522.29,15.14,0.99,111083839.0,144895491188.0
BK0900.DC,20230801,1534.57,1538.04,1523.19,1531.12,1537.4299999999998,-6.31,-0.41,106155693.0,127016024521.0
BK0900.DC,20230802,1528.79,1536.65,1524.86,1536.36,1531.12,5.24,0.34,102280557.0,115908171419.0
BK0900.DC,20230803,1529.14,1532.73,1519.27,1524.86,1536.36,-11.5,-0.75,83994899.0,99741931866.0
BK0900.DC,20230804,1527.87,1535.76,1522.19,1530.64,1524.8600000000001,5.78,0.38,88356013.0,118424237991.0
BK0900.DC,20230807,1527.65,1534.84,1522.29,1526.76,1530.64,-3.88,-0.25,76906253.0,104109533692.0
BK0900.DC,20230808,1525.68,1532.82,1513.52,1517.32,1526.76,-9.44,-0.62,72387848.0,99554713172.0
BK0900.DC,20230809,1511.76,1511.76,1497.25,1498.93,1517.3200000000002,-18.39,-1.21,68546857.0,88531711865.0
BK0900.DC,20230810,1497.09,1504.74,1490.44,1496.8,1498.93,-2.13,-0.14,57676107.0,76893074722.0
BK0900.DC,20230811,1498.1,1498.51,1471.44,1471.44,1496.8,-25.36,-1.69,65340942.0,83683913392.0
BK0900.DC,20230814,1461.0,1472.73,1448.91,1472.73,1471.44,1.29,0.09,65534680.0,92590877574.0
BK0900.DC,20230815,1473.31,1477.48,1448.06,1457.87,1472.7299999999998,-14.86,-1.01,60301903.0,77027472327.0
BK0900.DC,20230816,1453.53,1456.69,1436.58,1436.58,1457.87,-21.29,-1.46,56028373.0,71483633168.0
BK0900.DC,20230817,1434.73,1467.74,1426.09,1466.86,1436.58,30.28,2.11,65334944.0,85762363180.0
BK0900.DC,20230818,1466.62,1474.09,1449.22,1449.22,1466.8600000000001,-17.64,-1.2,64972693.0,84817614882.0
BK0900.DC,20230821,1446.47,1457.72,1434.22,1434.22,1449.22,-15.0,-1.04,55537357.0,78059150103.0
BK0900.DC,20230822,1440.89,1448.71,1409.15,1438.39,1434.22,4.17,0.29,65813756.0,91999849472.0
BK0900.DC,20230823,1435.51,1435.51,1412.14,1412.14,1438.39,-26.25,-1.82,56225002.0,78973246446.0
BK0900.DC,20230824,1413.37,1426.22,1395.03,1409.18,1412.14,-2.96,-0.21,60082639.0,85168269886.0
BK0900.DC,20230825,1402.64,1402.64,1370.18,1375.8,1409.18,-33.38,-2.37,62344282.0,79797370536.0
BK0900.DC,20230828,1449.59,1449.59,1383.97,1387.58,1375.8,11.78,0.86,85644030.0,114483799846.0
BK0900.DC,20230829,1384.65,1452.51,1383.96,1451.18,1387.5800000000002,63.6,4.58,90047986.0,128937447245.0
BK0900.DC,20230830,1455.1,1476.99,1454.96,1464.64,1451.18,13.46,0.93,86017776.0,120968591642.0
BK0900.DC,20230831,1461.99,1464.71,1452.67,1456.99,1464.64,-7.65,-0.52,69095711.0,94735521713.0
BK0900.DC,20230901,1458.78,1466.87,1450.3,1462.32,1456.99,5.33,0.37,66316101.0,89187348136.0
BK0900.DC,20230904,1467.04,1481.49,1459.9,1481.49,1462.32,19.17,1.31,76030785.0,104158207763.0
BK0900.DC,20230905,1479.48,1487.07,1470.63,1475.04,1481.49,-6.45,-0.44,64860003.0,93013634028.0
BK0900.DC,20230906,1471.05,1488.25,1467.07,1487.65,1475.0400000000002,12.61,0.85,66153278.0,89638721224.0
BK0900.DC,20230907,1484.48,1484.48,1453.37,1453.37,1487.6499999999999,-34.28,-2.3,66971550.0,91236960503.0
BK0900.DC,20230908,1450.58,1466.75,1449.49,1461.42,1453.3700000000001,8.05,0.55,59230449.0,79684616876.0
BK0900.DC,20230911,1463.19,1484.27,1451.59,1480.27,1461.42,18.85,1.29,79403607.0,110807557015.0
BK0900.DC,20230912,1482.69,1491.33,1477.85,1487.74,1480.27,7.47,0.5,71296041.0,107869746432.0
BK0900.DC,20230913,1482.54,1482.54,1447.72,1459.58,1487.74,-28.16,-1.89,69181818.0,95065797833.0
BK0900.DC,20230914,1457.54,1457.88,1433.25,1439.92,1459.5800000000002,-19.66,-1.35,61341023.0,87563282871.0
BK0900.DC,20230915,1444.18,1450.09,1429.98,1438.3,1439.9199999999998,-1.62,-0.11,61437478.0,93208686880.0
BK0900.DC,20230918,1433.8,1476.51,1428.07,1463.99,1438.3,25.69,1.79,71937100.0,105088410855.0
BK0900.DC,20230919,1460.64,1460.64,1439.68,1444.46,1463.99,-19.53,-1.33,61277605.0,87797182081.0
BK0900.DC,20230920,1439.15,1447.97,1429.18,1429.18,1444.46,-15.28,-1.06,53754213.0,76829501417.0
BK0900.DC,20230921,1426.57,1433.34,1413.4,1417.53,1429.18,-11.65,-0.82,53884398.0,76679979844.0
BK0900.DC,20230922,1416.14,1449.49,1414.02,1449.35,1417.53,31.82,2.24,67446452.0,98661749781.0
BK0900.DC,20230925,1449.95,1458.55,1442.79,1447.54,1449.35,-1.81,-0.12,64066226.0,96333090978.0
BK0900.DC,20230926,1444.52,1447.94,1438.32,1439.17,1447.54,-8.37,-0.58,58174746.0,91705009563.0
BK0900.DC,20230927,1438.15,1455.18,1432.43,1441.29,1439.17,2.12,0.15,62232381.0,97228556866.0
BK0900.DC,20230928,1444.29,1465.02,1444.29,1462.21,1441.29,20.92,1.45,69600343.0,100842351950.0
BK0900.DC,20231009,1469.21,1484.0,1469.21,1481.46,1462.21,19.25,1.32,86643573.0,120138185252.0
BK0900.DC,20231010,1485.04,1487.85,1473.76,1480.82,1481.46,-0.64,-0.04,86777287.0,120994352075.0
BK0900.DC,20231011,1482.94,1485.88,1470.25,1477.3,1480.82,-3.52,-0.24,82910432.0,125143706320.0
BK0900.DC,20231012,1480.27,1498.16,1474.9,1496.22,1477.3,18.92,1.28,92309047.0,139812694156.0
BK0900.DC,20231013,1490.79,1498.62,1487.63,1492.79,1496.22,-3.43,-0.23,97189372.0,134348522031.0
BK0900.DC,20231016,1493.82,1494.31,1472.28,1479.82,1492.79,-12.97,-0.87,99039035.0,128834540507.0
BK0900.DC,20231017,1477.8,1477.8,1460.86,1467.93,1479.8200000000002,-11.89,-0.8,85990559.0,113375545498.0
BK0900.DC,20231018,1462.41,1463.83,1450.55,1455.77,1467.93,-12.16,-0.83,94046178.0,126463175483.0
BK0900.DC,20231019,1446.51,1457.59,1432.96,1433.13,1455.7700000000002,-22.64,-1.56,99801922.0,129723897222.0
BK0900.DC,20231020,1424.83,1449.44,1423.87,1425.79,1433.1299999999999,-7.34,-0.51,87351616.0,120648932501.0
BK0900.DC,20231023,1421.59,1422.99,1384.04,1391.3,1425.79,-34.49,-2.42,90416415.0,118229756546.0
BK0900.DC,20231024,1394.89,1422.43,1390.65,1418.42,1391.3000000000002,27.12,1.95,91266846.0,126022383885.0
BK0900.DC,20231025,1424.17,1446.0,1423.31,1442.55,1418.4199999999998,24.13,1.7,103668156.0,135259495106.0
BK0900.DC,20231026,1434.09,1459.89,1422.0,1459.66,1442.5500000000002,17.11,1.19,108435292.0,144116525951.0
BK0900.DC,20231027,1456.17,1485.24,1455.51,1480.46,1459.66,20.8,1.42,118657713.0,163844248445.0
BK0900.DC,20231030,1475.27,1494.33,1468.18,1491.62,1480.4599999999998,11.16,0.75,117983059.0,168778590793.0
BK0900.DC,20231031,1488.47,1491.96,1465.72,1474.23,1491.6200000000001,-17.39,-1.17,104873249.0,145883004567.0
BK0900.DC,20231101,1472.18,1491.63,1465.69,1485.2,1474.23,10.97,0.74,96210204.0,124953718629.0
BK0900.DC,20231102,1485.78,1493.78,1470.62,1470.85,1485.1999999999998,-14.35,-0.97,99515583.0,127637750935.0
BK0900.DC,20231103,1477.57,1504.86,1477.57,1501.52,1470.85,30.67,2.09,96367426.0,132609646247.0
BK0900.DC,20231106,1509.92,1543.01,1509.92,1543.01,1501.52,41.49,2.76,124919472.0,179111363324.0
BK0900.DC,20231107,1542.15,1557.75,1538.0,1555.42,1543.01,12.41,0.8,126224219.0,172457620617.0
BK0900.DC,20231108,1553.63,1555.61,1542.48,1553.17,1555.42,-2.25,-0.14,124554037.0,162517517879.0
BK0900.DC,20231109,1549.25,1549.25,1533.4,1536.76,1553.17,-16.41,-1.06,108922204.0,149843825106.0
BK0900.DC,20231110,1531.58,1537.42,1522.7,1530.15,1536.76,-6.61,-0.43,92169879.0,128640517063.0
BK0900.DC,20231113,1532.71,1543.85,1531.59,1543.85,1530.1499999999999,13.7,0.9,90527117.0,123160251945.0
BK0900.DC,20231114,1543.41,1555.79,1538.19,1555.79,1543.85,11.94,0.77,97350078.0,126586901690.0
BK0900.DC,20231115,1566.33,1578.83,1557.32,1578.83,1555.79,23.04,1.48,111732076.0,160552868444.0
BK0900.DC,20231116,1578.95,1580.32,1567.24,1567.24,1578.83,-11.59,-0.73,100585120.0,138834656254.0
BK0900.DC,20231117,1560.19,1592.11,1560.11,1592.11,1567.24,24.87,1.59,104717215.0,137829378771.0
BK0900.DC,20231120,1595.55,1607.35,1586.81,1606.89,1592.1100000000001,14.78,0.93,107402888.0,145113401101.0
BK0900.DC,20231121,1607.52,1612.45,1587.72,1591.83,1606.8899999999999,-15.06,-0.94,112493182.0,146764215850.0
BK0900.DC,20231122,1585.18,1589.4,1563.13,1563.16,1591.8300000000002,-28.67,-1.8,101833468.0,128978117085.0
BK0900.DC,20231123,1562.33,1592.06,1562.33,1590.43,1563.16,27.27,1.74,104289560.0,141137865989.0
BK0900.DC,20231124,1588.13,1588.32,1558.75,1562.18,1590.43,-28.25,-1.78,94692744.0,128643356295.0
BK0900.DC,20231127,1564.39,1580.12,1560.2,1577.89,1562.18,15.71,1.01,99814555.0,134891604986.0
BK0900.DC,20231128,1575.09,1603.13,1573.43,1603.05,1577.8899999999999,25.16,1.59,115271378.0,156661644019.0
BK0900.DC,20231129,1607.95,1613.74,1593.79,1597.39,1603.0500000000002,-5.66,-0.35,116794852.0,156874073043.0
BK0900.DC,20231130,1592.43,1597.18,1559.51,1575.38,1597.39,-22.01,-1.38,103786745.0,137374109573.0
BK0900.DC,20231201,1573.51,1575.23,1556.3,1570.31,1575.3799999999999,-5.07,-0.32,98094528.0,131892018022.0
BK0900.DC,20231204,1570.94,1577.58,1563.17,1569.85,1570.31,-0.46,-0.03,93436778.0,125010476599.0
BK0900.DC,20231205,1566.06,1566.18,1543.43,1543.43,1569.8500000000001,-26.42,-1.68,95654804.0,122858479477.0
BK0900.DC,20231206,1539.55,1566.69,1539.03,1550.66,1543.43,7.23,0.47,96339055.0,132627218055.0
BK0900.DC,20231207,1548.04,1548.28,1532.45,1537.54,1550.6599999999999,-13.12,-0.85,88511296.0,118858152549.0
BK0900.DC,20231208,1539.34,1546.34,1521.9,1523.2,1537.54,-14.34,-0.93,98252974.0,126876488464.0
BK0900.DC,20231211,1516.96,1542.45,1507.74,1542.45,1523.2,19.25,1.26,89300266.0,121310108573.0
BK0900.DC,20231212,1541.35,1545.87,1535.02,1544.38,1542.45,1.93,0.13,75932730.0,99129488959.0
BK0900.DC,20231213,1542.52,1556.66,1532.29,1538.48,1544.38,-5.9,-0.38,78517791.0,105306429393.0
BK0900.DC,20231214,1542.06,1548.77,1524.65,1525.35,1538.48,-13.13,-0.85,75452507.0,100003514825.0
BK0900.DC,20231215,1526.17,1531.64,1513.85,1517.26,1525.35,-8.09,-0.53,69011229.0,96077325498.0
BK0900.DC,20231218,1512.53,1516.4,1497.83,1500.73,1517.26,-16.53,-1.09,70196528.0,98621267316.0
BK0900.DC,20231219,1499.13,1506.92,1491.13,1504.53,1500.73,3.8,0.25,65370357.0,88125532082.0
BK0900.DC,20231220,1506.97,1514.75,1489.63,1489.64,1504.5300000000002,-14.89,-0.99,69979639.0,98668959468.0
BK0900.DC,20231221,1483.58,1503.68,1466.35,1498.25,1489.64,8.61,0.58,73496116.0,106138829420.0
BK0900.DC,20231222,1498.53,1506.9,1483.25,1488.32,1498.25,-9.93,-0.66,76141901.0,108682009828.0
BK0900.DC,20231225,1487.88,1501.9,1485.02,1501.52,1488.32,13.2,0.89,69820876.0,92553993473.0
BK0900.DC,20231226,1500.83,1500.83,1471.7,1476.15,1501.52,-25.37,-1.69,68705187.0,92400800304.0
BK0900.DC,20231227,1475.81,1483.44,1467.08,1481.55,1476.1499999999999,5.4,0.37,63951416.0,87835748226.0
BK0900.DC,20231228,1479.2,1523.81,1474.55,1518.4,1481.5500000000002,36.85,2.49,92776720.0,137756559245.0
BK0900.DC,20231229,1516.29,1544.11,1516.03,1544.11,1518.3999999999999,25.71,1.69,84539777.0,119930576630.0
BK0900.DC,20240102,1546.02,1549.08,1540.0,1540.0,1544.11,-4.11,-0.27,78595755.0,108469495167.0
BK0900.DC,20240103,1535.91,1535.91,1510.51,1521.93,1540.0,-18.07,-1.17,74911451.0,101632268353.0
BK0900.DC,20240104,1519.49,1519.51,1506.34,1511.8,1521.93,-10.13,-0.67,62136944.0,87645820959.0
BK0900.DC,20240105,1513.79,1524.16,1477.42,1484.57,1511.8,-27.23,-1.8,72710322.0,101138832872.0
BK0900.DC,20240108,1480.95,1483.04,1452.55,1452.55,1484.57,-32.02,-2.16,65377664.0,89285428259.0
BK0900.DC,20240109,1455.22,1478.19,1448.97,1460.64,1452.5500000000002,8.09,0.56,65231226.0,92233125287.0
BK0900.DC,20240110,1456.68,1467.69,1433.44,1447.83,1460.6399999999999,-12.81,-0.88,64856477.0,89703636447.0
BK0900.DC,20240111,1446.22,1482.75,1443.15,1478.28,1447.83,30.45,2.1,73769484.0,102488845704.0
BK0900.DC,20240112,1476.86,1487.73,1462.95,1462.95,1478.28,-15.33,-1.04,67381537.0,92289785458.0
BK0900.DC,20240115,1457.95,1463.7,1441.58,1451.95,1462.95,-11.0,-0.75,60407355.0,76993562292.0
BK0900.DC,20240116,1451.66,1458.31,1430.89,1451.39,1451.95,-0.56,-0.04,73274087.0,95062785413.0
BK0900.DC,20240117,1448.59,1448.59,1408.68,1408.68,1451.39,-42.71,-2.94,64678032.0,88546030647.0
BK0900.DC,20240118,1400.85,1407.31,1362.51,1403.04,1408.68,-5.64,-0.4,86288347.0,110639517384.0
BK0900.DC,20240119,1402.34,1411.36,1381.98,1381.98,1403.04,-21.06,-1.5,61443594.0,86859259809.0
BK0900.DC,20240122,1380.11,1380.22,1295.31,1305.03,1381.98,-76.95,-5.57,80500651.0,104595605089.0
BK0900.DC,20240123,1300.33,1314.84,1283.21,1308.99,1305.03,3.96,0.3,74413621.0,94857703716.0
BK0900.DC,20240124,1314.68,1323.51,1272.78,1319.69,1308.99,10.7,0.82,76899391.0,95368533047.0
BK0900.DC,20240125,1319.83,1359.11,1308.7,1358.87,1319.6899999999998,39.18,2.97,81499051.0,109089763679.0
BK0900.DC,20240126,1355.73,1368.18,1341.77,1345.12,1358.87,-13.75,-1.01,72213747.0,96945663406.0
BK0900.DC,20240129,1348.29,1352.63,1296.66,1296.67,1345.1200000000001,-48.45,-3.6,68897904.0,93157456720.0
BK0900.DC,20240130,1287.51,1302.32,1255.25,1257.07,1296.6699999999998,-39.6,-3.05,59921126.0,80600969800.0
BK0900.DC,20240131,1248.4,1259.21,1195.09,1197.84,1257.07,-59.23,-4.71,80410782.0,99389277126.0
BK0900.DC,20240201,1189.22,1208.76,1163.66,1182.49,1197.84,-15.35,-1.28,71473529.0,86740553795.0
BK0900.DC,20240202,1184.8,1199.61,1089.96,1127.65,1182.49,-54.84,-4.64,87205333.0,98221116932.0
BK0900.DC,20240205,1115.26,1115.26,1013.63,1037.47,1127.65,-90.18,-8.0,105546079.0,113533727204.0
BK0900.DC,20240206,1011.86,1096.89,984.67,1074.32,1037.47,36.85,3.55,111133731.0,118632041706.0
BK0900.DC,20240207,1077.64,1103.11,1049.92,1064.42,1074.3200000000002,-9.9,-0.92,120698947.0,132541170745.0
BK0900.DC,20240208,1067.2,1140.19,1057.91,1139.65,1064.42,75.23,7.07,125415878.0,134365315490.0
BK0900.DC,20240219,1152.26,1178.5,1149.93,1172.67,1139.65,33.02,2.9,109133610.0,124813327134.0
BK0900.DC,20240220,1169.07,1185.96,1152.32,1184.32,1172.6699999999998,11.65,0.99,82194646.0,99763031380.0
BK0900.DC,20240221,1173.95,1242.1,1168.09,1209.71,1184.32,25.39,2.14,106261826.0,125579654672.0
BK0900.DC,20240222,1207.13,1237.39,1206.53,1237.39,1209.71,27.68,2.29,87017966.0,101310509456.0
BK0900.DC,20240223,1243.08,1279.45,1236.74,1279.0,1237.39,41.61,3.36,107017518.0,127434070148.0
BK0900.DC,20240226,1290.33,1326.0,1285.72,1305.27,1279.0,26.27,2.05,122308328.0,147108608651.0
BK0900.DC,20240227,1302.42,1355.66,1297.9,1355.66,1305.27,50.39,3.86,119764832.0,157303424410.0
BK0900.DC,20240228,1358.56,1373.81,1262.75,1262.75,1355.66,-92.91,-6.85,164015596.0,204505839802.0
BK0900.DC,20240229,1245.28,1319.82,1245.28,1319.82,1262.75,57.07,4.52,124212826.0,162445536925.0
BK0900.DC,20240301,1326.7,1342.3,1318.27,1339.81,1319.82,19.99,1.51,121306317.0,163126643422.0
BK0900.DC,20240304,1341.11,1347.2,1307.84,1334.86,1339.81,-4.95,-0.37,114206667.0,156623727066.0
BK0900.DC,20240305,1323.94,1330.55,1305.53,1316.87,1334.86,-17.99,-1.35,116868209.0,161830611208.0
BK0900.DC,20240306,1310.94,1344.56,1310.94,1336.05,1316.87,19.18,1.46,107087282.0,147186043299.0
BK0900.DC,20240307,1341.17,1355.61,1321.53,1321.53,1336.05,-14.52,-1.09,109222508.0,147364162301.0
BK0900.DC,20240308,1320.07,1336.35,1312.38,1334.39,1321.5300000000002,12.86,0.97,92414126.0,127547087984.0
BK0900.DC,20240311,1333.54,1369.86,1333.54,1369.86,1334.3899999999999,35.47,2.66,112649139.0,176378019119.0
BK0900.DC,20240312,1373.69,1388.36,1363.64,1388.31,1369.86,18.45,1.35,123833427.0,187435805490.0
BK0900.DC,20240313,1388.17,1404.42,1384.82,1394.34,1388.31,6.03,0.43,122844253.0,171722279669.0
BK0900.DC,20240314,1391.22,1401.43,1364.35,1382.66,1394.3400000000001,-11.68,-0.84,118535387.0,157882616970.0
BK0900.DC,20240315,1378.38,1409.62,1372.96,1409.61,1382.6599999999999,26.95,1.95,118420723.0,157837214056.0
BK0900.DC,20240318,1416.58,1442.45,1416.58,1442.45,1409.6100000000001,32.84,2.33,134780316.0,186137112079.0
BK0900.DC,20240319,1439.18,1449.75,1433.84,1435.56,1442.45,-6.89,-0.48,129270443.0,176102143714.0
BK0900.DC,20240320,1434.43,1449.36,1433.52,1449.36,1435.56,13.8,0.96,117863891.0,156802861936.0
BK0900.DC,20240321,1449.55,1454.92,1432.28,1449.99,1449.36,0.63,0.04,125671021.0,163555894754.0
BK0900.DC,20240322,1446.07,1446.74,1421.46,1429.54,1449.99,-20.45,-1.41,122578267.0,163315771598.0
BK0900.DC,20240325,1422.91,1430.53,1389.82,1390.05,1429.54,-39.49,-2.76,123377445.0,159532120270.0
BK0900.DC,20240326,1385.58,1409.35,1377.62,1403.12,1390.05,13.07,0.94,118414732.0,161394222126.0
BK0900.DC,20240327,1398.55,1398.85,1343.79,1343.79,1403.12,-59.33,-4.23,113574275.0,147407230352.0
BK0900.DC,20240328,1341.68,1395.62,1341.68,1382.78,1343.79,38.99,2.9,110815445.0,147806962855.0
BK0900.DC,20240329,1391.15,1404.37,1383.21,1403.35,1382.78,20.57,1.49,110271664.0,144421677648.0
BK0900.DC,20240401,1406.85,1437.97,1406.85,1437.97,1403.3500000000001,34.62,2.47,119607938.0,168212905420.0
BK0900.DC,20240402,1439.17,1439.51,1420.67,1432.35,1437.9699999999998,-5.62,-0.39,128069723.0,168697789447.0
BK0900.DC,20240403,1426.1,1426.16,1396.55,1405.73,1432.35,-26.62,-1.86,113053903.0,150578994321.0
BK0900.DC,20240408,1401.57,1406.11,1374.28,1374.28,1405.73,-31.45,-2.24,106308778.0,142362725650.0
BK0900.DC,20240409,1373.33,1399.5,1373.33,1399.5,1374.28,25.22,1.84,98658128.0,136636815184.0
BK0900.DC,20240410,1398.14,1398.53,1355.61,1369.34,1399.5,-30.16,-2.16,104756343.0,136640012282.0
BK0900.DC,20240411,1358.9,1386.56,1352.69,1369.5,1369.34,0.16,0.01,99211008.0,133799160446.0
BK0900.DC,20240412,1369.86,1380.56,1353.64,1355.41,1369.5,-14.09,-1.03,96821899.0,133471032485.0
BK0900.DC,20240415,1349.6,1359.82,1292.41,1310.7,1355.41,-44.71,-3.3,122169104.0,152533106846.0
BK0900.DC,20240416,1296.83,1296.83,1217.03,1217.29,1310.7,-93.41,-7.13,123339527.0,148086497881.0
BK0900.DC,20240417,1230.45,1302.42,1230.45,1302.34,1217.29,85.05,6.99,115179702.0,143747809829.0
BK0900.DC,20240418,1301.83,1326.16,1286.8,1307.53,1302.34,5.19,0.4,113801308.0,157001996441.0
BK0900.DC,20240419,1300.54,1310.93,1281.83,1293.72,1307.53,-13.81,-1.06,99081558.0,135749601065.0
BK0900.DC,20240422,1285.56,1296.61,1262.22,1281.94,1293.72,-11.78,-0.91,89329292.0,118695123912.0
BK0900.DC,20240423,1283.62,1299.65,1283.31,1293.76,1281.94,11.82,0.92,85524202.0,115215206649.0
BK0900.DC,20240424,1294.74,1325.33,1294.74,1325.33,1293.76,31.57,2.44,97476072.0,129789897228.0
BK0900.DC,20240425,1321.06,1339.05,1316.71,1327.67,1325.3300000000002,2.34,0.18,98863844.0,131029993651.0
BK0900.DC,20240426,1324.66,1356.54,1323.85,1351.92,1327.67,24.25,1.83,125335327.0,170711655913.0
BK0900.DC,20240429,1357.66,1390.79,1357.66,1390.27,1351.92,38.35,2.84,137116452.0,196610356044.0
BK0900.DC,20240430,1391.69,1395.82,1370.76,1376.43,1390.27,-13.84,-1.0,121716077.0,167135116615.0
BK0900.DC,20240506,1393.4,1407.44,1393.4,1407.44,1376.43,31.01,2.25,117372780.0,171484506295.0
BK0900.DC,20240507,1405.53,1412.28,1398.4,1412.28,1407.44,4.84,0.34,107098143.0,147129019058.0
BK0900.DC,20240508,1407.39,1407.39,1385.7,1387.18,1412.28,-25.1,-1.78,94192870.0,124559386623.0
BK0900.DC,20240509,1388.84,1413.36,1388.84,1410.28,1387.18,23.1,1.67,96051617.0,138183668234.0
BK0900.DC,20240510,1410.97,1412.3,1385.14,1389.55,1410.28,-20.73,-1.47,92094040.0,125943909102.0
BK0900.DC,20240513,1377.83,1377.83,1357.12,1362.74,1389.55,-26.81,-1.93,94855573.0,124655621216.0
BK0900.DC,20240514,1364.66,1378.6,1364.49,1373.27,1362.74,10.53,0.77,92771943.0,115136194804.0
BK0900.DC,20240515,1370.49,1377.08,1358.3,1359.62,1373.27,-13.65,-0.99,84411288.0,106565038643.0
BK0900.DC,20240516,1362.48,1374.25,1359.77,1363.89,1359.6200000000001,4.27,0.31,90418203.0,115807563466.0
BK0900.DC,20240517,1363.27,1382.5,1357.73,1382.5,1363.89,18.61,1.36,91961970.0,126704471176.0
BK0900.DC,20240520,1381.81,1388.46,1377.28,1382.88,1382.5,0.38,0.03,98425242.0,132345095390.0
BK0900.DC,20240521,1380.27,1380.27,1363.32,1368.1,1382.8799999999999,-14.78,-1.07,88662109.0,114670261918.0
BK0900.DC,20240522,1365.71,1379.72,1365.38,1379.63,1368.1000000000001,11.53,0.84,87904464.0,124651357895.0
BK0900.DC,20240523,1375.55,1375.55,1350.04,1353.76,1379.6299999999999,-25.87,-1.88,92942203.0,122630618677.0
BK0900.DC,20240524,1349.94,1357.58,1339.5,1339.5,1353.76,-14.26,-1.05,81513876.0,111689771122.0
BK0900.DC,20240527,1339.56,1348.26,1320.75,1348.0,1339.5,8.5,0.63,85173973.0,112393583698.0
BK0900.DC,20240528,1343.29,1350.88,1333.39,1335.31,1348.0,-12.69,-0.94,80650595.0,104549854422.0
BK0900.DC,20240529,1332.79,1350.65,1332.79,1347.14,1335.3100000000002,11.83,0.89,82669162.0,111549667241.0
BK0900.DC,20240530,1344.18,1352.31,1338.43,1342.25,1347.14,-4.89,-0.36,83385163.0,108507956070.0
BK0900.DC,20240531,1341.85,1358.98,1341.85,1353.05,1342.25,10.8,0.8,82958198.0,113308748129.0
BK0900.DC,20240603,1352.61,1353.69,1319.92,1331.18,1353.05,-21.87,-1.62,97730933.0,131880461823.0
BK0900.DC,20240604,1323.54,1323.6,1300.8,1317.8,1331.18,-13.38,-1.01,87032850.0,116491742610.0
BK0900.DC,20240605,1312.69,1316.72,1293.78,1293.78,1317.8,-24.02,-1.82,83295770.0,107506900200.0
BK0900.DC,20240606,1292.99,1299.73,1241.41,1246.72,1293.78,-47.06,-3.64,106645569.0,127708250806.0
BK0900.DC,20240607,1256.16,1271.66,1244.59,1264.36,1246.7199999999998,17.64,1.41,86395559.0,115378530138.0
BK0900.DC,20240611,1257.91,1275.24,1237.99,1274.34,1264.36,9.98,0.79,75312929.0,103478086202.0
BK0900.DC,20240612,1273.45,1293.87,1272.59,1292.06,1274.34,17.72,1.39,74535624.0,103980064714.0
BK0900.DC,20240613,1292.62,1299.55,1288.01,1290.78,1292.06,-1.28,-0.1,81070800.0,114633671149.0
BK0900.DC,20240614,1287.49,1294.49,1275.47,1292.91,1290.78,2.13,0.17,86882896.0,122052847551.0
BK0900.DC,20240617,1288.38,1302.89,1285.57,1296.97,1292.91,4.06,0.31,92428908.0,134691048589.0
BK0900.DC,20240618,1297.54,1324.08,1294.51,1324.08,1296.97,27.11,2.09,98827516.0,135159836794.0
BK0900.DC,20240619,1324.9,1327.6,1311.85,1313.06,1324.08,-11.02,-0.83,86393781.0,116926799178.0
BK0900.DC,20240620,1310.37,1312.28,1280.78,1281.55,1313.06,-31.51,-2.4,88443426.0,111303771313.0
BK0900.DC,20240621,1275.43,1287.03,1265.01,1279.16,1281.5500000000002,-2.39,-0.19,71245705.0,95411386625.0
BK0900.DC,20240624,1269.5,1269.5,1229.64,1230.93,1279.16,-48.23,-3.77,84435771.0,108359677717.0
BK0900.DC,20240625,1232.52,1249.85,1225.24,1234.58,1230.9299999999998,3.65,0.3,80445618.0,110643300967.0
BK0900.DC,20240626,1230.72,1270.43,1219.01,1270.43,1234.5800000000002,35.85,2.9,91882823.0,104456608571.0
BK0900.DC,20240627,1264.93,1269.41,1242.61,1242.61,1270.4299999999998,-27.82,-2.19,88262939.0,102633755689.0
BK0900.DC,20240628,1239.6,1272.31,1237.63,1256.68,1242.6100000000001,14.07,1.13,99991317.0,120158830036.0
BK0900.DC,20240701,1255.99,1264.58,1237.54,1262.71,1256.68,6.03,0.48,92433153.0,111112806033.0
BK0900.DC,20240702,1262.54,1265.0,1249.77,1254.4,1262.71,-8.31,-0.66,85706472.0,105183940152.0
BK0900.DC,20240703,1254.09,1259.88,1240.25,1240.92,1254.4,-13.48,-1.07,76422392.0,92423944482.0
BK0900.DC,20240704,1243.06,1250.24,1214.62,1217.23,1240.92,-23.69,-1.91,91050319.0,95889638653.0
BK0900.DC,20240705,1213.63,1226.7,1196.41,1221.02,1217.23,3.79,0.31,82956832.0,91072699545.0
BK0900.DC,20240708,1215.82,1215.82,1185.02,1188.19,1221.02,-32.83,-2.69,81470837.0,89396783506.0
BK0900.DC,20240709,1186.51,1223.14,1176.21,1222.54,1188.19,34.35,2.89,104399468.0,126370532249.0
BK0900.DC,20240710,1218.45,1237.07,1217.09,1222.65,1222.5400000000002,0.11,0.01,103497135.0,127574667578.0
BK0900.DC,20240711,1241.18,1264.49,1241.18,1264.49,1222.65,41.84,3.42,113679382.0,145200723289.0
BK0900.DC,20240712,1261.76,1270.15,1258.65,1265.34,1264.49,0.85,0.07,102871545.0,129014969973.0
BK0900.DC,20240715,1261.32,1261.74,1240.04,1243.77,1265.34,-21.57,-1.7,94981959.0,109134529629.0
BK0900.DC,20240716,1239.93,1254.77,1237.05,1253.78,1243.77,10.01,0.8,104871844.0,126565794686.0
BK0900.DC,20240717,1252.07,1252.16,1232.97,1232.97,1253.78,-20.81,-1.66,93077898.0,122984545754.0
BK0900.DC,20240718,1221.8,1230.86,1202.55,1226.31,1232.97,-6.66,-0.54,85363562.0,118690745575.0
BK0900.DC,20240719,1221.66,1243.0,1218.51,1231.93,1226.3100000000002,5.62,0.46,82247111.0,112242083920.0
BK0900.DC,20240722,1230.53,1239.41,1227.88,1235.63,1231.93,3.7,0.3,82099869.0,110015355874.0
BK0900.DC,20240723,1236.6,1240.48,1211.2,1211.39,1235.63,-24.24,-1.96,88624197.0,109954283646.0
BK0900.DC,20240724,1204.8,1213.64,1185.51,1187.55,1211.3899999999999,-23.84,-1.97,89503032.0,111509934454.0
BK0900.DC,20240725,1178.39,1205.83,1173.18,1195.48,1187.55,7.93,0.67,82823146.0,102079071267.0
BK0900.DC,20240726,1199.08,1222.93,1199.08,1222.93,1195.48,27.45,2.3,97824002.0,118272304433.0
BK0900.DC,20240729,1224.2,1230.31,1215.26,1224.03,1222.93,1.1,0.09,89823004.0,108334111754.0
BK0900.DC,20240730,1220.49,1231.04,1211.17,1227.68,1224.03,3.65,0.3,87119461.0,105594502347.0
BK0900.DC,20240731,1226.03,1271.2,1225.56,1271.2,1227.68,43.52,3.54,120169223.0,148330702327.0
BK0900.DC,20240801,1272.62,1278.57,1267.3,1274.35,1271.1999999999998,3.15,0.25,114216974.0,133219683202.0
BK0900.DC,20240802,1264.1,1272.56,1247.79,1248.53,1274.35,-25.82,-2.03,109984955.0,126085159532.0
BK0900.DC,20240805,1236.95,1251.22,1205.17,1205.17,1248.53,-43.36,-3.47,111067412.0,129721378286.0
BK0900.DC,20240806,1218.71,1226.85,1209.13,1223.12,1205.1699999999998,17.95,1.49,85827265.0,97842832463.0
BK0900.DC,20240807,1221.65,1233.07,1218.67,1225.7,1223.1200000000001,2.58,0.21,78279018.0,89807194408.0
BK0900.DC,20240808,1219.88,1222.19,1197.06,1211.83,1225.6999999999998,-13.87,-1.13,82313043.0,88687464723.0
BK0900.DC,20240809,1216.45,1226.8,1208.11,1208.11,1211.83,-3.72,-0.31,72764053.0,80539683461.0
BK0900.DC,20240812,1206.22,1206.73,1191.54,1195.76,1208.11,-12.35,-1.02,65979548.0,72401505542.0
BK0900.DC,20240813,1194.56,1209.21,1189.94,1209.21,1195.76,13.45,1.12,64676096.0,74321473816.0
BK0900.DC,20240814,1209.59,1211.74,1202.27,1202.27,1209.21,-6.94,-0.57,64595228.0,70168310170.0
BK0900.DC,20240815,1197.8,1219.72,1191.17,1215.34,1202.27,13.07,1.09,80091051.0,88168220720.0
BK0900.DC,20240816,1216.31,1221.56,1209.15,1210.37,1215.34,-4.97,-0.41,79402680.0,89281817427.0
BK0900.DC,20240819,1207.97,1218.17,1201.08,1202.65,1210.3700000000001,-7.72,-0.64,74551428.0,82444580385.0
BK0900.DC,20240820,1202.18,1202.97,1180.23,1185.2,1202.65,-17.45,-1.45,77380927.0,82506142516.0
BK0900.DC,20240821,1180.52,1191.16,1177.18,1185.88,1185.2,0.68,0.06,71291034.0,80824580163.0
BK0900.DC,20240822,1186.01,1188.02,1164.38,1165.08,1185.8799999999999,-20.8,-1.75,75534888.0,88890399637.0
BK0900.DC,20240823,1161.34,1167.01,1148.7,1160.12,1165.08,-4.96,-0.43,68901662.0,77897176749.0
BK0900.DC,20240826,1160.24,1178.67,1160.24,1176.81,1160.12,16.69,1.44,74334465.0,88037890232.0
BK0900.DC,20240827,1172.6,1172.6,1149.33,1151.57,1176.81,-25.24,-2.14,69368309.0,79303399684.0
BK0900.DC,20240828,1147.77,1166.82,1144.99,1157.6,1151.57,6.03,0.52,62311867.0,72933079353.0
BK0900.DC,20240829,1153.52,1188.87,1151.11,1185.43,1157.6000000000001,27.83,2.4,81967887.0,98742574799.0
BK0900.DC,20240830,1185.47,1224.01,1185.29,1209.04,1185.43,23.61,1.99,113943554.0,141430565522.0
BK0900.DC,20240902,1209.31,1214.28,1191.12,1191.38,1209.0400000000002,-17.66,-1.46,100372568.0,115168145654.0
BK0900.DC,20240903,1188.98,1210.34,1188.8,1207.55,1191.3799999999999,16.17,1.36,81860546.0,97464537500.0
BK0900.DC,20240904,1199.86,1212.84,1194.58,1203.66,1207.5500000000002,-3.89,-0.32,84946620.0,101317940207.0
BK0900.DC,20240905,1202.97,1216.33,1202.97,1210.53,1203.66,6.87,0.57,80547850.0,94020121336.0
BK0900.DC,20240906,1210.5,1211.67,1187.98,1187.98,1210.53,-22.55,-1.86,86232005.0,99262732128.0
BK0900.DC,20240909,1181.09,1191.5,1173.99,1181.61,1187.9799999999998,-6.37,-0.54,71588834.0,83935352943.0
BK0900.DC,20240910,1182.67,1196.46,1169.67,1192.61,1181.61,11.0,0.93,75264452.0,85142689140.0
BK0900.DC,20240911,1188.24,1200.22,1184.74,1192.15,1192.6100000000001,-0.46,-0.04,72134619.0,93641104882.0
BK0900.DC,20240912,1192.67,1203.87,1184.3,1184.32,1192.1499999999999,-7.83,-0.66,70568341.0,86439784898.0
BK0900.DC,20240913,1183.96,1185.73,1162.04,1162.04,1184.32,-22.28,-1.88,69030531.0,82839555199.0
BK0900.DC,20240918,1160.9,1162.8,1138.06,1155.02,1162.04,-7.02,-0.6,61426430.0,71789409764.0
BK0900.DC,20240919,1160.48,1185.48,1155.22,1177.27,1155.02,22.25,1.93,74471806.0,88520751418.0
BK0900.DC,20240920,1178.26,1179.89,1165.64,1172.46,1177.27,-4.81,-0.41,70091326.0,84157224377.0
BK0900.DC,20240923,1170.99,1183.13,1164.79,1177.67,1172.46,5.21,0.44,71765146.0,88463617735.0
BK0900.DC,20240924,1180.25,1214.34,1171.8,1214.34,1177.6699999999998,36.67,3.11,116472883.0,141823628785.0
BK0900.DC,20240925,1223.18,1250.77,1222.18,1225.35,1214.34,11.01,0.91,135929624.0,165407301695.0
BK0900.DC,20240926,1222.5,1264.49,1221.87,1264.49,1225.35,39.14,3.19,125923917.0,151624743937.0
BK0900.DC,20240927,1280.9,1341.53,1280.14,1331.76,1264.49,67.27,5.32,162515550.0,219677436745.0
BK0900.DC,20240930,1385.6,1492.21,1361.54,1485.18,1331.76,153.42,11.52,261413053.0,368763929610.0
BK0900.DC,20241008,1681.14,1681.14,1516.35,1625.97,1485.18,140.79,9.48,314920171.0,504086888860.0
BK0900.DC,20241009,1572.3,1575.07,1474.69,1474.73,1625.97,-151.24,-9.3,237292134.0,391460748370.0
BK0900.DC,20241010,1485.67,1517.98,1449.66,1471.4,1474.73,-3.33,-0.23,179904684.0,277720489727.0
BK0900.DC,20241011,1462.55,1462.55,1387.73,1404.02,1471.4,-67.38,-4.58,144362203.0,213298616951.0
BK0900.DC,20241014,1408.71,1447.17,1387.88,1447.17,1404.02,43.15,3.07,137994877.0,206350709864.0
BK0900.DC,20241015,1441.84,1466.4,1422.63,1422.63,1447.17,-24.54,-1.7,142780593.0,211190314460.0
BK0900.DC,20241016,1401.15,1434.59,1399.92,1418.37,1422.6299999999999,-4.26,-0.3,118874163.0,169700861599.0
BK0900.DC,20241017,1426.62,1443.42,1418.49,1419.26,1418.37,0.89,0.06,133927600.0,188672497308.0
BK0900.DC,20241018,1416.51,1505.37,1416.51,1479.66,1419.26,60.4,4.26,187190942.0,287994079172.0
BK0900.DC,20241021,1491.78,1531.48,1488.09,1513.58,1479.6599999999999,33.92,2.29,189783556.0,301707402907.0
BK0900.DC,20241022,1514.19,1541.99,1501.53,1530.6,1513.58,17.02,1.12,186988981.0,276178538232.0
BK0900.DC,20241023,1526.68,1558.25,1519.02,1538.68,1530.6000000000001,8.08,0.53,188934333.0,285265386498.0
BK0900.DC,20241024,1535.32,1540.99,1520.44,1533.04,1538.68,-5.64,-0.37,152230678.0,223039538136.0
BK0900.DC,20241025,1542.84,1582.64,1542.84,1568.73,1533.04,35.69,2.33,172558297.0,271386054923.0
BK0900.DC,20241028,1572.59,1599.34,1564.04,1599.34,1568.73,30.61,1.95,191388103.0,270265117741.0
BK0900.DC,20241029,1604.41,1607.85,1576.5,1577.42,1599.3400000000001,-21.92,-1.37,211521301.0,298984365875.0
BK0900.DC,20241030,1568.06,1594.15,1563.95,1583.75,1577.42,6.33,0.4,191462696.0,268802431559.0
BK0900.DC,20241031,1583.55,1614.44,1574.94,1605.05,1583.75,21.3,1.34,210861395.0,315038537255.0
BK0900.DC,20241101,1599.33,1607.37,1546.59,1548.71,1605.05,-56.34,-3.51,218307816.0,316749470664.0
BK0900.DC,20241104,1549.76,1602.85,1549.76,1602.85,1548.7099999999998,54.14,3.5,168080185.0,266018090713.0
BK0900.DC,20241105,1605.87,1658.23,1603.73,1656.75,1602.85,53.9,3.36,223517458.0,354405107024.0
BK0900.DC,20241106,1666.06,1694.26,1659.05,1676.51,1656.75,19.76,1.19,266600783.0,421793341061.0
BK0900.DC,20241107,1674.95,1703.83,1671.85,1703.82,1676.51,27.31,1.63,232229844.0,350920387891.0
BK0900.DC,20241108,1719.99,1738.37,1707.41,1712.54,1703.82,8.72,0.51,235299455.0,373095900501.0
BK0900.DC,20241111,1708.17,1768.67,1708.17,1768.67,1712.54,56.13,3.28,249294046.0,392652414841.0
BK0900.DC,20241112,1776.93,1781.44,1730.18,1748.25,1768.67,-20.42,-1.15,260011647.0,423492705348.0
BK0900.DC,20241113,1735.51,1751.09,1701.65,1751.09,1748.25,2.84,0.16,201569172.0,323409382225.0
BK0900.DC,20241114,1747.94,1750.85,1690.59,1692.77,1751.09,-58.32,-3.33,182128617.0,287543041937.0
BK0900.DC,20241115,1683.41,1701.7,1656.43,1657.1,1692.77,-35.67,-2.11,173188712.0,265929078260.0
BK0900.DC,20241118,1664.67,1673.66,1606.2,1617.25,1657.1,-39.85,-2.4,186371431.0,263398843381.0
BK0900.DC,20241119,1617.78,1669.19,1610.23,1669.19,1617.25,51.94,3.21,173785436.0,249285011771.0
BK0900.DC,20241120,1663.01,1706.8,1660.69,1705.38,1669.19,36.19,2.17,171713214.0,249555019315.0
BK0900.DC,20241121,1700.51,1717.51,1689.34,1710.1,1705.3799999999999,4.72,0.28,174256974.0,242246465231.0
BK0900.DC,20241122,1702.86,1712.06,1644.25,1644.49,1710.1,-65.61,-3.84,195340036.0,271563685403.0
BK0900.DC,20241125,1649.39,1670.95,1631.15,1670.95,1644.49,26.46,1.61,175627416.0,248320412555.0
BK0900.DC,20241126,1666.81,1672.66,1634.26,1635.16,1670.95,-35.79,-2.14,150807722.0,199083792545.0
BK0900.DC,20241127,1625.12,1658.38,1587.6,1658.37,1635.1599999999999,23.21,1.42,154804199.0,209814242678.0
BK0900.DC,20241128,1657.87,1673.92,1649.93,1652.7,1658.3700000000001,-5.67,-0.34,157391590.0,201565632157.0
BK0900.DC,20241129,1649.94,1695.03,1638.98,1687.8,1652.7,35.1,2.12,164993752.0,235978236841.0
BK0900.DC,20241202,1694.86,1735.69,1694.86,1734.72,1687.8,46.92,2.78,186314600.0,264900268252.0
BK0900.DC,20241203,1738.38,1749.43,1725.47,1741.09,1734.72,6.37,0.37,197185073.0,253956160015.0
BK0900.DC,20241204,1738.23,1755.01,1720.5,1729.02,1741.09,-12.07,-0.69,204140378.0,251907802731.0
BK0900.DC,20241205,1725.46,1764.83,1725.46,1761.52,1729.02,32.5,1.88,175982704.0,232879653175.0
BK0900.DC,20241206,1762.94,1769.94,1735.9,1762.29,1761.52,0.77,0.04,199464948.0,262572119108.0
BK0900.DC,20241209,1757.84,1781.57,1753.42,1768.42,1762.29,6.13,0.35,204487234.0,251108667856.0
BK0900.DC,20241210,1817.12,1820.3,1780.79,1783.75,1768.42,15.33,0.87,245463185.0,342098419848.0
BK0900.DC,20241211,1776.17,1797.69,1771.18,1797.69,1783.75,13.94,0.78,207109411.0,261203884992.0
BK0900.DC,20241212,1795.01,1799.95,1773.38,1799.02,1797.69,1.33,0.07,189235678.0,242891420970.0
BK0900.DC,20241213,1788.15,1792.23,1764.13,1764.85,1799.02,-34.17,-1.9,192268718.0,261984504285.0
BK0900.DC,20241216,1763.68,1770.7,1736.53,1745.74,1764.85,-19.11,-1.08,162213093.0,206933462234.0
BK0900.DC,20241217,1742.94,1747.22,1690.99,1694.5,1745.74,-51.24,-2.94,160054119.0,214047744376.0
BK0900.DC,20241218,1698.75,1719.49,1678.23,1705.74,1694.5,11.24,0.66,136728513.0,182269040144.0
BK0900.DC,20241219,1687.06,1717.82,1683.54,1712.61,1705.74,6.87,0.4,152635585.0,206439280848.0
BK0900.DC,20241220,1709.23,1746.21,1708.35,1734.99,1712.61,22.38,1.31,155960267.0,218751345331.0
BK0900.DC,20241223,1733.56,1737.56,1663.26,1666.74,1734.99,-68.25,-3.93,160526184.0,217853174085.0
BK0900.DC,20241224,1674.98,1700.26,1662.6,1691.42,1666.74,24.68,1.48,138216670.0,197534882674.0
BK0900.DC,20241225,1688.26,1689.1,1640.63,1656.4,1691.42,-35.02,-2.07,136658285.0,195521595723.0
BK0900.DC,20241226,1653.83,1699.87,1651.71,1691.87,1656.3999999999999,35.47,2.14,134714974.0,218544057357.0
BK0900.DC,20241227,1695.22,1714.93,1687.37,1694.58,1691.87,2.71,0.16,146261595.0,226031106566.0
BK0900.DC,20241230,1688.64,1692.07,1659.42,1674.92,1694.5800000000002,-19.66,-1.16,130327072.0,199687797359.0
BK0900.DC,20241231,1676.01,1680.25,1625.62,1626.45,1674.92,-48.47,-2.89,138307105.0,205808644916.0
BK0900.DC,20250102,1624.69,1643.47,1578.21,1592.68,1626.45,-33.77,-2.08,135983071.0,205211862547.0
BK0900.DC,20250103,1595.59,1601.22,1530.59,1533.01,1592.68,-59.67,-3.75,133276967.0,186308815689.0
BK0900.DC,20250106,1528.97,1550.36,1499.07,1529.14,1533.01,-3.87,-0.25,120462610.0,157857880574.0
BK0900.DC,20250107,1532.1,1575.42,1531.44,1575.37,1529.1399999999999,46.23,3.02,131682872.0,179114664163.0
BK0900.DC,20250108,1567.38,1586.81,1521.74,1575.68,1575.3700000000001,0.31,0.02,156559847.0,204364443625.0
BK0900.DC,20250109,1568.42,1601.14,1567.6,1593.68,1575.68,18.0,1.14,142304770.0,204304506091.0
BK0900.DC,20250110,1589.8,1612.64,1561.08,1561.09,1593.6799999999998,-32.59,-2.04,154840714.0,221723996906.0
BK0900.DC,20250113,1540.2,1579.21,1527.19,1560.6,1561.09,-0.49,-0.03,126624168.0,186024076537.0
BK0900.DC,20250114,1567.36,1648.24,1567.36,1648.24,1560.6,87.64,5.62,165732995.0,252675031186.0
BK0900.DC,20250115,1648.89,1654.09,1634.45,1639.0,1648.24,-9.24,-0.56,139346713.0,218445342576.0
BK0900.DC,20250116,1646.9,1672.65,1629.11,1646.21,1639.0,7.21,0.44,166552972.0,229064466442.0
BK0900.DC,20250117,1639.48,1658.37,1631.2,1648.53,1646.21,2.32,0.14,132609324.0,194828997381.0
BK0900.DC,20250120,1661.5,1679.38,1655.27,1672.05,1648.53,23.52,1.43,141225694.0,225093406665.0
BK0900.DC,20250121,1679.71,1681.67,1654.49,1680.94,1672.05,8.89,0.53,140979298.0,232418088999.0
BK0900.DC,20250122,1673.13,1674.29,1655.36,1662.28,1680.94,-18.66,-1.11,129165752.0,222920191393.0
BK0900.DC,20250123,1679.72,1698.13,1657.41,1657.41,1662.28,-4.87,-0.29,141559147.0,234416238121.0
BK0900.DC,20250124,1651.11,1686.21,1651.11,1684.52,1657.41,27.11,1.64,134153998.0,220976609149.0
BK0900.DC,20250127,1685.5,1689.91,1648.98,1648.98,1684.52,-35.54,-2.11,117372485.0,186268933175.0
BK0900.DC,20250205,1659.89,1674.11,1650.43,1667.54,1648.98,18.56,1.13,130491121.0,215466789077.0
BK0900.DC,20250206,1664.31,1731.63,1662.94,1731.63,1667.5400000000002,64.09,3.84,176065428.0,296765776583.0
BK0900.DC,20250207,1735.5,1770.99,1730.06,1755.45,1731.63,23.82,1.38,211456534.0,358049593350.0
BK0900.DC,20250210,1757.63,1773.52,1743.84,1773.49,1755.45,18.04,1.03,178084954.0,288327717016.0
BK0900.DC,20250211,1773.35,1778.13,1755.45,1771.41,1773.49,-2.08,-0.12,171884498.0,271827594044.0
BK0900.DC,20250212,1764.44,1796.92,1761.21,1796.92,1771.41,25.51,1.44,167695249.0,282884150195.0
BK0900.DC,20250213,1797.47,1800.28,1765.71,1765.71,1796.92,-31.21,-1.74,177732675.0,290325969557.0
BK0900.DC,20250214,1760.72,1778.83,1758.0,1768.06,1765.71,2.35,0.13,157688310.0,253621537606.0
BK0900.DC,20250217,1770.36,1794.07,1767.7,1793.99,1768.06,25.93,1.47,169538053.0,276481061073.0
BK0900.DC,20250218,1793.13,1802.38,1755.51,1762.59,1793.99,-31.4,-1.75,172730181.0,269880212887.0
BK0900.DC,20250219,1759.52,1827.07,1759.52,1827.07,1762.59,64.48,3.66,174115215.0,296588972631.0
BK0900.DC,20250220,1827.44,1852.68,1821.08,1847.9,1827.0700000000002,20.83,1.14,182439407.0,309068460789.0
BK0900.DC,20250221,1847.17,1877.16,1841.8,1876.87,1847.8999999999999,28.97,1.57,213368141.0,378711622976.0
BK0900.DC,20250224,1875.44,1898.69,1857.09,1884.01,1876.87,7.14,0.38,209027710.0,359446784105.0
BK0900.DC,20250225,1858.87,1910.08,1856.01,1892.77,1884.01,8.76,0.46,193607152.0,338093074682.0
BK0900.DC,20250226,1897.77,1941.34,1897.77,1929.69,1892.77,36.92,1.95,213844064.0,371391453884.0
BK0900.DC,20250227,1932.28,1937.95,1886.99,1922.0,1929.69,-7.69,-0.4,219850879.0,372336497765.0
BK0900.DC,20250228,1917.7,1919.75,1839.5,1843.08,1922.0,-78.92,-4.11,197801104.0,331972130204.0
BK0900.DC,20250303,1852.38,1887.27,1838.1,1854.63,1843.0800000000002,11.55,0.63,176801512.0,304892319530.0
BK0900.DC,20250304,1837.72,1882.89,1836.65,1882.7,1854.63,28.07,1.51,159793582.0,274912378638.0
BK0900.DC,20250305,1879.37,1904.74,1868.79,1904.49,1882.7,21.79,1.16,163584727.0,270177420853.0
BK0900.DC,20250306,1913.68,1941.82,1913.68,1934.39,1904.49,29.9,1.57,189525250.0,324108527030.0
BK0900.DC,20250307,1926.33,1952.78,1923.32,1938.24,1934.39,3.85,0.2,196875251.0,324452568423.0
BK0900.DC,20250310,1942.61,1956.97,1935.03,1952.71,1938.24,14.47,0.75,165343824.0,283017801853.0
BK0900.DC,20250311,1923.45,1956.39,1922.37,1956.39,1952.71,3.68,0.19,162677291.0,281336266851.0
BK0900.DC,20250312,1967.74,1987.4,1963.02,1974.98,1956.39,18.59,0.95,178721096.0,305612441869.0
BK0900.DC,20250313,1973.66,1980.52,1913.77,1935.28,1974.98,-39.7,-2.01,180652618.0,301304859578.0
BK0900.DC,20250314,1932.87,1969.15,1912.21,1967.16,1935.28,31.88,1.65,167204543.0,300806747674.0
BK0900.DC,20250317,1973.81,1990.25,1961.52,1989.09,1967.1599999999999,21.93,1.11,161603552.0,278272825582.0
BK0900.DC,20250318,1997.74,2010.78,1988.46,2010.62,1989.09,21.53,1.08,165016811.0,295187481367.0
BK0900.DC,20250319,2005.67,2017.26,1991.19,2003.46,2010.6200000000001,-7.16,-0.36,172585088.0,307506608072.0
BK0900.DC,20250320,1998.73,2029.34,1993.55,2008.3,2003.46,4.84,0.24,167559900.0,282205667350.0
BK0900.DC,20250321,1997.29,1997.29,1944.79,1950.13,2008.3000000000002,-58.17,-2.9,180562486.0,291675603530.0
BK0900.DC,20250324,1945.93,1948.93,1871.55,1915.7,1950.13,-34.43,-1.77,158523359.0,248988873284.0
BK0900.DC,20250325,1914.06,1929.49,1892.15,1901.24,1915.7,-14.46,-0.75,133421228.0,226166980505.0
BK0900.DC,20250326,1894.41,1937.45,1894.41,1927.4,1901.24,26.16,1.38,131099088.0,210274825175.0
BK0900.DC,20250327,1918.47,1930.9,1891.31,1905.53,1927.3999999999999,-21.87,-1.13,128377315.0,207699384213.0
BK0900.DC,20250328,1902.57,1915.43,1879.22,1879.22,1905.53,-26.31,-1.38,120753318.0,182966501528.0
BK0900.DC,20250331,1867.17,1867.17,1825.66,1857.57,1879.22,-21.65,-1.15,133981041.0,212045786666.0
BK0900.DC,20250401,1859.65,1874.83,1856.65,1860.25,1857.57,2.68,0.14,111052376.0,180608575853.0
BK0900.DC,20250402,1857.72,1888.63,1854.15,1871.51,1860.25,11.26,0.61,108208109.0,169394394581.0
BK0900.DC,20250403,1846.77,1869.17,1821.65,1833.72,1871.51,-37.79,-2.02,114647507.0,194581337559.0
BK0900.DC,20250407,1697.86,1711.36,1579.31,1590.14,1833.72,-243.58,-13.28,128589506.0,214286227941.0
BK0900.DC,20250408,1571.85,1613.13,1529.47,1563.98,1590.14,-26.16,-1.65,176939384.0,257456572628.0
BK0900.DC,20250409,1528.25,1615.69,1449.96,1604.03,1563.98,40.05,2.56,185135081.0,264603106178.0
BK0900.DC,20250410,1649.3,1692.78,1649.3,1655.18,1604.03,51.15,3.19,162992299.0,257028775971.0
BK0900.DC,20250411,1640.05,1701.05,1639.24,1682.34,1655.1799999999998,27.16,1.64,127552443.0,208270968890.0
BK0900.DC,20250414,1714.9,1731.84,1710.54,1717.57,1682.34,35.23,2.09,129529451.0,207441530260.0
BK0900.DC,20250415,1721.73,1727.99,1702.74,1720.21,1717.57,2.64,0.15,103175689.0,166938416257.0
BK0900.DC,20250416,1714.05,1715.91,1664.68,1687.34,1720.2099999999998,-32.87,-1.91,101409338.0,159438610647.0
BK0900.DC,20250417,1679.1,1710.24,1678.26,1693.39,1687.3400000000001,6.05,0.36,85815678.0,134766569210.0
BK0900.DC,20250418,1691.06,1708.81,1682.12,1701.71,1693.39,8.32,0.49,85064170.0,128866373200.0
BK0900.DC,20250421,1700.22,1737.72,1689.38,1737.72,1701.71,36.01,2.12,99878435.0,157005317742.0
BK0900.DC,20250422,1734.51,1740.1,1725.28,1730.55,1737.72,-7.17,-0.41,101898664.0,149076708265.0
BK0900.DC,20250423,1745.45,1784.25,1745.45,1778.17,1730.5500000000002,47.62,2.75,135717586.0,220982501347.0
BK0900.DC,20250424,1776.87,1785.81,1751.67,1759.91,1778.17,-18.26,-1.03,118456611.0,189569311350.0
BK0900.DC,20250425,1761.46,1779.22,1752.39,1765.19,1759.91,5.28,0.3,108734934.0,173607554885.0
BK0900.DC,20250428,1762.91,1763.96,1740.86,1741.93,1765.19,-23.26,-1.32,101854718.0,156583265417.0
BK0900.DC,20250429,1738.54,1774.54,1734.52,1767.65,1741.93,25.72,1.48,104680090.0,163834064408.0
BK0900.DC,20250430,1770.77,1807.34,1770.77,1799.88,1767.65,32.23,1.82,132290719.0,202825071097.0
BK0900.DC,20250506,1816.89,1863.16,1816.89,1863.16,1799.88,63.28,3.52,142205983.0,226721846825.0
BK0900.DC,20250507,1885.27,1890.17,1855.13,1874.65,1863.16,11.49,0.62,155517595.0,245955871690.0
BK0900.DC,20250508,1866.91,1902.31,1865.73,1900.44,1874.65,25.79,1.38,146021718.0,228406074775.0
BK0900.DC,20250509,1897.92,1897.92,1860.58,1873.55,1900.44,-26.89,-1.41,130015090.0,204199181350.0
BK0900.DC,20250512,1893.1,1915.63,1892.57,1915.63,1873.5500000000002,42.08,2.25,138488940.0,242901817981.0
BK0900.DC,20250513,1935.18,1936.67,1902.06,1904.6,1915.6299999999999,-11.03,-0.58,133505428.0,227584805927.0
BK0900.DC,20250514,1902.71,1911.3,1889.44,1899.82,1904.6,-4.78,-0.25,119784387.0,204710978375.0
BK0900.DC,20250515,1897.12,1897.12,1870.49,1874.87,1899.82,-24.95,-1.31,112119523.0,178198073625.0
BK0900.DC,20250516,1871.29,1918.2,1871.29,1904.48,1874.8700000000001,29.61,1.58,123333892.0,200476247584.0
BK0900.DC,20250519,1908.95,1911.48,1879.14,1910.16,1904.48,5.68,0.3,119582649.0,186740531643.0
BK0900.DC,20250520,1911.54,1924.61,1896.84,1924.61,1910.1599999999999,14.45,0.76,118085400.0,190761431034.0
BK0900.DC,20250521,1919.73,1922.64,1902.0,1916.2,1924.6100000000001,-8.41,-0.44,124495156.0,214192492731.0
BK0900.DC,20250522,1908.86,1927.16,1886.8,1888.48,1916.2,-27.72,-1.45,124270978.0,193456248623.0
BK0900.DC,20250523,1887.12,1916.85,1873.92,1874.47,1888.48,-14.01,-0.74,129796548.0,220583073301.0
BK0900.DC,20250526,1871.41,1892.48,1869.11,1888.99,1874.47,14.52,0.77,108252989.0,186528382404.0
BK0900.DC,20250527,1886.95,1887.22,1866.35,1882.49,1888.99,-6.5,-0.34,109773445.0,174264422106.0
BK0900.DC,20250528,1885.05,1897.4,1873.04,1878.04,1882.49,-4.45,-0.24,110107825.0,170338734758.0
BK0900.DC,20250529,1878.13,1918.24,1878.13,1913.1,1878.04,35.06,1.87,134231842.0,198129318591.0
BK0900.DC,20250530,1907.58,1907.58,1867.87,1871.5,1913.1,-41.6,-2.17,127382017.0,181521082158.0
BK0900.DC,20250603,1860.84,1880.66,1860.28,1875.01,1871.5,3.51,0.19,102719892.0,161537373362.0
BK0900.DC,20250604,1878.82,1896.3,1878.82,1894.13,1875.0100000000002,19.12,1.02,107514857.0,165720003016.0
BK0900.DC,20250605,1896.41,1916.13,1881.96,1913.86,1894.1299999999999,19.73,1.04,128791433.0,200158584515.0
BK0900.DC,20250606,1912.48,1912.67,1900.61,1907.31,1913.86,-6.55,-0.34,110479605.0,167542900531.0
BK0900.DC,20250609,1910.54,1926.52,1910.54,1923.99,1907.31,16.68,0.87,122547215.0,191425458974.0
BK0900.DC,20250610,1925.19,1925.48,1877.78,1900.71,1923.99,-23.28,-1.21,136339736.0,205939373262.0
BK0900.DC,20250611,1907.07,1932.26,1907.07,1924.6,1900.7099999999998,23.89,1.26,123856334.0,197080164107.0
BK0900.DC,20250612,1919.76,1936.46,1910.29,1932.32,1924.6,7.72,0.4,122586063.0,189424143502.0
BK0900.DC,20250613,1922.85,1924.86,1889.8,1891.08,1932.32,-41.24,-2.13,131675692.0,200632099925.0
BK0900.DC,20250616,1882.15,1904.66,1882.15,1902.78,1891.08,11.7,0.62,100791573.0,162303664925.0
BK0900.DC,20250617,1905.27,1910.16,1893.21,1900.64,1902.7800000000002,-2.14,-0.11,106401778.0,163481207106.0
BK0900.DC,20250618,1896.25,1906.51,1881.89,1906.38,1900.64,5.74,0.3,112862220.0,174300453966.0
BK0900.DC,20250619,1903.12,1919.77,1874.75,1879.63,1906.38,-26.75,-1.4,125562626.0,201865341403.0
BK0900.DC,20250620,1876.73,1895.84,1863.5,1864.0,1879.63,-15.63,-0.83,103302948.0,163729147543.0
BK0900.DC,20250623,1850.48,1894.11,1848.85,1893.88,1864.0,29.88,1.6,106653503.0,165167985579.0
BK0900.DC,20250624,1904.24,1959.13,1904.24,1959.13,1893.88,65.25,3.45,149400259.0,244241938909.0
BK0900.DC,20250625,1961.86,1980.28,1959.34,1980.16,1959.13,21.03,1.07,157025486.0,257560475429.0
BK0900.DC,20250626,1979.61,1992.62,1968.68,1969.9,1980.16,-10.26,-0.52,154136197.0,251096292066.0
BK0900.DC,20250627,1984.97,1990.48,1975.71,1982.31,1969.8999999999999,12.41,0.63,155787594.0,246463636589.0
BK0900.DC,20250630,1986.38,2009.36,1983.36,2009.35,1982.31,27.04,1.36,148397348.0,232084463725.0
BK0900.DC,20250701,2010.9,2010.97,1988.43,2009.72,2009.3500000000001,0.37,0.02,150540605.0,229726621662.0
BK0900.DC,20250702,2004.13,2004.13,1981.8,1991.6,2009.7199999999998,-18.12,-0.9,135753083.0,204974442110.0
BK0900.DC,20250703,1991.38,2008.91,1987.31,2007.35,1991.6,15.75,0.79,134927488.0,215301743139.0
BK0900.DC,20250704,2005.54,2005.69,1979.14,1981.12,2007.35,-26.23,-1.31,133429752.0,212415615159.0
BK0900.DC,20250707,1976.48,1987.4,1970.27,1987.4,1981.1200000000001,6.28,0.32,110628781.0,173900070703.0
BK0900.DC,20250708,1989.36,2019.39,1986.33,2019.2,1987.4,31.8,1.6,137940503.0,230529881911.0
BK0900.DC,20250709,2026.22,2034.13,2006.9,2012.14,2019.2,-7.06,-0.35,147185883.0,240865876571.0
BK0900.DC,20250710,2008.69,2013.02,1995.16,2008.6,2012.1399999999999,-3.54,-0.18,134886889.0,218062274237.0
BK0900.DC,20250711,2007.29,2022.85,1995.87,2014.67,2008.6000000000001,6.07,0.3,143570861.0,232662962721.0
BK0900.DC,20250714,2016.04,2038.25,2012.95,2036.08,2014.6699999999998,21.41,1.06,133430790.0,218112879117.0
BK0900.DC,20250715,2033.22,2042.85,2007.48,2026.69,2036.0800000000002,-9.39,-0.46,159413267.0,255362123908.0
BK0900.DC,20250716,2027.46,2047.77,2023.32,2044.75,2026.69,18.06,0.89,143519826.0,239476748239.0
BK0900.DC,20250717,2045.61,2071.38,2039.66,2071.38,2044.75,26.63,1.3,150443408.0,267299957308.0
BK0900.DC,20250718,2075.1,2078.66,2060.62,2069.33,2071.38,-2.05,-0.1,144172788.0,256113045037.0
BK0900.DC,20250721,2074.65,2096.09,2070.37,2095.92,2069.33,26.59,1.28,160251648.0,268967006614.0
BK0900.DC,20250722,2094.34,2097.89,2083.32,2093.18,2095.9199999999996,-2.74,-0.13,162493694.0,285053318727.0
BK0900.DC,20250723,2090.45,2090.98,2070.72,2073.71,2093.18,-19.47,-0.93,148975927.0,253334191009.0
BK0900.DC,20250724,2073.17,2096.33,2073.17,2096.33,2073.71,22.62,1.09,142838340.0,258240945873.0
BK0900.DC,20250725,2097.18,2101.98,2087.84,2101.95,2096.33,5.62,0.27,138049955.0,238697159735.0
BK0900.DC,20250728,2106.83,2119.72,2104.0,2119.33,2101.95,17.38,0.83,139985565.0,263692535457.0
BK0900.DC,20250729,2116.25,2120.87,2102.3,2120.87,2119.33,1.54,0.07,136883679.0,253334675876.0
BK0900.DC,20250730,2118.9,2118.9,2076.68,2093.21,2120.87,-27.66,-1.3,130595900.0,251912752049.0
BK0900.DC,20250731,2088.54,2111.27,2068.96,2075.97,2093.2099999999996,-17.24,-0.82,149339670.0,281435812433.0
BK0900.DC,20250801,2075.4,2091.94,2074.25,2085.87,2075.97,9.9,0.48,127034894.0,229710254151.0
BK0900.DC,20250804,2076.97,2122.98,2074.79,2122.98,2085.87,37.11,1.78,122727306.0,226109343156.0
BK0900.DC,20250805,2130.78,2151.95,2130.78,2151.95,2122.98,28.97,1.36,146655950.0,253614697144.0
BK0900.DC,20250806,2151.43,2189.4,2145.41,2189.4,2151.9500000000003,37.45,1.74,164178233.0,298557740323.0
BK0900.DC,20250807,2194.17,2196.01,2170.68,2185.17,2189.4,-4.23,-0.19,161863198.0,306976450173.0
BK0900.DC,20250808,2179.09,2184.4,2168.85,2178.48,2185.17,-6.69,-0.31,145047705.0,272289230942.0
BK0900.DC,20250811,2185.47,2223.74,2185.47,2222.37,2178.48,43.89,2.01,163648833.0,307129227066.0
BK0900.DC,20250812,2223.43,2224.07,2204.13,2222.4,2222.37,0.03,0.0,158120235.0,302787092362.0
BK0900.DC,20250813,2223.72,2258.62,2223.72,2256.74,2222.3999999999996,34.34,1.55,190347131.0,353747751783.0
BK0900.DC,20250814,2260.9,2261.42,2204.74,2210.72,2256.74,-46.02,-2.04,204664049.0,370299737071.0
BK0900.DC,20250815,2209.29,2271.81,2209.29,2271.81,2210.72,61.09,2.76,198030900.0,373026540417.0
BK0900.DC,20250818,2290.99,2328.9,2282.82,2321.16,2271.81,49.35,2.17,243981075.0,474970045185.0
BK0900.DC,20250819,2323.34,2355.17,2300.91,2342.99,2321.16,21.83,0.94,243700850.0,475944676248.0
BK0900.DC,20250820,2332.4,2363.75,2322.21,2363.75,2342.99,20.76,0.89,238564707.0,430252457710.0
BK0900.DC,20250821,2365.14,2368.74,2322.07,2334.29,2363.75,-29.46,-1.25,224761516.0,416819959659.0
BK0900.DC,20250822,2331.94,2351.18,2326.56,2351.18,2334.29,16.89,0.72,201822218.0,406415084330.0
BK0900.DC,20250825,2363.17,2385.98,2355.06,2377.27,2351.18,26.09,1.11,247725178.0,508737201302.0
BK0900.DC,20250826,2373.42,2397.24,2362.32,2381.93,2377.27,4.66,0.2,233152995.0,452050841780.0
BK0900.DC,20250827,2383.12,2405.89,2333.05,2333.05,2381.9300000000003,-48.88,-2.05,287603125.0,546636623049.0
BK0900.DC,20250828,2328.3,2355.41,2274.54,2354.21,2333.05,21.16,0.91,274677649.0,508290847752.0
BK0900.DC,20250829,2354.66,2378.69,2331.27,2357.05,2354.21,2.84,0.12,240035272.0,531272465190.0
BK0900.DC,20250901,2364.11,2380.38,2351.97,2376.45,2357.0499999999997,19.4,0.82,231351574.0,490118599859.0
BK0900.DC,20250902,2377.45,2378.03,2303.38,2353.87,2376.45,-22.58,-0.95,267931911.0,553776043370.0
BK0900.DC,20250903,2361.78,2366.9,2298.05,2305.91,2353.87,-47.96,-2.04,224958196.0,458065950101.0
BK0900.DC,20250904,2308.97,2334.34,2234.55,2271.38,2305.9100000000003,-34.53,-1.5,239348962.0,498368762696.0
BK0900.DC,20250905,2273.2,2353.86,2272.82,2353.86,2271.38,82.48,3.63,224260171.0,503035903035.0
BK0900.DC,20250908,2362.85,2394.61,2358.35,2393.81,2353.86,39.95,1.7,238104081.0,551490076313.0
BK0900.DC,20250909,2382.93,2392.13,2360.72,2370.04,2393.81,-23.77,-0.99,222005888.0,470302297117.0
BK0900.DC,20250910,2365.13,2392.85,2350.6,2366.0,2370.04,-4.04,-0.17,209936845.0,434972505012.0
BK0900.DC,20250911,2362.58,2417.42,2344.83,2417.42,2366.0,51.42,2.17,225450410.0,492813614690.0
BK0900.DC,20250912,2418.33,2429.38,2401.09,2409.65,2417.42,-7.77,-0.32,240501093.0,514487308814.0
BK0900.DC,20250915,2414.8,2437.43,2413.06,2417.73,2409.65,8.08,0.34,221129996.0,505543798387.0
BK0900.DC,20250916,2422.24,2468.02,2415.93,2468.02,2417.73,50.29,2.08,259200280.0,517765871213.0
BK0900.DC,20250917,2467.26,2503.46,2462.56,2496.43,2468.02,28.41,1.15,234333146.0,532573567938.0
BK0900.DC,20250918,2495.94,2536.91,2444.01,2473.48,2496.43,-22.95,-0.92,310355527.0,685765757667.0
BK0900.DC,20250919,2469.68,2473.07,2426.61,2439.64,2473.48,-33.84,-1.37,244063523.0,506878463653.0
BK0900.DC,20250922,2444.31,2463.65,2435.38,2463.59,2439.6400000000003,23.95,0.98,210116108.0,451918611194.0
BK0900.DC,20250923,2466.97,2470.53,2398.64,2446.65,2463.59,-16.94,-0.69,260353999.0,571866039709.0
BK0900.DC,20250924,2433.84,2480.18,2418.03,2480.18,2446.6499999999996,33.53,1.37,233220181.0,525648204243.0
BK0900.DC,20250925,2480.5,2499.27,2462.68,2467.89,2480.18,-12.29,-0.5,229230436.0,543975330350.0
BK0900.DC,20250926,2459.16,2473.15,2434.99,2435.07,2467.8900000000003,-32.82,-1.33,213914789.0,495134092965.0
BK0900.DC,20250929,2440.74,2474.84,2427.89,2468.65,2435.07,33.58,1.38,197455859.0,473083893500.0
BK0900.DC,20250930,2473.7,2486.1,2469.71,2473.99,2468.6499999999996,5.34,0.22,202522561.0,476899263829.0
BK0900.DC,20251009,2485.18,2500.3,2476.7,2492.06,2473.99,18.07,0.73,226909090.0,539163835739.0
BK0900.DC,20251010,2486.33,2503.13,2457.32,2463.95,2492.06,-28.11,-1.13,227854837.0,525097291058.0
BK0900.DC,20251013,2356.45,2449.08,2346.9,2443.0,2463.95,-20.95,-0.85,210020456.0,473631566710.0
BK0900.DC,20251014,2464.11,2479.4,2384.67,2393.37,2443.0,-49.63,-2.03,209696787.0,488859330562.0
BK0900.DC,20251015,2398.97,2446.62,2380.2,2446.38,2393.37,53.01,2.21,194824346.0,423651359171.0
BK0900.DC,20251016,2442.74,2449.39,2412.33,2420.62,2446.38,-25.76,-1.05,187619390.0,396962506966.0
BK0900.DC,20251017,2416.83,2418.58,2334.08,2335.32,2420.6200000000003,-85.3,-3.52,185654559.0,381109829398.0
BK0900.DC,20251020,2365.43,2390.98,2355.64,2372.5,2335.32,37.18,1.59,154806610.0,340592764696.0
BK0900.DC,20251021,2379.94,2415.31,2367.03,2415.23,2372.5,42.73,1.8,154513549.0,359079984126.0
BK0900.DC,20251022,2405.2,2426.87,2390.97,2405.71,2415.23,-9.52,-0.39,142007976.0,304225629682.0
BK0900.DC,20251023,2398.12,2409.16,2365.9,2406.72,2405.7099999999996,1.01,0.04,141901476.0,297443044408.0
BK0900.DC,20251024,2415.93,2447.22,2415.9,2445.96,2406.7200000000003,39.24,1.63,159636313.0,383654751442.0
BK0900.DC,20251027,2463.91,2474.13,2443.39,2467.48,2445.96,21.52,0.88,192290355.0,460724981992.0
BK0900.DC,20251028,2462.91,2484.5,2454.95,2470.6,2467.48,3.12,0.13,187782698.0,436506679636.0
BK0900.DC,20251029,2468.58,2492.09,2459.73,2492.09,2470.6000000000004,21.49,0.87,196938364.0,455541337485.0
BK0900.DC,20251030,2491.66,2495.79,2463.05,2466.63,2492.09,-25.46,-1.02,216232607.0,491227086114.0
BK0900.DC,20251031,2465.36,2513.3,2465.36,2485.18,2466.6299999999997,18.55,0.75,208170351.0,477153880796.0
BK0900.DC,20251103,2487.27,2488.1,2458.17,2487.1,2485.18,1.92,0.08,194729168.0,410710008903.0
BK0900.DC,20251104,2484.05,2486.8,2441.55,2458.04,2487.1,-29.06,-1.17,176292243.0,366667985283.0
BK0900.DC,20251105,2427.23,2490.38,2426.11,2483.47,2458.04,25.43,1.03,177241898.0,372479421997.0
BK0900.DC,20251106,2488.77,2515.44,2479.07,2515.24,2483.47,31.77,1.28,193293421.0,418420922886.0
BK0900.DC,20251107,2507.43,2515.61,2492.87,2501.48,2515.2400000000002,-13.76,-0.55,195749951.0,416426586287.0
BK0900.DC,20251110,2506.98,2510.99,2478.8,2491.13,2501.48,-10.35,-0.41,193751810.0,430830728850.0
BK0900.DC,20251111,2498.8,2509.68,2488.96,2497.26,2491.13,6.13,0.25,180682687.0,381405793057.0
BK0900.DC,20251112,2491.87,2492.02,2453.63,2474.66,2497.2599999999998,-22.6,-0.9,181582949.0,366816277660.0
BK0900.DC,20251113,2473.67,2517.55,2470.32,2507.07,2474.6600000000003,32.41,1.31,188651782.0,409951444098.0
BK0900.DC,20251114,2489.78,2510.89,2480.51,2484.36,2507.07,-22.71,-0.91,176711267.0,358717283976.0
BK0900.DC,20251117,2484.46,2496.36,2478.73,2492.0,2484.36,7.64,0.31,174787521.0,366845472930.0
BK0900.DC,20251118,2487.56,2487.56,2443.06,2453.91,2492.0,-38.09,-1.53,188834530.0,368284509619.0
BK0900.DC,20251119,2450.43,2459.56,2407.16,2417.07,2453.9100000000003,-36.84,-1.5,154694101.0,309295919310.0
BK0900.DC,20251120,2429.99,2437.53,2394.43,2397.47,2417.0699999999997,-19.6,-0.81,143789767.0,307698110788.0
BK0900.DC,20251121,2367.52,2378.05,2301.47,2303.94,2397.4700000000003,-93.53,-3.9,176193318.0,354772104294.0
BK0900.DC,20251124,2316.89,2345.87,2298.79,2335.06,2303.94,31.12,1.35,141089340.0,287576611294.0
BK0900.DC,20251125,2349.28,2390.11,2347.02,2369.44,2335.06,34.38,1.47,151469686.0,319735369450.0
BK0900.DC,20251126,2366.78,2387.52,2358.9,2363.0,2369.44,-6.44,-0.27,143751419.0,319333201663.0
BK0900.DC,20251127,2362.74,2395.23,2362.74,2375.22,2363.0,12.22,0.52,135247153.0,305282327974.0
BK0900.DC,20251128,2373.42,2407.42,2367.24,2407.42,2375.2200000000003,32.2,1.36,130590597.0,277797256983.0
BK0900.DC,20251201,2413.16,2436.2,2413.0,2430.88,2407.42,23.46,0.97,162287452.0,328091996062.0
BK0900.DC,20251202,2428.06,2428.06,2407.82,2412.66,2430.8799999999997,-18.22,-0.75,139004008.0,269201592074.0
BK0900.DC,20251203,2414.98,2419.06,2383.13,2390.64,2412.66,-22.02,-0.91,143417398.0,267117256631.0
BK0900.DC,20251204,2398.58,2404.68,2367.72,2382.99,2390.64,-7.65,-0.32,131368541.0,266789175695.0
BK0900.DC,20251205,2380.06,2422.32,2366.73,2422.32,2382.9900000000002,39.33,1.65,140282908.0,280369144092.0
BK0900.DC,20251208,2428.56,2459.12,2428.56,2454.09,2422.32,31.77,1.31,160029684.0,347872729607.0
BK0900.DC,20251209,2447.29,2459.5,2437.45,2439.58,2454.09,-14.51,-0.59,151685134.0,323687240846.0
BK0900.DC,20251210,2436.17,2446.32,2419.63,2442.5,2439.58,2.92,0.12,147750237.0,302646063699.0
BK0900.DC,20251211,2448.35,2450.05,2414.52,2414.52,2442.5,-27.98,-1.15,157444188.0,322404105821.0
BK0900.DC,20251212,2415.01,2438.99,2404.04,2426.99,2414.52,12.47,0.52,173063236.0,373424509794.0
BK0900.DC,20251215,2415.8,2434.7,2406.59,2411.32,2426.9900000000002,-15.67,-0.65,148798194.0,301485209321.0
BK0900.DC,20251216,2411.44,2412.92,2362.71,2372.22,2411.3199999999997,-39.1,-1.62,148682212.0,285947747981.0
BK0900.DC,20251217,2368.98,2402.57,2352.49,2399.76,2372.2200000000003,27.54,1.16,148980752.0,307479393498.0
BK0900.DC,20251218,2384.24,2419.73,2380.96,2392.98,2399.76,-6.78,-0.28,130435553.0,277831279355.0
BK0900.DC,20251219,2400.29,2436.45,2400.29,2431.13,2392.98,38.15,1.59,147580560.0,279436433945.0
BK0900.DC,20251222,2443.9,2467.89,2443.08,2461.65,2431.13,30.52,1.26,162556113.0,336409790143.0
BK0900.DC,20251223,2459.56,2466.98,2444.52,2454.06,2461.65,-7.59,-0.31,181096668.0,357405618743.0
BK0900.DC,20251224,2454.57,2497.15,2454.56,2495.68,2454.06,41.62,1.7,167795870.0,352241122510.0
BK0900.DC,20251225,2497.29,2534.21,2491.54,2530.19,2495.68,34.51,1.38,168166393.0,369266487079.0
BK0900.DC,20251226,2532.48,2544.2,2510.54,2528.39,2530.19,-1.8,-0.07,196779334.0,426884397958.0
BK0900.DC,20251229,2529.91,2544.22,2516.93,2535.17,2528.39,6.78,0.27,182633814.0,412795627520.0
BK0900.DC,20251230,2519.83,2563.58,2512.15,2551.68,2535.1699999999996,16.51,0.65,180101703.0,412885890068.0
BK0900.DC,20251231,2556.84,2558.32,2530.6,2542.32,2551.6800000000003,-9.36,-0.37,187728524.0,393218495271.0
BK0900.DC,20260105,2549.96,2573.96,2546.57,2573.96,2542.32,31.64,1.24,208053168.0,462673033457.0
BK0900.DC,20260106,2579.56,2608.03,2579.38,2608.03,2573.96,34.07,1.32,233532215.0,501778336530.0
BK0900.DC,20260107,2608.03,2623.26,2600.97,2613.4,2608.03,5.37,0.21,244631551.0,519437420720.0
BK0900.DC,20260108,2607.0,2634.43,2604.72,2627.74,2613.3999999999996,14.34,0.55,224726792.0,463559535889.0
BK0900.DC,20260109,2629.5,2664.39,2628.98,2659.89,2627.74,32.15,1.22,229899392.0,502105967147.0
BK0900.DC,20260112,2670.33,2704.97,2651.65,2704.37,2659.89,44.48,1.67,258024008.0,584823569288.0
BK0900.DC,20260113,2704.12,2704.12,2644.27,2651.62,2704.37,-52.75,-1.95,252750165.0,553800097284.0
BK0900.DC,20260114,2649.67,2697.49,2623.76,2658.22,2651.62,6.6,0.25,269182920.0,568095418222.0
BK0900.DC,20260115,2644.55,2675.32,2641.51,2665.16,2658.22,6.94,0.26,224896781.0,464448135984.0
BK0900.DC,20260116,2682.27,2708.52,2674.69,2698.33,2665.16,33.17,1.24,219760550.0,508378249307.0
BK0900.DC,20260119,2695.55,2735.27,2693.39,2731.63,2698.33,33.3,1.23,207163127.0,475490136276.0
BK0900.DC,20260120,2731.83,2742.04,2682.4,2700.47,2731.6299999999997,-31.16,-1.14,210776644.0,469589147723.0
BK0900.DC,20260121,2685.8,2739.47,2679.43,2738.0,2700.47,37.53,1.39,182953527.0,418379695640.0
BK0900.DC,20260122,2743.92,2753.83,2732.65,2750.19,2738.0,12.19,0.45,185427377.0,416860487118.0
BK0900.DC,20260123,2754.95,2797.07,2754.94,2797.07,2750.19,46.88,1.7,246488802.0,519725240082.0
BK0900.DC,20260126,2804.92,2806.79,2722.18,2739.66,2797.0699999999997,-57.41,-2.05,234417164.0,489513866014.0
BK0900.DC,20260127,2729.36,2743.27,2661.5,2738.55,2739.6600000000003,-1.11,-0.04,197901521.0,419790448746.0
BK0900.DC,20260128,2734.36,2736.62,2696.89,2706.92,2738.55,-31.63,-1.15,200839587.0,447276251806.0
BK0900.DC,20260129,2700.15,2709.11,2650.84,2657.32,2706.92,-49.6,-1.83,211850292.0,444233246647.0
BK0900.DC,20260130,2641.85,2667.97,2593.48,2655.23,2657.32,-2.09,-0.08,195734396.0,421763006025.0
BK0900.DC,20260202,2641.06,2662.32,2601.3,2601.49,2655.2299999999996,-53.74,-2.02,183429125.0,386572322155.0
BK0900.DC,20260203,2625.91,2665.61,2613.97,2665.61,2601.4900000000002,64.12,2.46,172076154.0,365667427676.0
BK0900.DC,20260204,2660.8,2681.09,2652.1,2680.43,2665.6099999999997,14.82,0.56,181236048.0,359950178420.0
BK0900.DC,20260205,2664.69,2669.87,2632.87,2640.18,2680.43,-40.25,-1.5,154749239.0,309783101472.0
BK0900.DC,20260206,2621.25,2683.91,2612.47,2657.91,2640.18,17.73,0.67,153078234.0,328539238796.0
BK0900.DC,20260209,2690.42,2704.22,2681.6,2704.22,2657.91,46.31,1.74,149670487.0,334842019296.0
BK0900.DC,20260210,2705.32,2713.96,2698.42,2704.19,2704.2200000000003,-0.03,0.0,147516981.0,318414542537.0
BK0900.DC,20260211,2700.89,2714.09,2697.26,2697.47,2704.1899999999996,-6.72,-0.25,138048800.0,305169609077.0
BK0900.DC,20260212,2700.75,2729.91,2691.55,2715.22,2697.47,17.75,0.66,152252447.0,336385172069.0
BK0900.DC,20260213,2707.28,2733.29,2703.74,2708.66,2715.22,-6.56,-0.24,146069541.0,321876149871.0
BK0900.DC,20260224,2743.67,2753.35,2720.93,2744.68,2708.66,36.02,1.33,170821143.0,366305888825.0
BK0900.DC,20260225,2749.01,2774.69,2741.0,2769.3,2744.6800000000003,24.62,0.9,180572004.0,403787177678.0
BK0900.DC,20260226,2774.25,2789.49,2758.63,2789.17,2769.3,19.87,0.72,186269112.0,463556785873.0
BK0900.DC,20260227,2774.95,2794.29,2772.66,2794.29,2789.17,5.12,0.18,172713745.0,395806736250.0
BK0900.DC,20260302,2750.03,2775.52,2716.86,2737.31,2794.29,-56.98,-2.04,197308833.0,462410829487.0
BK0900.DC,20260303,2743.03,2750.29,2625.07,2627.07,2737.31,-110.24,-4.03,211213743.0,476471343247.0
BK0900.DC,20260304,2595.26,2656.06,2595.26,2618.77,2627.07,-8.3,-0.32,153124833.0,337817483832.0
BK0900.DC,20260305,2663.25,2678.96,2644.09,2659.42,2618.77,40.65,1.55,158627622.0,358255545252.0
BK0900.DC,20260306,2650.05,2695.12,2648.21,2690.05,2659.42,30.63,1.15,147749785.0,325127432789.0
BK0900.DC,20260309,2645.03,2662.68,2588.92,2655.59,2690.05,-34.46,-1.28,171036174.0,391241428332.0
BK0900.DC,20260310,2680.23,2723.2,2680.23,2722.94,2655.59,67.35,2.54,151365498.0,380629963928.0
BK0900.DC,20260311,2726.48,2743.84,2716.84,2727.52,2722.94,4.58,0.17,168399603.0,442856972736.0
BK0900.DC,20260312,2723.77,2725.21,2682.37,2696.05,2727.52,-31.47,-1.15,160443634.0,391469349881.0
BK0900.DC,20260313,2686.66,2711.45,2663.42,2669.34,2696.05,-26.71,-0.99,156909781.0,393093810363.0
BK0900.DC,20260316,2666.16,2670.98,2633.71,2670.98,2669.34,1.64,0.06,150334498.0,377752504524.0
BK0900.DC,20260317,2681.06,2682.24,2611.21,2611.81,2670.98,-59.17,-2.22,161629315.0,381661454256.0
BK0900.DC,20260318,2617.99,2643.22,2599.54,2642.7,2611.81,30.89,1.18,138541869.0,336442194920.0
BK0900.DC,20260319,2608.94,2610.93,2555.43,2565.66,2642.7,-77.04,-2.92,136025905.0,327280095361.0
BK0900.DC,20260320,2577.63,2589.17,2511.26,2511.26,2565.6600000000003,-54.4,-2.12,151199540.0,390562876890.0
BK0900.DC,20260323,2466.86,2493.68,2368.78,2383.4,2511.26,-127.86,-5.09,174104502.0,408623921729.0
BK0900.DC,20260324,2432.1,2455.99,2379.16,2455.99,2383.3999999999996,72.59,3.05,145080080.0,334689020577.0
BK0900.DC,20260325,2470.32,2512.97,2470.32,2509.78,2455.9900000000002,53.79,2.19,153511989.0,348474060878.0
BK0900.DC,20260326,2508.67,2526.72,2467.07,2474.96,2509.78,-34.82,-1.39,147808180.0,335109353387.0
BK0900.DC,20260327,2442.7,2514.14,2441.36,2503.78,2474.96,28.82,1.16,143014360.0,331263069609.0
BK0900.DC,20260330,2477.2,2508.79,2462.93,2508.79,2503.7799999999997,5.01,0.2,157231121.0,333819535269.0
BK0900.DC,20260331,2507.62,2531.58,2475.02,2475.38,2508.79,-33.41,-1.33,169107685.0,345410243752.0
BK0900.DC,20260401,2518.75,2521.87,2499.02,2519.48,2475.38,44.1,1.78,151659875.0,334489906296.0
BK0900.DC,20260402,2512.66,2520.28,2457.19,2472.04,2519.48,-47.44,-1.88,141934254.0,302371700000.0
BK0900.DC,20260403,2480.19,2482.27,2424.77,2428.93,2472.04,-43.11,-1.74,130173592.0,269353377167.0
BK0900.DC,20260407,2436.15,2464.05,2436.03,2452.18,2428.93,23.25,0.96,123158374.0,246604993213.0
BK0900.DC,20260408,2504.65,2566.16,2504.65,2566.16,2452.18,113.98,4.65,174453645.0,389321066924.0
BK0900.DC,20260409,2546.48,2566.01,2537.81,2555.66,2566.16,-10.5,-0.41,163900912.0,377441634381.0
BK0900.DC,20260410,2572.36,2613.05,2572.36,2593.02,2555.66,37.36,1.46,180316855.0,471607938479.0
BK0900.DC,20260413,2578.29,2604.03,2577.3,2603.85,2593.02,10.83,0.42,164635026.0,423379318349.0
BK0900.DC,20260414,2621.73,2637.25,2608.68,2637.22,2603.85,33.37,1.28,172580581.0,461433447477.0
BK0900.DC,20260415,2647.5,2653.55,2614.23,2621.0,2637.22,-16.22,-0.62,168966650.0,443485775188.0
BK0900.DC,20260416,2631.07,2663.85,2622.85,2662.4,2621.0,41.4,1.58,171185037.0,448357618626.0
BK0900.DC,20260417,2657.03,2690.98,2653.68,2688.66,2662.3999999999996,26.26,0.99,171967548.0,445830292857.0
BK0900.DC,20260420,2691.0,2711.84,2684.14,2709.61,2688.6600000000003,20.95,0.78,181286154.0,472065327654.0
BK0900.DC,20260421,2702.46,2705.64,2682.98,2705.0,2709.61,-4.61,-0.17,187196524.0,459098755852.0
BK0900.DC,20260422,2693.44,2727.41,2690.88,2727.34,2705.0,22.34,0.83,186156407.0,469661401764.0
BK0900.DC,20260423,2726.22,2726.74,2662.84,2677.95,2727.3399999999997,-49.39,-1.81,197964526.0,502456473674.0
BK0900.DC,20260424,2663.12,2677.88,2637.06,2661.66,2677.95,-16.29,-0.61,176147412.0,464154807870.0
BK0900.DC,20260427,2655.08,2687.23,2638.77,2683.94,2661.66,22.28,0.84,181552582.0,472326587838.0
BK0900.DC,20260428,2669.62,2669.62,2626.28,2636.7,2683.9399999999996,-47.24,-1.76,185448180.0,443153564485.0
BK0900.DC,20260429,2622.99,2680.81,2622.99,2673.35,2636.7,36.65,1.39,183902253.0,500143547947.0
BK0900.DC,20260430,2669.68,2685.89,2667.23,2680.72,2673.35,7.37,0.28,191401990.0,491535615590.0
BK0900.DC,20260506,2698.61,2736.4,2698.61,2730.59,2680.7200000000003,49.87,1.86,201888303.0,562235517146.0
BK0900.DC,20260507,2737.54,2785.22,2733.23,2784.92,2730.59,54.33,1.99,207432846.0,566804543454.0
BK0900.DC,20260508,2773.21,2823.7,2767.87,2820.56,2784.92,35.64,1.28,211605046.0,578151727009.0
BK0900.DC,20260511,2834.79,2851.86,2822.03,2845.27,2820.56,24.71,0.88,225040575.0,619285835773.0
BK0900.DC,20260512,2847.93,2848.1,2808.12,2826.36,2845.27,-18.91,-0.66,222253588.0,572068210573.0
BK0900.DC,20260513,2816.43,2863.18,2807.58,2863.06,2826.36,36.7,1.3,207770103.0,551528853171.0
BK0900.DC,20260514,2872.5,2873.98,2805.31,2805.31,2863.06,-57.75,-2.02,218341402.0,590407275735.0
BK0900.DC,20260515,2808.55,2858.31,2783.7,2818.41,2805.31,13.1,0.47,235861281.0,625368336401.0
BK0900.DC,20260518,2803.9,2829.96,2783.03,2822.31,2818.41,3.9,0.14,201257489.0,541671288122.0
BK0900.DC,20260519,2819.36,2848.22,2798.78,2848.22,2822.31,25.91,0.92,193942011.0,538559871015.0
BK0900.DC,20260520,2833.12,2839.22,2805.87,2833.09,2848.2200000000003,-15.13,-0.53,191978034.0,549167070722.0
BK0900.DC,20260521,2843.37,2873.19,2766.66,2770.86,2833.09,-62.23,-2.2,230780766.0,662920221179.0
BK0900.DC,20260522,2787.67,2845.26,2770.3,2838.93,2770.8599999999997,68.07,2.46,190631835.0,569615279663.0
BK0900.DC,20260525,2853.71,2857.22,2808.43,2832.88,2838.9300000000003,-6.05,-0.21,193865978.0,602807246384.0
BK0900.DC,20260526,2825.13,2826.79,2761.13,2799.07,2832.88,-33.81,-1.19,210881240.0,619835374660.0
BK0900.DC,20260527,2792.01,2806.95,2721.13,2738.99,2799.0699999999997,-60.08,-2.15,205701275.0,612661351712.0
BK0900.DC,20260528,2730.52,2775.35,2709.23,2764.77,2738.99,25.78,0.94,196704934.0,548705467964.0
BK0900.DC,20260529,2772.56,2776.49,2657.88,2672.19,2764.77,-92.58,-3.35,208253558.0,597316249458.0
BK0900.DC,20260601,2669.92,2716.64,2669.92,2678.85,2672.19,6.66,0.25,173970544.0,510296807655.0
BK0900.DC,20260602,2683.27,2696.35,2627.62,2684.24,2678.85,5.39,0.2,176822122.0,503477884781.0
BK0900.DC,20260603,2680.87,2711.08,2654.63,2678.4,2684.2400000000002,-5.84,-0.22,199554814.0,587251897914.0
BK0900.DC,20260604,2656.77,2681.9,2653.04,2673.54,2678.4,-4.86,-0.18,183678144.0,536946213901.0
BK0900.DC,20260605,2665.87,2737.77,2621.05,2693.67,2673.54,20.13,0.75,204912351.0,595029847420.0
BK0900.DC,20260608,2614.01,2692.03,2589.27,2623.01,2693.67,-70.66,-2.62,190875127.0,535052725342.0
