ts_code,trade_date,open,high,low,close,pre_close,change,pct_chg,vol,amount
BK1215.DC,20200102,2952.98,3002.6,2946.16,2999.99,2927.49,72.5,2.48,14159225.0,20108951146.0
BK1215.DC,20200103,3008.23,3040.17,3005.42,3034.41,2999.99,34.42,1.15,15811972.0,24702234408.0
BK1215.DC,20200106,3010.83,3077.11,2998.83,3052.59,3034.4100000000003,18.18,0.6,16380868.0,24066067367.0
BK1215.DC,20200107,3060.99,3086.3,3043.57,3086.3,3052.59,33.71,1.1,15296916.0,22424441810.0
BK1215.DC,20200108,3066.01,3068.57,3000.15,3008.18,3086.2999999999997,-78.12,-2.53,14665217.0,21387737419.0
BK1215.DC,20200109,3039.82,3100.81,3039.82,3099.18,3008.18,91.0,3.03,17148758.0,26025922227.0
BK1215.DC,20200110,3112.34,3115.37,3067.33,3088.92,3099.1800000000003,-10.26,-0.33,13722350.0,21572357826.0
BK1215.DC,20200113,3080.03,3137.3,3071.89,3137.3,3088.92,48.38,1.57,13071838.0,20781664452.0
BK1215.DC,20200114,3145.64,3146.39,3112.11,3113.11,3137.3,-24.19,-0.77,17024066.0,23476210199.0
BK1215.DC,20200115,3109.71,3124.36,3083.77,3119.61,3113.11,6.5,0.21,12327666.0,18116046031.0
BK1215.DC,20200116,3116.88,3133.92,3096.43,3103.24,3119.6099999999997,-16.37,-0.52,12306518.0,19347581282.0
BK1215.DC,20200117,3112.63,3122.44,3087.88,3093.93,3103.24,-9.31,-0.3,12969015.0,22130811289.0
BK1215.DC,20200120,3088.84,3137.01,3070.19,3137.01,3093.9300000000003,43.08,1.39,13792405.0,22572973526.0
BK1215.DC,20200121,3123.14,3127.59,3086.24,3086.24,3137.0099999999998,-50.77,-1.62,12440190.0,19682734059.0
BK1215.DC,20200122,3053.86,3126.24,3014.66,3112.07,3086.2400000000002,25.83,0.84,14497623.0,24772131592.0
BK1215.DC,20200123,3073.52,3102.61,2958.51,2989.89,3112.0699999999997,-122.18,-3.93,16423397.0,26643170566.0
BK1215.DC,20200203,2698.7,2715.08,2698.15,2707.9,2989.8900000000003,-281.99,-9.43,9661645.0,15517446139.0
BK1215.DC,20200204,2516.32,2682.18,2516.32,2668.44,2707.9,-39.46,-1.46,20437474.0,27990176210.0
BK1215.DC,20200205,2682.06,2801.2,2682.06,2765.04,2668.44,96.6,3.62,16824048.0,26987549341.0
BK1215.DC,20200206,2773.19,2867.9,2759.63,2853.83,2765.04,88.79,3.21,17185877.0,28131170274.0
BK1215.DC,20200207,2867.56,2944.6,2865.83,2941.65,2853.83,87.82,3.08,20829427.0,32239092858.0
BK1215.DC,20200210,2941.38,2983.82,2924.46,2981.07,2941.65,39.42,1.34,21997500.0,35893457687.0
BK1215.DC,20200211,2990.81,2993.88,2934.53,2954.48,2981.07,-26.59,-0.89,16834486.0,26368364373.0
BK1215.DC,20200212,2947.61,3023.86,2943.41,3020.41,2954.48,65.93,2.23,18268692.0,30010356673.0
BK1215.DC,20200213,3011.56,3025.9,2957.58,2965.78,3020.4100000000003,-54.63,-1.81,17231817.0,28963211117.0
BK1215.DC,20200214,2953.93,3019.65,2953.61,2981.47,2965.7799999999997,15.69,0.53,15378282.0,26270415188.0
BK1215.DC,20200217,3013.39,3128.31,3013.39,3128.31,2981.47,146.84,4.93,22503923.0,39313849721.0
BK1215.DC,20200218,3136.27,3217.03,3133.41,3217.03,3128.3100000000004,88.72,2.84,24234069.0,41008402751.0
BK1215.DC,20200219,3204.23,3239.41,3182.26,3182.52,3217.03,-34.51,-1.07,22958420.0,39386159773.0
BK1215.DC,20200220,3186.3,3230.89,3140.59,3228.61,3182.52,46.09,1.45,20846392.0,34296667469.0
BK1215.DC,20200221,3226.14,3337.11,3226.14,3309.29,3228.61,80.68,2.5,25018666.0,41389137024.0
BK1215.DC,20200224,3353.42,3522.13,3353.42,3512.47,3309.29,203.18,6.14,33728972.0,56001675333.0
BK1215.DC,20200225,3448.79,3611.37,3381.82,3599.36,3512.4700000000003,86.89,2.47,46193021.0,79052572009.0
BK1215.DC,20200226,3545.39,3600.2,3429.76,3443.46,3599.36,-155.9,-4.33,40170217.0,65289295206.0
BK1215.DC,20200227,3467.26,3502.64,3357.16,3433.77,3443.46,-9.69,-0.28,29264096.0,48623106126.0
BK1215.DC,20200228,3257.83,3326.58,3179.33,3182.88,3433.77,-250.89,-7.31,28696203.0,45967505043.0
BK1215.DC,20200302,3231.08,3410.18,3229.54,3394.37,3182.88,211.49,6.64,27961300.0,50948727279.0
BK1215.DC,20200303,3502.19,3557.1,3389.25,3420.05,3394.3700000000003,25.68,0.76,35446518.0,65444165455.0
BK1215.DC,20200304,3386.57,3480.9,3362.66,3442.23,3420.05,22.18,0.65,24266837.0,46565028296.0
BK1215.DC,20200305,3578.62,3589.36,3465.86,3490.65,3442.23,48.42,1.41,31314553.0,57524511612.0
BK1215.DC,20200306,3421.88,3500.57,3415.48,3459.37,3490.65,-31.28,-0.9,23486575.0,39819596352.0
BK1215.DC,20200309,3402.01,3555.34,3401.21,3417.45,3459.37,-41.92,-1.21,30393515.0,52657639295.0
BK1215.DC,20200310,3384.18,3642.94,3336.15,3642.94,3417.45,225.49,6.6,40565283.0,71176954905.0
BK1215.DC,20200311,3679.21,3746.86,3572.51,3572.51,3642.94,-70.43,-1.93,40219308.0,74763071093.0
BK1215.DC,20200312,3480.45,3574.91,3476.15,3564.0,3572.51,-8.51,-0.24,31597951.0,56939713233.0
BK1215.DC,20200313,3367.44,3608.1,3367.44,3546.44,3564.0,-17.56,-0.49,36720076.0,61213304023.0
BK1215.DC,20200316,3559.39,3559.39,3256.31,3266.47,3546.4399999999996,-279.97,-7.89,34726350.0,63738668761.0
BK1215.DC,20200317,3299.69,3323.37,3107.99,3243.54,3266.47,-22.93,-0.7,27677943.0,50625043716.0
BK1215.DC,20200318,3276.54,3334.14,3140.79,3140.79,3243.54,-102.75,-3.17,26801210.0,48732369021.0
BK1215.DC,20200319,3141.59,3284.35,3116.87,3260.96,3140.79,120.17,3.83,25977733.0,48123418617.0
BK1215.DC,20200320,3307.8,3317.89,3229.6,3284.8,3260.96,23.84,0.73,21334109.0,39189955739.0
BK1215.DC,20200323,3184.45,3336.76,3184.45,3214.48,3284.8,-70.32,-2.14,22463911.0,39111245240.0
BK1215.DC,20200324,3307.99,3321.62,3149.03,3301.48,3214.48,87.0,2.71,27899947.0,47995081962.0
BK1215.DC,20200325,3365.75,3366.37,3310.33,3333.55,3301.48,32.07,0.97,25882010.0,44617658396.0
BK1215.DC,20200326,3288.18,3302.29,3237.52,3259.14,3333.5499999999997,-74.41,-2.23,20538023.0,33420132323.0
BK1215.DC,20200327,3296.68,3296.69,3178.9,3179.66,3259.14,-79.48,-2.44,17579259.0,29349147989.0
BK1215.DC,20200330,3100.02,3100.02,3000.31,3040.85,3179.66,-138.81,-4.37,18262747.0,30186570559.0
BK1215.DC,20200331,3075.36,3083.97,2990.68,2990.91,3040.85,-49.94,-1.64,14300494.0,24419495411.0
BK1215.DC,20200401,2979.85,3067.94,2977.59,2994.68,2990.91,3.77,0.13,15346592.0,25817664520.0
BK1215.DC,20200402,2996.13,3120.14,2996.13,3120.14,2994.68,125.46,4.19,17502619.0,29846901029.0
BK1215.DC,20200403,3104.18,3107.7,3041.93,3059.83,3120.14,-60.31,-1.93,15378203.0,27139983071.0
BK1215.DC,20200407,3123.42,3179.06,3120.84,3173.14,3059.83,113.31,3.7,18535374.0,29805400615.0
BK1215.DC,20200408,3167.02,3244.81,3159.04,3222.54,3173.14,49.4,1.56,21194776.0,32521900208.0
BK1215.DC,20200409,3262.07,3290.66,3253.26,3279.29,3222.54,56.75,1.76,20688041.0,29395730053.0
BK1215.DC,20200410,3272.71,3272.71,3125.68,3128.75,3279.29,-150.54,-4.59,29266142.0,39780060831.0
BK1215.DC,20200413,3077.27,3081.06,3029.65,3041.46,3128.75,-87.29,-2.79,17790183.0,22833914959.0
BK1215.DC,20200414,3064.88,3114.64,3063.24,3114.64,3041.46,73.18,2.41,17264596.0,24316434234.0
BK1215.DC,20200415,3110.79,3123.25,3069.13,3069.13,3114.6400000000003,-45.51,-1.46,16060469.0,23348498081.0
BK1215.DC,20200416,3047.69,3093.76,3033.14,3085.7,3069.1299999999997,16.57,0.54,14685479.0,20760519821.0
BK1215.DC,20200417,3102.9,3142.97,3076.15,3077.51,3085.7000000000003,-8.19,-0.27,18570118.0,29471161778.0
BK1215.DC,20200420,3076.45,3124.75,3073.88,3124.69,3077.51,47.18,1.53,15029367.0,24855489048.0
BK1215.DC,20200421,3107.95,3132.25,3080.96,3122.44,3124.69,-2.25,-0.07,15576624.0,24963325238.0
BK1215.DC,20200422,3091.29,3139.35,3085.54,3139.35,3122.44,16.91,0.54,12328187.0,19381460531.0
BK1215.DC,20200423,3146.74,3146.74,3072.71,3073.19,3139.35,-66.16,-2.11,14636286.0,21744707762.0
BK1215.DC,20200424,3075.28,3096.15,3001.61,3011.27,3073.19,-61.92,-2.01,13090688.0,19798334797.0
BK1215.DC,20200427,3018.69,3042.42,2991.19,3008.52,3011.27,-2.75,-0.09,10635198.0,17216621759.0
BK1215.DC,20200428,2988.53,2988.53,2813.32,2916.38,3008.52,-92.14,-3.06,14418345.0,22222136765.0
BK1215.DC,20200429,2897.36,2922.09,2877.27,2878.47,2916.3799999999997,-37.91,-1.3,9778064.0,16247388239.0
BK1215.DC,20200430,2899.78,3012.19,2899.78,2996.83,2878.47,118.36,4.11,14762573.0,26894795214.0
BK1215.DC,20200506,2973.91,3092.07,2973.91,3092.07,2996.8300000000004,95.24,3.18,14906540.0,27175283092.0
BK1215.DC,20200507,3139.7,3180.94,3092.13,3095.03,3092.07,2.96,0.1,16694303.0,31157103636.0
BK1215.DC,20200508,3138.25,3173.88,3131.97,3151.17,3095.03,56.14,1.81,14746862.0,26952762506.0
BK1215.DC,20200511,3170.63,3189.54,3129.76,3155.73,3151.17,4.56,0.14,16808427.0,29370316309.0
BK1215.DC,20200512,3149.97,3149.97,3073.46,3130.99,3155.7299999999996,-24.74,-0.78,12886831.0,22353629052.0
BK1215.DC,20200513,3114.19,3130.3,3108.11,3125.46,3130.9900000000002,-5.53,-0.18,9985076.0,17327200681.0
BK1215.DC,20200514,3116.12,3146.96,3106.88,3106.94,3125.46,-18.52,-0.59,12259165.0,20269150243.0
BK1215.DC,20200515,3118.27,3150.5,3103.82,3122.76,3106.94,15.82,0.51,12311923.0,21048793890.0
BK1215.DC,20200518,3122.73,3122.73,3037.76,3045.02,3122.7599999999998,-77.74,-2.49,13937367.0,23856086168.0
BK1215.DC,20200519,3070.42,3088.97,3064.05,3088.97,3045.02,43.95,1.44,11083231.0,18313702470.0
BK1215.DC,20200520,3090.09,3093.71,3047.05,3057.49,3088.97,-31.48,-1.02,13400611.0,20580474001.0
BK1215.DC,20200521,3066.48,3069.44,2996.99,3005.73,3057.4900000000002,-51.76,-1.69,12277859.0,19299092623.0
BK1215.DC,20200522,3009.97,3027.44,2944.71,2966.57,3005.73,-39.16,-1.3,11660716.0,18568648530.0
BK1215.DC,20200525,2956.9,2956.9,2902.02,2917.13,2966.57,-49.44,-1.67,9974901.0,17715544377.0
BK1215.DC,20200526,2930.01,2991.42,2930.01,2991.42,2917.13,74.29,2.55,9849081.0,15815695045.0
BK1215.DC,20200527,2993.42,2993.42,2942.76,2950.79,2991.42,-40.63,-1.36,10215344.0,16224466897.0
BK1215.DC,20200528,2946.5,2965.23,2892.41,2945.65,2950.79,-5.14,-0.17,10002985.0,16790556660.0
BK1215.DC,20200529,2930.09,2961.09,2920.62,2939.15,2945.65,-6.5,-0.22,9497910.0,14806992200.0
BK1215.DC,20200601,2956.96,3065.3,2956.96,3061.78,2939.15,122.63,4.17,14438794.0,24275219416.0
BK1215.DC,20200602,3076.02,3094.56,3058.13,3085.43,3061.7799999999997,23.65,0.77,13565697.0,20359359153.0
BK1215.DC,20200603,3095.8,3115.26,3061.85,3080.3,3085.4300000000003,-5.13,-0.17,14165616.0,23052531248.0
BK1215.DC,20200604,3089.6,3093.67,3057.07,3069.77,3080.3,-10.53,-0.34,10440802.0,16804205328.0
BK1215.DC,20200605,3080.44,3106.15,3067.53,3089.8,3069.77,20.03,0.65,11598797.0,16919462132.0
BK1215.DC,20200608,3114.95,3146.54,3103.58,3107.12,3089.7999999999997,17.32,0.56,11681211.0,18916643613.0
BK1215.DC,20200609,3105.19,3109.21,3081.73,3106.94,3107.12,-0.18,-0.01,10645871.0,15380867832.0
BK1215.DC,20200610,3101.47,3101.47,3055.62,3075.31,3106.94,-31.63,-1.02,9944736.0,14806492272.0
BK1215.DC,20200611,3077.96,3123.34,3062.03,3073.67,3075.31,-1.64,-0.05,11758407.0,19139048685.0
BK1215.DC,20200612,3004.61,3069.17,2997.81,3056.4,3073.67,-17.27,-0.56,11299615.0,17722377706.0
BK1215.DC,20200615,3045.18,3083.96,3031.06,3031.06,3056.4,-25.34,-0.83,12699566.0,19229852369.0
BK1215.DC,20200616,3066.72,3127.08,3066.72,3127.08,3031.06,96.02,3.17,13841801.0,26156878759.0
BK1215.DC,20200617,3133.13,3139.37,3107.98,3139.03,3127.0800000000004,11.95,0.38,15681799.0,25128153690.0
BK1215.DC,20200618,3131.39,3198.53,3123.04,3183.61,3139.03,44.58,1.42,16934351.0,31320470126.0
BK1215.DC,20200619,3182.91,3185.8,3156.44,3172.98,3183.61,-10.63,-0.33,15342860.0,28755362457.0
BK1215.DC,20200622,3170.73,3198.94,3170.73,3186.24,3172.9799999999996,13.26,0.42,16071006.0,27551832359.0
BK1215.DC,20200623,3183.38,3184.21,3151.17,3168.91,3186.24,-17.33,-0.54,13990218.0,27069340072.0
BK1215.DC,20200624,3173.28,3184.05,3160.41,3167.05,3168.9100000000003,-1.86,-0.06,11272012.0,20295808760.0
BK1215.DC,20200629,3154.87,3154.99,3117.94,3131.52,3167.05,-35.53,-1.12,10690663.0,18433983513.0
BK1215.DC,20200630,3148.33,3200.43,3148.33,3191.07,3131.52,59.55,1.9,11401414.0,21596876680.0
BK1215.DC,20200701,3201.13,3203.5,3155.03,3189.53,3191.07,-1.54,-0.05,12778157.0,23220535618.0
BK1215.DC,20200702,3190.53,3244.84,3179.93,3244.2,3189.5299999999997,54.67,1.71,16470085.0,28993700617.0
BK1215.DC,20200703,3250.18,3283.65,3229.8,3283.35,3244.2,39.15,1.21,18344474.0,31769880067.0
BK1215.DC,20200706,3311.64,3443.36,3311.64,3435.0,3283.35,151.65,4.62,29224339.0,46082031661.0
BK1215.DC,20200707,3466.18,3557.09,3426.23,3490.85,3435.0,55.85,1.63,32708257.0,52747488005.0
BK1215.DC,20200708,3482.64,3562.44,3457.67,3561.1,3490.85,70.25,2.01,26390613.0,42898426428.0
BK1215.DC,20200709,3567.45,3671.55,3567.45,3651.54,3561.1,90.44,2.54,30762316.0,51503646046.0
BK1215.DC,20200710,3633.52,3660.83,3573.1,3579.73,3651.54,-71.81,-1.97,26677288.0,47181389342.0
BK1215.DC,20200713,3605.38,3702.82,3605.38,3702.82,3579.73,123.09,3.44,24996304.0,45060338892.0
BK1215.DC,20200714,3722.22,3738.77,3602.71,3669.54,3702.82,-33.28,-0.9,32301886.0,50583620426.0
BK1215.DC,20200715,3673.14,3679.18,3506.72,3513.23,3669.54,-156.31,-4.26,30894699.0,50935049572.0
BK1215.DC,20200716,3504.26,3518.55,3333.23,3341.59,3513.23,-171.64,-4.89,23798356.0,40107765926.0
BK1215.DC,20200717,3341.25,3370.28,3278.24,3319.54,3341.59,-22.05,-0.66,16769906.0,29813888557.0
BK1215.DC,20200720,3341.97,3419.94,3311.65,3419.94,3319.54,100.4,3.02,17250636.0,28276178592.0
BK1215.DC,20200721,3424.39,3441.81,3383.56,3416.44,3419.94,-3.5,-0.1,15333542.0,25182100869.0
BK1215.DC,20200722,3413.69,3457.18,3387.57,3422.79,3416.44,6.35,0.19,16805756.0,27649877304.0
BK1215.DC,20200723,3387.82,3391.41,3284.93,3368.96,3422.79,-53.83,-1.57,17618806.0,30364697077.0
BK1215.DC,20200724,3354.91,3389.04,3216.37,3221.07,3368.96,-147.89,-4.39,17138337.0,30219814119.0
BK1215.DC,20200727,3240.29,3248.29,3179.71,3220.15,3221.07,-0.92,-0.03,10757911.0,18363292241.0
BK1215.DC,20200728,3244.24,3268.68,3227.4,3254.79,3220.15,34.64,1.08,10719480.0,17026231188.0
BK1215.DC,20200729,3251.63,3348.13,3241.95,3348.13,3254.79,93.34,2.87,13759443.0,22173432906.0
BK1215.DC,20200730,3356.7,3370.49,3316.98,3320.11,3348.13,-28.02,-0.84,12858486.0,21709074356.0
BK1215.DC,20200731,3320.87,3376.55,3309.18,3356.28,3320.11,36.17,1.09,13098638.0,21897192812.0
BK1215.DC,20200803,3385.83,3465.11,3385.83,3465.09,3356.28,108.81,3.24,17524846.0,29740236864.0
BK1215.DC,20200804,3478.26,3478.26,3421.31,3430.81,3465.09,-34.28,-0.99,16463669.0,28635633011.0
BK1215.DC,20200805,3453.14,3490.19,3420.66,3478.41,3430.81,47.6,1.39,15058041.0,25534517397.0
BK1215.DC,20200806,3472.72,3472.72,3396.73,3450.73,3478.41,-27.68,-0.8,15089172.0,25360371566.0
BK1215.DC,20200807,3439.55,3439.55,3325.94,3371.84,3450.73,-78.89,-2.29,13988701.0,24147762342.0
BK1215.DC,20200810,3366.77,3416.12,3366.77,3385.05,3371.84,13.21,0.39,12510550.0,20340355252.0
BK1215.DC,20200811,3387.32,3389.03,3304.23,3306.02,3385.05,-79.03,-2.33,12089891.0,18606082035.0
BK1215.DC,20200812,3297.19,3302.81,3215.55,3283.78,3306.02,-22.24,-0.67,11249764.0,19046112302.0
BK1215.DC,20200813,3288.94,3314.83,3284.11,3291.31,3283.7799999999997,7.53,0.23,13271533.0,16703053192.0
BK1215.DC,20200814,3291.48,3338.48,3285.36,3337.8,3291.3100000000004,46.49,1.41,11638577.0,16294203496.0
BK1215.DC,20200817,3342.57,3398.17,3331.59,3398.17,3337.8,60.37,1.81,16314508.0,26291212664.0
BK1215.DC,20200818,3400.01,3410.96,3382.78,3405.97,3398.1699999999996,7.8,0.23,15543849.0,22961771149.0
BK1215.DC,20200819,3398.29,3399.23,3324.77,3327.56,3405.97,-78.41,-2.3,15311473.0,21622399640.0
BK1215.DC,20200820,3299.01,3333.29,3275.67,3302.55,3327.5600000000004,-25.01,-0.75,12141537.0,17309695917.0
BK1215.DC,20200821,3314.9,3346.94,3279.38,3301.39,3302.5499999999997,-1.16,-0.04,11380031.0,16641177307.0
BK1215.DC,20200824,3311.2,3346.26,3255.1,3332.17,3301.39,30.78,0.93,11236983.0,17383456215.0
BK1215.DC,20200825,3336.99,3362.01,3330.92,3345.38,3332.17,13.21,0.4,13326891.0,19467451808.0
BK1215.DC,20200826,3347.61,3347.7,3243.34,3253.47,3345.3799999999997,-91.91,-2.75,13382986.0,19725228099.0
BK1215.DC,20200827,3254.51,3328.97,3236.62,3316.61,3253.4700000000003,63.14,1.94,12893229.0,18198801227.0
BK1215.DC,20200828,3306.51,3331.37,3282.72,3330.91,3316.6099999999997,14.3,0.43,12171041.0,17337179304.0
BK1215.DC,20200831,3340.3,3369.75,3324.69,3324.69,3330.91,-6.22,-0.19,12199792.0,18689431750.0
BK1215.DC,20200901,3322.45,3341.85,3302.89,3341.85,3324.69,17.16,0.52,11113941.0,16095359577.0
BK1215.DC,20200902,3353.28,3403.27,3339.78,3391.28,3341.8500000000004,49.43,1.48,16481699.0,22373082256.0
BK1215.DC,20200903,3386.75,3388.51,3351.21,3363.38,3391.28,-27.9,-0.82,14910145.0,22391189829.0
BK1215.DC,20200904,3308.89,3395.9,3305.59,3390.42,3363.38,27.04,0.8,14077903.0,19070843682.0
BK1215.DC,20200907,3394.83,3429.54,3346.2,3361.8,3390.42,-28.62,-0.84,17101333.0,23683665248.0
BK1215.DC,20200908,3366.22,3406.43,3346.63,3406.43,3361.7999999999997,44.63,1.33,18700772.0,23256585352.0
BK1215.DC,20200909,3363.54,3376.61,3286.81,3286.81,3406.43,-119.62,-3.51,21023536.0,26244760245.0
BK1215.DC,20200910,3303.28,3304.49,3075.9,3081.88,3286.81,-204.93,-6.23,18690219.0,23406942758.0
BK1215.DC,20200911,3056.84,3122.68,3056.84,3115.6,3081.88,33.72,1.09,10902492.0,14187085704.0
BK1215.DC,20200914,3137.0,3196.94,3123.09,3189.4,3115.6,73.8,2.37,11155362.0,14500183068.0
BK1215.DC,20200915,3196.35,3197.95,3168.74,3190.11,3189.4,0.71,0.02,10302685.0,12702427282.0
BK1215.DC,20200916,3188.87,3188.87,3132.69,3150.52,3190.11,-39.59,-1.24,8585199.0,11182318282.0
BK1215.DC,20200917,3143.48,3203.61,3119.8,3178.41,3150.52,27.89,0.89,9136150.0,13342532556.0
BK1215.DC,20200918,3176.59,3217.25,3162.94,3214.37,3178.41,35.96,1.13,10108070.0,14864520115.0
BK1215.DC,20200921,3224.36,3236.71,3208.61,3216.02,3214.37,1.65,0.05,9017718.0,13770687457.0
BK1215.DC,20200922,3190.61,3211.41,3158.97,3169.31,3216.02,-46.71,-1.45,8067973.0,11197838980.0
BK1215.DC,20200923,3179.57,3191.73,3156.55,3183.41,3169.31,14.1,0.44,6499265.0,9133372244.0
BK1215.DC,20200924,3165.06,3165.06,3090.06,3091.45,3183.41,-91.96,-2.89,8389692.0,10776095308.0
BK1215.DC,20200925,3102.15,3107.37,3056.78,3068.79,3091.45,-22.66,-0.73,6476943.0,8835056551.0
BK1215.DC,20200928,3073.19,3076.79,3010.5,3010.5,3068.79,-58.29,-1.9,5967894.0,8585395835.0
BK1215.DC,20200929,3025.52,3080.11,3025.52,3059.83,3010.5,49.33,1.64,6376490.0,9684180515.0
BK1215.DC,20200930,3065.83,3078.16,3039.84,3056.07,3059.8300000000004,-3.76,-0.12,5557182.0,8395078347.0
BK1215.DC,20201009,3098.37,3141.12,3098.37,3140.05,3056.07,83.98,2.75,7261647.0,11477259694.0
BK1215.DC,20201012,3157.43,3256.77,3157.43,3256.77,3140.05,116.72,3.72,10454059.0,17506715265.0
BK1215.DC,20201013,3264.2,3274.31,3248.93,3271.59,3256.77,14.82,0.46,9025841.0,15262274189.0
BK1215.DC,20201014,3270.1,3270.1,3225.4,3231.27,3271.59,-40.32,-1.23,9349910.0,14213195556.0
BK1215.DC,20201015,3226.63,3230.76,3200.01,3200.01,3231.2700000000004,-31.26,-0.97,8016685.0,12152575905.0
BK1215.DC,20201016,3199.91,3205.41,3165.23,3192.35,3200.0099999999998,-7.66,-0.24,7686208.0,12589528394.0
BK1215.DC,20201019,3243.94,3265.26,3202.19,3208.8,3192.3500000000004,16.45,0.52,11469176.0,18695406607.0
BK1215.DC,20201020,3202.94,3263.31,3192.71,3263.31,3208.7999999999997,54.51,1.7,10616004.0,15454332643.0
BK1215.DC,20201021,3263.15,3263.15,3183.53,3214.75,3263.31,-48.56,-1.49,12305863.0,17374303823.0
BK1215.DC,20201022,3194.2,3216.85,3163.43,3198.4,3214.75,-16.35,-0.51,9451402.0,12962100262.0
BK1215.DC,20201023,3194.38,3215.51,3143.9,3151.07,3198.4,-47.33,-1.48,8367806.0,12510995505.0
BK1215.DC,20201026,3137.04,3162.11,3114.29,3144.47,3151.0699999999997,-6.6,-0.21,7034712.0,10199245739.0
BK1215.DC,20201027,3135.7,3165.54,3125.35,3153.7,3144.47,9.23,0.29,7369887.0,11513049456.0
BK1215.DC,20201028,3150.75,3155.9,3082.49,3135.22,3153.7,-18.48,-0.59,10766607.0,16509151510.0
BK1215.DC,20201029,3086.78,3128.59,3080.12,3113.28,3135.2200000000003,-21.94,-0.7,10175026.0,15955122756.0
BK1215.DC,20201030,3129.3,3151.57,3032.09,3032.09,3113.28,-81.19,-2.61,11567684.0,18256769923.0
BK1215.DC,20201102,3029.84,3029.84,2973.55,3002.41,3032.0899999999997,-29.68,-0.98,10659085.0,15782349916.0
BK1215.DC,20201103,3008.21,3092.56,3005.99,3091.95,3002.41,89.54,2.98,10790430.0,15627816744.0
BK1215.DC,20201104,3095.81,3095.81,3048.75,3066.62,3091.95,-25.33,-0.82,8163604.0,11976696767.0
BK1215.DC,20201105,3102.71,3214.83,3078.03,3214.48,3066.62,147.86,4.82,16799640.0,28192715028.0
BK1215.DC,20201106,3215.1,3228.16,3170.43,3187.76,3214.48,-26.72,-0.83,14728883.0,27974501556.0
BK1215.DC,20201109,3213.13,3307.21,3213.13,3285.03,3187.76,97.27,3.05,17086542.0,32907130201.0
BK1215.DC,20201110,3282.98,3282.98,3208.17,3223.13,3285.03,-61.9,-1.88,12756432.0,23659047081.0
BK1215.DC,20201111,3212.08,3216.97,3143.6,3147.72,3223.1299999999997,-75.41,-2.34,10729692.0,18520644875.0
BK1215.DC,20201112,3168.78,3183.52,3137.68,3149.03,3147.7200000000003,1.31,0.04,8755560.0,14564705628.0
BK1215.DC,20201113,3143.19,3157.88,3112.89,3152.82,3149.03,3.79,0.12,8230287.0,13963991447.0
BK1215.DC,20201116,3160.06,3162.46,3123.82,3149.42,3152.82,-3.4,-0.11,8556762.0,14470383579.0
BK1215.DC,20201117,3149.69,3149.69,3076.73,3116.93,3149.4199999999996,-32.49,-1.03,8688923.0,15109696257.0
BK1215.DC,20201118,3108.71,3142.13,3107.96,3117.22,3116.93,0.29,0.01,8009183.0,13687496157.0
BK1215.DC,20201119,3103.21,3143.96,3080.16,3136.75,3117.22,19.53,0.63,9034851.0,15454739222.0
BK1215.DC,20201120,3138.4,3164.98,3130.43,3156.3,3136.75,19.55,0.62,9775031.0,14569719200.0
BK1215.DC,20201123,3149.5,3156.53,3117.01,3139.89,3156.2999999999997,-16.41,-0.52,10979251.0,15124339360.0
BK1215.DC,20201124,3137.38,3160.02,3134.31,3139.23,3139.89,-0.66,-0.02,10110198.0,14799454257.0
BK1215.DC,20201125,3143.93,3202.14,3114.69,3163.85,3139.23,24.62,0.78,13117103.0,19195910732.0
BK1215.DC,20201126,3157.84,3169.79,3142.68,3149.31,3163.85,-14.54,-0.46,9217726.0,13965343849.0
BK1215.DC,20201127,3140.47,3143.72,3095.79,3117.06,3149.31,-32.25,-1.02,8402781.0,12824543326.0
BK1215.DC,20201130,3113.54,3135.65,3085.77,3114.73,3117.06,-2.33,-0.07,11350542.0,15466524124.0
BK1215.DC,20201201,3102.55,3142.25,3102.55,3139.83,3114.73,25.1,0.81,10504871.0,13712410913.0
BK1215.DC,20201202,3137.68,3181.39,3123.58,3163.19,3139.83,23.36,0.74,12479597.0,16464457715.0
BK1215.DC,20201203,3156.47,3163.78,3133.65,3136.15,3163.19,-27.04,-0.85,10264123.0,13535517530.0
BK1215.DC,20201204,3133.43,3153.12,3129.0,3135.82,3136.15,-0.33,-0.01,8196816.0,11379003148.0
BK1215.DC,20201207,3136.31,3142.74,3108.69,3111.77,3135.82,-24.05,-0.77,8195605.0,12207268181.0
BK1215.DC,20201208,3113.44,3122.58,3100.41,3100.68,3111.77,-11.09,-0.36,7579623.0,11044423972.0
BK1215.DC,20201209,3100.75,3100.75,3018.32,3018.32,3100.6800000000003,-82.36,-2.66,9246166.0,13900727284.0
BK1215.DC,20201210,3009.66,3038.02,2994.02,3008.68,3018.3199999999997,-9.64,-0.32,7605024.0,11473664153.0
BK1215.DC,20201211,3011.02,3011.02,2930.24,2952.88,3008.6800000000003,-55.8,-1.85,10905153.0,15846411090.0
BK1215.DC,20201214,2950.46,2960.51,2928.3,2958.85,2952.88,5.97,0.2,6956698.0,10585179475.0
BK1215.DC,20201215,2953.85,2967.17,2938.43,2948.04,2958.85,-10.81,-0.37,6804544.0,9716412160.0
BK1215.DC,20201216,2948.25,2948.25,2869.7,2870.91,2948.04,-77.13,-2.62,7205524.0,10018897228.0
BK1215.DC,20201217,2870.18,2897.76,2813.64,2897.76,2870.9100000000003,26.85,0.94,7891194.0,10248406855.0
BK1215.DC,20201218,2898.74,2902.94,2857.39,2863.52,2897.7599999999998,-34.24,-1.18,6816867.0,8778235037.0
BK1215.DC,20201221,2862.43,2894.72,2847.08,2887.52,2863.52,24.0,0.84,7130300.0,10587182246.0
BK1215.DC,20201222,2877.06,2877.06,2794.26,2794.47,2887.52,-93.05,-3.22,8596488.0,12733019883.0
BK1215.DC,20201223,2792.79,2808.26,2766.17,2794.02,2794.47,-0.45,-0.02,7884271.0,11330182413.0
BK1215.DC,20201224,2794.42,2794.42,2711.03,2715.04,2794.02,-78.98,-2.83,8264513.0,10843313561.0
BK1215.DC,20201225,2709.07,2733.97,2700.49,2714.23,2715.04,-0.81,-0.03,5815867.0,8377980005.0
BK1215.DC,20201228,2709.03,2709.03,2641.09,2644.94,2714.23,-69.29,-2.55,7592883.0,10464666332.0
BK1215.DC,20201229,2652.19,2785.3,2652.19,2760.33,2644.94,115.39,4.36,12692401.0,19747439830.0
BK1215.DC,20201230,2753.06,2763.05,2726.66,2746.61,2760.33,-13.72,-0.5,10540405.0,15685784696.0
BK1215.DC,20201231,2744.04,2789.46,2741.82,2780.02,2746.61,33.41,1.22,11254035.0,15338591828.0
BK1215.DC,20210104,2776.25,2824.02,2765.02,2815.39,2780.02,35.37,1.27,13654102.0,18520921073.0
BK1215.DC,20210105,2802.27,2832.72,2797.68,2819.65,2815.39,4.26,0.15,14935158.0,19744188616.0
BK1215.DC,20210106,2817.42,2817.42,2746.1,2752.8,2819.65,-66.85,-2.37,12447228.0,16460496942.0
BK1215.DC,20210107,2746.35,2746.35,2623.25,2638.91,2752.7999999999997,-113.89,-4.14,13046087.0,16646381295.0
BK1215.DC,20210108,2631.58,2720.46,2617.17,2683.1,2638.91,44.19,1.67,13237407.0,19299577443.0
BK1215.DC,20210111,2675.06,2706.88,2625.43,2635.87,2683.1,-47.23,-1.76,13278630.0,20064190328.0
BK1215.DC,20210112,2626.25,2670.78,2621.6,2637.99,2635.87,2.12,0.08,10851303.0,16328335956.0
BK1215.DC,20210113,2638.19,2638.19,2571.6,2603.6,2637.99,-34.39,-1.3,16271976.0,23591407208.0
BK1215.DC,20210114,2600.3,2680.42,2590.83,2658.7,2603.6,55.1,2.12,14423769.0,22248667120.0
BK1215.DC,20210115,2653.51,2685.21,2653.31,2675.0,2658.7,16.3,0.61,10877937.0,16635883196.0
BK1215.DC,20210118,2673.81,2740.88,2673.81,2733.86,2675.0,58.86,2.2,10584639.0,17780040651.0
BK1215.DC,20210119,2730.46,2759.66,2728.9,2739.76,2733.86,5.9,0.22,10745688.0,16957742850.0
BK1215.DC,20210120,2734.21,2734.79,2702.86,2723.44,2739.76,-16.32,-0.6,8762129.0,12657777254.0
BK1215.DC,20210121,2715.19,2737.06,2696.1,2724.29,2723.44,0.85,0.03,10589527.0,15093394822.0
BK1215.DC,20210122,2724.49,2724.49,2657.25,2663.23,2724.29,-61.06,-2.24,10659981.0,15344794215.0
BK1215.DC,20210125,2651.03,2651.03,2598.72,2602.54,2663.23,-60.69,-2.28,10732776.0,18831300902.0
BK1215.DC,20210126,2594.72,2635.86,2583.7,2589.21,2602.54,-13.33,-0.51,8301761.0,13511705685.0
BK1215.DC,20210127,2585.88,2599.53,2566.26,2588.25,2589.21,-0.96,-0.04,7539340.0,11223345505.0
BK1215.DC,20210128,2562.31,2599.16,2542.29,2542.29,2588.25,-45.96,-1.78,7789281.0,11695872567.0
BK1215.DC,20210129,2549.06,2555.55,2459.19,2483.79,2542.29,-58.5,-2.3,8272655.0,12037639272.0
BK1215.DC,20210201,2472.65,2510.83,2472.65,2498.69,2483.79,14.9,0.6,7072376.0,10701241389.0
BK1215.DC,20210202,2497.32,2520.83,2477.31,2504.82,2498.69,6.13,0.25,6574237.0,10912409129.0
BK1215.DC,20210203,2502.22,2502.22,2438.51,2438.51,2504.82,-66.31,-2.65,8081479.0,12395276579.0
BK1215.DC,20210204,2426.84,2426.84,2347.15,2388.13,2438.51,-50.38,-2.07,10081066.0,13988432297.0
BK1215.DC,20210205,2393.33,2430.37,2340.62,2340.62,2388.13,-47.51,-1.99,7188286.0,10648958815.0
BK1215.DC,20210208,2341.49,2349.74,2323.33,2326.51,2340.6200000000003,-14.11,-0.6,5838341.0,8406279899.0
BK1215.DC,20210209,2332.56,2371.11,2324.84,2365.8,2326.51,39.29,1.69,6486341.0,9012842859.0
BK1215.DC,20210210,2366.91,2384.22,2356.76,2380.55,2365.8,14.75,0.62,6047777.0,8930471378.0
BK1215.DC,20210218,2409.76,2468.68,2409.76,2458.62,2380.5499999999997,78.07,3.28,9029058.0,11752359644.0
BK1215.DC,20210219,2461.37,2535.06,2452.69,2534.8,2458.6200000000003,76.18,3.1,9061269.0,11201383508.0
BK1215.DC,20210222,2548.36,2611.58,2548.36,2560.91,2534.7999999999997,26.11,1.03,13495562.0,15884538544.0
BK1215.DC,20210223,2554.29,2570.0,2522.78,2541.98,2560.91,-18.93,-0.74,9193682.0,11572147507.0
BK1215.DC,20210224,2539.11,2584.6,2539.09,2563.78,2541.98,21.8,0.86,8373084.0,10838022430.0
BK1215.DC,20210225,2591.17,2594.83,2547.15,2547.53,2563.78,-16.25,-0.63,8463467.0,10983408764.0
BK1215.DC,20210226,2518.8,2611.09,2518.67,2591.52,2547.53,43.99,1.73,9880685.0,12524107243.0
BK1215.DC,20210301,2596.83,2628.89,2594.74,2628.89,2591.52,37.37,1.44,11543158.0,13857761828.0
BK1215.DC,20210302,2633.03,2640.62,2592.11,2605.73,2628.89,-23.16,-0.88,9582352.0,12799700158.0
BK1215.DC,20210303,2600.58,2622.92,2588.24,2621.72,2605.73,15.99,0.61,8377108.0,11138462331.0
BK1215.DC,20210304,2611.27,2628.81,2585.18,2589.4,2621.7200000000003,-32.32,-1.23,9315011.0,12393350651.0
BK1215.DC,20210305,2578.04,2627.37,2578.04,2624.42,2589.4,35.02,1.35,8796098.0,10104478690.0
BK1215.DC,20210308,2634.76,2667.98,2601.32,2601.32,2624.42,-23.1,-0.88,11817072.0,13121983635.0
BK1215.DC,20210309,2599.75,2601.7,2492.35,2520.19,2601.32,-81.13,-3.12,10984908.0,12924396211.0
BK1215.DC,20210310,2546.14,2546.14,2464.85,2468.48,2520.19,-51.71,-2.05,8302157.0,9727313313.0
BK1215.DC,20210311,2467.05,2509.06,2444.01,2507.95,2468.48,39.47,1.6,7360357.0,9223217885.0
BK1215.DC,20210312,2508.96,2509.13,2474.46,2488.52,2507.95,-19.43,-0.77,7322982.0,8564169554.0
BK1215.DC,20210315,2485.64,2486.9,2449.2,2465.33,2488.52,-23.19,-0.93,8488719.0,11691140235.0
BK1215.DC,20210316,2470.16,2511.64,2468.46,2508.06,2465.33,42.73,1.73,8381108.0,10028204719.0
BK1215.DC,20210317,2510.79,2525.86,2495.8,2521.7,2508.06,13.64,0.54,7785225.0,10914445790.0
BK1215.DC,20210318,2519.39,2519.39,2490.38,2492.78,2521.7000000000003,-28.92,-1.15,6503885.0,8416988928.0
BK1215.DC,20210319,2475.61,2518.76,2465.85,2497.76,2492.78,4.98,0.2,7452506.0,9488877750.0
BK1215.DC,20210322,2500.52,2524.29,2500.52,2524.29,2497.7599999999998,26.53,1.06,6156388.0,8008806140.0
BK1215.DC,20210323,2527.25,2533.23,2514.86,2527.77,2524.29,3.48,0.14,7426477.0,9354292882.0
BK1215.DC,20210324,2517.89,2525.75,2499.18,2502.61,2527.77,-25.16,-1.0,7750153.0,10248464740.0
BK1215.DC,20210325,2493.52,2520.82,2486.41,2500.08,2502.61,-2.53,-0.1,6834809.0,8825732924.0
BK1215.DC,20210326,2503.39,2520.62,2496.24,2516.15,2500.08,16.07,0.64,6538894.0,9252129548.0
BK1215.DC,20210329,2520.17,2527.42,2494.57,2499.73,2516.15,-16.42,-0.65,6039887.0,8162162248.0
BK1215.DC,20210330,2497.31,2497.31,2461.7,2462.18,2499.73,-37.55,-1.5,6232254.0,7708774524.0
BK1215.DC,20210331,2459.44,2470.31,2453.82,2465.83,2462.18,3.65,0.15,4680195.0,5794195604.0
BK1215.DC,20210401,2470.47,2488.66,2457.62,2483.62,2465.83,17.79,0.72,5968207.0,8095732890.0
BK1215.DC,20210402,2487.21,2518.09,2486.04,2518.09,2483.6200000000003,34.47,1.39,6457102.0,9162065152.0
BK1215.DC,20210406,2520.68,2547.37,2519.54,2545.83,2518.09,27.74,1.1,7039068.0,8205641347.0
BK1215.DC,20210407,2545.31,2565.91,2536.41,2565.91,2545.83,20.08,0.79,8498203.0,9117419264.0
BK1215.DC,20210408,2562.03,2564.58,2528.99,2529.19,2565.91,-36.72,-1.43,8713572.0,9081815460.0
BK1215.DC,20210409,2526.62,2535.44,2518.05,2525.76,2529.19,-3.43,-0.14,7065063.0,7730864344.0
BK1215.DC,20210412,2522.9,2522.9,2481.83,2486.05,2525.76,-39.71,-1.57,6571013.0,7609363203.0
BK1215.DC,20210413,2486.67,2491.33,2458.23,2463.18,2486.0499999999997,-22.87,-0.92,5814161.0,6625946759.0
BK1215.DC,20210414,2467.43,2493.69,2456.7,2493.69,2463.18,30.51,1.24,6196494.0,8104294425.0
BK1215.DC,20210415,2486.76,2494.6,2473.43,2484.07,2493.69,-9.62,-0.39,7081341.0,8794431124.0
BK1215.DC,20210416,2484.44,2535.16,2481.55,2534.82,2484.07,50.75,2.04,7833229.0,9487288837.0
BK1215.DC,20210419,2541.3,2574.61,2540.11,2574.02,2534.82,39.2,1.55,10394755.0,11801760554.0
BK1215.DC,20210420,2565.98,2572.58,2540.43,2541.01,2574.0200000000004,-33.01,-1.28,10319894.0,10656628530.0
BK1215.DC,20210421,2531.03,2536.05,2518.87,2523.5,2541.01,-17.51,-0.69,7957051.0,10347230816.0
BK1215.DC,20210422,2526.74,2544.98,2522.49,2539.72,2523.5,16.22,0.64,8498610.0,12821174757.0
BK1215.DC,20210423,2533.0,2533.0,2495.42,2500.66,2539.72,-39.06,-1.54,7987342.0,11436194982.0
BK1215.DC,20210426,2500.25,2517.55,2485.38,2493.15,2500.6600000000003,-7.51,-0.3,7979373.0,10870367004.0
BK1215.DC,20210427,2490.65,2490.65,2444.81,2464.08,2493.15,-29.07,-1.17,7825342.0,9951048802.0
BK1215.DC,20210428,2456.65,2456.65,2437.22,2443.51,2464.0800000000004,-20.57,-0.83,7971368.0,9800676742.0
BK1215.DC,20210429,2436.75,2449.35,2429.39,2430.48,2443.51,-13.03,-0.53,8746277.0,10746618011.0
BK1215.DC,20210430,2427.41,2427.41,2380.52,2392.54,2430.48,-37.94,-1.56,8183206.0,10176864390.0
BK1215.DC,20210506,2390.67,2408.91,2387.58,2393.33,2392.54,0.79,0.03,7196440.0,8703782062.0
BK1215.DC,20210507,2395.17,2401.42,2386.95,2388.25,2393.33,-5.08,-0.21,7712730.0,8939472423.0
BK1215.DC,20210510,2392.07,2398.88,2379.52,2387.47,2388.25,-0.78,-0.03,7766325.0,8517918225.0
BK1215.DC,20210511,2385.85,2417.01,2385.85,2414.5,2387.47,27.03,1.13,8159708.0,10553361170.0
BK1215.DC,20210512,2403.57,2436.27,2396.57,2435.59,2414.5,21.09,0.87,8890281.0,10228928488.0
BK1215.DC,20210513,2418.65,2453.25,2418.65,2431.28,2435.59,-4.31,-0.18,8629814.0,10321338408.0
BK1215.DC,20210514,2434.46,2459.51,2431.93,2459.51,2431.28,28.23,1.16,8845821.0,10186149247.0
BK1215.DC,20210517,2460.21,2460.21,2431.22,2433.77,2459.5099999999998,-25.74,-1.05,8724715.0,10522793038.0
BK1215.DC,20210518,2433.88,2450.79,2424.19,2450.79,2433.77,17.02,0.7,8619845.0,9923271096.0
BK1215.DC,20210519,2443.39,2447.52,2438.14,2439.61,2450.79,-11.18,-0.46,9072905.0,8933067073.0
BK1215.DC,20210520,2433.87,2447.09,2432.25,2440.73,2439.61,1.12,0.05,8918193.0,8742013126.0
BK1215.DC,20210521,2446.8,2463.49,2444.74,2448.75,2440.73,8.02,0.33,8140884.0,9051198851.0
BK1215.DC,20210524,2449.59,2473.83,2439.87,2473.61,2448.75,24.86,1.02,8969448.0,10764338816.0
BK1215.DC,20210525,2472.54,2484.59,2462.58,2484.03,2473.61,10.42,0.42,9830448.0,11600313197.0
BK1215.DC,20210526,2484.78,2519.58,2481.91,2518.98,2484.03,34.95,1.41,9763484.0,12324833658.0
BK1215.DC,20210527,2514.65,2562.83,2514.65,2560.38,2518.98,41.4,1.64,10416186.0,14545617317.0
BK1215.DC,20210528,2559.65,2565.33,2535.26,2543.82,2560.38,-16.56,-0.65,10429573.0,14544766920.0
BK1215.DC,20210531,2544.18,2573.79,2544.18,2573.52,2543.82,29.7,1.17,10581657.0,13621070282.0
BK1215.DC,20210601,2570.76,2600.11,2566.24,2599.57,2573.52,26.05,1.01,9645213.0,13950492838.0
BK1215.DC,20210602,2599.15,2601.31,2572.22,2579.02,2599.57,-20.55,-0.79,9730247.0,13275247926.0
BK1215.DC,20210603,2583.6,2655.28,2583.6,2628.88,2579.02,49.86,1.93,13205617.0,19390938390.0
BK1215.DC,20210604,2620.14,2656.94,2620.14,2638.57,2628.88,9.69,0.37,12755115.0,16215808782.0
BK1215.DC,20210607,2639.98,2697.26,2639.98,2697.26,2638.57,58.69,2.22,13412528.0,17166467595.0
BK1215.DC,20210608,2698.93,2718.27,2677.04,2714.41,2697.2599999999998,17.15,0.64,13900679.0,16749710354.0
BK1215.DC,20210609,2709.36,2733.74,2704.13,2717.61,2714.4100000000003,3.2,0.12,12536472.0,14329785911.0
BK1215.DC,20210610,2720.31,2770.84,2720.31,2770.05,2717.61,52.44,1.93,17456140.0,18859020983.0
BK1215.DC,20210611,2776.46,2776.46,2722.4,2724.16,2770.0499999999997,-45.89,-1.66,19815344.0,21046803869.0
BK1215.DC,20210615,2719.8,2750.75,2719.8,2730.06,2724.16,5.9,0.22,15268619.0,17676017450.0
BK1215.DC,20210616,2724.06,2765.14,2715.62,2720.32,2730.06,-9.74,-0.36,15182285.0,17891136197.0
BK1215.DC,20210617,2708.76,2755.61,2701.43,2754.44,2720.32,34.12,1.25,13447943.0,16978926488.0
BK1215.DC,20210618,2751.73,2787.24,2746.99,2780.63,2754.44,26.19,0.95,17097034.0,21717167905.0
BK1215.DC,20210621,2768.54,2814.09,2762.73,2814.09,2780.63,33.46,1.2,15093921.0,18786512033.0
BK1215.DC,20210622,2825.05,2830.93,2791.35,2808.47,2814.0899999999997,-5.62,-0.2,15409152.0,19942873450.0
BK1215.DC,20210623,2800.24,2828.89,2779.82,2821.45,2808.47,12.98,0.46,14415992.0,18751461872.0
BK1215.DC,20210624,2830.99,2830.99,2781.98,2781.98,2821.45,-39.47,-1.4,12782090.0,17119490526.0
BK1215.DC,20210625,2777.06,2777.64,2719.78,2738.23,2781.98,-43.75,-1.57,11723622.0,14610747829.0
BK1215.DC,20210628,2735.51,2771.5,2732.1,2769.01,2738.23,30.78,1.12,10608900.0,14457295701.0
BK1215.DC,20210629,2763.94,2769.2,2718.24,2718.78,2769.01,-50.23,-1.81,9940625.0,13140348427.0
BK1215.DC,20210630,2722.12,2770.95,2722.12,2770.95,2718.7799999999997,52.17,1.92,10472854.0,14069144523.0
BK1215.DC,20210701,2776.18,2776.18,2694.14,2694.14,2770.95,-76.81,-2.77,11428275.0,14301543675.0
BK1215.DC,20210702,2685.62,2702.24,2665.65,2674.66,2694.14,-19.48,-0.72,8954086.0,11274236225.0
BK1215.DC,20210705,2674.04,2725.08,2674.04,2725.04,2674.66,50.38,1.88,8383194.0,10363120050.0
BK1215.DC,20210706,2725.26,2740.23,2704.59,2731.52,2725.04,6.48,0.24,10365747.0,12580271208.0
BK1215.DC,20210707,2717.65,2745.1,2705.9,2743.31,2731.52,11.79,0.43,9437775.0,11496343770.0
BK1215.DC,20210708,2741.33,2742.71,2721.48,2729.76,2743.3100000000004,-13.55,-0.49,10067799.0,12578123102.0
BK1215.DC,20210709,2723.83,2744.28,2708.33,2727.25,2729.76,-2.51,-0.09,9674368.0,12414355871.0
BK1215.DC,20210712,2737.96,2846.32,2737.96,2840.24,2727.25,112.99,4.14,15255308.0,21733932213.0
BK1215.DC,20210713,2846.83,2858.93,2827.02,2846.73,2840.2400000000002,6.49,0.23,15975401.0,26025481600.0
BK1215.DC,20210714,2841.14,2853.42,2821.38,2821.38,2846.73,-25.35,-0.89,13982690.0,21123869357.0
BK1215.DC,20210715,2818.85,2818.85,2731.07,2766.92,2821.38,-54.46,-1.93,12103743.0,18697960586.0
BK1215.DC,20210716,2765.05,2776.58,2752.52,2752.73,2766.92,-14.19,-0.51,10523855.0,16821169386.0
BK1215.DC,20210719,2747.02,2810.17,2717.94,2807.33,2752.73,54.6,1.98,14729426.0,24036626564.0
BK1215.DC,20210720,2788.22,2807.25,2776.39,2806.94,2807.33,-0.39,-0.01,10302150.0,16966553256.0
BK1215.DC,20210721,2812.93,2837.6,2812.93,2832.85,2806.94,25.91,0.92,11659009.0,18427174809.0
BK1215.DC,20210722,2835.6,2844.33,2818.82,2841.8,2832.8500000000004,8.95,0.32,11655184.0,19104497913.0
BK1215.DC,20210723,2845.36,2846.12,2810.89,2816.57,2841.8,-25.23,-0.89,13318662.0,20962843240.0
BK1215.DC,20210726,2808.66,2808.66,2717.94,2757.04,2816.57,-59.53,-2.11,15891691.0,21451752955.0
BK1215.DC,20210727,2760.99,2850.53,2757.02,2775.62,2757.04,18.58,0.67,16911928.0,29805957770.0
BK1215.DC,20210728,2759.87,2776.54,2654.88,2732.36,2775.6200000000003,-43.26,-1.56,17345996.0,28850930030.0
BK1215.DC,20210729,2771.4,2833.56,2771.4,2826.85,2732.36,94.49,3.46,16694785.0,29902124386.0
BK1215.DC,20210730,2811.21,2895.77,2811.21,2875.14,2826.85,48.29,1.71,17862378.0,31957911148.0
BK1215.DC,20210802,2872.79,2947.71,2872.79,2947.71,2875.14,72.57,2.52,18825951.0,33423807408.0
BK1215.DC,20210803,2939.85,2982.2,2907.84,2914.33,2947.71,-33.38,-1.13,18496202.0,31077319097.0
BK1215.DC,20210804,2905.04,2958.25,2905.04,2953.45,2914.33,39.12,1.34,15022949.0,26538474353.0
BK1215.DC,20210805,2943.72,2943.72,2910.45,2924.57,2953.4500000000003,-28.88,-0.98,14638020.0,23666184406.0
BK1215.DC,20210806,2920.57,2928.72,2893.42,2922.18,2924.5699999999997,-2.39,-0.08,13983156.0,22860480605.0
BK1215.DC,20210809,2911.51,2935.6,2897.74,2935.6,2922.18,13.42,0.46,12856896.0,22383324298.0
BK1215.DC,20210810,2928.35,2954.39,2918.14,2952.52,2935.6,16.92,0.58,13100120.0,20204543864.0
BK1215.DC,20210811,2949.52,2949.52,2921.35,2944.82,2952.52,-7.7,-0.26,15227556.0,26056325162.0
BK1215.DC,20210812,2943.79,3001.43,2943.79,2986.89,2944.8199999999997,42.07,1.43,16457729.0,24489914525.0
BK1215.DC,20210813,2978.71,2978.71,2930.3,2946.61,2986.8900000000003,-40.28,-1.35,17765921.0,25622146605.0
BK1215.DC,20210816,2935.95,2961.49,2911.33,2940.11,2946.61,-6.5,-0.22,14023609.0,20137940942.0
BK1215.DC,20210817,2934.53,2934.53,2835.2,2840.54,2940.11,-99.57,-3.39,15697807.0,20302721970.0
BK1215.DC,20210818,2837.66,2862.61,2821.17,2862.4,2840.54,21.86,0.77,11582082.0,15554431146.0
BK1215.DC,20210819,2859.76,2921.7,2859.76,2912.53,2862.4,50.13,1.75,16055919.0,20881669223.0
BK1215.DC,20210820,2896.13,2896.13,2855.14,2878.47,2912.5299999999997,-34.06,-1.17,14960324.0,17841126849.0
BK1215.DC,20210823,2873.47,2931.8,2870.72,2931.8,2878.4700000000003,53.33,1.85,13323396.0,17795572894.0
BK1215.DC,20210824,2932.79,2932.79,2902.61,2912.22,2931.7999999999997,-19.58,-0.67,11754614.0,16648427139.0
BK1215.DC,20210825,2909.56,2920.66,2891.45,2898.6,2912.22,-13.62,-0.47,31848689.0,26582668539.0
BK1215.DC,20210826,2889.54,2889.54,2843.66,2843.66,2898.6,-54.94,-1.9,27012331.0,23533383999.0
BK1215.DC,20210827,2837.45,2837.45,2806.21,2823.73,2843.66,-19.93,-0.7,21084798.0,19719448086.0
BK1215.DC,20210830,2840.07,2861.06,2817.92,2828.44,2823.73,4.71,0.17,22387716.0,22476750317.0
BK1215.DC,20210831,2819.76,2819.76,2767.35,2790.02,2828.44,-38.42,-1.36,20901276.0,19425576570.0
BK1215.DC,20210901,2791.84,2812.9,2761.86,2811.05,2790.02,21.03,0.75,22459726.0,20193309148.0
BK1215.DC,20210902,2807.75,2815.47,2790.29,2814.43,2811.0499999999997,3.38,0.12,17961482.0,16185944394.0
BK1215.DC,20210903,2822.94,2850.33,2812.22,2829.63,2814.4300000000003,15.2,0.54,19731448.0,18733666245.0
BK1215.DC,20210906,2836.21,2874.51,2822.48,2873.94,2829.63,44.31,1.57,18625295.0,18535305835.0
BK1215.DC,20210907,2873.31,2891.34,2869.6,2888.23,2873.94,14.29,0.5,18847649.0,19002882125.0
BK1215.DC,20210908,2891.49,2927.98,2887.22,2927.98,2888.23,39.75,1.38,21178100.0,21276119213.0
BK1215.DC,20210909,2923.85,2924.74,2897.3,2911.77,2927.98,-16.21,-0.55,19580584.0,20528549612.0
BK1215.DC,20210910,2911.68,2911.68,2880.24,2894.47,2911.77,-17.3,-0.59,18084399.0,19236721959.0
BK1215.DC,20210913,2890.33,2890.33,2865.59,2879.02,2894.47,-15.45,-0.53,14906675.0,15676496484.0
BK1215.DC,20210914,2876.98,2905.9,2858.55,2866.24,2879.02,-12.78,-0.44,16806244.0,16801588221.0
BK1215.DC,20210915,2859.99,2877.18,2843.58,2867.89,2866.24,1.65,0.06,14326688.0,14590179782.0
BK1215.DC,20210916,2867.52,2876.67,2815.44,2816.3,2867.8900000000003,-51.59,-1.8,16067709.0,15821396824.0
BK1215.DC,20210917,2815.82,2822.66,2765.78,2798.62,2816.2999999999997,-17.68,-0.63,16289745.0,14987354123.0
BK1215.DC,20210922,2773.5,2796.33,2770.93,2796.09,2798.6200000000003,-2.53,-0.09,13436455.0,12475138365.0
BK1215.DC,20210923,2807.98,2838.11,2807.98,2830.44,2796.09,34.35,1.23,13916869.0,15240255267.0
BK1215.DC,20210924,2831.95,2831.95,2790.39,2790.84,2830.44,-39.6,-1.4,13141400.0,13449453484.0
BK1215.DC,20210927,2811.13,2825.91,2723.36,2740.86,2790.84,-49.98,-1.79,14114493.0,15156359457.0
BK1215.DC,20210928,2736.19,2750.46,2723.94,2743.61,2740.86,2.75,0.1,9427192.0,11017414443.0
BK1215.DC,20210929,2736.06,2736.06,2676.29,2676.29,2743.61,-67.32,-2.45,9965828.0,11780915395.0
BK1215.DC,20210930,2689.27,2732.46,2689.27,2729.07,2676.29,52.78,1.97,8268225.0,9164057727.0
BK1215.DC,20211008,2751.4,2797.7,2751.4,2797.7,2729.0699999999997,68.63,2.51,10938865.0,11470291407.0
BK1215.DC,20211011,2803.47,2846.28,2781.76,2834.45,2797.7,36.75,1.31,14448263.0,16382475311.0
BK1215.DC,20211012,2826.03,2833.47,2780.74,2803.28,2834.4500000000003,-31.17,-1.1,14490940.0,16223042100.0
BK1215.DC,20211013,2800.13,2842.69,2789.79,2842.69,2803.28,39.41,1.41,11621561.0,13649101743.0
BK1215.DC,20211014,2827.27,2842.37,2822.78,2835.64,2842.69,-7.05,-0.25,10075494.0,12152826569.0
BK1215.DC,20211015,2836.5,2849.2,2817.74,2825.52,2835.64,-10.12,-0.36,12037276.0,14218762680.0
BK1215.DC,20211018,2813.16,2828.59,2804.87,2828.03,2825.52,2.51,0.09,10647820.0,12740899406.0
BK1215.DC,20211019,2829.39,2840.53,2826.84,2840.53,2828.03,12.5,0.44,9940099.0,11532801225.0
BK1215.DC,20211020,2845.7,2850.19,2824.62,2826.36,2840.53,-14.17,-0.5,10243711.0,12445991188.0
BK1215.DC,20211021,2823.85,2823.85,2780.85,2782.56,2826.36,-43.8,-1.55,9961988.0,12073335839.0
BK1215.DC,20211022,2782.4,2791.89,2768.46,2773.37,2782.56,-9.19,-0.33,9654874.0,11525706185.0
BK1215.DC,20211025,2767.45,2777.87,2744.45,2777.87,2773.37,4.5,0.16,10042395.0,11950818338.0
BK1215.DC,20211026,2779.74,2789.29,2769.93,2774.29,2777.87,-3.58,-0.13,10189091.0,13632233644.0
BK1215.DC,20211027,2778.26,2779.96,2713.55,2723.05,2774.29,-51.24,-1.85,10803381.0,12565285206.0
BK1215.DC,20211028,2719.11,2730.88,2671.94,2678.54,2723.05,-44.51,-1.63,11737243.0,14309048412.0
BK1215.DC,20211029,2684.38,2730.45,2679.36,2727.21,2678.54,48.67,1.82,11942932.0,14806925053.0
BK1215.DC,20211101,2728.33,2770.46,2720.1,2769.04,2727.21,41.83,1.53,11783206.0,17071939330.0
BK1215.DC,20211102,2771.65,2797.51,2730.02,2751.61,2769.04,-17.43,-0.63,13011952.0,16579060865.0
BK1215.DC,20211103,2757.26,2789.31,2757.26,2783.73,2751.61,32.12,1.17,16226428.0,21009862733.0
BK1215.DC,20211104,2787.34,2829.11,2787.34,2829.11,2783.73,45.38,1.63,14685026.0,18483544233.0
BK1215.DC,20211105,2832.71,2874.43,2832.71,2857.99,2829.1099999999997,28.88,1.02,18465562.0,23172279473.0
BK1215.DC,20211108,2856.47,2860.5,2833.56,2858.17,2857.9900000000002,0.18,0.01,14530443.0,18319654865.0
BK1215.DC,20211109,2859.55,2902.25,2858.02,2902.25,2858.17,44.08,1.54,14891576.0,19124748952.0
BK1215.DC,20211110,2905.48,2934.0,2903.71,2933.9,2902.25,31.65,1.09,16452373.0,20071305879.0
BK1215.DC,20211111,2931.63,3000.32,2931.63,2987.87,2933.9,53.97,1.84,17346984.0,22760627816.0
BK1215.DC,20211112,2990.74,3040.75,2990.74,3040.28,2987.8700000000003,52.41,1.75,19456288.0,26432780077.0
BK1215.DC,20211115,3055.34,3073.56,3045.47,3069.87,3040.2799999999997,29.59,0.97,18044837.0,25598304564.0
BK1215.DC,20211116,3071.86,3095.69,3049.47,3053.97,3069.87,-15.9,-0.52,19427651.0,26188780661.0
BK1215.DC,20211117,3050.9,3108.81,3050.9,3108.14,3053.97,54.17,1.77,19507377.0,26450548300.0
BK1215.DC,20211118,3105.95,3116.25,3047.68,3047.68,3108.14,-60.46,-1.95,19956140.0,27276091509.0
BK1215.DC,20211119,3045.76,3088.5,3045.76,3082.1,3047.68,34.42,1.13,16564678.0,22050164343.0
BK1215.DC,20211122,3088.0,3115.89,3076.91,3115.89,3082.1,33.79,1.1,18146153.0,24799516948.0
BK1215.DC,20211123,3116.52,3153.27,3116.52,3139.35,3115.89,23.46,0.75,16370449.0,25201749959.0
BK1215.DC,20211124,3141.18,3200.99,3138.65,3184.96,3139.35,45.61,1.45,17960774.0,28008207658.0
BK1215.DC,20211125,3191.73,3199.06,3163.28,3165.08,3184.96,-19.88,-0.62,17116915.0,25505705775.0
BK1215.DC,20211126,3159.01,3161.08,3106.7,3127.77,3165.08,-37.31,-1.18,17613898.0,24860686842.0
BK1215.DC,20211129,3084.87,3122.3,3084.87,3117.4,3127.77,-10.37,-0.33,15326322.0,21003091398.0
BK1215.DC,20211130,3137.11,3181.38,3135.28,3157.61,3117.4,40.21,1.29,16537287.0,24134717698.0
BK1215.DC,20211201,3151.55,3209.42,3151.55,3209.42,3157.61,51.81,1.64,15188920.0,21442672407.0
BK1215.DC,20211202,3209.45,3209.45,3133.33,3133.97,3209.4199999999996,-75.45,-2.35,15038794.0,20608708840.0
BK1215.DC,20211203,3138.78,3157.37,3133.21,3134.97,3133.97,1.0,0.03,13971579.0,18321008111.0
BK1215.DC,20211206,3135.44,3135.44,3058.25,3061.56,3134.97,-73.41,-2.34,14429260.0,18422385792.0
BK1215.DC,20211207,3070.78,3070.78,2998.16,3012.51,3061.5600000000004,-49.05,-1.6,13499464.0,17871643727.0
BK1215.DC,20211208,3024.53,3055.68,3013.03,3055.68,3012.5099999999998,43.17,1.43,12082428.0,16318875800.0
BK1215.DC,20211209,3060.57,3075.4,3053.99,3068.9,3055.6800000000003,13.22,0.43,16627184.0,20892118360.0
BK1215.DC,20211210,3062.04,3071.1,3043.95,3062.0,3068.9,-6.9,-0.22,16335887.0,19995684950.0
BK1215.DC,20211213,3071.8,3110.15,3055.86,3108.17,3062.0,46.17,1.51,17280696.0,22156585225.0
BK1215.DC,20211214,3105.37,3165.2,3105.37,3160.99,3108.1699999999996,52.82,1.7,17797021.0,24625080513.0
BK1215.DC,20211215,3159.74,3180.22,3155.3,3161.2,3160.99,0.21,0.01,17039696.0,24406623369.0
BK1215.DC,20211216,3173.07,3192.54,3163.46,3192.54,3161.2,31.34,0.99,16950196.0,21386879105.0
BK1215.DC,20211217,3189.49,3189.65,3164.85,3170.33,3192.54,-22.21,-0.7,18433043.0,24343478108.0
BK1215.DC,20211220,3159.84,3189.28,3119.53,3120.44,3170.33,-49.89,-1.57,18087788.0,21070969094.0
BK1215.DC,20211221,3121.76,3176.96,3121.76,3175.93,3120.44,55.49,1.78,17128669.0,20412902510.0
BK1215.DC,20211222,3180.75,3206.94,3179.34,3195.76,3175.9300000000003,19.83,0.62,16535386.0,20191056763.0
BK1215.DC,20211223,3194.08,3194.08,3166.56,3171.8,3195.76,-23.96,-0.75,13808929.0,17488441185.0
BK1215.DC,20211224,3181.35,3193.12,3112.08,3112.08,3171.7999999999997,-59.72,-1.88,15479717.0,19742864287.0
BK1215.DC,20211227,3109.35,3130.6,3078.52,3120.1,3112.08,8.02,0.26,12509096.0,17309775552.0
BK1215.DC,20211228,3131.21,3180.89,3131.21,3176.36,3120.1,56.26,1.8,13996343.0,18404561498.0
BK1215.DC,20211229,3173.31,3173.31,3149.91,3162.43,3176.3599999999997,-13.93,-0.44,13571186.0,17992276033.0
BK1215.DC,20211230,3162.8,3223.82,3162.8,3216.87,3162.43,54.44,1.72,14667945.0,18644952220.0
BK1215.DC,20211231,3231.01,3241.86,3205.17,3225.03,3216.8700000000003,8.16,0.25,16409187.0,20223633618.0
BK1215.DC,20220104,3232.71,3276.11,3229.73,3273.14,3225.0299999999997,48.11,1.49,21807169.0,24169622467.0
BK1215.DC,20220105,3266.09,3276.29,3201.45,3227.35,3273.14,-45.79,-1.4,18763199.0,22276739575.0
BK1215.DC,20220106,3211.57,3242.21,3201.5,3223.71,3227.35,-3.64,-0.11,16483360.0,25111418053.0
BK1215.DC,20220107,3228.62,3247.83,3145.64,3147.59,3223.71,-76.12,-2.36,17389528.0,24259025241.0
BK1215.DC,20220110,3137.41,3181.19,3099.45,3175.26,3147.59,27.67,0.88,15716683.0,24038730175.0
BK1215.DC,20220111,3172.32,3192.07,3135.85,3145.43,3175.2599999999998,-29.83,-0.94,13637834.0,18664919402.0
BK1215.DC,20220112,3151.53,3179.6,3150.8,3170.43,3145.43,25.0,0.79,12474328.0,17390799234.0
BK1215.DC,20220113,3199.53,3207.46,3163.47,3163.47,3170.43,-6.96,-0.22,17057376.0,20772234154.0
BK1215.DC,20220114,3146.49,3189.45,3139.83,3159.91,3163.47,-3.56,-0.11,15899248.0,18865357502.0
BK1215.DC,20220117,3181.12,3312.48,3181.12,3312.48,3159.91,152.57,4.83,21644404.0,30189891879.0
BK1215.DC,20220118,3320.78,3333.19,3268.0,3271.7,3312.48,-40.78,-1.23,22222592.0,28542909487.0
BK1215.DC,20220119,3258.12,3301.02,3258.12,3300.29,3271.7,28.59,0.87,17221656.0,23352674486.0
BK1215.DC,20220120,3297.06,3297.06,3202.77,3204.45,3300.29,-95.84,-2.9,17240748.0,22405298155.0
BK1215.DC,20220121,3198.0,3246.7,3178.87,3184.2,3204.45,-20.25,-0.63,15169662.0,19149453719.0
BK1215.DC,20220124,3161.89,3202.67,3159.61,3179.52,3184.2,-4.68,-0.15,14723259.0,18552812066.0
BK1215.DC,20220125,3172.93,3173.19,3008.3,3008.3,3179.52,-171.22,-5.39,19249208.0,20737584964.0
BK1215.DC,20220126,3008.86,3046.15,2981.23,3017.76,3008.3,9.46,0.31,15945121.0,18513935957.0
BK1215.DC,20220127,3013.03,3013.03,2887.18,2887.53,3017.76,-130.23,-4.32,16540193.0,20864934124.0
BK1215.DC,20220128,2899.66,2989.91,2888.96,2958.32,2887.53,70.79,2.45,15806853.0,18186777058.0
BK1215.DC,20220207,3005.97,3005.97,2947.21,2957.32,2958.32,-1.0,-0.03,14842684.0,17703655704.0
BK1215.DC,20220208,2960.98,3007.48,2942.25,3007.48,2957.32,50.16,1.7,18091001.0,19461937706.0
BK1215.DC,20220209,3009.99,3130.63,3004.54,3130.63,3007.48,123.15,4.09,23178263.0,26870497197.0
BK1215.DC,20220210,3128.7,3128.7,3083.03,3105.19,3130.63,-25.44,-0.81,17485285.0,23387312390.0
BK1215.DC,20220211,3089.85,3097.29,3027.32,3032.24,3105.1899999999996,-72.95,-2.35,15761708.0,21445831171.0
BK1215.DC,20220214,3010.37,3047.44,2993.98,3022.95,3032.24,-9.29,-0.31,15307400.0,20266499368.0
BK1215.DC,20220215,3023.83,3052.13,3002.61,3039.97,3022.95,17.02,0.56,15143543.0,19794548711.0
BK1215.DC,20220216,3064.82,3080.31,3053.27,3074.17,3039.9700000000003,34.2,1.13,15640541.0,20654549586.0
BK1215.DC,20220217,3061.34,3083.93,3037.89,3044.62,3074.17,-29.55,-0.96,18061812.0,22907738466.0
BK1215.DC,20220218,3058.64,3105.07,3057.12,3104.4,3044.62,59.78,1.96,16601476.0,22727651764.0
BK1215.DC,20220221,3134.45,3227.8,3134.45,3227.8,3104.4,123.4,3.98,28483783.0,34906592829.0
BK1215.DC,20220222,3200.85,3214.75,3177.87,3195.03,3227.8,-32.77,-1.02,22738227.0,31412762137.0
BK1215.DC,20220223,3200.94,3256.28,3188.26,3248.86,3195.03,53.83,1.68,22047268.0,30106661425.0
BK1215.DC,20220224,3230.66,3242.76,3094.93,3140.88,3248.86,-107.98,-3.32,24477827.0,31176263610.0
BK1215.DC,20220225,3169.45,3211.55,3164.51,3168.78,3140.88,27.9,0.89,16528200.0,22143550743.0
BK1215.DC,20220228,3167.16,3171.85,3112.5,3156.16,3168.7799999999997,-12.62,-0.4,14513833.0,19592155528.0
BK1215.DC,20220301,3160.92,3201.93,3149.2,3201.93,3156.16,45.77,1.45,17039034.0,24160445690.0
BK1215.DC,20220302,3180.55,3191.84,3162.13,3190.0,3201.93,-11.93,-0.37,14961787.0,19292451223.0
BK1215.DC,20220303,3202.32,3202.32,3134.77,3138.68,3190.0,-51.32,-1.61,15408904.0,19911593434.0
BK1215.DC,20220304,3127.18,3147.0,3086.17,3095.94,3138.68,-42.74,-1.36,14793477.0,18112416813.0
BK1215.DC,20220307,3090.86,3090.86,3015.01,3029.87,3095.94,-66.07,-2.13,14848197.0,20187141821.0
BK1215.DC,20220308,3030.18,3058.72,2980.31,2992.81,3029.87,-37.06,-1.22,18023672.0,22180049714.0
BK1215.DC,20220309,3003.8,3024.94,2838.2,2977.9,2992.81,-14.91,-0.5,22375423.0,25924355230.0
BK1215.DC,20220310,3038.94,3046.63,3001.08,3002.23,2977.9,24.33,0.82,19102696.0,23880027645.0
BK1215.DC,20220311,2957.48,3022.06,2925.66,3019.23,3002.23,17.0,0.57,18377303.0,23081960211.0
BK1215.DC,20220314,2995.43,3011.47,2936.04,2936.04,3019.23,-83.19,-2.76,19099420.0,22644438064.0
BK1215.DC,20220315,2917.0,2952.41,2815.28,2815.28,2936.0400000000004,-120.76,-4.11,22322426.0,24248680976.0
BK1215.DC,20220316,2856.44,2929.31,2783.27,2920.12,2815.2799999999997,104.84,3.72,25674259.0,27646888047.0
BK1215.DC,20220317,2947.54,3008.81,2944.02,2966.49,2920.12,46.37,1.59,26088252.0,29757993588.0
BK1215.DC,20220318,2952.38,2977.22,2947.23,2969.3,2966.4900000000002,2.81,0.09,19914789.0,21678706993.0
BK1215.DC,20220321,2969.37,2991.71,2941.3,2981.53,2969.3,12.23,0.41,17859068.0,20151918669.0
BK1215.DC,20220322,2966.47,2992.63,2948.69,2966.41,2981.5299999999997,-15.12,-0.51,17215604.0,19520082584.0
BK1215.DC,20220323,2963.01,3051.01,2961.57,3047.57,2966.4100000000003,81.16,2.74,19913692.0,22961685840.0
BK1215.DC,20220324,3031.3,3031.3,2956.09,2959.15,3047.57,-88.42,-2.9,21343216.0,27388954941.0
BK1215.DC,20220325,2956.56,2970.98,2918.38,2918.38,2959.15,-40.77,-1.38,16206821.0,19472795398.0
BK1215.DC,20220328,2891.04,2933.48,2856.53,2911.71,2918.38,-6.67,-0.23,15202066.0,17005144780.0
BK1215.DC,20220329,2919.0,2932.05,2876.7,2883.34,2911.71,-28.37,-0.97,14339799.0,16870926349.0
BK1215.DC,20220330,2891.32,2916.62,2877.67,2916.62,2883.3399999999997,33.28,1.15,13948947.0,16661219627.0
BK1215.DC,20220331,2908.33,2919.96,2889.22,2910.12,2916.62,-6.5,-0.22,14426471.0,16658768179.0
BK1215.DC,20220401,2895.41,2896.83,2869.36,2876.91,2910.12,-33.21,-1.14,14813444.0,17854423512.0
BK1215.DC,20220406,2872.51,2896.67,2862.92,2890.61,2876.9100000000003,13.7,0.48,14423557.0,16854395112.0
BK1215.DC,20220407,2882.4,2882.4,2805.82,2805.82,2890.61,-84.79,-2.93,13424649.0,15607643954.0
BK1215.DC,20220408,2812.44,2812.44,2744.28,2766.41,2805.8199999999997,-39.41,-1.4,13131592.0,16096864261.0
BK1215.DC,20220411,2753.98,2753.98,2645.91,2660.91,2766.41,-105.5,-3.81,12869760.0,14846931271.0
BK1215.DC,20220412,2661.17,2706.51,2633.73,2706.51,2660.9100000000003,45.6,1.71,11495260.0,12832405720.0
BK1215.DC,20220413,2691.18,2691.18,2625.27,2625.27,2706.5099999999998,-81.24,-3.0,10455523.0,11471594915.0
BK1215.DC,20220414,2646.22,2658.09,2627.04,2634.0,2625.27,8.73,0.33,8958118.0,11619504822.0
BK1215.DC,20220415,2619.31,2619.31,2563.25,2582.97,2634.0,-51.03,-1.94,11767683.0,13455404550.0
BK1215.DC,20220418,2569.13,2624.47,2532.4,2622.44,2582.9700000000003,39.47,1.53,9086573.0,11003055893.0
BK1215.DC,20220419,2622.0,2650.26,2612.42,2631.43,2622.44,8.99,0.34,8069581.0,9692019154.0
BK1215.DC,20220420,2647.27,2662.28,2598.29,2608.86,2631.4300000000003,-22.57,-0.86,8367591.0,9818152832.0
BK1215.DC,20220421,2598.64,2617.04,2508.09,2509.37,2608.8599999999997,-99.49,-3.81,11444763.0,11380298719.0
BK1215.DC,20220422,2504.27,2506.43,2457.25,2466.46,2509.37,-42.91,-1.71,11769452.0,11651851498.0
BK1215.DC,20220425,2432.0,2432.0,2267.78,2267.78,2466.46,-198.68,-8.06,16309280.0,14020388299.0
BK1215.DC,20220426,2274.54,2285.89,2178.5,2181.72,2267.7799999999997,-86.06,-3.79,14955242.0,13256864089.0
BK1215.DC,20220427,2150.17,2270.9,2136.95,2270.9,2181.7200000000003,89.18,4.09,17006112.0,15457096333.0
BK1215.DC,20220428,2253.54,2273.09,2210.32,2237.48,2270.9,-33.42,-1.47,12198478.0,11409126705.0
BK1215.DC,20220429,2255.54,2341.76,2255.54,2331.88,2237.48,94.4,4.22,16826883.0,14286116082.0
BK1215.DC,20220505,2331.53,2384.48,2314.57,2362.28,2331.88,30.4,1.3,10198941.0,11579660727.0
BK1215.DC,20220506,2312.0,2379.99,2301.61,2353.68,2362.2799999999997,-8.6,-0.36,9982629.0,11139337942.0
BK1215.DC,20220509,2348.9,2401.33,2348.9,2383.06,2353.68,29.38,1.25,7967536.0,9047058663.0
BK1215.DC,20220510,2355.92,2425.42,2349.52,2424.03,2383.0600000000004,40.97,1.72,9706491.0,11569485072.0
BK1215.DC,20220511,2423.95,2474.2,2408.59,2408.59,2424.03,-15.44,-0.64,12619349.0,15038790811.0
BK1215.DC,20220512,2394.28,2442.82,2394.28,2436.09,2408.59,27.5,1.14,9187154.0,11738073194.0
BK1215.DC,20220513,2436.6,2444.83,2415.43,2444.16,2436.0899999999997,8.07,0.33,7149013.0,8540960465.0
BK1215.DC,20220516,2451.78,2461.62,2423.26,2431.23,2444.16,-12.93,-0.53,8624239.0,8845147689.0
BK1215.DC,20220517,2428.06,2428.06,2388.83,2425.24,2431.2299999999996,-5.99,-0.25,8914352.0,9920022947.0
BK1215.DC,20220518,2436.54,2473.67,2436.54,2455.6,2425.24,30.36,1.25,13840296.0,12021835258.0
BK1215.DC,20220519,2417.25,2470.59,2417.25,2470.59,2455.6000000000004,14.99,0.61,12346840.0,11864788506.0
BK1215.DC,20220520,2481.38,2495.6,2465.92,2493.36,2470.59,22.77,0.92,11646162.0,11970360590.0
BK1215.DC,20220523,2501.43,2527.65,2492.83,2527.65,2493.36,34.29,1.38,10983602.0,11348069280.0
BK1215.DC,20220524,2528.18,2528.18,2405.08,2405.08,2527.65,-122.57,-4.85,12506359.0,12907758264.0
BK1215.DC,20220525,2404.04,2446.85,2404.04,2445.95,2405.08,40.87,1.7,8807207.0,9072458806.0
BK1215.DC,20220526,2452.74,2496.69,2404.62,2486.38,2445.9500000000003,40.43,1.65,11625961.0,13437416698.0
BK1215.DC,20220527,2496.86,2508.45,2457.8,2478.44,2486.38,-7.94,-0.32,11090321.0,11760922620.0
BK1215.DC,20220530,2482.82,2499.38,2466.5,2499.24,2478.4399999999996,20.8,0.84,9892646.0,10180048924.0
BK1215.DC,20220531,2495.78,2544.58,2477.97,2540.8,2499.2400000000002,41.56,1.66,11412895.0,13109447001.0
BK1215.DC,20220601,2537.1,2578.17,2537.1,2565.06,2540.7999999999997,24.26,0.95,11156578.0,12354750068.0
BK1215.DC,20220602,2561.91,2625.21,2551.14,2623.12,2565.06,58.06,2.26,12390848.0,13589633595.0
BK1215.DC,20220606,2627.8,2674.52,2627.8,2672.9,2623.12,49.78,1.9,13178727.0,16023394775.0
BK1215.DC,20220607,2678.73,2678.73,2626.75,2642.66,2672.8999999999996,-30.24,-1.13,11344789.0,13585993915.0
BK1215.DC,20220608,2646.51,2662.35,2592.59,2639.14,2642.66,-3.52,-0.13,13889736.0,14142567239.0
BK1215.DC,20220609,2628.78,2628.78,2552.58,2565.35,2639.14,-73.79,-2.8,11667331.0,12152798480.0
BK1215.DC,20220610,2558.51,2610.81,2558.51,2607.28,2565.3500000000004,41.93,1.63,12166572.0,12331702621.0
BK1215.DC,20220613,2593.76,2628.21,2593.76,2626.57,2607.28,19.29,0.74,12714680.0,13136059994.0
BK1215.DC,20220614,2610.83,2610.83,2529.08,2604.5,2626.57,-22.07,-0.84,13256163.0,14185827701.0
BK1215.DC,20220615,2605.41,2643.82,2605.34,2607.32,2604.5,2.82,0.11,16390741.0,16571368018.0
BK1215.DC,20220616,2608.08,2674.16,2608.08,2658.21,2607.32,50.89,1.95,15056835.0,15852683929.0
BK1215.DC,20220617,2646.06,2673.31,2622.65,2661.61,2658.21,3.4,0.13,14457367.0,16040244185.0
BK1215.DC,20220620,2663.93,2688.81,2662.83,2678.82,2661.61,17.21,0.65,12638660.0,15000227637.0
BK1215.DC,20220621,2683.23,2693.55,2646.58,2674.79,2678.82,-4.03,-0.15,12418476.0,14321028900.0
BK1215.DC,20220622,2677.36,2677.36,2624.42,2624.42,2674.79,-50.37,-1.88,11367733.0,13338670195.0
BK1215.DC,20220623,2627.33,2679.9,2619.31,2679.9,2624.42,55.48,2.11,11028061.0,13114548071.0
BK1215.DC,20220624,2691.82,2724.39,2690.95,2714.66,2679.8999999999996,34.76,1.3,12634398.0,17536441036.0
BK1215.DC,20220627,2725.76,2729.99,2706.22,2720.88,2714.6600000000003,6.22,0.23,11602792.0,15620205681.0
BK1215.DC,20220628,2722.68,2779.23,2705.3,2778.64,2720.8799999999997,57.76,2.12,14074476.0,17129476457.0
BK1215.DC,20220629,2775.75,2795.1,2736.99,2736.99,2778.64,-41.65,-1.5,16720446.0,20210369748.0
BK1215.DC,20220630,2737.31,2770.62,2737.31,2753.64,2736.99,16.65,0.61,14351743.0,17763031183.0
BK1215.DC,20220701,2759.19,2772.91,2740.62,2749.64,2753.64,-4.0,-0.15,11911448.0,14731482465.0
BK1215.DC,20220704,2752.05,2752.05,2719.82,2740.54,2749.64,-9.1,-0.33,11337619.0,15572390255.0
BK1215.DC,20220705,2736.86,2746.97,2674.62,2706.75,2740.54,-33.79,-1.23,12023176.0,17062910638.0
BK1215.DC,20220706,2700.91,2726.31,2684.45,2705.85,2706.75,-0.9,-0.03,10692801.0,14428354348.0
BK1215.DC,20220707,2711.49,2745.18,2706.24,2740.51,2705.8500000000004,34.66,1.28,11461474.0,14555148654.0
BK1215.DC,20220708,2747.14,2795.97,2747.14,2772.61,2740.51,32.1,1.17,14177412.0,16850249144.0
BK1215.DC,20220711,2761.74,2761.74,2709.14,2727.34,2772.61,-45.27,-1.63,12670514.0,15965170040.0
BK1215.DC,20220712,2728.51,2728.51,2676.57,2676.57,2727.34,-50.77,-1.86,10618709.0,13347249565.0
BK1215.DC,20220713,2681.46,2732.41,2681.46,2731.87,2676.5699999999997,55.3,2.07,10914696.0,14307752551.0
BK1215.DC,20220714,2732.77,2786.29,2723.88,2768.68,2731.87,36.81,1.35,11834117.0,16559382704.0
BK1215.DC,20220715,2765.08,2773.18,2738.65,2738.65,2768.6800000000003,-30.03,-1.08,12503543.0,16595932789.0
BK1215.DC,20220718,2740.63,2826.29,2740.63,2826.29,2738.65,87.64,3.2,13274584.0,18686783613.0
BK1215.DC,20220719,2841.39,2881.94,2831.68,2881.48,2826.29,55.19,1.95,16301008.0,22249678893.0
BK1215.DC,20220720,2888.34,2898.31,2869.96,2896.16,2881.48,14.68,0.51,15171384.0,19929507661.0
BK1215.DC,20220721,2887.11,2914.97,2884.15,2884.31,2896.16,-11.85,-0.41,13163254.0,17023630772.0
BK1215.DC,20220722,2889.69,2914.72,2860.11,2885.27,2884.31,0.96,0.03,11979282.0,15658909830.0
BK1215.DC,20220725,2890.09,2899.41,2836.73,2848.13,2885.27,-37.14,-1.29,11154250.0,16091240101.0
BK1215.DC,20220726,2853.93,2885.58,2840.34,2885.58,2848.13,37.45,1.31,11184438.0,14877817866.0
BK1215.DC,20220727,2882.47,2923.97,2881.66,2920.43,2885.58,34.85,1.21,13891256.0,17686549701.0
BK1215.DC,20220728,2928.84,2955.42,2928.84,2939.37,2920.43,18.94,0.65,13938989.0,19581835898.0
BK1215.DC,20220729,2947.14,2951.3,2918.46,2922.3,2939.3700000000003,-17.07,-0.58,13180605.0,16172893153.0
BK1215.DC,20220801,2918.5,2958.31,2902.28,2955.34,2922.3,33.04,1.13,14233132.0,16330499181.0
BK1215.DC,20220802,2934.39,2934.39,2812.05,2847.58,2955.34,-107.76,-3.65,18967398.0,21353755196.0
BK1215.DC,20220803,2854.5,2936.35,2854.5,2868.56,2847.58,20.98,0.74,15160823.0,19145347128.0
BK1215.DC,20220804,2890.1,2924.85,2878.0,2924.85,2868.56,56.29,1.96,13649926.0,15815247297.0
BK1215.DC,20220805,2936.32,2999.55,2936.32,2999.55,2924.8500000000004,74.7,2.55,17979670.0,22082851456.0
BK1215.DC,20220808,3003.53,3055.56,2991.01,3055.56,2999.5499999999997,56.01,1.87,16120509.0,20083472700.0
BK1215.DC,20220809,3058.95,3079.01,3033.7,3077.86,3055.56,22.3,0.73,20179789.0,21567388602.0
BK1215.DC,20220810,3060.93,3091.98,3057.97,3087.59,3077.86,9.73,0.32,17889092.0,19557255367.0
BK1215.DC,20220811,3096.18,3134.31,3096.18,3125.03,3087.59,37.44,1.21,16897481.0,21430542140.0
BK1215.DC,20220812,3121.84,3121.84,3070.06,3070.85,3125.0299999999997,-54.18,-1.73,15505830.0,19925587907.0
BK1215.DC,20220815,3064.55,3081.19,3048.79,3077.19,3070.85,6.34,0.21,12814883.0,17404478366.0
BK1215.DC,20220816,3085.3,3094.61,3067.11,3078.54,3077.19,1.35,0.04,12134936.0,16554987438.0
BK1215.DC,20220817,3077.87,3091.8,3064.84,3091.8,3078.54,13.26,0.43,12940210.0,15754945297.0
BK1215.DC,20220818,3086.79,3134.79,3072.78,3132.92,3091.8,41.12,1.33,14371187.0,18656420092.0
BK1215.DC,20220819,3136.65,3166.21,3075.65,3075.65,3132.92,-57.27,-1.83,17771481.0,22752562429.0
BK1215.DC,20220822,3063.74,3092.71,3045.23,3077.06,3075.65,1.41,0.05,14976063.0,18451112502.0
BK1215.DC,20220823,3076.58,3106.34,3069.64,3086.02,3077.06,8.96,0.29,12527979.0,16423827028.0
BK1215.DC,20220824,3089.13,3089.13,2972.07,2978.01,3086.0200000000004,-108.01,-3.5,15226127.0,19416228174.0
BK1215.DC,20220825,2989.53,2994.24,2916.63,2946.21,2978.01,-31.8,-1.07,12904815.0,16191093891.0
BK1215.DC,20220826,2954.26,2981.23,2917.23,2922.54,2946.21,-23.67,-0.8,12019064.0,14975812266.0
BK1215.DC,20220829,2884.25,2940.44,2863.17,2940.22,2922.54,17.68,0.6,10734866.0,13901747741.0
BK1215.DC,20220830,2945.4,2992.44,2939.11,2964.3,2940.2200000000003,24.08,0.82,13478747.0,17806416377.0
BK1215.DC,20220831,2967.44,2977.95,2872.44,2875.76,2964.3,-88.54,-2.99,14709954.0,19659721162.0
BK1215.DC,20220901,2875.89,2909.61,2858.36,2860.0,2875.76,-15.76,-0.55,15726404.0,18741265451.0
BK1215.DC,20220902,2864.15,2989.37,2864.15,2987.68,2860.0,127.68,4.46,17276058.0,20764893570.0
BK1215.DC,20220905,2999.95,2999.95,2952.69,2969.9,2987.6800000000003,-17.78,-0.6,16746743.0,20015396340.0
BK1215.DC,20220906,2969.59,3003.12,2956.28,3003.12,2969.9,33.22,1.12,16817354.0,21036574159.0
BK1215.DC,20220907,2993.27,3025.91,2989.34,3006.75,3003.12,3.63,0.12,15319282.0,19070828711.0
BK1215.DC,20220908,3004.26,3015.18,2964.37,2964.9,3006.75,-41.85,-1.39,14671376.0,16450700682.0
BK1215.DC,20220909,2963.47,2963.47,2920.93,2945.22,2964.8999999999996,-19.68,-0.66,13416630.0,14823942722.0
BK1215.DC,20220913,2955.66,2976.2,2929.85,2939.0,2945.22,-6.22,-0.21,11843706.0,13889054059.0
BK1215.DC,20220914,2895.49,2911.76,2882.48,2906.46,2939.0,-32.54,-1.11,11672001.0,13228330482.0
BK1215.DC,20220915,2916.96,2916.96,2786.96,2814.94,2906.46,-91.52,-3.15,13093011.0,15949317638.0
BK1215.DC,20220916,2816.4,2845.45,2783.22,2783.22,2814.9399999999996,-31.72,-1.13,12469906.0,14118563738.0
BK1215.DC,20220919,2775.58,2777.78,2721.73,2733.49,2783.22,-49.73,-1.79,11511910.0,13361390102.0
BK1215.DC,20220920,2749.7,2781.81,2743.92,2762.0,2733.49,28.51,1.04,9300094.0,11756611398.0
BK1215.DC,20220921,2753.82,2777.91,2702.09,2767.68,2762.0,5.68,0.21,9249367.0,10890653607.0
BK1215.DC,20220922,2748.79,2793.83,2748.79,2765.38,2767.6800000000003,-2.3,-0.08,8474432.0,11115148925.0
BK1215.DC,20220923,2765.23,2765.23,2677.63,2693.84,2765.38,-71.54,-2.59,12508197.0,13478126045.0
BK1215.DC,20220926,2673.84,2685.21,2638.81,2640.28,2693.84,-53.56,-1.99,10466148.0,12581957660.0
BK1215.DC,20220927,2645.99,2702.91,2645.99,2702.91,2640.2799999999997,62.63,2.37,10196564.0,12492672828.0
BK1215.DC,20220928,2698.42,2698.42,2620.49,2620.49,2702.91,-82.42,-3.05,9512307.0,11011441524.0
BK1215.DC,20220929,2646.79,2646.96,2586.37,2599.49,2620.49,-21.0,-0.8,9129501.0,10161582225.0
BK1215.DC,20220930,2598.26,2604.16,2562.89,2562.89,2599.49,-36.6,-1.41,7603882.0,9065884941.0
BK1215.DC,20221010,2572.28,2575.94,2508.56,2515.91,2562.89,-46.98,-1.83,9199735.0,10327499265.0
BK1215.DC,20221011,2521.41,2550.8,2508.16,2541.14,2515.91,25.23,1.0,7677307.0,9497585591.0
BK1215.DC,20221012,2548.27,2648.85,2542.03,2648.85,2541.14,107.71,4.24,12209319.0,13742684231.0
BK1215.DC,20221013,2645.05,2727.47,2645.05,2701.68,2648.85,52.83,1.99,13001074.0,14494436005.0
BK1215.DC,20221014,2716.58,2742.8,2714.42,2737.15,2701.6800000000003,35.47,1.31,12711241.0,15580635323.0
BK1215.DC,20221017,2725.58,2799.29,2725.58,2799.29,2737.15,62.14,2.27,11884675.0,13828142407.0
BK1215.DC,20221018,2804.57,2822.42,2778.44,2812.27,2799.29,12.98,0.46,12539975.0,15398847964.0
BK1215.DC,20221019,2806.63,2818.68,2797.44,2799.48,2812.27,-12.79,-0.45,10523308.0,13967567832.0
BK1215.DC,20221020,2791.71,2831.94,2766.28,2798.61,2799.48,-0.87,-0.03,11437391.0,14667032706.0
BK1215.DC,20221021,2804.58,2821.05,2773.22,2804.26,2798.61,5.65,0.2,11150169.0,14875441747.0
BK1215.DC,20221024,2810.83,2844.83,2756.49,2769.96,2804.26,-34.3,-1.22,12334975.0,15517779719.0
BK1215.DC,20221025,2763.68,2786.93,2722.43,2760.35,2769.96,-9.61,-0.35,10783683.0,13588407362.0
BK1215.DC,20221026,2767.53,2856.16,2767.53,2839.81,2760.35,79.46,2.88,11911673.0,15938674867.0
BK1215.DC,20221027,2859.9,2877.83,2828.89,2830.96,2839.81,-8.85,-0.31,17144365.0,24778358926.0
BK1215.DC,20221028,2812.54,2829.94,2724.58,2734.04,2830.96,-96.92,-3.42,14913850.0,18765281059.0
BK1215.DC,20221031,2730.77,2843.15,2730.77,2819.22,2734.04,85.18,3.12,15167264.0,19697212927.0
BK1215.DC,20221101,2825.45,2855.14,2797.39,2855.14,2819.22,35.92,1.27,15407588.0,20843439653.0
BK1215.DC,20221102,2860.86,2908.23,2860.86,2902.92,2855.14,47.78,1.67,21592528.0,23825777970.0
BK1215.DC,20221103,2882.65,2893.51,2861.73,2887.94,2902.92,-14.98,-0.52,23974672.0,22846651890.0
BK1215.DC,20221104,2887.28,2917.7,2876.06,2914.97,2887.9399999999996,27.03,0.94,19745956.0,21330824710.0
BK1215.DC,20221107,2910.2,2932.36,2888.34,2926.81,2914.97,11.84,0.41,18897043.0,22732929609.0
BK1215.DC,20221108,2923.51,2924.18,2882.93,2924.18,2926.81,-2.63,-0.09,15716672.0,18655809862.0
BK1215.DC,20221109,2922.33,2927.31,2891.29,2897.94,2924.18,-26.24,-0.9,12368037.0,14484909488.0
BK1215.DC,20221110,2885.63,2917.59,2878.44,2882.64,2897.94,-15.3,-0.53,13303819.0,15057280567.0
BK1215.DC,20221111,2934.32,2938.42,2877.35,2877.35,2882.64,-5.29,-0.18,16432277.0,19239117123.0
BK1215.DC,20221114,2880.08,2898.27,2855.57,2871.71,2877.35,-5.64,-0.2,17045978.0,18092995693.0
BK1215.DC,20221115,2865.64,2939.71,2862.47,2939.71,2871.71,68.0,2.37,20279062.0,20698743552.0
BK1215.DC,20221116,2941.5,2972.5,2936.69,2952.73,2939.71,13.02,0.44,21667266.0,22367835321.0
BK1215.DC,20221117,2954.01,2995.85,2936.06,2995.85,2952.73,43.12,1.46,21247772.0,22793515090.0
BK1215.DC,20221118,2993.45,3026.6,2968.84,2971.23,2995.85,-24.62,-0.82,24603590.0,25995211130.0
BK1215.DC,20221121,2959.85,2973.77,2928.77,2969.24,2971.2299999999996,-1.99,-0.07,16403005.0,17309618377.0
BK1215.DC,20221122,2964.9,3025.28,2960.68,2977.82,2969.2400000000002,8.58,0.29,25714286.0,25985787272.0
BK1215.DC,20221123,2963.04,2963.04,2870.69,2909.34,2977.82,-68.48,-2.3,27406577.0,24750104422.0
BK1215.DC,20221124,2909.95,2949.13,2899.56,2904.74,2909.3399999999997,-4.6,-0.16,17523325.0,17345381607.0
BK1215.DC,20221125,2902.07,2902.46,2858.14,2858.22,2904.74,-46.52,-1.6,25519380.0,20010571314.0
BK1215.DC,20221128,2821.78,2837.81,2808.53,2825.39,2858.22,-32.83,-1.15,23126553.0,22224136651.0
BK1215.DC,20221129,2825.0,2859.24,2822.43,2857.71,2825.39,32.32,1.14,18511770.0,18035717331.0
BK1215.DC,20221130,2854.82,2865.14,2824.08,2854.08,2857.71,-3.63,-0.13,24216464.0,20151214046.0
BK1215.DC,20221201,2867.43,2924.03,2867.43,2900.77,2854.08,46.69,1.64,29885811.0,26087151954.0
BK1215.DC,20221202,2892.89,2951.83,2892.89,2938.55,2900.77,37.78,1.3,21505082.0,20294233048.0
BK1215.DC,20221205,2952.09,2976.1,2945.09,2961.95,2938.5499999999997,23.4,0.8,31017566.0,26667534364.0
BK1215.DC,20221206,2952.72,2958.58,2919.45,2930.66,2961.95,-31.29,-1.06,24933437.0,22252261517.0
BK1215.DC,20221207,2921.05,2921.89,2895.48,2907.5,2930.66,-23.16,-0.79,22676319.0,19589862276.0
BK1215.DC,20221208,2904.75,2904.75,2869.37,2873.26,2907.5,-34.24,-1.18,18645605.0,16336746641.0
BK1215.DC,20221209,2874.08,2875.59,2844.01,2850.16,2873.2599999999998,-23.1,-0.8,18181440.0,17228734883.0
BK1215.DC,20221212,2849.44,2874.95,2838.35,2870.27,2850.16,20.11,0.71,17932123.0,15848457174.0
BK1215.DC,20221213,2867.18,2867.18,2823.59,2825.72,2870.27,-44.55,-1.55,13785335.0,13474454528.0
BK1215.DC,20221214,2831.8,2855.12,2811.96,2817.78,2825.7200000000003,-7.94,-0.28,16116631.0,14101165390.0
BK1215.DC,20221215,2814.29,2857.15,2805.03,2852.58,2817.7799999999997,34.8,1.24,14203585.0,12734803523.0
BK1215.DC,20221216,2837.06,2837.06,2780.13,2786.51,2852.5800000000004,-66.07,-2.32,14307469.0,13492887118.0
BK1215.DC,20221219,2782.61,2786.99,2728.16,2736.92,2786.51,-49.59,-1.78,15226498.0,12642291881.0
BK1215.DC,20221220,2741.38,2756.82,2725.14,2736.02,2736.92,-0.9,-0.03,12320287.0,11734941421.0
BK1215.DC,20221221,2734.52,2734.52,2685.37,2695.03,2736.02,-40.99,-1.5,10401587.0,9897323795.0
BK1215.DC,20221222,2708.75,2708.75,2646.8,2651.41,2695.0299999999997,-43.62,-1.62,12931802.0,11898035296.0
BK1215.DC,20221223,2638.65,2682.37,2638.29,2669.02,2651.41,17.61,0.66,15095275.0,11864357710.0
BK1215.DC,20221226,2669.09,2710.41,2669.09,2709.61,2669.02,40.59,1.52,11112959.0,10771685339.0
BK1215.DC,20221227,2714.78,2722.2,2687.3,2714.44,2709.61,4.83,0.18,11161699.0,11275250581.0
BK1215.DC,20221228,2710.51,2710.51,2662.17,2668.94,2714.44,-45.5,-1.68,13064604.0,12173311971.0
BK1215.DC,20221229,2663.19,2692.33,2663.19,2665.54,2668.94,-3.4,-0.13,10327781.0,9987226036.0
BK1215.DC,20221230,2672.63,2698.0,2664.76,2685.12,2665.54,19.58,0.73,9705421.0,10137244670.0
BK1215.DC,20230103,2684.6,2799.83,2684.6,2797.45,2685.12,112.33,4.18,21252151.0,19805183188.0
BK1215.DC,20230104,2806.33,2828.36,2805.56,2828.36,2797.4500000000003,30.91,1.1,22233626.0,20199423052.0
BK1215.DC,20230105,2830.94,2832.92,2815.15,2831.92,2828.36,3.56,0.13,18411506.0,17170809994.0
BK1215.DC,20230106,2830.59,2841.03,2814.15,2819.04,2831.92,-12.88,-0.45,15075067.0,15120377774.0
BK1215.DC,20230109,2824.83,2839.06,2813.69,2821.74,2819.04,2.7,0.1,13554531.0,14141046977.0
BK1215.DC,20230110,2823.45,2828.72,2809.86,2819.95,2821.74,-1.79,-0.06,11840303.0,12630274240.0
BK1215.DC,20230111,2817.33,2840.48,2799.87,2801.08,2819.95,-18.87,-0.67,15012399.0,15609140584.0
BK1215.DC,20230112,2804.37,2829.44,2796.42,2820.64,2801.08,19.56,0.7,15123669.0,15309748825.0
BK1215.DC,20230113,2828.29,2828.29,2791.23,2809.57,2820.6400000000003,-11.07,-0.39,15630177.0,15888765848.0
BK1215.DC,20230116,2810.48,2850.52,2810.48,2839.94,2809.57,30.37,1.08,16564914.0,17410800104.0
BK1215.DC,20230117,2845.34,2856.4,2830.92,2837.97,2839.9399999999996,-1.97,-0.07,12535544.0,13625654093.0
BK1215.DC,20230118,2841.56,2878.47,2834.23,2871.68,2837.97,33.71,1.19,15296302.0,14695413993.0
BK1215.DC,20230119,2863.5,2888.07,2863.5,2888.07,2871.6800000000003,16.39,0.57,18454902.0,18444790883.0
BK1215.DC,20230120,2892.65,2927.4,2892.65,2918.16,2888.0699999999997,30.09,1.04,27238080.0,22471271300.0
BK1215.DC,20230130,2954.88,2971.25,2946.97,2956.6,2918.16,38.44,1.32,27195950.0,24166946999.0
BK1215.DC,20230131,2950.17,2966.65,2941.42,2966.65,2956.6,10.05,0.34,20560980.0,20058639323.0
BK1215.DC,20230201,2970.13,3033.08,2965.56,3033.08,2966.65,66.43,2.24,23451734.0,22820862381.0
BK1215.DC,20230202,3036.49,3070.8,3036.49,3048.96,3033.08,15.88,0.52,25795175.0,25921333650.0
BK1215.DC,20230203,3042.34,3079.0,3034.4,3078.88,3048.96,29.92,0.98,24298126.0,26552975376.0
BK1215.DC,20230206,3075.14,3113.97,3069.39,3104.55,3078.88,25.67,0.83,24350045.0,26790053766.0
BK1215.DC,20230207,3100.86,3156.18,3090.7,3152.2,3104.5499999999997,47.65,1.53,22287908.0,27669432035.0
BK1215.DC,20230208,3159.39,3166.42,3110.15,3111.63,3152.2000000000003,-40.57,-1.29,23854426.0,26422035568.0
BK1215.DC,20230209,3097.48,3220.15,3090.24,3220.15,3111.63,108.52,3.49,25830835.0,33335230603.0
BK1215.DC,20230210,3225.91,3272.07,3213.12,3226.73,3220.15,6.58,0.2,27226608.0,38388131011.0
BK1215.DC,20230213,3223.3,3251.55,3212.87,3247.88,3226.73,21.15,0.66,23759145.0,32087486131.0
BK1215.DC,20230214,3251.58,3256.0,3218.32,3224.04,3247.88,-23.84,-0.73,19867858.0,26684736492.0
BK1215.DC,20230215,3227.31,3300.51,3227.31,3296.08,3224.04,72.04,2.23,29652833.0,37593726867.0
BK1215.DC,20230216,3282.39,3306.34,3187.53,3207.31,3296.08,-88.77,-2.69,40572465.0,48678683316.0
BK1215.DC,20230217,3214.14,3229.77,3133.12,3133.12,3207.31,-74.19,-2.31,27530512.0,32008519403.0
BK1215.DC,20230220,3137.35,3180.93,3120.48,3180.74,3133.12,47.62,1.52,29505130.0,31364129247.0
BK1215.DC,20230221,3187.73,3217.65,3163.87,3188.97,3180.74,8.23,0.26,29034597.0,30964426639.0
BK1215.DC,20230222,3172.41,3210.13,3153.89,3206.27,3188.97,17.3,0.54,29678712.0,29453564052.0
BK1215.DC,20230223,3202.91,3202.91,3152.5,3165.22,3206.27,-41.05,-1.28,26614369.0,27824020247.0
BK1215.DC,20230224,3168.57,3202.16,3165.69,3190.93,3165.22,25.71,0.81,21879162.0,25075490983.0
BK1215.DC,20230227,3180.72,3203.28,3165.38,3169.12,3190.93,-21.81,-0.68,22532072.0,27547307258.0
BK1215.DC,20230228,3212.72,3261.34,3183.26,3223.72,3169.12,54.6,1.72,33136683.0,39376575059.0
BK1215.DC,20230301,3222.86,3333.35,3222.86,3332.36,3223.7200000000003,108.64,3.37,46589189.0,53169073811.0
BK1215.DC,20230302,3339.24,3414.6,3339.24,3372.98,3332.36,40.62,1.22,45525745.0,55481455402.0
BK1215.DC,20230303,3353.93,3369.32,3305.4,3335.01,3372.98,-37.97,-1.13,39064817.0,46241311177.0
BK1215.DC,20230306,3334.09,3377.11,3334.09,3346.69,3335.01,11.68,0.35,34618470.0,43257966790.0
BK1215.DC,20230307,3339.72,3339.72,3228.09,3231.12,3346.69,-115.57,-3.45,34868984.0,41689893098.0
BK1215.DC,20230308,3229.47,3332.7,3229.47,3332.69,3231.12,101.57,3.14,30166530.0,35328632492.0
BK1215.DC,20230309,3334.47,3389.12,3308.54,3372.84,3332.69,40.15,1.2,39246448.0,43286266020.0
BK1215.DC,20230310,3339.48,3367.13,3318.04,3320.67,3372.84,-52.17,-1.55,37035743.0,40685961874.0
BK1215.DC,20230313,3306.53,3385.12,3299.51,3385.12,3320.67,64.45,1.94,40860482.0,47962699838.0
BK1215.DC,20230314,3379.41,3379.41,3296.96,3338.04,3385.12,-47.08,-1.39,42056109.0,48281663261.0
BK1215.DC,20230315,3356.43,3357.24,3305.18,3311.98,3338.04,-26.06,-0.78,31633413.0,37784084189.0
BK1215.DC,20230316,3288.21,3300.19,3248.68,3250.93,3311.98,-61.05,-1.84,28922545.0,33926361570.0
BK1215.DC,20230317,3275.42,3367.83,3275.42,3349.95,3250.93,99.02,3.05,38919073.0,49390003107.0
BK1215.DC,20230320,3353.22,3373.75,3315.77,3320.69,3349.9500000000003,-29.26,-0.87,46311117.0,59041781013.0
BK1215.DC,20230321,3317.68,3364.29,3288.21,3364.29,3320.69,43.6,1.31,31584580.0,39609831409.0
BK1215.DC,20230322,3368.39,3486.48,3354.94,3486.48,3364.29,122.19,3.63,38436425.0,56966215165.0
BK1215.DC,20230323,3468.09,3537.49,3464.26,3537.49,3486.4799999999996,51.01,1.46,43049556.0,66032154198.0
BK1215.DC,20230324,3532.46,3554.71,3490.32,3554.56,3537.49,17.07,0.48,44986096.0,65783902596.0
BK1215.DC,20230327,3552.61,3592.1,3521.46,3584.65,3554.56,30.09,0.85,45479904.0,66861638377.0
BK1215.DC,20230328,3569.82,3583.56,3524.1,3533.52,3584.65,-51.13,-1.43,39525996.0,57193205854.0
BK1215.DC,20230329,3524.28,3599.1,3511.32,3567.7,3533.52,34.18,0.97,37997574.0,55849973029.0
BK1215.DC,20230330,3563.14,3563.23,3468.11,3486.06,3567.7,-81.64,-2.29,36633405.0,53567395696.0
BK1215.DC,20230331,3480.71,3552.69,3453.21,3548.65,3486.06,62.59,1.8,32666153.0,47447325729.0
BK1215.DC,20230403,3548.38,3649.13,3548.38,3649.12,3548.65,100.47,2.83,45794724.0,73108048967.0
BK1215.DC,20230404,3642.09,3663.14,3601.99,3637.91,3649.12,-11.21,-0.31,46846814.0,71109020073.0
BK1215.DC,20230406,3603.27,3696.82,3603.27,3669.21,3637.91,31.3,0.86,40329286.0,71561373636.0
BK1215.DC,20230407,3674.45,3705.04,3623.01,3705.04,3669.21,35.83,0.98,35719122.0,63621871172.0
BK1215.DC,20230410,3697.75,3741.36,3605.55,3618.02,3705.04,-87.02,-2.35,39754510.0,67668625087.0
BK1215.DC,20230411,3612.6,3657.54,3575.06,3631.05,3618.02,13.03,0.36,30425104.0,51948078185.0
BK1215.DC,20230412,3622.2,3749.28,3602.98,3749.28,3631.05,118.23,3.26,40666530.0,63953884579.0
BK1215.DC,20230413,3734.03,3734.03,3637.83,3646.99,3749.2799999999997,-102.29,-2.73,34821492.0,60403788521.0
BK1215.DC,20230414,3648.97,3687.96,3584.84,3660.84,3646.9900000000002,13.85,0.38,29376761.0,50079146081.0
BK1215.DC,20230417,3644.46,3644.46,3566.12,3582.04,3660.84,-78.8,-2.15,29785504.0,46122010983.0
BK1215.DC,20230418,3580.04,3680.4,3543.13,3651.36,3582.04,69.32,1.94,35188456.0,60742557695.0
BK1215.DC,20230419,3642.85,3760.41,3642.85,3698.17,3651.36,46.81,1.28,41078551.0,66622795803.0
BK1215.DC,20230420,3700.6,3796.02,3700.6,3796.02,3698.17,97.85,2.65,36222333.0,66769401494.0
BK1215.DC,20230421,3786.41,3786.42,3621.35,3621.35,3796.02,-174.67,-4.6,40009279.0,68546416648.0
BK1215.DC,20230424,3614.92,3683.77,3614.51,3656.53,3621.3500000000004,35.18,0.97,33460925.0,63495538256.0
BK1215.DC,20230425,3636.17,3636.17,3512.25,3544.16,3656.5299999999997,-112.37,-3.07,35591591.0,62218746307.0
BK1215.DC,20230426,3521.42,3574.73,3434.5,3463.19,3544.16,-80.97,-2.28,33708394.0,61535805920.0
BK1215.DC,20230427,3422.1,3463.18,3363.59,3385.11,3463.19,-78.08,-2.25,26999675.0,50127220338.0
BK1215.DC,20230428,3370.6,3532.43,3370.6,3525.92,3385.11,140.81,4.16,27980788.0,50043014849.0
BK1215.DC,20230504,3510.05,3539.21,3449.87,3481.16,3525.92,-44.76,-1.27,28132636.0,49014797898.0
BK1215.DC,20230505,3473.39,3473.39,3390.29,3422.14,3481.16,-59.02,-1.7,26836639.0,44586342287.0
BK1215.DC,20230508,3427.27,3472.13,3401.15,3463.91,3422.14,41.77,1.22,28999429.0,44930055794.0
BK1215.DC,20230509,3450.48,3475.6,3384.73,3385.34,3463.9100000000003,-78.57,-2.27,26812042.0,42022078138.0
BK1215.DC,20230510,3382.6,3416.96,3353.1,3375.98,3385.34,-9.36,-0.28,22222723.0,37517304179.0
BK1215.DC,20230511,3375.31,3388.27,3349.07,3374.01,3375.98,-1.97,-0.06,20237748.0,32481156040.0
BK1215.DC,20230512,3371.09,3403.81,3351.69,3357.41,3374.0099999999998,-16.6,-0.49,18586737.0,34038842423.0
BK1215.DC,20230515,3355.39,3379.0,3288.89,3379.0,3357.41,21.59,0.64,22975981.0,38289025867.0
BK1215.DC,20230516,3372.24,3372.24,3319.53,3329.18,3379.0,-49.82,-1.47,18458378.0,33057024665.0
BK1215.DC,20230517,3313.45,3398.55,3313.45,3398.55,3329.1800000000003,69.37,2.08,22185903.0,35591874251.0
BK1215.DC,20230518,3412.88,3537.39,3412.88,3533.03,3398.55,134.48,3.96,28552019.0,52446153594.0
BK1215.DC,20230519,3510.77,3534.14,3494.04,3524.74,3533.0299999999997,-8.29,-0.23,23747923.0,48271348629.0
BK1215.DC,20230522,3512.24,3516.61,3472.66,3495.92,3524.7400000000002,-28.82,-0.82,17904962.0,35439027726.0
BK1215.DC,20230523,3487.69,3503.47,3455.83,3461.36,3495.92,-34.56,-0.99,20099097.0,38705049247.0
BK1215.DC,20230524,3436.37,3534.06,3433.63,3493.73,3461.36,32.37,0.94,19820332.0,42002065686.0
BK1215.DC,20230525,3514.89,3559.69,3436.2,3501.25,3493.73,7.52,0.22,25016256.0,53705440304.0
BK1215.DC,20230526,3484.43,3573.54,3484.43,3557.96,3501.25,56.71,1.62,25949455.0,51970985527.0
BK1215.DC,20230529,3563.94,3620.27,3559.97,3588.35,3557.96,30.39,0.85,26349605.0,53839927474.0
BK1215.DC,20230530,3579.54,3653.87,3556.35,3653.87,3588.35,65.52,1.83,28378231.0,55949687608.0
BK1215.DC,20230531,3644.01,3684.75,3638.32,3678.78,3653.8700000000003,24.91,0.68,24789481.0,50026624234.0
BK1215.DC,20230601,3658.37,3720.85,3658.04,3699.66,3678.7799999999997,20.88,0.57,29000689.0,49780312659.0
BK1215.DC,20230602,3707.96,3729.05,3698.46,3703.82,3699.6600000000003,4.16,0.11,25701683.0,46962655076.0
BK1215.DC,20230605,3700.7,3801.15,3700.7,3779.06,3703.82,75.24,2.03,25554286.0,48128954119.0
BK1215.DC,20230606,3770.76,3791.5,3681.85,3690.18,3779.06,-88.88,-2.35,24739627.0,47795082457.0
BK1215.DC,20230607,3696.46,3779.25,3676.47,3773.23,3690.18,83.05,2.25,22459713.0,43688675326.0
BK1215.DC,20230608,3773.55,3783.59,3729.55,3756.7,3773.23,-16.53,-0.44,25510965.0,49200912920.0
BK1215.DC,20230609,3752.47,3842.31,3736.27,3842.31,3756.7,85.61,2.28,32443851.0,61996649226.0
BK1215.DC,20230612,3838.64,3884.68,3838.64,3874.99,3842.31,32.68,0.85,30062316.0,60688912492.0
BK1215.DC,20230613,3855.09,3912.81,3831.77,3904.46,3874.9900000000002,29.47,0.76,27584753.0,54768060200.0
BK1215.DC,20230614,3905.24,3990.86,3898.67,3976.9,3904.46,72.44,1.86,32384201.0,67500592999.0
BK1215.DC,20230615,3973.52,4060.03,3973.52,3988.45,3976.8999999999996,11.55,0.29,35893717.0,76415985316.0
BK1215.DC,20230616,3971.24,4084.71,3943.79,4080.51,3988.4500000000003,92.06,2.31,34521147.0,77882259979.0
BK1215.DC,20230619,4084.46,4187.34,4077.95,4178.25,4080.51,97.74,2.4,38202752.0,88041827820.0
BK1215.DC,20230620,4144.17,4144.17,4085.36,4139.4,4178.25,-38.85,-0.93,33568223.0,82511663294.0
BK1215.DC,20230621,4129.81,4129.81,4032.92,4038.41,4139.4,-100.99,-2.44,31748515.0,74076510599.0
BK1215.DC,20230626,3997.28,4034.66,3883.42,3897.49,4038.41,-140.92,-3.49,26609898.0,65101953584.0
BK1215.DC,20230627,3898.2,3951.95,3878.53,3943.79,3897.49,46.3,1.19,23474970.0,52888273716.0
BK1215.DC,20230628,3939.65,3939.66,3767.67,3857.89,3943.79,-85.9,-2.18,25797829.0,56465817760.0
BK1215.DC,20230629,3852.31,3968.42,3852.31,3958.43,3857.89,100.54,2.61,25432403.0,57773043591.0
BK1215.DC,20230630,3938.57,4053.2,3938.57,4025.93,3958.43,67.5,1.71,28839812.0,67010752758.0
BK1215.DC,20230703,4030.19,4040.71,3934.51,3990.24,4025.93,-35.69,-0.89,28046443.0,61535085851.0
BK1215.DC,20230704,3980.86,4019.38,3980.86,4010.34,3990.2400000000002,20.1,0.5,21932274.0,51688036164.0
BK1215.DC,20230705,4005.36,4030.37,3954.07,3958.7,4010.3399999999997,-51.64,-1.29,23841949.0,51619931345.0
BK1215.DC,20230706,3941.36,4038.01,3932.54,3989.03,3958.7000000000003,30.33,0.77,23378202.0,51053163603.0
BK1215.DC,20230707,3977.48,3979.53,3875.36,3928.84,3989.03,-60.19,-1.51,21549471.0,50698306416.0
BK1215.DC,20230710,3934.24,3934.24,3868.67,3886.9,3928.84,-41.94,-1.07,18007992.0,39125330574.0
BK1215.DC,20230711,3892.68,3936.64,3887.61,3918.45,3886.8999999999996,31.55,0.81,18792278.0,40569162631.0
BK1215.DC,20230712,3909.58,3909.59,3788.2,3789.84,3918.4500000000003,-128.61,-3.28,25513679.0,53287344825.0
BK1215.DC,20230713,3800.55,3870.08,3789.17,3865.1,3789.8399999999997,75.26,1.99,21392613.0,49327435291.0
BK1215.DC,20230714,3874.9,3970.17,3874.9,3934.94,3865.1,69.84,1.81,34658388.0,66971029083.0
BK1215.DC,20230717,3923.76,3953.6,3904.04,3925.52,3934.94,-9.42,-0.24,27232531.0,50870193200.0
BK1215.DC,20230718,3927.06,3927.06,3862.5,3867.53,3925.52,-57.99,-1.48,20648066.0,39885492012.0
BK1215.DC,20230719,3871.07,3887.73,3840.96,3852.94,3867.53,-14.59,-0.38,17183515.0,31782459579.0
BK1215.DC,20230720,3856.11,3856.11,3751.67,3756.43,3852.94,-96.51,-2.5,19904030.0,44474178677.0
BK1215.DC,20230721,3749.88,3770.8,3713.1,3732.15,3756.4300000000003,-24.28,-0.65,16403403.0,34064303704.0
BK1215.DC,20230724,3722.14,3793.71,3709.39,3758.21,3732.15,26.06,0.7,16997536.0,33839744932.0
BK1215.DC,20230725,3784.04,3803.24,3751.21,3790.74,3758.2099999999996,32.53,0.87,18128126.0,37799452614.0
BK1215.DC,20230726,3785.95,3785.95,3707.29,3715.04,3790.74,-75.7,-2.0,15982422.0,33401802651.0
BK1215.DC,20230727,3712.7,3733.59,3663.32,3669.29,3715.04,-45.75,-1.23,13620000.0,25845340840.0
BK1215.DC,20230728,3663.76,3687.71,3640.15,3680.72,3669.29,11.43,0.31,17914054.0,30212963843.0
BK1215.DC,20230731,3670.86,3699.19,3655.16,3692.13,3680.7200000000003,11.41,0.31,19628994.0,32907886108.0
BK1215.DC,20230801,3687.88,3712.08,3652.33,3704.8,3692.13,12.67,0.34,18531832.0,36876273570.0
BK1215.DC,20230802,3702.61,3725.58,3691.9,3717.98,3704.8,13.18,0.36,18011730.0,30685233167.0
BK1215.DC,20230803,3692.6,3726.94,3678.51,3687.29,3717.98,-30.69,-0.83,15092542.0,26986578235.0
BK1215.DC,20230804,3686.96,3786.41,3686.96,3781.28,3687.2900000000004,93.99,2.55,31966568.0,48043598049.0
BK1215.DC,20230807,3789.19,3828.58,3789.18,3798.77,3781.28,17.49,0.46,25558446.0,51929597525.0
BK1215.DC,20230808,3795.54,3827.19,3781.88,3787.06,3798.77,-11.71,-0.31,18558575.0,38646788140.0
BK1215.DC,20230809,3767.76,3783.13,3706.21,3708.43,3787.06,-78.63,-2.08,16912873.0,36655673799.0
BK1215.DC,20230810,3699.74,3719.77,3681.47,3698.39,3708.43,-10.04,-0.27,15837005.0,28131673699.0
BK1215.DC,20230811,3705.61,3707.87,3632.26,3632.26,3698.3900000000003,-66.13,-1.79,20381899.0,28642704229.0
BK1215.DC,20230814,3601.41,3684.85,3601.41,3684.85,3632.2599999999998,52.59,1.45,18888081.0,30789403708.0
BK1215.DC,20230815,3701.38,3724.9,3627.68,3645.52,3684.85,-39.33,-1.07,16922614.0,33777541411.0
BK1215.DC,20230816,3627.8,3627.8,3563.43,3572.79,3645.52,-72.73,-2.0,16749268.0,31194789415.0
BK1215.DC,20230817,3552.97,3655.42,3534.82,3643.19,3572.79,70.4,1.97,15372510.0,30347157765.0
BK1215.DC,20230818,3638.73,3661.1,3553.57,3553.57,3643.19,-89.62,-2.46,16352357.0,32672913451.0
BK1215.DC,20230821,3550.16,3633.63,3550.16,3565.08,3553.5699999999997,11.51,0.32,15298737.0,29968708562.0
BK1215.DC,20230822,3595.43,3662.7,3563.74,3662.7,3565.08,97.62,2.74,27629802.0,45030105347.0
BK1215.DC,20230823,3644.81,3644.81,3570.43,3570.43,3662.7,-92.27,-2.52,18934352.0,33098099325.0
BK1215.DC,20230824,3596.27,3616.5,3549.33,3557.99,3570.43,-12.44,-0.35,19604433.0,36544647785.0
BK1215.DC,20230825,3513.06,3513.06,3389.91,3404.65,3557.9900000000002,-153.34,-4.31,20588448.0,37813429310.0
BK1215.DC,20230828,3594.08,3594.08,3410.64,3412.41,3404.6499999999996,7.76,0.23,22133137.0,37291469108.0
BK1215.DC,20230829,3405.26,3575.36,3405.26,3568.39,3412.41,155.98,4.57,21386174.0,38743828012.0
BK1215.DC,20230830,3578.35,3679.47,3578.35,3657.42,3568.39,89.03,2.49,22637109.0,39214716480.0
BK1215.DC,20230831,3642.99,3683.49,3627.87,3651.44,3657.42,-5.98,-0.16,16847593.0,30637833957.0
BK1215.DC,20230901,3651.29,3661.25,3599.23,3624.46,3651.44,-26.98,-0.74,14270527.0,25518125225.0
BK1215.DC,20230904,3642.3,3683.97,3626.58,3683.97,3624.4599999999996,59.51,1.64,19498684.0,28893391717.0
BK1215.DC,20230905,3675.89,3697.91,3653.13,3665.3,3683.9700000000003,-18.67,-0.51,18793905.0,30445633563.0
BK1215.DC,20230906,3647.17,3738.62,3618.6,3738.6,3665.2999999999997,73.3,2.0,19459239.0,31665228901.0
BK1215.DC,20230907,3730.86,3732.72,3667.27,3668.92,3738.6,-69.68,-1.86,18743203.0,30680556381.0
BK1215.DC,20230908,3649.73,3728.33,3619.08,3717.96,3668.92,49.04,1.34,18799659.0,28941164759.0
BK1215.DC,20230911,3721.51,3799.68,3699.85,3774.16,3717.96,56.2,1.51,23213674.0,43022989034.0
BK1215.DC,20230912,3763.3,3811.57,3754.21,3790.95,3774.16,16.79,0.44,21520739.0,40005309637.0
BK1215.DC,20230913,3769.32,3769.32,3675.76,3714.1,3790.95,-76.85,-2.03,21209413.0,36479916312.0
BK1215.DC,20230914,3741.52,3800.53,3728.34,3752.05,3714.1000000000004,37.95,1.02,24183758.0,40588304283.0
BK1215.DC,20230915,3748.67,3748.67,3668.26,3676.91,3752.0499999999997,-75.14,-2.0,22913663.0,39810319695.0
BK1215.DC,20230918,3651.52,3692.12,3630.37,3644.12,3676.91,-32.79,-0.89,20436850.0,32592296454.0
BK1215.DC,20230919,3630.48,3630.48,3557.48,3587.21,3644.12,-56.91,-1.56,17853633.0,28984725545.0
BK1215.DC,20230920,3577.77,3644.22,3577.77,3580.04,3587.21,-7.17,-0.2,17402475.0,30772272625.0
BK1215.DC,20230921,3562.85,3647.11,3559.83,3606.27,3580.04,26.23,0.73,18231717.0,30515945576.0
BK1215.DC,20230922,3597.89,3770.7,3597.89,3770.7,3606.27,164.43,4.56,25649386.0,51529739924.0
BK1215.DC,20230925,3776.45,3788.98,3756.79,3766.09,3770.7000000000003,-4.61,-0.12,22632118.0,46816306435.0
BK1215.DC,20230926,3751.3,3783.56,3738.04,3742.47,3766.0899999999997,-23.62,-0.63,22748641.0,48735201293.0
BK1215.DC,20230927,3731.96,3766.26,3713.82,3737.72,3742.47,-4.75,-0.13,19672070.0,40453358580.0
BK1215.DC,20230928,3753.56,3836.47,3753.56,3835.52,3737.72,97.8,2.62,23107102.0,45370311075.0
BK1215.DC,20231009,3823.33,3878.17,3823.22,3864.91,3835.52,29.39,0.77,28598858.0,51893929589.0
BK1215.DC,20231010,3870.77,3917.08,3870.77,3909.22,3864.91,44.31,1.15,26847546.0,45772802645.0
BK1215.DC,20231011,3907.69,3951.89,3864.48,3933.19,3909.2200000000003,23.97,0.61,29495316.0,49757413412.0
BK1215.DC,20231012,3934.81,3936.51,3897.32,3910.14,3933.19,-23.05,-0.59,30044713.0,46168247379.0
BK1215.DC,20231013,3889.78,3964.34,3876.94,3944.99,3910.14,34.85,0.89,30000283.0,48862782646.0
BK1215.DC,20231016,3938.43,3938.43,3870.89,3894.72,3944.99,-50.27,-1.27,28044682.0,43954429073.0
BK1215.DC,20231017,3888.47,3905.97,3846.79,3893.87,3894.72,-0.85,-0.02,27388919.0,43040663049.0
BK1215.DC,20231018,3864.2,3864.2,3778.25,3803.02,3893.87,-90.85,-2.33,26013685.0,44076613383.0
BK1215.DC,20231019,3780.71,3825.42,3750.53,3752.1,3803.02,-50.92,-1.34,25133200.0,38911144147.0
BK1215.DC,20231020,3729.02,3752.73,3616.68,3622.52,3752.1,-129.58,-3.45,22740370.0,34846841652.0
BK1215.DC,20231023,3604.78,3631.85,3527.17,3549.72,3622.52,-72.8,-2.01,22295646.0,36744455529.0
BK1215.DC,20231024,3567.72,3635.08,3538.13,3599.51,3549.7200000000003,49.79,1.4,25267693.0,46203793019.0
BK1215.DC,20231025,3606.19,3694.93,3593.09,3663.09,3599.51,63.58,1.77,30156064.0,48564283966.0
BK1215.DC,20231026,3634.52,3715.51,3628.86,3715.51,3663.09,52.42,1.43,31572449.0,50082992799.0
BK1215.DC,20231027,3692.83,3694.37,3632.61,3677.39,3715.5099999999998,-38.12,-1.03,27394947.0,42282386454.0
BK1215.DC,20231030,3648.45,3746.45,3648.45,3745.25,3677.39,67.86,1.85,27750322.0,42949600513.0
BK1215.DC,20231031,3737.73,3739.43,3670.95,3694.72,3745.25,-50.53,-1.35,23698511.0,36705532570.0
BK1215.DC,20231101,3700.19,3723.86,3672.97,3676.33,3694.72,-18.39,-0.5,20080292.0,30874545651.0
BK1215.DC,20231102,3679.71,3704.7,3609.54,3612.03,3676.3300000000004,-64.3,-1.75,21235092.0,32392864411.0
BK1215.DC,20231103,3622.48,3700.32,3622.48,3684.89,3612.0299999999997,72.86,2.02,20377860.0,34063874618.0
BK1215.DC,20231106,3702.38,3790.21,3702.38,3790.21,3684.89,105.32,2.86,25923187.0,42666653931.0
BK1215.DC,20231107,3783.72,3905.02,3774.17,3890.2,3790.21,99.99,2.64,28511812.0,54943001735.0
BK1215.DC,20231108,3881.93,3916.34,3856.13,3892.71,3890.2,2.51,0.06,27655493.0,51172157281.0
BK1215.DC,20231109,3891.02,3922.02,3852.79,3875.99,3892.7099999999996,-16.72,-0.43,23989977.0,47178228266.0
BK1215.DC,20231110,3852.76,3891.04,3840.44,3847.97,3875.99,-28.02,-0.72,18731276.0,36056926847.0
BK1215.DC,20231113,3862.22,3933.85,3862.22,3925.5,3847.97,77.53,2.01,24340390.0,45239842264.0
BK1215.DC,20231114,3931.13,3988.64,3922.94,3988.64,3925.5,63.14,1.61,24416681.0,43962060010.0
BK1215.DC,20231115,4021.68,4021.68,3971.79,3998.11,3988.6400000000003,9.47,0.24,23027552.0,43827596390.0
BK1215.DC,20231116,3989.03,4018.57,3973.85,3974.02,3998.11,-24.09,-0.6,21470280.0,39153268147.0
BK1215.DC,20231117,3969.54,4021.22,3955.46,4021.22,3974.02,47.2,1.19,25289382.0,46000711440.0
BK1215.DC,20231120,4017.87,4043.54,4003.85,4042.79,4021.22,21.57,0.54,22887154.0,41357642111.0
BK1215.DC,20231121,4049.78,4055.9,4001.58,4012.28,4042.7900000000004,-30.51,-0.75,29118473.0,48463637547.0
BK1215.DC,20231122,3996.63,4022.1,3969.95,3970.24,4012.2799999999997,-42.04,-1.05,29514460.0,46775037648.0
BK1215.DC,20231123,3955.52,3991.71,3928.87,3991.71,3970.2400000000002,21.47,0.54,21835385.0,33501727604.0
BK1215.DC,20231124,4003.84,4003.84,3896.91,3913.34,3991.71,-78.37,-1.96,22343962.0,33825077088.0
BK1215.DC,20231127,3903.04,3976.87,3903.04,3968.64,3913.3399999999997,55.3,1.41,21144883.0,35352794076.0
BK1215.DC,20231128,3951.63,3975.3,3925.67,3956.69,3968.64,-11.95,-0.3,19032314.0,30400587526.0
BK1215.DC,20231129,3948.69,3962.95,3919.89,3924.16,3956.69,-32.53,-0.82,18559235.0,29155015802.0
BK1215.DC,20231130,3917.31,3924.19,3847.57,3896.62,3924.16,-27.54,-0.7,19736995.0,33081073367.0
BK1215.DC,20231201,3895.79,3989.38,3879.26,3978.23,3896.62,81.61,2.09,24131189.0,45879639714.0
BK1215.DC,20231204,3978.03,4011.02,3970.74,3973.49,3978.2299999999996,-4.74,-0.12,20691639.0,40369193391.0
BK1215.DC,20231205,3970.03,3970.03,3869.94,3869.94,3973.4900000000002,-103.55,-2.61,21127308.0,37794508087.0
BK1215.DC,20231206,3854.38,3875.4,3834.53,3840.42,3869.94,-29.52,-0.76,17951830.0,29446288998.0
BK1215.DC,20231207,3836.22,3906.86,3836.22,3892.5,3840.42,52.08,1.36,18952997.0,35754779423.0
BK1215.DC,20231208,3898.62,3996.74,3898.62,3964.12,3892.5,71.62,1.84,27796072.0,57451090554.0
BK1215.DC,20231211,3937.45,3980.29,3901.09,3980.29,3964.12,16.17,0.41,21387986.0,43518146082.0
BK1215.DC,20231212,3975.8,4000.01,3959.52,3991.22,3980.29,10.93,0.27,19617151.0,39401007624.0
BK1215.DC,20231213,3985.95,3987.69,3940.95,3940.95,3991.22,-50.27,-1.26,16924840.0,30899119814.0
BK1215.DC,20231214,3951.67,3992.47,3923.13,3926.9,3940.9500000000003,-14.05,-0.36,19114101.0,34214057560.0
BK1215.DC,20231215,3926.14,3935.05,3861.93,3877.78,3926.9,-49.12,-1.25,18178660.0,30819432231.0
BK1215.DC,20231218,3865.87,3878.15,3808.56,3817.54,3877.7799999999997,-60.24,-1.55,16383544.0,27580326045.0
BK1215.DC,20231219,3813.43,3847.36,3796.05,3830.74,3817.54,13.2,0.35,14109593.0,23495798511.0
BK1215.DC,20231220,3834.34,3834.34,3761.84,3762.56,3830.74,-68.18,-1.78,15181237.0,25575311717.0
BK1215.DC,20231221,3744.24,3794.03,3688.2,3760.06,3762.56,-2.5,-0.07,16058013.0,28626338137.0
BK1215.DC,20231222,3754.72,3755.44,3668.34,3679.71,3760.06,-80.35,-2.14,17012088.0,27801685982.0
BK1215.DC,20231225,3679.0,3706.98,3649.57,3680.27,3679.71,0.56,0.02,12499951.0,20255581549.0
BK1215.DC,20231226,3676.82,3676.82,3592.01,3607.79,3680.27,-72.48,-1.97,13591272.0,21753647617.0
BK1215.DC,20231227,3614.37,3664.81,3609.8,3660.82,3607.79,53.03,1.47,16136917.0,22958157555.0
BK1215.DC,20231228,3652.52,3743.49,3629.91,3722.28,3660.82,61.46,1.68,21400336.0,33570276636.0
BK1215.DC,20231229,3720.68,3807.78,3720.27,3806.36,3722.28,84.08,2.26,18408785.0,31262473917.0
BK1215.DC,20240102,3806.16,3810.49,3771.77,3771.77,3806.36,-34.59,-0.91,16812357.0,25544645867.0
BK1215.DC,20240103,3757.04,3765.73,3695.64,3726.13,3771.77,-45.64,-1.21,14175990.0,24026301599.0
BK1215.DC,20240104,3726.4,3727.99,3694.11,3720.01,3726.13,-6.12,-0.16,13618504.0,21657473027.0
BK1215.DC,20240105,3722.85,3722.85,3592.65,3611.44,3720.01,-108.57,-2.92,15139132.0,24805477934.0
BK1215.DC,20240108,3605.08,3605.08,3528.64,3528.64,3611.44,-82.8,-2.29,13470217.0,20370129930.0
BK1215.DC,20240109,3542.92,3585.08,3502.99,3528.04,3528.64,-0.6,-0.02,15159602.0,22324840822.0
BK1215.DC,20240110,3515.61,3520.71,3437.27,3460.3,3528.04,-67.74,-1.92,12731405.0,18436754074.0
BK1215.DC,20240111,3465.53,3568.03,3465.53,3557.12,3460.2999999999997,96.82,2.8,14274704.0,22701456907.0
BK1215.DC,20240112,3547.91,3547.91,3477.16,3482.97,3557.12,-74.15,-2.08,11690188.0,18182489599.0
BK1215.DC,20240115,3470.24,3489.67,3439.83,3460.9,3482.9700000000003,-22.07,-0.63,10975761.0,17530180786.0
BK1215.DC,20240116,3462.0,3462.0,3393.41,3444.85,3460.9,-16.05,-0.46,14087770.0,20701412331.0
BK1215.DC,20240117,3439.3,3445.28,3360.74,3360.74,3444.85,-84.11,-2.44,11625633.0,18816762491.0
BK1215.DC,20240118,3347.07,3410.71,3288.58,3410.71,3360.7400000000002,49.97,1.49,18942122.0,32313353645.0
BK1215.DC,20240119,3414.57,3435.13,3369.22,3370.7,3410.71,-40.01,-1.17,14614691.0,26069990946.0
BK1215.DC,20240122,3370.74,3376.42,3161.73,3184.08,3370.7,-186.62,-5.54,19659129.0,33878707553.0
BK1215.DC,20240123,3168.55,3240.12,3152.33,3227.89,3184.08,43.81,1.38,17090337.0,30963409876.0
BK1215.DC,20240124,3240.95,3262.49,3132.34,3257.44,3227.89,29.55,0.92,19436754.0,33397841158.0
BK1215.DC,20240125,3258.81,3385.52,3234.76,3382.31,3257.44,124.87,3.83,28308658.0,41587366792.0
BK1215.DC,20240126,3377.19,3405.27,3327.6,3333.12,3382.31,-49.19,-1.45,22273591.0,32397844196.0
BK1215.DC,20240129,3322.19,3328.19,3168.68,3168.68,3333.12,-164.44,-4.93,25314524.0,35828829170.0
BK1215.DC,20240130,3132.78,3164.82,3051.38,3053.85,3168.68,-114.83,-3.62,18183543.0,24645355532.0
BK1215.DC,20240131,3031.07,3045.67,2889.17,2891.28,3053.8500000000004,-162.57,-5.32,20144006.0,27083898653.0
BK1215.DC,20240201,2864.01,2942.7,2814.54,2884.98,2891.28,-6.3,-0.22,21051824.0,30218350092.0
BK1215.DC,20240202,2887.15,2935.87,2657.22,2752.17,2884.98,-132.81,-4.6,23945885.0,31384990715.0
BK1215.DC,20240205,2725.5,2725.5,2446.21,2505.13,2752.17,-247.04,-8.98,26146086.0,34269837669.0
BK1215.DC,20240206,2434.04,2643.6,2361.48,2590.14,2505.1299999999997,85.01,3.39,28242127.0,36656510969.0
BK1215.DC,20240207,2595.7,2636.74,2508.13,2541.84,2590.1400000000003,-48.3,-1.86,27967081.0,35913969818.0
BK1215.DC,20240208,2549.33,2740.1,2536.23,2740.1,2541.84,198.26,7.8,27932836.0,39311327829.0
BK1215.DC,20240219,2803.39,2928.31,2803.39,2928.31,2740.1,188.21,6.87,29328494.0,47331101648.0
BK1215.DC,20240220,2919.69,2986.71,2879.82,2981.75,2928.31,53.44,1.82,25116165.0,43850667576.0
BK1215.DC,20240221,2942.96,3086.56,2933.85,3005.09,2981.75,23.34,0.78,26630188.0,43060104407.0
BK1215.DC,20240222,3032.09,3136.99,3032.09,3136.99,3005.0899999999997,131.9,4.39,27857102.0,45975991465.0
BK1215.DC,20240223,3175.35,3262.76,3148.37,3262.76,3136.9900000000002,125.77,4.01,29190512.0,50647623951.0
BK1215.DC,20240226,3252.1,3343.75,3226.41,3289.76,3262.76,27.0,0.83,33274067.0,49069941910.0
BK1215.DC,20240227,3271.51,3455.4,3263.27,3455.4,3289.76,165.64,5.04,37592931.0,63294864201.0
BK1215.DC,20240228,3466.82,3499.5,3186.17,3186.17,3455.4,-269.23,-7.79,43285134.0,70880484380.0
BK1215.DC,20240229,3150.16,3337.46,3150.16,3337.21,3186.17,151.04,4.74,32709869.0,57157211176.0
BK1215.DC,20240301,3340.12,3433.9,3340.12,3426.9,3337.21,89.69,2.69,32028027.0,62237389915.0
BK1215.DC,20240304,3461.0,3480.65,3378.17,3464.01,3426.9,37.11,1.08,32834949.0,63531565751.0
BK1215.DC,20240305,3432.9,3489.68,3401.06,3415.13,3464.01,-48.88,-1.41,33073908.0,70788354614.0
BK1215.DC,20240306,3383.37,3464.45,3363.85,3433.9,3415.13,18.77,0.55,27796553.0,53707839075.0
BK1215.DC,20240307,3433.48,3461.3,3350.46,3352.15,3433.9,-81.75,-2.38,27678182.0,48760942326.0
BK1215.DC,20240308,3371.95,3477.48,3365.73,3469.56,3352.15,117.41,3.5,29823803.0,57800053748.0
BK1215.DC,20240311,3438.03,3525.14,3416.13,3525.14,3469.56,55.58,1.6,28092538.0,54222590425.0
BK1215.DC,20240312,3544.31,3568.89,3500.01,3536.82,3525.1400000000003,11.68,0.33,30748673.0,57485631129.0
BK1215.DC,20240313,3557.35,3610.99,3540.98,3569.49,3536.8199999999997,32.67,0.92,31464703.0,58544084106.0
BK1215.DC,20240314,3533.73,3561.57,3475.39,3527.22,3569.49,-42.27,-1.18,25959669.0,51556315112.0
BK1215.DC,20240315,3515.94,3600.4,3487.66,3600.4,3527.2200000000003,73.18,2.07,25503853.0,57769064475.0
BK1215.DC,20240318,3614.84,3678.38,3613.27,3678.38,3600.4,77.98,2.17,29333939.0,61267196387.0
BK1215.DC,20240319,3665.25,3738.44,3645.73,3711.44,3678.38,33.06,0.9,29241853.0,61374878161.0
BK1215.DC,20240320,3702.84,3741.4,3697.76,3741.4,3711.44,29.96,0.81,28530809.0,57667552231.0
BK1215.DC,20240321,3741.28,3765.08,3716.26,3731.33,3741.4,-10.07,-0.27,26857819.0,55701440761.0
BK1215.DC,20240322,3719.97,3770.69,3677.56,3734.88,3731.33,3.55,0.1,32168373.0,64175698242.0
BK1215.DC,20240325,3716.01,3746.52,3609.16,3609.7,3734.8799999999997,-125.18,-3.35,30563820.0,60321303128.0
BK1215.DC,20240326,3584.96,3637.06,3514.28,3543.62,3609.7,-66.08,-1.83,28221161.0,63775548391.0
BK1215.DC,20240327,3528.43,3528.43,3361.79,3361.79,3543.62,-181.83,-5.13,27057916.0,50734136259.0
BK1215.DC,20240328,3364.34,3540.7,3364.34,3506.58,3361.79,144.79,4.31,29912825.0,53820795822.0
BK1215.DC,20240329,3504.97,3600.61,3466.64,3600.61,3506.58,94.03,2.68,28178056.0,45839421830.0
BK1215.DC,20240401,3606.17,3643.94,3602.28,3643.94,3600.61,43.33,1.2,26948776.0,48023325979.0
BK1215.DC,20240402,3632.56,3632.56,3552.66,3576.19,3643.94,-67.75,-1.86,23898121.0,42687906908.0
BK1215.DC,20240403,3560.7,3560.7,3454.83,3477.5,3576.19,-98.69,-2.76,19296596.0,33418314382.0
BK1215.DC,20240408,3466.91,3466.91,3408.43,3409.14,3477.5,-68.36,-1.97,19811429.0,33346582415.0
BK1215.DC,20240409,3411.6,3424.56,3377.37,3418.71,3409.14,9.57,0.28,18398650.0,28274233335.0
BK1215.DC,20240410,3404.28,3404.28,3279.57,3312.53,3418.71,-106.18,-3.11,19321481.0,29358674581.0
BK1215.DC,20240411,3290.95,3360.73,3290.95,3311.2,3312.5299999999997,-1.33,-0.04,16974381.0,27481080403.0
BK1215.DC,20240412,3312.63,3378.9,3312.63,3320.49,3311.2,9.29,0.28,19511357.0,39556253302.0
BK1215.DC,20240415,3297.22,3313.63,3135.82,3180.74,3320.49,-139.75,-4.21,26310281.0,40262105077.0
BK1215.DC,20240416,3148.01,3152.96,2948.6,2949.55,3180.7400000000002,-231.19,-7.27,25393575.0,37439586727.0
BK1215.DC,20240417,2988.04,3176.22,2988.04,3176.22,2949.5499999999997,226.67,7.68,25326232.0,39894186666.0
BK1215.DC,20240418,3167.33,3241.1,3113.9,3173.63,3176.2200000000003,-2.59,-0.08,25493076.0,38538722959.0
BK1215.DC,20240419,3156.96,3174.97,3105.66,3136.81,3173.63,-36.82,-1.16,20189840.0,33845748141.0
BK1215.DC,20240422,3103.95,3133.72,3026.89,3112.72,3136.81,-24.09,-0.77,18293660.0,32081453661.0
BK1215.DC,20240423,3126.06,3167.63,3126.06,3147.41,3112.72,34.69,1.11,17852965.0,30015703899.0
BK1215.DC,20240424,3158.21,3289.92,3158.21,3289.92,3147.41,142.51,4.53,24034718.0,44355493111.0
BK1215.DC,20240425,3269.55,3300.24,3260.79,3274.01,3289.92,-15.91,-0.48,20598970.0,33423156942.0
BK1215.DC,20240426,3277.28,3401.43,3277.28,3382.09,3274.01,108.08,3.3,29556739.0,58349275531.0
BK1215.DC,20240429,3408.53,3477.94,3408.53,3472.78,3382.09,90.69,2.68,32279827.0,55081104826.0
BK1215.DC,20240430,3479.26,3493.97,3406.87,3435.79,3472.7799999999997,-36.99,-1.07,26663306.0,40826029830.0
BK1215.DC,20240506,3474.1,3482.04,3449.91,3464.76,3435.7900000000004,28.97,0.84,26377679.0,43584132411.0
BK1215.DC,20240507,3467.39,3492.56,3437.07,3479.24,3464.7599999999998,14.48,0.42,22366251.0,43237220487.0
BK1215.DC,20240508,3466.74,3466.74,3399.17,3405.12,3479.24,-74.12,-2.13,20094795.0,33035283931.0
BK1215.DC,20240509,3405.46,3432.61,3399.17,3420.63,3405.12,15.51,0.46,17605588.0,30799777902.0
BK1215.DC,20240510,3419.55,3423.9,3358.79,3361.09,3420.63,-59.54,-1.74,20032832.0,32903442154.0
BK1215.DC,20240513,3339.84,3341.28,3283.19,3294.09,3361.09,-67.0,-1.99,21003935.0,35795794938.0
BK1215.DC,20240514,3303.26,3352.45,3294.6,3333.84,3294.09,39.75,1.21,17084152.0,31399592620.0
BK1215.DC,20240515,3326.73,3364.89,3302.08,3311.5,3333.84,-22.34,-0.67,15946513.0,26240535711.0
BK1215.DC,20240516,3332.41,3381.1,3332.41,3349.96,3311.5,38.46,1.16,21479713.0,38788052474.0
BK1215.DC,20240517,3345.01,3408.97,3338.08,3408.97,3349.9599999999996,59.01,1.76,21066721.0,36847309046.0
BK1215.DC,20240520,3399.48,3417.08,3366.48,3411.65,3408.9700000000003,2.68,0.08,22517585.0,41238238245.0
BK1215.DC,20240521,3401.4,3406.31,3362.23,3374.85,3411.65,-36.8,-1.08,16992440.0,28907662049.0
BK1215.DC,20240522,3366.25,3400.6,3354.48,3399.95,3374.85,25.1,0.74,17478510.0,29417904876.0
BK1215.DC,20240523,3397.36,3397.36,3343.92,3351.59,3399.9500000000003,-48.36,-1.42,17822462.0,33402100620.0
BK1215.DC,20240524,3352.1,3388.39,3309.76,3311.31,3351.59,-40.28,-1.2,18429306.0,38107030805.0
BK1215.DC,20240527,3314.99,3322.73,3243.68,3317.05,3311.3100000000004,5.74,0.17,20464983.0,34504302783.0
BK1215.DC,20240528,3297.9,3329.15,3267.95,3270.18,3317.0499999999997,-46.87,-1.41,16728657.0,30369490932.0
BK1215.DC,20240529,3274.84,3301.94,3245.4,3261.83,3270.18,-8.35,-0.26,15758685.0,24794987060.0
BK1215.DC,20240530,3242.21,3263.66,3205.67,3239.51,3261.8300000000004,-22.32,-0.68,13737082.0,21286924940.0
BK1215.DC,20240531,3242.46,3320.09,3242.46,3305.73,3239.51,66.22,2.04,16501899.0,25993529304.0
BK1215.DC,20240603,3309.0,3324.36,3250.71,3279.27,3305.73,-26.46,-0.8,18599477.0,35551732216.0
BK1215.DC,20240604,3250.79,3250.79,3169.3,3207.84,3279.27,-71.43,-2.18,16982004.0,27572458625.0
BK1215.DC,20240605,3190.08,3216.26,3155.44,3155.44,3207.84,-52.4,-1.63,16747382.0,23970653679.0
BK1215.DC,20240606,3161.34,3179.48,3011.21,3022.94,3155.44,-132.5,-4.2,21682896.0,34492021414.0
BK1215.DC,20240607,3052.02,3090.99,3009.92,3054.97,3022.9399999999996,32.03,1.06,16345642.0,26124142546.0
BK1215.DC,20240611,3045.11,3107.46,2999.6,3106.24,3054.97,51.27,1.68,15979192.0,21038864698.0
BK1215.DC,20240612,3098.98,3166.84,3098.98,3158.71,3106.2400000000002,52.47,1.69,16461868.0,22512555919.0
BK1215.DC,20240613,3166.09,3195.18,3154.0,3172.96,3158.71,14.25,0.45,15808892.0,26588498399.0
BK1215.DC,20240614,3167.38,3234.94,3145.57,3232.51,3172.96,59.55,1.88,19881217.0,43357260911.0
BK1215.DC,20240617,3227.75,3262.41,3224.87,3243.06,3232.5099999999998,10.55,0.33,20325912.0,35629570655.0
BK1215.DC,20240618,3246.62,3339.93,3246.62,3338.14,3243.06,95.08,2.93,23871873.0,41182429621.0
BK1215.DC,20240619,3350.94,3361.13,3328.41,3328.44,3338.14,-9.7,-0.29,23715687.0,36288095275.0
BK1215.DC,20240620,3312.81,3328.18,3255.64,3258.06,3328.44,-70.38,-2.11,22223506.0,33399527334.0
BK1215.DC,20240621,3238.69,3285.95,3201.98,3260.62,3258.06,2.56,0.08,18772864.0,30329644139.0
BK1215.DC,20240624,3231.26,3231.26,3123.82,3128.73,3260.62,-131.89,-4.04,20685682.0,31873643573.0
BK1215.DC,20240625,3121.92,3136.91,3044.96,3069.67,3128.73,-59.06,-1.89,18964406.0,30274177794.0
BK1215.DC,20240626,3067.17,3196.09,3040.77,3195.02,3069.67,125.35,4.08,18201114.0,28907377739.0
BK1215.DC,20240627,3187.79,3216.03,3142.06,3142.24,3195.02,-52.78,-1.65,18633258.0,26536428904.0
BK1215.DC,20240628,3132.11,3242.39,3132.11,3193.01,3142.2400000000002,50.77,1.62,21685557.0,34053345507.0
BK1215.DC,20240701,3187.73,3207.61,3123.34,3190.92,3193.01,-2.09,-0.07,18085731.0,32051629280.0
BK1215.DC,20240702,3184.48,3220.95,3167.89,3181.24,3190.9199999999996,-9.68,-0.3,18227330.0,29429840629.0
BK1215.DC,20240703,3170.7,3170.7,3112.9,3114.04,3181.24,-67.2,-2.11,15496391.0,22674745061.0
BK1215.DC,20240704,3127.59,3138.53,3035.71,3037.86,3114.04,-76.18,-2.45,16092281.0,24301189331.0
BK1215.DC,20240705,3032.12,3085.82,2994.78,3072.51,3037.86,34.65,1.14,14570306.0,23011750303.0
BK1215.DC,20240708,3061.38,3063.22,2981.07,2989.03,3072.51,-83.48,-2.72,14655755.0,23631091719.0
BK1215.DC,20240709,2985.81,3099.34,2966.81,3098.42,2989.03,109.39,3.66,19689100.0,36791929980.0
BK1215.DC,20240710,3086.08,3118.84,3076.58,3082.15,3098.42,-16.27,-0.53,18235421.0,32260749631.0
BK1215.DC,20240711,3131.98,3165.82,3110.46,3165.82,3082.15,83.67,2.71,21130935.0,36636944638.0
BK1215.DC,20240712,3156.32,3156.32,3126.49,3138.09,3165.82,-27.73,-0.88,15951937.0,26376874159.0
BK1215.DC,20240715,3131.48,3131.48,3070.15,3082.94,3138.09,-55.15,-1.76,14330413.0,22498381824.0
BK1215.DC,20240716,3076.67,3120.85,3051.96,3120.15,3082.94,37.21,1.21,15652201.0,29558010192.0
BK1215.DC,20240717,3109.93,3116.02,3046.63,3046.63,3120.15,-73.52,-2.36,15465576.0,26868667143.0
BK1215.DC,20240718,3011.59,3011.59,2928.14,2997.29,3046.63,-49.34,-1.62,16734035.0,31504886718.0
BK1215.DC,20240719,2982.62,3049.53,2982.62,3037.36,2997.29,40.07,1.34,14333690.0,24098977102.0
BK1215.DC,20240722,3034.93,3079.73,3034.93,3069.11,3037.36,31.75,1.05,15117302.0,23076618177.0
BK1215.DC,20240723,3077.53,3080.67,3004.85,3004.85,3069.11,-64.26,-2.09,16196301.0,23913620307.0
BK1215.DC,20240724,2992.33,3037.84,2972.95,2975.49,3004.85,-29.36,-0.98,16192732.0,24556544163.0
BK1215.DC,20240725,2955.49,2995.85,2916.8,2961.56,2975.49,-13.93,-0.47,15282587.0,25776925835.0
BK1215.DC,20240726,2958.35,3025.19,2958.35,3017.56,2961.56,56.0,1.89,15814256.0,24092661729.0
BK1215.DC,20240729,3022.02,3071.37,3002.16,3053.39,3017.56,35.83,1.19,17090317.0,27084317311.0
BK1215.DC,20240730,3043.41,3093.09,3029.46,3069.91,3053.39,16.52,0.54,15435203.0,23471316116.0
BK1215.DC,20240731,3065.36,3160.53,3065.36,3160.53,3069.9100000000003,90.62,2.95,21241113.0,33976288966.0
BK1215.DC,20240801,3173.36,3189.09,3155.8,3167.79,3160.5299999999997,7.26,0.23,20476536.0,31139575043.0
BK1215.DC,20240802,3132.54,3157.18,3077.27,3082.96,3167.79,-84.83,-2.68,17970252.0,30487551506.0
BK1215.DC,20240805,3048.54,3081.05,2945.91,2945.91,3082.96,-137.05,-4.45,17942266.0,30436974188.0
BK1215.DC,20240806,2990.0,3006.34,2961.86,2998.3,2945.9100000000003,52.39,1.78,14559604.0,23172787398.0
BK1215.DC,20240807,3017.02,3107.55,3017.02,3084.17,2998.3,85.87,2.86,17589019.0,24779897965.0
BK1215.DC,20240808,3087.47,3093.59,3032.16,3050.52,3084.17,-33.65,-1.09,19372592.0,24540701092.0
BK1215.DC,20240809,3058.06,3095.75,3040.27,3040.27,3050.52,-10.25,-0.34,17594792.0,25247846157.0
BK1215.DC,20240812,3020.42,3020.42,2973.17,2984.23,3040.27,-56.04,-1.84,14273645.0,19146582111.0
BK1215.DC,20240813,2980.39,3006.27,2964.84,3006.27,2984.23,22.04,0.74,11180795.0,17440331709.0
BK1215.DC,20240814,3013.13,3040.34,2998.52,3023.76,3006.2700000000004,17.49,0.58,16241476.0,19969360372.0
BK1215.DC,20240815,3008.8,3094.78,3003.11,3079.23,3023.76,55.47,1.83,20394793.0,22308158849.0
BK1215.DC,20240816,3090.18,3138.24,3090.18,3106.24,3079.2299999999996,27.01,0.88,22090550.0,27976703609.0
BK1215.DC,20240819,3098.98,3133.08,3087.65,3094.55,3106.2400000000002,-11.69,-0.38,19624721.0,23832413121.0
BK1215.DC,20240820,3079.28,3090.24,3046.28,3055.37,3094.5499999999997,-39.18,-1.27,17881635.0,21414195448.0
BK1215.DC,20240821,3041.7,3079.67,3040.1,3043.89,3055.37,-11.48,-0.38,15472058.0,18664850468.0
BK1215.DC,20240822,3042.39,3089.79,3012.93,3017.91,3043.89,-25.98,-0.85,18976384.0,22180652760.0
BK1215.DC,20240823,3008.91,3058.08,2990.18,3047.16,3017.91,29.25,0.97,18587652.0,21338810576.0
BK1215.DC,20240826,3048.21,3061.18,3018.71,3042.71,3047.16,-4.45,-0.15,17674415.0,23482187695.0
BK1215.DC,20240827,3025.16,3027.05,2960.27,2964.77,3042.71,-77.94,-2.56,17750557.0,20324121533.0
BK1215.DC,20240828,2954.43,3004.64,2945.47,2984.99,2964.77,20.22,0.68,17401459.0,19061025052.0
BK1215.DC,20240829,2966.02,3037.63,2948.11,3024.58,2984.99,39.59,1.33,19025240.0,26261801540.0
BK1215.DC,20240830,3019.02,3155.05,3019.02,3116.16,3024.58,91.58,3.03,25565736.0,33476082704.0
BK1215.DC,20240902,3107.2,3117.86,3045.16,3046.65,3116.1600000000003,-69.51,-2.23,19168582.0,25167873577.0
BK1215.DC,20240903,3042.53,3088.24,3041.64,3088.24,3046.6499999999996,41.59,1.37,17684015.0,20207299615.0
BK1215.DC,20240904,3054.97,3074.64,3033.09,3047.41,3088.24,-40.83,-1.32,16222965.0,22301963428.0
BK1215.DC,20240905,3044.99,3089.99,3041.61,3076.7,3047.41,29.29,0.96,16707324.0,20099448997.0
BK1215.DC,20240906,3076.11,3076.5,3000.31,3001.35,3076.7,-75.35,-2.45,17612251.0,18636096202.0
BK1215.DC,20240909,2985.38,3006.67,2968.42,2989.27,3001.35,-12.08,-0.4,16364603.0,19028317954.0
BK1215.DC,20240910,2989.38,3072.89,2956.53,3058.82,2989.27,69.55,2.33,18424580.0,25111665185.0
BK1215.DC,20240911,3044.32,3054.94,3018.45,3030.45,3058.8199999999997,-28.37,-0.93,15357465.0,20397791720.0
BK1215.DC,20240912,3054.9,3070.16,3032.65,3032.65,3030.4500000000003,2.2,0.07,16006309.0,20885565701.0
BK1215.DC,20240913,3027.37,3040.2,2993.91,2993.91,3032.6499999999996,-38.74,-1.28,17067727.0,26069108392.0
BK1215.DC,20240918,2986.79,3004.02,2927.33,2967.76,2993.9100000000003,-26.15,-0.87,14088519.0,17170339278.0
BK1215.DC,20240919,2987.94,3033.41,2962.41,3023.84,2967.76,56.08,1.89,17870183.0,22082759824.0
BK1215.DC,20240920,3040.55,3076.16,3040.55,3070.13,3023.84,46.29,1.53,20973594.0,22189304345.0
BK1215.DC,20240923,3074.05,3137.99,3069.31,3109.53,3070.13,39.4,1.28,23939546.0,27139970190.0
BK1215.DC,20240924,3110.0,3191.91,3073.29,3191.91,3109.5299999999997,82.38,2.65,33837433.0,41917543434.0
BK1215.DC,20240925,3208.96,3277.32,3208.96,3225.33,3191.91,33.42,1.05,40103704.0,46321702609.0
BK1215.DC,20240926,3210.6,3293.46,3202.26,3293.46,3225.33,68.13,2.11,33321624.0,39619950728.0
BK1215.DC,20240927,3323.69,3491.38,3317.64,3467.88,3293.46,174.42,5.3,43402393.0,60554353323.0
BK1215.DC,20240930,3605.96,3932.23,3550.38,3912.88,3467.88,445.0,12.83,68080660.0,99639950551.0
BK1215.DC,20241008,4489.54,4489.54,4053.03,4396.74,3912.8799999999997,483.86,12.37,76281544.0,130684391457.0
BK1215.DC,20241009,4229.33,4246.24,3949.1,3949.1,4396.74,-447.64,-10.18,59736531.0,103515885986.0
BK1215.DC,20241010,4005.79,4073.86,3871.68,3924.3,3949.1000000000004,-24.8,-0.63,49224663.0,75674571440.0
BK1215.DC,20241011,3898.35,3901.06,3709.06,3758.77,3924.3,-165.53,-4.22,38111470.0,58977351564.0
BK1215.DC,20241014,3773.03,3918.79,3716.46,3918.79,3758.77,160.02,4.26,36519345.0,60444057033.0
BK1215.DC,20241015,3898.54,4013.1,3861.8,3861.95,3918.79,-56.84,-1.45,34707861.0,58361915180.0
BK1215.DC,20241016,3790.74,3906.65,3790.74,3871.34,3861.9500000000003,9.39,0.24,29546404.0,47312413257.0
BK1215.DC,20241017,3920.45,3985.19,3897.15,3900.76,3871.34,29.42,0.76,35040866.0,54060042597.0
BK1215.DC,20241018,3897.63,4161.33,3897.63,4079.4,3900.76,178.64,4.58,45031371.0,84077078429.0
BK1215.DC,20241021,4130.96,4308.01,4130.96,4257.55,4079.4,178.15,4.37,49359311.0,93682066220.0
BK1215.DC,20241022,4299.65,4299.65,4176.9,4234.27,4257.55,-23.28,-0.55,45159405.0,87100828412.0
BK1215.DC,20241023,4212.36,4359.07,4206.11,4273.42,4234.27,39.15,0.92,45447490.0,87156799669.0
BK1215.DC,20241024,4263.57,4352.07,4233.94,4325.47,4273.42,52.05,1.22,42275023.0,84680014322.0
BK1215.DC,20241025,4353.81,4439.49,4336.69,4386.6,4325.47,61.13,1.41,40730310.0,76927132969.0
BK1215.DC,20241028,4397.68,4501.71,4388.18,4501.71,4386.6,115.11,2.62,44164183.0,76908701727.0
BK1215.DC,20241029,4523.47,4546.24,4437.81,4449.46,4501.71,-52.25,-1.16,48333509.0,82359758575.0
BK1215.DC,20241030,4418.06,4526.27,4418.06,4492.68,4449.46,43.22,0.97,41686812.0,74072766837.0
BK1215.DC,20241031,4487.96,4572.85,4445.81,4538.56,4492.68,45.88,1.02,44069182.0,79475522582.0
BK1215.DC,20241101,4513.29,4513.29,4266.53,4268.05,4538.56,-270.51,-5.96,48126149.0,81254938115.0
BK1215.DC,20241104,4238.4,4388.22,4238.4,4388.22,4268.05,120.17,2.82,30932341.0,58963723857.0
BK1215.DC,20241105,4387.43,4555.71,4387.43,4549.04,4388.22,160.82,3.66,44893863.0,83991093361.0
BK1215.DC,20241106,4570.55,4630.84,4524.47,4582.32,4549.04,33.28,0.73,52190945.0,92993598132.0
BK1215.DC,20241107,4552.75,4661.99,4542.05,4661.99,4582.32,79.67,1.74,45138062.0,78459545225.0
BK1215.DC,20241108,4702.9,4825.73,4702.9,4731.03,4661.99,69.04,1.48,54264885.0,101070890230.0
BK1215.DC,20241111,4742.39,4894.03,4724.27,4894.03,4731.03,163.0,3.45,51998671.0,97993080710.0
BK1215.DC,20241112,4906.37,4906.37,4737.17,4788.02,4894.030000000001,-106.01,-2.17,50943538.0,99837593017.0
BK1215.DC,20241113,4746.87,4861.76,4718.26,4861.76,4788.02,73.74,1.54,55573420.0,98561437394.0
BK1215.DC,20241114,4846.26,4854.26,4679.91,4685.24,4861.76,-176.52,-3.63,47824584.0,81759261764.0
BK1215.DC,20241115,4666.74,4758.32,4606.17,4606.56,4685.240000000001,-78.68,-1.68,55888845.0,85602425590.0
BK1215.DC,20241118,4614.22,4614.22,4368.22,4398.61,4606.5599999999995,-207.95,-4.51,55637931.0,78408876227.0
BK1215.DC,20241119,4396.5,4504.35,4340.7,4504.35,4398.610000000001,105.74,2.4,46168902.0,66676810638.0
BK1215.DC,20241120,4495.01,4663.11,4495.01,4653.37,4504.349999999999,149.02,3.31,43931291.0,70250009163.0
BK1215.DC,20241121,4647.52,4680.01,4589.0,4651.01,4653.37,-2.36,-0.05,49012540.0,80330224718.0
BK1215.DC,20241122,4638.91,4694.34,4483.2,4484.48,4651.009999999999,-166.53,-3.58,46342269.0,74204610881.0
BK1215.DC,20241125,4495.8,4502.22,4390.49,4502.22,4484.4800000000005,17.74,0.4,38786127.0,62222640677.0
BK1215.DC,20241126,4527.78,4635.56,4509.84,4511.74,4502.219999999999,9.52,0.21,38012758.0,58699246851.0
BK1215.DC,20241127,4468.04,4628.89,4401.03,4628.89,4511.740000000001,117.15,2.6,49380277.0,67120576030.0
BK1215.DC,20241128,4640.01,4687.47,4592.83,4605.69,4628.889999999999,-23.2,-0.5,46099272.0,66143372975.0
BK1215.DC,20241129,4600.59,4723.66,4566.98,4686.54,4605.69,80.85,1.76,46075416.0,67907077610.0
BK1215.DC,20241202,4688.91,4788.78,4688.68,4786.83,4686.54,100.29,2.14,49428321.0,75227964979.0
BK1215.DC,20241203,4769.32,4792.56,4707.58,4776.76,4786.83,-10.07,-0.21,47132315.0,64398088869.0
BK1215.DC,20241204,4755.93,4759.34,4649.43,4678.04,4776.76,-98.72,-2.07,42156829.0,54794039529.0
BK1215.DC,20241205,4663.81,4782.3,4663.81,4768.96,4678.04,90.92,1.94,36754508.0,54676332441.0
BK1215.DC,20241206,4780.52,4815.23,4714.24,4775.81,4768.96,6.85,0.14,37931702.0,53444239554.0
BK1215.DC,20241209,4759.77,4780.72,4677.69,4731.84,4775.81,-43.97,-0.92,37290612.0,54939385220.0
BK1215.DC,20241210,4866.08,4866.08,4775.38,4783.59,4731.84,51.75,1.09,45457982.0,71805994965.0
BK1215.DC,20241211,4782.25,4900.9,4782.25,4900.9,4783.589999999999,117.31,2.45,39175629.0,67898928739.0
BK1215.DC,20241212,4917.78,4943.01,4853.93,4936.26,4900.900000000001,35.36,0.72,41002425.0,74810395358.0
BK1215.DC,20241213,4907.28,4962.42,4891.42,4893.07,4936.259999999999,-43.19,-0.87,48104763.0,85457151042.0
BK1215.DC,20241216,4917.11,4945.09,4864.24,4885.78,4893.07,-7.29,-0.15,44903499.0,83364361278.0
BK1215.DC,20241217,4878.11,4900.67,4726.55,4736.92,4885.78,-148.86,-3.05,49995975.0,97092817219.0
BK1215.DC,20241218,4737.91,4864.76,4666.09,4817.04,4736.92,80.12,1.69,44774352.0,82580099372.0
BK1215.DC,20241219,4767.93,5000.94,4767.93,4987.0,4817.04,169.96,3.53,58209585.0,113153269466.0
BK1215.DC,20241220,4957.68,5110.33,4940.43,5053.1,4987.0,66.1,1.33,51605919.0,108086939027.0
BK1215.DC,20241223,5045.61,5072.81,4838.49,4839.5,5053.1,-213.6,-4.23,49193699.0,102758697349.0
BK1215.DC,20241224,4856.1,4902.9,4769.97,4887.53,4839.5,48.03,0.99,38101322.0,80856332117.0
BK1215.DC,20241225,4861.5,4861.5,4717.13,4776.94,4887.53,-110.59,-2.26,43674590.0,85864572466.0
BK1215.DC,20241226,4761.89,4974.13,4761.89,4945.46,4776.94,168.52,3.53,43409805.0,101495671848.0
BK1215.DC,20241227,4930.55,4992.71,4888.77,4909.53,4945.46,-35.93,-0.73,42769753.0,89090046129.0
BK1215.DC,20241230,4906.17,4924.15,4799.26,4849.63,4909.53,-59.9,-1.22,38779670.0,86311071619.0
BK1215.DC,20241231,4854.65,4861.97,4677.2,4677.2,4849.63,-172.43,-3.56,41317489.0,86013718895.0
BK1215.DC,20250102,4668.04,4731.83,4527.5,4578.86,4677.2,-98.34,-2.1,42394109.0,81882257230.0
BK1215.DC,20250103,4600.96,4600.96,4345.57,4353.92,4578.86,-224.94,-4.91,38091379.0,70604845386.0
BK1215.DC,20250106,4349.71,4374.05,4243.97,4286.66,4353.92,-67.26,-1.54,30297647.0,58057854984.0
BK1215.DC,20250107,4295.3,4460.6,4295.3,4460.6,4286.660000000001,173.94,4.06,32061828.0,68759585402.0
BK1215.DC,20250108,4424.46,4494.12,4302.52,4463.51,4460.6,2.91,0.07,36803600.0,72096377767.0
BK1215.DC,20250109,4426.69,4526.98,4426.69,4493.08,4463.51,29.57,0.66,34105665.0,72094401345.0
BK1215.DC,20250110,4467.37,4505.27,4304.13,4304.13,4493.08,-188.95,-4.21,31816314.0,67503717537.0
BK1215.DC,20250113,4235.32,4323.73,4166.99,4286.43,4304.13,-17.7,-0.41,24762953.0,52007738260.0
BK1215.DC,20250114,4320.11,4549.27,4306.8,4549.27,4286.43,262.84,6.13,37069558.0,74074202798.0
BK1215.DC,20250115,4549.18,4581.54,4508.48,4523.29,4549.2699999999995,-25.98,-0.57,32579216.0,63078012393.0
BK1215.DC,20250116,4558.7,4646.62,4539.3,4621.83,4523.29,98.54,2.18,38061880.0,86060726864.0
BK1215.DC,20250117,4598.57,4648.49,4556.47,4601.0,4621.83,-20.83,-0.45,33333419.0,75194263344.0
BK1215.DC,20250120,4639.15,4703.44,4614.6,4677.54,4601.0,76.54,1.66,33002531.0,74371421070.0
BK1215.DC,20250121,4724.75,4740.71,4650.15,4727.12,4677.54,49.58,1.06,34652208.0,84656859074.0
BK1215.DC,20250122,4720.91,4777.61,4719.85,4743.04,4727.12,15.92,0.34,33426806.0,88960598529.0
BK1215.DC,20250123,4805.6,4903.12,4720.65,4720.65,4743.04,-22.39,-0.47,42128631.0,97173142015.0
BK1215.DC,20250124,4700.28,4843.63,4700.28,4843.01,4720.650000000001,122.36,2.59,37773287.0,85117654353.0
BK1215.DC,20250127,4828.46,4828.46,4690.51,4690.51,4843.01,-152.5,-3.15,33645098.0,79942973534.0
BK1215.DC,20250205,4723.94,4754.4,4672.39,4740.03,4690.509999999999,49.52,1.06,40461871.0,92479634362.0
BK1215.DC,20250206,4744.34,4942.2,4730.23,4942.2,4740.03,202.17,4.27,46942672.0,95776965560.0
BK1215.DC,20250207,4949.73,5112.25,4949.73,5039.5,4942.2,97.3,1.97,56816667.0,114193650026.0
BK1215.DC,20250210,5095.59,5212.79,5091.56,5212.61,5039.5,173.11,3.44,63842757.0,109015364830.0
BK1215.DC,20250211,5208.05,5282.31,5169.59,5228.04,5212.61,15.43,0.3,55501593.0,100557194932.0
BK1215.DC,20250212,5227.35,5319.77,5227.35,5319.77,5228.040000000001,91.73,1.75,47316229.0,95881217337.0
BK1215.DC,20250213,5341.28,5341.28,5240.97,5261.67,5319.77,-58.1,-1.09,52188063.0,110962768459.0
BK1215.DC,20250214,5250.23,5324.48,5223.01,5307.98,5261.669999999999,46.31,0.88,60657132.0,109384217079.0
BK1215.DC,20250217,5369.95,5461.21,5355.45,5419.6,5307.9800000000005,111.62,2.1,76704321.0,140466145342.0
BK1215.DC,20250218,5373.24,5412.68,5202.25,5217.93,5419.6,-201.67,-3.72,65223165.0,112513743311.0
BK1215.DC,20250219,5222.85,5370.92,5209.4,5370.92,5217.93,152.99,2.93,56544016.0,101716117038.0
BK1215.DC,20250220,5381.44,5442.5,5357.42,5429.11,5370.92,58.19,1.08,54944167.0,104006335061.0
BK1215.DC,20250221,5478.64,5669.05,5460.05,5654.67,5429.11,225.56,4.15,77542065.0,156893574683.0
BK1215.DC,20250224,5650.92,5680.81,5573.29,5638.76,5654.67,-15.91,-0.28,73586542.0,151850920947.0
BK1215.DC,20250225,5514.21,5703.35,5514.21,5642.7,5638.76,3.94,0.07,58831061.0,123896641569.0
BK1215.DC,20250226,5668.36,5689.71,5603.12,5689.71,5642.7,47.01,0.83,54024525.0,115068866180.0
BK1215.DC,20250227,5682.48,5710.71,5484.56,5585.4,5689.71,-104.31,-1.83,53988886.0,114813467778.0
BK1215.DC,20250228,5514.74,5514.74,5229.49,5245.32,5585.4,-340.08,-6.09,48414622.0,101344169003.0
BK1215.DC,20250303,5262.35,5310.28,5167.61,5230.23,5245.32,-15.09,-0.29,41229389.0,83641376307.0
BK1215.DC,20250304,5168.22,5365.89,5168.22,5365.48,5230.23,135.25,2.59,37119079.0,71368085528.0
BK1215.DC,20250305,5426.88,5533.48,5426.88,5533.48,5365.48,168.0,3.13,45772165.0,93644954661.0
BK1215.DC,20250306,5561.01,5705.87,5561.01,5674.33,5533.48,140.85,2.55,61071209.0,121995056251.0
BK1215.DC,20250307,5632.8,5680.81,5529.45,5571.53,5674.33,-102.8,-1.81,48561414.0,97642146643.0
BK1215.DC,20250310,5554.12,5578.79,5494.61,5563.91,5571.53,-7.62,-0.14,34130791.0,68069188131.0
BK1215.DC,20250311,5471.56,5573.42,5471.56,5573.42,5563.91,9.51,0.17,31746363.0,65002314463.0
BK1215.DC,20250312,5613.23,5731.71,5596.53,5657.73,5573.419999999999,84.31,1.51,47225029.0,97368278253.0
BK1215.DC,20250313,5657.76,5680.33,5490.58,5563.39,5657.7300000000005,-94.34,-1.67,40999571.0,84389751936.0
BK1215.DC,20250314,5540.27,5649.14,5489.94,5645.35,5563.39,81.96,1.47,39591242.0,86402713704.0
BK1215.DC,20250317,5662.91,5709.79,5641.18,5681.04,5645.35,35.69,0.63,36364884.0,75866352282.0
BK1215.DC,20250318,5693.87,5724.54,5639.94,5693.41,5681.04,12.37,0.22,38451837.0,86941721130.0
BK1215.DC,20250319,5665.33,5665.33,5566.17,5588.6,5693.410000000001,-104.81,-1.84,42816923.0,81104745408.0
BK1215.DC,20250320,5573.71,5634.78,5537.65,5550.01,5588.6,-38.59,-0.69,34997737.0,70465717721.0
BK1215.DC,20250321,5517.33,5528.74,5409.57,5417.57,5550.009999999999,-132.44,-2.39,41407809.0,76933219382.0
BK1215.DC,20250324,5416.12,5438.87,5183.38,5311.3,5417.570000000001,-106.27,-1.96,41047748.0,72148814692.0
BK1215.DC,20250325,5304.04,5317.47,5175.64,5189.28,5311.3,-122.02,-2.3,30321328.0,57151055220.0
BK1215.DC,20250326,5179.3,5259.88,5179.3,5216.28,5189.28,27.0,0.52,25239135.0,43449629751.0
BK1215.DC,20250327,5200.75,5240.01,5126.49,5177.33,5216.28,-38.95,-0.75,26414777.0,46413314703.0
BK1215.DC,20250328,5172.46,5203.69,5100.29,5100.29,5177.33,-77.04,-1.49,22887796.0,41408344661.0
BK1215.DC,20250331,5056.26,5113.47,4983.06,5099.7,5100.29,-0.59,-0.01,26514780.0,49047143304.0
BK1215.DC,20250401,5109.83,5137.3,5085.62,5091.09,5099.7,-8.61,-0.17,21603728.0,38720021437.0
BK1215.DC,20250402,5086.0,5177.0,5086.0,5126.94,5091.089999999999,35.85,0.7,21037585.0,42370370520.0
BK1215.DC,20250403,5064.92,5134.48,4999.1,5043.75,5126.94,-83.19,-1.62,23855290.0,50145903402.0
BK1215.DC,20250407,4653.89,4694.26,4271.31,4303.94,5043.75,-739.81,-14.67,33776547.0,57489350622.0
BK1215.DC,20250408,4279.04,4418.34,4174.75,4282.92,4303.9400000000005,-21.02,-0.49,37755923.0,64270554751.0
BK1215.DC,20250409,4194.46,4473.68,3984.57,4440.48,4282.919999999999,157.56,3.68,39520763.0,61876246339.0
BK1215.DC,20250410,4585.38,4691.09,4568.19,4568.47,4440.4800000000005,127.99,2.88,34138276.0,62770947221.0
BK1215.DC,20250411,4525.88,4702.03,4525.88,4650.36,4568.469999999999,81.89,1.79,26195873.0,47064483375.0
BK1215.DC,20250414,4744.97,4776.52,4708.17,4724.28,4650.36,73.92,1.59,24218521.0,45273418395.0
BK1215.DC,20250415,4730.41,4743.88,4663.25,4709.2,4724.28,-15.08,-0.32,19298993.0,32966952523.0
BK1215.DC,20250416,4684.99,4685.68,4542.31,4621.67,4709.2,-87.53,-1.86,23746936.0,37942258045.0
BK1215.DC,20250417,4590.68,4677.63,4590.68,4623.38,4621.67,1.71,0.04,18430771.0,29768216615.0
BK1215.DC,20250418,4619.02,4743.67,4609.84,4723.54,4623.38,100.16,2.17,23293408.0,38597137410.0
BK1215.DC,20250421,4734.17,4818.82,4706.68,4817.79,4723.54,94.25,2.0,26077581.0,45924696913.0
BK1215.DC,20250422,4809.97,4818.92,4772.86,4786.39,4817.79,-31.4,-0.65,28716466.0,46767273290.0
BK1215.DC,20250423,4810.52,4892.96,4810.02,4860.64,4786.39,74.25,1.55,31621788.0,61842761754.0
BK1215.DC,20250424,4838.18,4838.18,4730.74,4751.76,4860.64,-108.88,-2.24,26049765.0,48173128658.0
BK1215.DC,20250425,4749.63,4830.91,4746.42,4776.35,4751.76,24.59,0.52,25814296.0,53385493750.0
BK1215.DC,20250428,4751.13,4768.44,4712.45,4716.06,4776.35,-60.29,-1.26,23878408.0,44775404745.0
BK1215.DC,20250429,4700.38,4773.54,4674.1,4748.21,4716.06,32.15,0.68,21377136.0,42054827287.0
BK1215.DC,20250430,4757.48,4858.14,4753.63,4844.56,4748.21,96.35,2.03,23185196.0,47273532610.0
BK1215.DC,20250506,4898.48,5044.95,4898.48,5044.95,4844.5599999999995,200.39,4.14,32845167.0,64266438897.0
BK1215.DC,20250507,5102.66,5102.66,5006.47,5059.05,5044.95,14.1,0.28,34921426.0,63178817500.0
BK1215.DC,20250508,5046.59,5174.9,5046.59,5169.99,5059.05,110.94,2.19,32801042.0,76655849395.0
BK1215.DC,20250509,5161.5,5161.5,5058.82,5094.36,5169.99,-75.63,-1.46,29936653.0,60286900588.0
BK1215.DC,20250512,5144.78,5193.73,5133.06,5193.73,5094.36,99.37,1.95,28333964.0,59296812080.0
BK1215.DC,20250513,5240.77,5240.77,5133.74,5142.44,5193.73,-51.29,-0.99,27180389.0,59632615869.0
BK1215.DC,20250514,5155.8,5214.25,5135.22,5160.16,5142.44,17.72,0.34,28370775.0,62892897105.0
BK1215.DC,20250515,5159.66,5159.66,5040.72,5043.14,5160.160000000001,-117.02,-2.27,25746867.0,51374877322.0
BK1215.DC,20250516,5022.32,5097.43,5022.32,5073.91,5043.139999999999,30.77,0.61,25525998.0,48019966351.0
BK1215.DC,20250519,5076.48,5114.17,5034.52,5110.27,5073.910000000001,36.36,0.72,23267143.0,40973336728.0
BK1215.DC,20250520,5106.13,5156.21,5063.9,5154.98,5110.2699999999995,44.71,0.87,25267484.0,43273674556.0
BK1215.DC,20250521,5158.6,5158.6,5079.29,5091.43,5154.9800000000005,-63.55,-1.23,24723592.0,44301084505.0
BK1215.DC,20250522,5073.22,5124.31,5031.39,5035.23,5091.429999999999,-56.2,-1.1,20286322.0,38498350528.0
BK1215.DC,20250523,5032.36,5065.35,4942.7,4942.7,5035.23,-92.53,-1.84,23282108.0,40764871278.0
BK1215.DC,20250526,4945.53,5045.62,4945.53,5045.62,4942.7,102.92,2.08,21762472.0,36753414316.0
BK1215.DC,20250527,5037.54,5037.54,4980.19,5008.57,5045.62,-37.05,-0.73,21272917.0,38802866395.0
BK1215.DC,20250528,5013.5,5046.07,5005.02,5022.69,5008.57,14.12,0.28,23421768.0,42879519060.0
BK1215.DC,20250529,5018.61,5135.51,5018.61,5135.51,5022.6900000000005,112.82,2.25,28673215.0,52553903744.0
BK1215.DC,20250530,5116.15,5116.15,5042.01,5052.52,5135.51,-82.99,-1.62,24525460.0,42344160488.0
BK1215.DC,20250603,5031.98,5114.53,5031.98,5065.03,5052.5199999999995,12.51,0.25,22753096.0,37442212210.0
BK1215.DC,20250604,5082.71,5161.71,5082.71,5141.7,5065.03,76.67,1.51,25980622.0,53995277996.0
BK1215.DC,20250605,5148.9,5284.42,5131.08,5277.56,5141.700000000001,135.86,2.64,34040897.0,69057651642.0
BK1215.DC,20250606,5280.88,5348.53,5279.4,5341.28,5277.5599999999995,63.72,1.21,34386308.0,67445717977.0
BK1215.DC,20250609,5358.66,5415.27,5358.66,5399.64,5341.280000000001,58.36,1.09,35734534.0,72427583723.0
BK1215.DC,20250610,5394.73,5394.73,5257.42,5324.44,5399.639999999999,-75.2,-1.39,39303728.0,68212949367.0
BK1215.DC,20250611,5319.73,5357.23,5292.0,5323.66,5324.44,-0.78,-0.01,29827871.0,50957630201.0
BK1215.DC,20250612,5303.48,5417.86,5294.73,5365.92,5323.66,42.26,0.79,33952786.0,73700222219.0
BK1215.DC,20250613,5326.81,5347.8,5237.55,5251.82,5365.92,-114.1,-2.13,32528883.0,61537914257.0
BK1215.DC,20250616,5233.35,5371.23,5233.35,5356.48,5251.82,104.66,1.99,29268803.0,63069294018.0
BK1215.DC,20250617,5373.54,5373.54,5312.14,5358.87,5356.48,2.39,0.04,27870631.0,53896845714.0
BK1215.DC,20250618,5338.84,5413.09,5321.6,5413.05,5358.87,54.18,1.01,29457066.0,67659417609.0
BK1215.DC,20250619,5406.36,5439.8,5304.97,5318.51,5413.05,-94.54,-1.75,32988524.0,70614887136.0
BK1215.DC,20250620,5304.84,5333.2,5213.83,5237.94,5318.509999999999,-80.57,-1.51,26524645.0,59182266176.0
BK1215.DC,20250623,5183.38,5326.75,5183.38,5324.9,5237.94,86.96,1.66,25990635.0,58214855683.0
BK1215.DC,20250624,5357.29,5459.52,5357.29,5459.52,5324.900000000001,134.62,2.53,34239500.0,68292408399.0
BK1215.DC,20250625,5474.04,5509.93,5445.18,5508.87,5459.5199999999995,49.35,0.9,34312089.0,74721154738.0
BK1215.DC,20250626,5509.32,5582.38,5494.66,5535.06,5508.870000000001,26.19,0.48,33869937.0,77474596376.0
BK1215.DC,20250627,5534.76,5649.51,5519.75,5630.16,5535.0599999999995,95.1,1.72,37465688.0,87316340689.0
BK1215.DC,20250630,5640.96,5721.14,5640.96,5720.87,5630.16,90.71,1.61,36993546.0,87547934276.0
BK1215.DC,20250701,5716.13,5716.13,5624.02,5670.22,5720.87,-50.65,-0.89,31677482.0,65977328797.0
BK1215.DC,20250702,5641.83,5641.83,5539.48,5564.02,5670.22,-106.2,-1.87,28487452.0,60146978370.0
BK1215.DC,20250703,5565.28,5624.48,5565.28,5615.46,5564.02,51.44,0.92,26894563.0,60065650795.0
BK1215.DC,20250704,5622.85,5633.74,5557.34,5560.99,5615.46,-54.47,-0.97,31912197.0,69081583582.0
BK1215.DC,20250707,5531.47,5554.19,5488.92,5553.83,5560.99,-7.16,-0.13,25217248.0,57697083710.0
BK1215.DC,20250708,5539.16,5667.54,5530.32,5667.31,5553.830000000001,113.48,2.04,29612349.0,74781066733.0
BK1215.DC,20250709,5667.07,5686.74,5639.13,5656.76,5667.31,-10.55,-0.19,32467456.0,70859308623.0
BK1215.DC,20250710,5645.8,5685.77,5610.47,5646.31,5656.76,-10.45,-0.18,29542952.0,71304712318.0
BK1215.DC,20250711,5644.99,5682.44,5606.22,5660.17,5646.31,13.86,0.25,30678166.0,70169745132.0
BK1215.DC,20250714,5651.58,5672.58,5623.98,5662.81,5660.17,2.64,0.05,28438772.0,62689049571.0
BK1215.DC,20250715,5653.78,5738.4,5641.71,5713.29,5662.81,50.48,0.89,36738194.0,104834578707.0
BK1215.DC,20250716,5715.32,5783.99,5700.42,5719.62,5713.29,6.33,0.11,32861935.0,106930490177.0
BK1215.DC,20250717,5701.96,5811.4,5700.89,5809.15,5719.62,89.53,1.57,33592294.0,95105463983.0
BK1215.DC,20250718,5817.76,5840.21,5760.29,5775.76,5809.150000000001,-33.39,-0.57,32167571.0,88227816362.0
BK1215.DC,20250721,5768.12,5803.52,5753.85,5801.67,5775.76,25.91,0.45,27264698.0,76878259728.0
BK1215.DC,20250722,5799.97,5842.95,5750.85,5775.22,5801.67,-26.45,-0.46,29785515.0,85097713360.0
BK1215.DC,20250723,5748.45,5792.05,5711.13,5741.14,5775.22,-34.08,-0.59,29308022.0,72745006419.0
BK1215.DC,20250724,5749.29,5768.45,5728.85,5766.92,5741.14,25.78,0.45,27937069.0,74172863540.0
BK1215.DC,20250725,5762.4,5795.13,5759.7,5791.85,5766.92,24.93,0.43,29627597.0,62956645963.0
BK1215.DC,20250728,5809.39,5858.33,5784.37,5858.33,5791.85,66.48,1.15,30553782.0,80408569786.0
BK1215.DC,20250729,5848.37,5931.03,5829.9,5931.03,5858.33,72.7,1.24,31307549.0,99410494364.0
BK1215.DC,20250730,5908.12,5908.12,5803.15,5856.39,5931.030000000001,-74.64,-1.26,29323443.0,81445055916.0
BK1215.DC,20250731,5864.83,5969.5,5829.95,5845.62,5856.39,-10.77,-0.18,36660620.0,113273183637.0
BK1215.DC,20250801,5836.06,5878.89,5786.96,5850.64,5845.62,5.02,0.09,30783731.0,84473141606.0
BK1215.DC,20250804,5803.66,5908.33,5797.08,5908.33,5850.64,57.69,0.99,23342234.0,62660366391.0
BK1215.DC,20250805,5938.12,6036.95,5928.39,6036.8,5908.33,128.47,2.17,33648971.0,88562198460.0
BK1215.DC,20250806,6026.48,6092.75,6026.48,6091.88,6036.8,55.08,0.91,33244501.0,77523572734.0
BK1215.DC,20250807,6101.08,6126.96,6052.48,6097.08,6091.88,5.2,0.09,33586893.0,86449120675.0
BK1215.DC,20250808,6090.98,6114.78,6056.77,6073.17,6097.08,-23.91,-0.39,38617250.0,82418226226.0
BK1215.DC,20250811,6067.96,6187.97,6067.96,6167.88,6073.17,94.71,1.56,36900709.0,87730081102.0
BK1215.DC,20250812,6183.02,6220.56,6153.08,6220.56,6167.88,52.68,0.85,38980184.0,97485477738.0
BK1215.DC,20250813,6224.74,6322.48,6207.07,6322.48,6220.5599999999995,101.92,1.64,48491864.0,128000170622.0
BK1215.DC,20250814,6317.22,6317.22,6193.4,6211.33,6322.48,-111.15,-1.76,45437035.0,114398124737.0
BK1215.DC,20250815,6204.46,6290.74,6204.46,6284.35,6211.33,73.02,1.18,44136328.0,107724349980.0
BK1215.DC,20250818,6302.43,6506.83,6302.43,6468.22,6284.35,183.87,2.93,60451738.0,153717445827.0
BK1215.DC,20250819,6470.39,6587.25,6466.07,6528.75,6468.22,60.53,0.94,51482175.0,141222016824.0
BK1215.DC,20250820,6480.23,6579.54,6423.8,6579.54,6528.75,50.79,0.78,47585999.0,131566438467.0
BK1215.DC,20250821,6596.75,6611.19,6467.24,6506.84,6579.54,-72.7,-1.1,57746335.0,141562603528.0
BK1215.DC,20250822,6499.84,6617.57,6499.84,6617.57,6506.84,110.73,1.7,57314706.0,145971609297.0
BK1215.DC,20250825,6709.13,6819.22,6698.47,6792.33,6617.57,174.76,2.64,69083491.0,184607335168.0
BK1215.DC,20250826,6780.44,6860.45,6755.15,6810.08,6792.33,17.75,0.26,52881718.0,149680431704.0
BK1215.DC,20250827,6814.27,6978.28,6743.41,6743.41,6810.08,-66.67,-0.98,63684863.0,194946956663.0
BK1215.DC,20250828,6761.15,6953.8,6701.0,6953.8,6743.41,210.39,3.12,63856742.0,207441736530.0
BK1215.DC,20250829,6947.91,6947.91,6811.27,6861.77,6953.8,-92.03,-1.32,53547773.0,177133520378.0
BK1215.DC,20250901,6913.84,6997.08,6850.56,6986.71,6861.77,124.94,1.82,55886637.0,195225593396.0
BK1215.DC,20250902,6963.41,6963.41,6605.39,6655.53,6986.71,-331.18,-4.74,57648352.0,217941612423.0
BK1215.DC,20250903,6656.83,6678.26,6517.78,6542.18,6655.530000000001,-113.35,-1.7,44465825.0,161680453566.0
BK1215.DC,20250904,6581.05,6612.77,6233.37,6330.1,6542.18,-212.08,-3.24,52440120.0,191701584538.0
BK1215.DC,20250905,6341.79,6524.0,6293.01,6523.98,6330.099999999999,193.88,3.06,41205197.0,153635696527.0
BK1215.DC,20250908,6509.36,6538.5,6406.3,6526.31,6523.9800000000005,2.33,0.04,46219777.0,142940407192.0
BK1215.DC,20250909,6513.46,6513.46,6365.61,6392.96,6526.31,-133.35,-2.04,39529871.0,107067698833.0
BK1215.DC,20250910,6444.21,6561.67,6436.88,6522.71,6392.96,129.75,2.03,52609002.0,142690036617.0
BK1215.DC,20250911,6538.22,6755.15,6492.81,6755.15,6522.71,232.44,3.56,59187174.0,182161963288.0
BK1215.DC,20250912,6740.5,6817.41,6728.5,6743.12,6755.15,-12.03,-0.18,52240007.0,155725761086.0
BK1215.DC,20250915,6718.0,6745.53,6662.16,6709.85,6743.120000000001,-33.27,-0.49,42041741.0,120266862107.0
BK1215.DC,20250916,6700.06,6820.23,6687.53,6820.23,6709.849999999999,110.38,1.65,39827710.0,129157675752.0
BK1215.DC,20250917,6817.06,6894.08,6783.98,6881.89,6820.2300000000005,61.66,0.9,39849835.0,124212730907.0
BK1215.DC,20250918,6863.08,7019.42,6763.39,6849.48,6881.889999999999,-32.41,-0.47,56985293.0,183924276237.0
BK1215.DC,20250919,6874.98,6924.64,6789.18,6824.76,6849.4800000000005,-24.72,-0.36,40208473.0,144396806618.0
BK1215.DC,20250922,6850.84,6895.31,6794.84,6882.49,6824.76,57.73,0.85,37497327.0,134858937898.0
BK1215.DC,20250923,6903.03,6906.98,6607.2,6770.05,6882.49,-112.44,-1.63,45558981.0,158783287877.0
BK1215.DC,20250924,6692.78,6836.64,6645.5,6836.3,6770.05,66.25,0.98,38842495.0,129763654006.0
BK1215.DC,20250925,6825.54,6928.74,6811.0,6848.7,6836.3,12.4,0.18,39059449.0,149913051519.0
BK1215.DC,20250926,6814.88,6836.52,6679.3,6679.3,6848.7,-169.4,-2.47,34626096.0,123465477004.0
BK1215.DC,20250929,6668.44,6753.89,6627.34,6733.4,6679.299999999999,54.1,0.81,31437871.0,111593220467.0
BK1215.DC,20250930,6763.2,6824.38,6698.26,6718.05,6733.400000000001,-15.35,-0.23,31592215.0,113915679257.0
BK1215.DC,20251009,6764.3,6822.34,6741.28,6765.56,6718.05,47.51,0.71,38255890.0,138520078299.0
BK1215.DC,20251010,6733.91,6733.91,6602.49,6621.22,6765.56,-144.34,-2.13,38124401.0,133593364917.0
BK1215.DC,20251013,6337.84,6585.28,6311.79,6574.26,6621.22,-46.96,-0.71,35825689.0,114581294037.0
BK1215.DC,20251014,6623.62,6651.12,6390.14,6412.23,6574.259999999999,-162.03,-2.46,37918772.0,130052099213.0
BK1215.DC,20251015,6426.4,6495.21,6373.64,6494.11,6412.23,81.88,1.28,28327905.0,91098602595.0
BK1215.DC,20251016,6474.88,6491.81,6401.69,6422.14,6494.110000000001,-71.97,-1.11,26480912.0,91545980774.0
BK1215.DC,20251017,6439.62,6440.02,6243.7,6246.38,6422.14,-175.76,-2.74,31167262.0,102104274967.0
BK1215.DC,20251020,6334.98,6427.69,6334.98,6392.69,6246.379999999999,146.31,2.34,26650363.0,108240465204.0
BK1215.DC,20251021,6396.43,6523.36,6360.28,6522.92,6392.6900000000005,130.23,2.04,28569226.0,126101781059.0
BK1215.DC,20251022,6482.25,6558.78,6465.88,6507.25,6522.92,-15.67,-0.24,26274919.0,103124684394.0
BK1215.DC,20251023,6491.46,6496.19,6381.64,6488.06,6507.25,-19.19,-0.29,24450621.0,85696276171.0
BK1215.DC,20251024,6522.33,6612.83,6512.05,6604.09,6488.06,116.03,1.79,28437123.0,119823194609.0
BK1215.DC,20251027,6664.05,6705.12,6625.68,6674.01,6604.09,69.92,1.06,31481232.0,139111350494.0
BK1215.DC,20251028,6647.5,6745.78,6631.52,6694.1,6674.01,20.09,0.3,31256308.0,128692288199.0
BK1215.DC,20251029,6709.8,6731.22,6666.57,6729.72,6694.1,35.62,0.53,31839585.0,138946958975.0
BK1215.DC,20251030,6709.47,6747.11,6635.9,6635.9,6729.719999999999,-93.82,-1.39,33527053.0,148209197935.0
BK1215.DC,20251031,6615.27,6653.93,6570.36,6599.39,6635.900000000001,-36.51,-0.55,27880071.0,123342393212.0
BK1215.DC,20251103,6603.87,6665.81,6562.12,6665.81,6599.39,66.42,1.01,25431449.0,96581220078.0
BK1215.DC,20251104,6649.35,6649.35,6536.05,6575.09,6665.81,-90.72,-1.36,24025670.0,89195488371.0
BK1215.DC,20251105,6489.23,6599.56,6489.23,6579.01,6575.09,3.92,0.06,22510701.0,74833104761.0
BK1215.DC,20251106,6592.75,6623.36,6552.2,6615.92,6579.01,36.91,0.56,24935627.0,95648154542.0
BK1215.DC,20251107,6576.32,6623.06,6550.43,6585.32,6615.92,-30.6,-0.46,23012491.0,84300751935.0
BK1215.DC,20251110,6604.79,6630.21,6532.63,6601.91,6585.32,16.59,0.25,23450324.0,97548960648.0
BK1215.DC,20251111,6631.22,6654.41,6553.88,6568.17,6601.91,-33.74,-0.51,22928223.0,93667879189.0
BK1215.DC,20251112,6551.59,6551.59,6452.58,6533.83,6568.17,-34.34,-0.52,23965222.0,91685264223.0
BK1215.DC,20251113,6523.28,6571.16,6492.72,6570.21,6533.83,36.38,0.56,25104310.0,79192443067.0
BK1215.DC,20251114,6530.6,6580.44,6506.18,6516.89,6570.21,-53.32,-0.81,26233440.0,78539652892.0
BK1215.DC,20251117,6523.69,6592.55,6518.84,6582.65,6516.889999999999,65.76,1.01,24725705.0,79730582246.0
BK1215.DC,20251118,6561.95,6602.7,6532.82,6571.35,6582.650000000001,-11.3,-0.17,24964399.0,82813985303.0
BK1215.DC,20251119,6573.64,6592.28,6452.52,6474.06,6571.35,-97.29,-1.48,23746303.0,87331379857.0
BK1215.DC,20251120,6528.53,6536.3,6402.96,6476.87,6474.0599999999995,2.81,0.04,26431488.0,93078912361.0
BK1215.DC,20251121,6386.91,6427.24,6242.6,6250.18,6476.87,-226.69,-3.5,29899084.0,97869138348.0
BK1215.DC,20251124,6308.84,6427.54,6274.09,6403.35,6250.18,153.17,2.45,28531710.0,100155996075.0
BK1215.DC,20251125,6448.61,6644.0,6448.61,6589.8,6403.35,186.45,2.91,31216753.0,119562184110.0
BK1215.DC,20251126,6588.86,6675.07,6573.46,6593.26,6589.8,3.46,0.05,36120121.0,155677229495.0
BK1215.DC,20251127,6574.38,6674.96,6574.38,6597.19,6593.259999999999,3.93,0.06,33219268.0,145360454359.0
BK1215.DC,20251128,6601.87,6636.9,6568.78,6636.9,6597.19,39.71,0.6,26259264.0,105546675370.0
BK1215.DC,20251201,6659.47,6773.63,6642.74,6760.01,6636.900000000001,123.11,1.85,35712366.0,129257995731.0
BK1215.DC,20251202,6741.79,6752.15,6697.68,6741.36,6760.009999999999,-18.65,-0.28,32470115.0,119060573218.0
BK1215.DC,20251203,6739.21,6745.5,6610.2,6627.7,6741.36,-113.66,-1.69,32405093.0,135083900404.0
BK1215.DC,20251204,6590.77,6621.22,6527.59,6574.74,6627.7,-52.96,-0.8,27645355.0,102375414330.0
BK1215.DC,20251205,6586.3,6710.26,6533.28,6710.26,6574.74,135.52,2.06,32435612.0,123282031978.0
BK1215.DC,20251208,6729.72,6929.02,6729.72,6901.69,6710.259999999999,191.43,2.85,38333265.0,163589206364.0
BK1215.DC,20251209,6906.18,6990.93,6906.18,6919.97,6901.6900000000005,18.28,0.26,35425581.0,157499108196.0
BK1215.DC,20251210,6897.93,6962.19,6860.96,6951.47,6919.97,31.5,0.46,32494641.0,141370999817.0
BK1215.DC,20251211,6952.48,6952.48,6842.31,6842.31,6951.47,-109.16,-1.57,38710383.0,165945882746.0
BK1215.DC,20251212,6822.71,6961.2,6816.41,6902.15,6842.3099999999995,59.84,0.87,42922503.0,179972860342.0
BK1215.DC,20251215,6843.7,6896.98,6773.64,6811.97,6902.150000000001,-90.18,-1.31,33906371.0,128389031711.0
BK1215.DC,20251216,6818.99,6818.99,6672.14,6695.51,6811.97,-116.46,-1.71,35569172.0,116482126352.0
BK1215.DC,20251217,6687.56,6825.78,6634.62,6815.98,6695.509999999999,120.47,1.8,39861424.0,148162626148.0
BK1215.DC,20251218,6763.03,6921.41,6763.03,6840.07,6815.98,24.09,0.35,39173335.0,135934942788.0
BK1215.DC,20251219,6865.99,6941.83,6841.53,6889.96,6840.07,49.89,0.73,38156542.0,125511476829.0
BK1215.DC,20251222,6933.68,7031.38,6932.34,7012.69,6889.96,122.73,1.78,41350999.0,155358837394.0
BK1215.DC,20251223,7007.86,7010.99,6914.64,6944.04,7012.69,-68.65,-0.98,39206732.0,137003617015.0
BK1215.DC,20251224,6926.16,7047.43,6899.44,7047.2,6944.04,103.16,1.49,36216642.0,130798462900.0
BK1215.DC,20251225,7053.98,7121.84,7022.43,7115.13,7047.2,67.93,0.96,35896526.0,128708144648.0
BK1215.DC,20251226,7094.16,7150.78,7048.09,7110.4,7115.129999999999,-4.73,-0.07,37185919.0,119877503613.0
BK1215.DC,20251229,7101.84,7136.65,7083.2,7113.44,7110.4,3.04,0.04,35111329.0,124314537623.0
BK1215.DC,20251230,7069.53,7168.43,7063.97,7080.43,7113.4400000000005,-33.01,-0.46,34294068.0,124277608853.0
BK1215.DC,20251231,7077.52,7130.25,7038.08,7103.37,7080.43,22.94,0.32,33943092.0,122101836854.0
BK1215.DC,20260105,7150.55,7266.71,7112.89,7266.68,7103.37,163.31,2.3,39564109.0,144862899232.0
BK1215.DC,20260106,7243.09,7294.23,7196.19,7294.23,7266.679999999999,27.55,0.38,44461591.0,157776180138.0
BK1215.DC,20260107,7291.15,7365.18,7261.15,7358.44,7294.23,64.21,0.88,42177963.0,154986632414.0
BK1215.DC,20260108,7350.82,7469.74,7324.11,7451.76,7358.4400000000005,93.32,1.27,47293832.0,153940153120.0
BK1215.DC,20260109,7443.06,7650.18,7443.06,7650.18,7451.76,198.42,2.66,60733689.0,193856141871.0
BK1215.DC,20260112,7736.04,8006.6,7730.03,7991.13,7650.18,340.95,4.46,65408668.0,212458911293.0
BK1215.DC,20260113,8025.05,8025.05,7713.71,7735.54,7991.13,-255.59,-3.2,64164529.0,218914759189.0
BK1215.DC,20260114,7771.57,8071.15,7771.57,7974.13,7735.54,238.59,3.08,68056346.0,235157247118.0
BK1215.DC,20260115,7864.08,7874.77,7698.78,7796.71,7974.13,-177.42,-2.22,55096913.0,191031664464.0
BK1215.DC,20260116,7810.37,7832.46,7677.97,7759.84,7796.71,-36.87,-0.47,47837414.0,180512296442.0
BK1215.DC,20260119,7691.96,7746.5,7642.76,7673.85,7759.84,-85.99,-1.11,39979493.0,140648647839.0
BK1215.DC,20260120,7681.1,7699.51,7412.31,7473.03,7673.849999999999,-200.82,-2.62,42829913.0,141917141917.0
BK1215.DC,20260121,7412.76,7557.25,7412.76,7531.77,7473.030000000001,58.74,0.79,36807279.0,123443209358.0
BK1215.DC,20260122,7563.59,7641.28,7547.29,7641.28,7531.7699999999995,109.51,1.45,41549890.0,147206216945.0
BK1215.DC,20260123,7657.55,7761.01,7636.69,7761.01,7641.280000000001,119.73,1.57,48212073.0,163839481673.0
BK1215.DC,20260126,7764.33,7790.26,7576.29,7661.08,7761.01,-99.93,-1.29,51196420.0,164345446620.0
BK1215.DC,20260127,7618.19,7742.21,7489.92,7731.4,7661.08,70.32,0.92,42296935.0,163679333694.0
BK1215.DC,20260128,7811.29,7845.53,7693.06,7716.79,7731.4,-14.61,-0.19,52825075.0,178334769665.0
BK1215.DC,20260129,7653.63,7801.74,7576.97,7617.37,7716.79,-99.42,-1.29,47450647.0,162688173970.0
BK1215.DC,20260130,7559.46,7723.31,7473.25,7689.63,7617.37,72.26,0.95,43430942.0,179689804597.0
BK1215.DC,20260202,7653.39,7742.62,7525.02,7525.02,7689.63,-164.61,-2.14,46004542.0,203175655625.0
BK1215.DC,20260203,7610.86,7801.94,7600.89,7801.94,7525.0199999999995,276.92,3.68,44470513.0,196313741830.0
BK1215.DC,20260204,7749.56,7782.13,7615.84,7707.25,7801.94,-94.69,-1.21,38985117.0,178787783153.0
BK1215.DC,20260205,7610.07,7661.41,7561.82,7583.64,7707.25,-123.61,-1.6,34096659.0,132027771844.0
BK1215.DC,20260206,7501.56,7699.74,7493.63,7598.5,7583.64,14.86,0.2,35818297.0,139783203931.0
BK1215.DC,20260209,7736.64,7891.27,7693.94,7867.72,7598.5,269.22,3.54,42278101.0,178974273187.0
BK1215.DC,20260210,7873.02,7968.38,7873.02,7921.85,7867.72,54.13,0.69,41335175.0,143769240623.0
BK1215.DC,20260211,7900.78,7982.89,7842.56,7843.72,7921.85,-78.13,-0.99,37613670.0,141772284086.0
BK1215.DC,20260212,7890.13,8001.87,7851.25,7960.14,7843.72,116.42,1.48,37147261.0,154802261625.0
BK1215.DC,20260213,7913.27,7978.63,7827.08,7831.59,7960.14,-128.55,-1.61,34576342.0,126062887390.0
BK1215.DC,20260224,7948.13,7993.15,7848.07,7917.67,7831.59,86.08,1.1,39990160.0,160022098162.0
BK1215.DC,20260225,7935.88,7945.6,7864.35,7897.93,7917.67,-19.74,-0.25,36927810.0,134936800691.0
BK1215.DC,20260226,7918.55,8093.04,7911.52,8064.84,7897.93,166.91,2.11,44078725.0,172599648229.0
BK1215.DC,20260227,7963.16,8112.73,7951.06,8105.23,8064.839999999999,40.39,0.5,45597630.0,179987604395.0
BK1215.DC,20260302,7955.66,8067.12,7945.12,7985.18,8105.2300000000005,-120.05,-1.48,45079841.0,198581166183.0
BK1215.DC,20260303,8022.8,8062.05,7625.76,7634.12,7985.18,-351.06,-4.4,50498634.0,206066376369.0
BK1215.DC,20260304,7502.74,7717.77,7502.74,7620.91,7634.12,-13.21,-0.17,35417782.0,137043375627.0
BK1215.DC,20260305,7773.52,7829.75,7705.05,7765.14,7620.910000000001,144.23,1.89,39985816.0,178020088230.0
BK1215.DC,20260306,7711.42,7844.08,7676.54,7809.58,7765.14,44.44,0.57,31276464.0,136528262104.0
BK1215.DC,20260309,7638.17,7793.03,7487.54,7763.6,7809.58,-45.98,-0.59,39838155.0,158364266704.0
BK1215.DC,20260310,7874.46,8058.19,7874.46,8055.84,7763.6,292.24,3.76,43314606.0,169814608621.0
BK1215.DC,20260311,8097.15,8246.92,8074.51,8093.6,8055.84,37.76,0.47,52879780.0,185309352979.0
BK1215.DC,20260312,8060.39,8159.63,7906.91,7978.83,8093.6,-114.77,-1.42,43973256.0,161473386290.0
BK1215.DC,20260313,7911.23,7948.06,7788.45,7801.55,7978.83,-177.28,-2.22,42108944.0,139482911579.0
BK1215.DC,20260316,7777.0,7814.76,7682.2,7813.55,7801.55,12.0,0.15,36362438.0,138337591764.0
BK1215.DC,20260317,7823.82,7828.45,7501.83,7504.69,7813.549999999999,-308.86,-3.95,34886568.0,141811576686.0
BK1215.DC,20260318,7566.61,7785.28,7528.22,7784.45,7504.69,279.76,3.73,37751768.0,152668411014.0
BK1215.DC,20260319,7654.33,7789.09,7632.16,7666.5,7784.45,-117.95,-1.52,36021738.0,148004271012.0
BK1215.DC,20260320,7761.28,7804.74,7476.52,7478.38,7666.5,-188.12,-2.45,44517758.0,195635635850.0
BK1215.DC,20260323,7281.24,7352.05,6994.18,7036.19,7478.379999999999,-442.19,-5.91,41473688.0,149968953796.0
BK1215.DC,20260324,7181.92,7303.42,7063.3,7303.42,7036.1900000000005,267.23,3.8,36548081.0,135994784855.0
BK1215.DC,20260325,7419.18,7622.89,7419.18,7571.03,7303.42,267.61,3.66,39659426.0,171523533531.0
BK1215.DC,20260326,7554.77,7588.56,7355.03,7380.77,7571.030000000001,-190.26,-2.51,37197376.0,142361505517.0
BK1215.DC,20260327,7264.54,7488.42,7242.32,7433.64,7380.77,52.87,0.72,32397199.0,126431742129.0
BK1215.DC,20260330,7307.11,7516.52,7284.53,7515.83,7433.64,82.19,1.11,35361849.0,127729354731.0
BK1215.DC,20260331,7459.88,7560.53,7375.84,7383.75,7515.83,-132.08,-1.76,36131133.0,140342115751.0
BK1215.DC,20260401,7554.22,7571.02,7465.21,7538.5,7383.75,154.75,2.1,35339460.0,147108088960.0
BK1215.DC,20260402,7494.36,7568.76,7365.55,7403.78,7538.5,-134.72,-1.79,34546442.0,134255659680.0
BK1215.DC,20260403,7488.21,7512.41,7387.06,7415.29,7403.78,11.51,0.16,34987160.0,159523228037.0
BK1215.DC,20260407,7422.47,7534.01,7422.47,7481.71,7415.29,66.42,0.9,30749355.0,142694626779.0
BK1215.DC,20260408,7664.73,7892.17,7664.73,7892.17,7481.71,410.46,5.49,43543411.0,208381628628.0
BK1215.DC,20260409,7818.29,7913.49,7810.4,7903.27,7892.17,11.1,0.14,44472116.0,202111958378.0
BK1215.DC,20260410,7949.44,7982.93,7893.92,7912.51,7903.27,9.24,0.12,45044478.0,218290388253.0
BK1215.DC,20260413,7832.69,7969.56,7832.16,7957.38,7912.51,44.87,0.57,42390979.0,189500174446.0
BK1215.DC,20260414,8020.01,8072.37,7996.16,8067.4,7957.379999999999,110.02,1.38,44213245.0,203707646743.0
BK1215.DC,20260415,8092.17,8127.59,7959.42,7998.46,8067.4,-68.94,-0.85,41241663.0,198271814360.0
BK1215.DC,20260416,8007.77,8254.24,7998.74,8249.51,7998.46,251.05,3.14,45718425.0,200269084856.0
BK1215.DC,20260417,8239.2,8369.88,8239.2,8363.23,8249.51,113.72,1.38,44444348.0,223890930733.0
BK1215.DC,20260420,8388.15,8463.54,8370.89,8424.77,8363.23,61.54,0.74,43089390.0,222080033791.0
BK1215.DC,20260421,8344.14,8344.14,8224.35,8335.47,8424.769999999999,-89.3,-1.06,42832353.0,203255538108.0
BK1215.DC,20260422,8298.75,8555.88,8298.75,8554.14,8335.47,218.67,2.62,47830303.0,239885421845.0
BK1215.DC,20260423,8550.28,8609.99,8346.13,8395.89,8554.14,-158.25,-1.85,49962331.0,263601267827.0
BK1215.DC,20260424,8310.04,8353.46,8155.1,8249.53,8395.890000000001,-146.36,-1.74,45499467.0,265268600800.0
BK1215.DC,20260427,8247.51,8302.01,8137.97,8298.53,8249.53,49.0,0.59,42844431.0,219833462813.0
BK1215.DC,20260428,8267.48,8302.2,8113.25,8158.27,8298.53,-140.26,-1.69,42217003.0,196989927281.0
BK1215.DC,20260429,8094.75,8286.22,8094.75,8222.94,8158.27,64.67,0.79,38928494.0,168892936852.0
BK1215.DC,20260430,8234.46,8269.95,8140.78,8229.81,8222.939999999999,6.87,0.08,37564199.0,175295004432.0
BK1215.DC,20260506,8337.82,8548.4,8337.82,8482.64,8229.81,252.83,3.07,47031174.0,237639076462.0
BK1215.DC,20260507,8568.37,8760.56,8526.52,8760.33,8482.64,277.69,3.27,45510220.0,245561055300.0
BK1215.DC,20260508,8704.43,8917.86,8693.76,8910.25,8760.33,149.92,1.71,46260295.0,223432202926.0
BK1215.DC,20260511,9034.48,9110.42,8929.35,9104.96,8910.25,194.71,2.19,60987889.0,295939030388.0
BK1215.DC,20260512,9140.73,9186.19,9000.63,9079.3,9104.96,-25.66,-0.28,55871519.0,287901105623.0
BK1215.DC,20260513,8998.19,9227.94,8992.44,9227.94,9079.300000000001,148.64,1.64,55931469.0,274640116466.0
BK1215.DC,20260514,9311.29,9323.29,9060.95,9060.95,9227.94,-166.99,-1.81,54000743.0,288549529728.0
BK1215.DC,20260515,9074.57,9174.01,8851.93,8926.35,9060.95,-134.6,-1.49,53423906.0,283277897414.0
BK1215.DC,20260518,8893.9,9090.48,8891.47,9063.98,8926.35,137.63,1.54,53872518.0,241762755461.0
BK1215.DC,20260519,9003.69,9167.34,8933.71,9165.91,9063.98,101.93,1.12,56570920.0,250539202605.0
BK1215.DC,20260520,9104.83,9157.24,9043.38,9091.58,9165.91,-74.33,-0.81,50246242.0,236984373283.0
BK1215.DC,20260521,9105.4,9129.58,8599.64,8620.23,9091.58,-471.35,-5.18,52699193.0,242565297281.0
BK1215.DC,20260522,8688.39,8857.78,8616.9,8828.86,8620.230000000001,208.63,2.42,40099898.0,208932213172.0
BK1215.DC,20260525,8874.28,8913.03,8729.8,8912.37,8828.86,83.51,0.95,38873302.0,232740698308.0
BK1215.DC,20260526,8868.59,8868.59,8528.33,8674.68,8912.37,-237.69,-2.67,39398579.0,231974566774.0
BK1215.DC,20260527,8638.12,8645.77,8383.0,8445.89,8674.68,-228.79,-2.64,37842042.0,228277364738.0
BK1215.DC,20260528,8419.57,8662.61,8344.78,8636.89,8445.89,191.0,2.26,36040889.0,233485507592.0
BK1215.DC,20260529,8647.28,8700.95,8279.51,8334.39,8636.89,-302.5,-3.5,44404474.0,281759011919.0
BK1215.DC,20260601,8301.46,8422.71,8230.18,8267.49,8334.39,-66.9,-0.8,34104209.0,220677196090.0
BK1215.DC,20260602,8276.25,8468.69,8166.73,8425.71,8267.49,158.22,1.91,37807835.0,249886648334.0
BK1215.DC,20260603,8494.79,8684.28,8428.88,8534.81,8425.71,109.1,1.29,43312720.0,310828152821.0
BK1215.DC,20260604,8408.53,8526.68,8402.43,8452.02,8534.810000000001,-82.79,-0.97,38259213.0,239692440351.0
BK1215.DC,20260605,8419.27,8706.45,8417.23,8514.92,8452.02,62.9,0.74,49375061.0,336390602553.0
BK1215.DC,20260608,8182.46,8425.79,8097.59,8203.22,8514.92,-311.7,-3.66,46339550.0,270768539926.0
