ts_code,trade_date,open,high,low,close,pre_close,change,pct_chg,vol,amount
BK1216.DC,20200102,2953.14,2971.59,2935.37,2968.82,2945.5800000000004,23.24,0.79,36699299.0,51015482884.0
BK1216.DC,20200103,2967.57,2973.44,2952.22,2965.12,2968.8199999999997,-3.7,-0.12,28324621.0,43805747967.0
BK1216.DC,20200106,2953.06,2982.05,2942.92,2964.33,2965.12,-0.79,-0.03,31700929.0,48930711684.0
BK1216.DC,20200107,2965.85,3007.12,2965.85,3007.12,2964.33,42.79,1.44,28631593.0,43184532528.0
BK1216.DC,20200108,2996.17,2998.96,2957.23,2961.37,3007.12,-45.75,-1.52,27828186.0,38950043862.0
BK1216.DC,20200109,2985.33,3028.78,2985.33,3028.62,2961.37,67.25,2.27,27117712.0,46572298467.0
BK1216.DC,20200110,3039.66,3047.42,3027.94,3040.92,3028.62,12.3,0.41,26869309.0,42663675600.0
BK1216.DC,20200113,3042.82,3065.85,3023.42,3065.85,3040.92,24.93,0.82,25073769.0,41849726942.0
BK1216.DC,20200114,3071.18,3075.87,3063.25,3067.23,3065.85,1.38,0.05,27207931.0,42933968646.0
BK1216.DC,20200115,3065.27,3075.82,3048.33,3058.81,3067.23,-8.42,-0.27,23856798.0,37782600482.0
BK1216.DC,20200116,3059.97,3060.38,3043.3,3051.87,3058.81,-6.94,-0.23,22006017.0,37750190279.0
BK1216.DC,20200117,3056.24,3078.85,3056.24,3064.28,3051.8700000000003,12.41,0.41,25105811.0,46007659684.0
BK1216.DC,20200120,3106.52,3148.37,3094.93,3148.37,3064.2799999999997,84.09,2.74,39175867.0,64096951210.0
BK1216.DC,20200121,3191.52,3253.08,3191.52,3243.49,3148.37,95.12,3.02,63683746.0,90620135987.0
BK1216.DC,20200122,3267.29,3267.29,3168.79,3181.12,3243.49,-62.37,-1.92,57298417.0,76157381741.0
BK1216.DC,20200123,3181.4,3225.22,3105.39,3145.03,3181.1200000000003,-36.09,-1.13,56991612.0,81556263289.0
BK1216.DC,20200203,3035.51,3108.07,3019.47,3071.52,3145.03,-73.51,-2.34,67055506.0,104392975091.0
BK1216.DC,20200204,3070.82,3208.1,3056.0,3192.63,3071.52,121.11,3.94,83037807.0,117719587722.0
BK1216.DC,20200205,3218.08,3360.12,3202.48,3359.81,3192.63,167.18,5.24,91452435.0,135677832219.0
BK1216.DC,20200206,3373.31,3533.49,3358.09,3478.71,3359.81,118.9,3.54,101766539.0,160121360639.0
BK1216.DC,20200207,3511.55,3554.09,3383.3,3411.23,3478.71,-67.48,-1.94,107441738.0,152772153190.0
BK1216.DC,20200210,3410.59,3410.59,3289.91,3327.55,3411.23,-83.68,-2.45,68203969.0,103990598182.0
BK1216.DC,20200211,3300.63,3300.63,3235.91,3287.11,3327.55,-40.44,-1.22,51401353.0,78220011928.0
BK1216.DC,20200212,3273.24,3319.28,3262.34,3307.08,3287.11,19.97,0.61,55320856.0,82520236530.0
BK1216.DC,20200213,3310.0,3310.0,3226.67,3252.07,3307.0800000000004,-55.01,-1.66,57141690.0,83073101286.0
BK1216.DC,20200214,3263.23,3286.11,3223.12,3241.66,3252.0699999999997,-10.41,-0.32,48766272.0,76484431873.0
BK1216.DC,20200217,3255.62,3324.28,3255.62,3324.28,3241.6600000000003,82.62,2.55,48654354.0,79298717108.0
BK1216.DC,20200218,3346.71,3349.75,3310.18,3348.78,3324.28,24.5,0.74,57256153.0,89053003124.0
BK1216.DC,20200219,3339.0,3339.0,3273.92,3273.95,3348.7799999999997,-74.83,-2.23,50955779.0,77782988981.0
BK1216.DC,20200220,3274.59,3288.74,3243.37,3288.42,3273.9500000000003,14.47,0.44,45296916.0,69895640058.0
BK1216.DC,20200221,3285.89,3320.22,3276.44,3317.12,3288.42,28.7,0.87,48522349.0,75228633928.0
BK1216.DC,20200224,3334.28,3375.09,3334.28,3370.8,3317.1200000000003,53.68,1.62,53518114.0,87479376311.0
BK1216.DC,20200225,3329.77,3428.83,3321.19,3426.2,3370.7999999999997,55.4,1.64,74003822.0,110844983098.0
BK1216.DC,20200226,3397.49,3401.72,3314.48,3319.54,3426.2,-106.66,-3.11,60365959.0,93086759683.0
BK1216.DC,20200227,3325.53,3337.26,3279.0,3309.63,3319.54,-9.91,-0.3,41429438.0,66713787943.0
BK1216.DC,20200228,3253.84,3307.13,3224.55,3228.27,3309.63,-81.36,-2.46,52008797.0,82380540472.0
BK1216.DC,20200302,3249.13,3305.97,3245.55,3302.66,3228.27,74.39,2.3,45204443.0,72217726123.0
BK1216.DC,20200303,3331.96,3378.31,3331.96,3349.88,3302.6600000000003,47.22,1.43,53843665.0,89487390332.0
BK1216.DC,20200304,3332.87,3343.64,3295.32,3338.55,3349.88,-11.33,-0.34,39833798.0,64827234636.0
BK1216.DC,20200305,3363.03,3392.78,3355.84,3392.78,3338.55,54.23,1.62,45666188.0,77779506193.0
BK1216.DC,20200306,3382.61,3449.17,3382.61,3435.99,3392.7799999999997,43.21,1.27,49785819.0,77286473032.0
BK1216.DC,20200309,3428.99,3457.71,3417.39,3418.62,3435.99,-17.37,-0.51,64639185.0,97498519676.0
BK1216.DC,20200310,3363.13,3398.48,3288.98,3395.25,3418.62,-23.37,-0.68,60625284.0,91415735773.0
BK1216.DC,20200311,3398.31,3433.44,3385.43,3387.82,3395.25,-7.43,-0.22,46271462.0,70997769729.0
BK1216.DC,20200312,3368.58,3377.75,3296.57,3312.66,3387.8199999999997,-75.16,-2.22,46221067.0,76677986642.0
BK1216.DC,20200313,3146.22,3256.54,3142.41,3228.96,3312.66,-83.7,-2.53,48922691.0,80440312993.0
BK1216.DC,20200316,3270.35,3322.71,3177.97,3186.74,3228.9599999999996,-42.22,-1.31,52106478.0,84155588027.0
BK1216.DC,20200317,3189.39,3211.89,3041.38,3140.86,3186.7400000000002,-45.88,-1.44,47324078.0,74766604427.0
BK1216.DC,20200318,3171.88,3207.75,3111.54,3111.54,3140.86,-29.32,-0.93,42959971.0,72168294321.0
BK1216.DC,20200319,3105.09,3120.11,3015.55,3074.44,3111.54,-37.1,-1.19,42900194.0,71719388687.0
BK1216.DC,20200320,3102.23,3151.94,3094.42,3150.59,3074.44,76.15,2.48,38473383.0,64387864230.0
BK1216.DC,20200323,3109.97,3162.46,3082.36,3088.01,3150.59,-62.58,-1.99,45429467.0,71730646772.0
BK1216.DC,20200324,3122.18,3123.91,3050.98,3118.15,3088.01,30.14,0.98,41667665.0,66512940017.0
BK1216.DC,20200325,3168.26,3221.13,3153.1,3218.77,3118.15,100.62,3.23,45298998.0,73776675456.0
BK1216.DC,20200326,3205.85,3277.25,3190.99,3269.15,3218.77,50.38,1.57,51869072.0,86480112770.0
BK1216.DC,20200327,3296.19,3299.42,3241.45,3244.13,3269.15,-25.02,-0.77,42797390.0,80347871806.0
BK1216.DC,20200330,3224.37,3253.26,3189.86,3200.65,3244.13,-43.48,-1.34,40253618.0,73669092335.0
BK1216.DC,20200331,3213.14,3216.19,3186.52,3193.99,3200.6499999999996,-6.66,-0.21,33424859.0,62308464665.0
BK1216.DC,20200401,3183.31,3189.85,3142.09,3145.38,3193.9900000000002,-48.61,-1.52,32740826.0,57803637646.0
BK1216.DC,20200402,3133.55,3181.38,3109.76,3181.38,3145.38,36.0,1.14,30373270.0,53851218415.0
BK1216.DC,20200403,3178.92,3234.92,3178.92,3215.46,3181.38,34.08,1.07,35253768.0,63521639109.0
BK1216.DC,20200407,3259.86,3322.63,3250.93,3319.41,3215.46,103.95,3.23,42883048.0,75907966844.0
BK1216.DC,20200408,3309.43,3351.2,3292.24,3335.23,3319.41,15.82,0.48,46784953.0,75124574088.0
BK1216.DC,20200409,3345.45,3411.84,3333.36,3401.2,3335.23,65.97,1.98,49909040.0,84439241315.0
BK1216.DC,20200410,3397.58,3442.7,3348.35,3360.33,3401.2,-40.87,-1.2,51720218.0,83578116853.0
BK1216.DC,20200413,3347.15,3414.96,3340.38,3389.7,3360.33,29.37,0.87,44270023.0,68600152482.0
BK1216.DC,20200414,3391.5,3437.73,3346.6,3433.33,3389.7,43.63,1.29,48664377.0,79319442375.0
BK1216.DC,20200415,3430.81,3506.83,3430.61,3487.29,3433.33,53.96,1.57,61308459.0,92869947965.0
BK1216.DC,20200416,3465.75,3537.49,3453.65,3511.85,3487.29,24.56,0.7,62704858.0,95281499300.0
BK1216.DC,20200417,3519.23,3524.4,3452.02,3459.28,3511.8500000000004,-52.57,-1.5,57049297.0,97597361253.0
BK1216.DC,20200420,3468.4,3530.06,3468.4,3528.05,3459.28,68.77,1.99,49606953.0,85397204537.0
BK1216.DC,20200421,3519.32,3522.55,3472.9,3498.85,3528.0499999999997,-29.2,-0.83,51949864.0,87802128398.0
BK1216.DC,20200422,3469.91,3506.87,3446.82,3506.46,3498.85,7.61,0.22,45951661.0,78814914743.0
BK1216.DC,20200423,3523.61,3586.85,3519.11,3522.35,3506.46,15.89,0.45,55715846.0,99844618078.0
BK1216.DC,20200424,3518.89,3518.89,3408.62,3419.55,3522.3500000000004,-102.8,-2.92,51578745.0,86358005626.0
BK1216.DC,20200427,3417.37,3437.23,3363.17,3410.93,3419.5499999999997,-8.62,-0.25,38613519.0,74489462734.0
BK1216.DC,20200428,3404.85,3415.94,3270.75,3345.85,3410.93,-65.08,-1.91,42557438.0,74869595113.0
BK1216.DC,20200429,3331.53,3364.39,3312.65,3314.66,3345.85,-31.19,-0.93,32736326.0,62116595912.0
BK1216.DC,20200430,3321.47,3327.86,3306.65,3321.11,3314.6600000000003,6.45,0.19,33541115.0,66953401315.0
BK1216.DC,20200506,3300.15,3380.28,3298.4,3380.28,3321.11,59.17,1.78,33665211.0,66170975847.0
BK1216.DC,20200507,3377.94,3402.32,3364.98,3387.05,3380.28,6.77,0.2,33560537.0,61492871532.0
BK1216.DC,20200508,3395.0,3413.03,3388.7,3406.21,3387.05,19.16,0.57,31508560.0,58423227219.0
BK1216.DC,20200511,3421.94,3429.67,3389.56,3406.66,3406.21,0.45,0.01,33670137.0,65851605185.0
BK1216.DC,20200512,3406.64,3435.0,3399.51,3435.0,3406.66,28.34,0.83,30852747.0,64170430368.0
BK1216.DC,20200513,3432.04,3484.39,3420.36,3484.39,3435.0,49.39,1.44,31988206.0,70176635000.0
BK1216.DC,20200514,3467.55,3467.55,3434.17,3434.77,3484.39,-49.62,-1.42,31495040.0,63054238589.0
BK1216.DC,20200515,3444.11,3456.91,3418.94,3432.98,3434.77,-1.79,-0.05,26740520.0,58694750498.0
BK1216.DC,20200518,3434.84,3463.1,3416.19,3439.28,3432.98,6.3,0.18,30475255.0,65095198404.0
BK1216.DC,20200519,3461.96,3480.13,3444.73,3470.98,3439.28,31.7,0.92,27966703.0,61158326891.0
BK1216.DC,20200520,3466.53,3474.86,3429.4,3439.44,3470.98,-31.54,-0.91,30409591.0,64744495349.0
BK1216.DC,20200521,3449.34,3484.37,3434.23,3441.24,3439.4399999999996,1.8,0.05,31748556.0,69976328842.0
BK1216.DC,20200522,3439.03,3439.03,3344.49,3364.18,3441.24,-77.06,-2.24,31324827.0,63297505473.0
BK1216.DC,20200525,3365.43,3390.43,3353.3,3385.2,3364.18,21.02,0.62,25256499.0,51484751210.0
BK1216.DC,20200526,3396.55,3469.18,3394.34,3469.18,3385.2,83.98,2.48,28735998.0,60082679076.0
BK1216.DC,20200527,3472.55,3475.12,3425.94,3434.7,3469.18,-34.48,-0.99,28937262.0,60193026112.0
BK1216.DC,20200528,3433.9,3434.96,3358.04,3397.67,3434.7000000000003,-37.03,-1.08,29115454.0,57326967526.0
BK1216.DC,20200529,3392.16,3467.28,3386.26,3460.83,3397.67,63.16,1.86,29321708.0,64582924704.0
BK1216.DC,20200601,3480.58,3541.27,3480.58,3539.33,3460.83,78.5,2.27,33295178.0,73516819531.0
BK1216.DC,20200602,3542.83,3542.83,3506.81,3529.01,3539.3300000000004,-10.32,-0.29,30461983.0,64604127423.0
BK1216.DC,20200603,3543.94,3588.56,3543.94,3565.04,3529.0099999999998,36.03,1.02,39459736.0,76887657662.0
BK1216.DC,20200604,3564.67,3587.44,3550.14,3582.23,3565.04,17.19,0.48,33373583.0,64765408153.0
BK1216.DC,20200605,3584.24,3597.71,3576.0,3596.35,3582.23,14.12,0.39,29143793.0,60485371309.0
BK1216.DC,20200608,3610.78,3613.45,3593.6,3597.52,3596.35,1.17,0.03,30440031.0,67461614433.0
BK1216.DC,20200609,3598.53,3646.95,3589.47,3646.95,3597.52,49.43,1.37,32408173.0,71646607769.0
BK1216.DC,20200610,3647.41,3697.91,3645.44,3693.88,3646.9500000000003,46.93,1.29,36179813.0,78511464119.0
BK1216.DC,20200611,3693.14,3714.3,3652.37,3669.94,3693.88,-23.94,-0.65,36180438.0,78582383691.0
BK1216.DC,20200612,3610.41,3740.53,3610.41,3733.04,3669.94,63.1,1.72,39547137.0,87792609152.0
BK1216.DC,20200615,3779.25,3840.89,3779.25,3835.25,3733.04,102.21,2.74,55532826.0,108411101468.0
BK1216.DC,20200616,3844.84,3894.35,3808.44,3892.62,3835.25,57.37,1.5,48752640.0,103225857128.0
BK1216.DC,20200617,3903.19,4021.26,3903.19,3991.14,3892.62,98.52,2.53,66284879.0,128892642898.0
BK1216.DC,20200618,3994.26,3994.26,3864.77,3880.08,3991.14,-111.06,-2.78,56540781.0,121000901824.0
BK1216.DC,20200619,3872.96,3906.96,3855.56,3897.11,3880.08,17.03,0.44,43903978.0,97691284585.0
BK1216.DC,20200622,3903.75,3919.19,3882.5,3906.34,3897.11,9.23,0.24,41119754.0,93969995216.0
BK1216.DC,20200623,3905.29,3954.45,3895.11,3954.04,3906.34,47.7,1.22,37209506.0,93612204042.0
BK1216.DC,20200624,3957.16,3971.84,3913.63,3933.09,3954.04,-20.95,-0.53,36439418.0,92144239177.0
BK1216.DC,20200629,3937.41,3980.26,3937.41,3980.26,3933.09,47.17,1.2,39673237.0,95037734473.0
BK1216.DC,20200630,3991.59,4061.65,3979.44,4047.96,3980.26,67.7,1.7,42631562.0,102925416668.0
BK1216.DC,20200701,4050.31,4052.14,3984.77,4026.12,4047.96,-21.84,-0.54,44793518.0,112031993594.0
BK1216.DC,20200702,4025.26,4059.94,4002.3,4027.62,4026.12,1.5,0.04,46567197.0,114485776964.0
BK1216.DC,20200703,4021.14,4063.28,3992.66,4062.79,4027.62,35.17,0.87,49025745.0,115858052115.0
BK1216.DC,20200706,4069.4,4144.52,4049.68,4138.94,4062.7899999999995,76.15,1.87,66013733.0,145155459655.0
BK1216.DC,20200707,4144.44,4238.21,4120.19,4204.06,4138.9400000000005,65.12,1.57,71655538.0,156506935670.0
BK1216.DC,20200708,4207.18,4240.07,4167.17,4240.07,4204.0599999999995,36.01,0.86,60273589.0,128912379981.0
BK1216.DC,20200709,4236.73,4402.9,4235.01,4388.36,4240.07,148.29,3.5,74578530.0,160054740987.0
BK1216.DC,20200710,4390.1,4476.71,4382.26,4429.72,4388.360000000001,41.36,0.94,73565073.0,157797920406.0
BK1216.DC,20200713,4457.07,4614.57,4457.07,4614.57,4429.719999999999,184.85,4.17,75269538.0,172066107578.0
BK1216.DC,20200714,4626.51,4642.99,4485.9,4572.72,4614.570000000001,-41.85,-0.91,77005617.0,180128386811.0
BK1216.DC,20200715,4573.8,4637.61,4495.5,4508.89,4572.72,-63.83,-1.4,74073680.0,182005393444.0
BK1216.DC,20200716,4503.65,4503.65,4216.11,4221.63,4508.89,-287.26,-6.37,67730006.0,167810107503.0
BK1216.DC,20200717,4213.1,4307.67,4183.94,4246.77,4221.63,25.14,0.6,46091548.0,122199219231.0
BK1216.DC,20200720,4282.56,4305.0,4192.57,4305.0,4246.77,58.23,1.37,44862263.0,118001666795.0
BK1216.DC,20200721,4302.19,4401.94,4291.93,4398.76,4305.0,93.76,2.18,46247518.0,120397971553.0
BK1216.DC,20200722,4387.36,4475.87,4367.79,4439.28,4398.759999999999,40.52,0.92,47838388.0,127341455242.0
BK1216.DC,20200723,4406.73,4523.82,4374.74,4523.82,4439.28,84.54,1.9,62127283.0,158196904104.0
BK1216.DC,20200724,4509.07,4509.07,4279.16,4291.91,4523.82,-231.91,-5.13,65957245.0,173556646460.0
BK1216.DC,20200727,4302.78,4355.11,4284.95,4327.27,4291.910000000001,35.36,0.82,45642901.0,121335769335.0
BK1216.DC,20200728,4351.73,4357.1,4294.77,4357.1,4327.27,29.83,0.69,44122382.0,119795999907.0
BK1216.DC,20200729,4348.01,4521.24,4348.01,4521.24,4357.099999999999,164.14,3.77,56075905.0,144103961906.0
BK1216.DC,20200730,4543.61,4672.98,4537.47,4573.02,4521.240000000001,51.78,1.15,73958805.0,181989121970.0
BK1216.DC,20200731,4558.89,4668.15,4527.85,4667.83,4573.0199999999995,94.81,2.07,70591524.0,171416299199.0
BK1216.DC,20200803,4711.06,4809.4,4692.59,4809.4,4667.83,141.57,3.03,74958476.0,187510127840.0
BK1216.DC,20200804,4820.59,4851.34,4725.63,4740.76,4809.400000000001,-68.64,-1.43,78727428.0,210623908405.0
BK1216.DC,20200805,4694.91,4804.77,4668.76,4785.83,4740.76,45.07,0.95,60952410.0,160407942301.0
BK1216.DC,20200806,4785.58,4826.19,4666.7,4717.24,4785.83,-68.59,-1.43,60761590.0,170639346287.0
BK1216.DC,20200807,4716.93,4755.52,4557.49,4654.52,4717.240000000001,-62.72,-1.33,63153894.0,166394742838.0
BK1216.DC,20200810,4634.76,4677.15,4573.53,4649.17,4654.52,-5.35,-0.11,52915594.0,138295668132.0
BK1216.DC,20200811,4643.48,4671.74,4536.05,4540.55,4649.17,-108.62,-2.34,49689446.0,125819564479.0
BK1216.DC,20200812,4530.39,4537.88,4349.47,4437.43,4540.55,-103.12,-2.27,47466283.0,129192808044.0
BK1216.DC,20200813,4445.22,4457.15,4404.35,4420.78,4437.429999999999,-16.65,-0.38,37499662.0,99559995434.0
BK1216.DC,20200814,4416.38,4439.86,4346.6,4428.46,4420.78,7.68,0.17,34149894.0,92092952783.0
BK1216.DC,20200817,4434.97,4497.85,4424.29,4497.3,4428.46,68.84,1.55,38209077.0,99777966784.0
BK1216.DC,20200818,4500.98,4541.74,4500.98,4532.34,4497.3,35.04,0.78,39665818.0,105320255367.0
BK1216.DC,20200819,4528.32,4528.32,4426.65,4429.72,4532.34,-102.62,-2.26,42060322.0,109389107344.0
BK1216.DC,20200820,4402.02,4437.6,4366.42,4383.26,4429.72,-46.46,-1.05,33201083.0,83377625236.0
BK1216.DC,20200821,4402.95,4430.58,4379.6,4403.33,4383.26,20.07,0.46,30211768.0,80295715013.0
BK1216.DC,20200824,4413.36,4429.15,4327.91,4420.7,4403.33,17.37,0.39,31292318.0,85732469315.0
BK1216.DC,20200825,4421.04,4445.89,4409.92,4422.52,4420.700000000001,1.82,0.04,33948412.0,83905940041.0
BK1216.DC,20200826,4418.77,4457.66,4336.79,4351.47,4422.52,-71.05,-1.61,40940466.0,102966725021.0
BK1216.DC,20200827,4352.54,4402.78,4318.16,4394.78,4351.469999999999,43.31,1.0,34093388.0,84199650080.0
BK1216.DC,20200828,4391.79,4481.46,4384.54,4478.46,4394.78,83.68,1.9,41894503.0,109861588578.0
BK1216.DC,20200831,4491.93,4519.83,4461.41,4462.3,4478.46,-16.16,-0.36,38643007.0,103011133411.0
BK1216.DC,20200901,4461.74,4471.87,4433.01,4462.92,4462.3,0.62,0.01,29231076.0,77970742690.0
BK1216.DC,20200902,4473.8,4485.84,4429.44,4475.08,4462.92,12.16,0.27,37987173.0,86680862839.0
BK1216.DC,20200903,4475.11,4566.15,4467.11,4496.64,4475.08,21.56,0.48,48720300.0,107786534313.0
BK1216.DC,20200904,4420.28,4455.78,4398.86,4451.36,4496.639999999999,-45.28,-1.01,39328060.0,91763030763.0
BK1216.DC,20200907,4445.04,4470.76,4335.33,4347.72,4451.360000000001,-103.64,-2.33,45335497.0,101273724879.0
BK1216.DC,20200908,4359.95,4376.96,4302.64,4364.18,4347.72,16.46,0.38,40645310.0,80695047544.0
BK1216.DC,20200909,4324.01,4324.01,4197.61,4197.61,4364.179999999999,-166.57,-3.82,48751049.0,97234665643.0
BK1216.DC,20200910,4228.83,4238.2,4072.25,4078.99,4197.61,-118.62,-2.83,40587961.0,78902375209.0
BK1216.DC,20200911,4062.2,4165.49,4062.2,4163.68,4078.9900000000002,84.69,2.08,31144324.0,66213854416.0
BK1216.DC,20200914,4191.31,4230.87,4168.45,4200.28,4163.679999999999,36.6,0.88,33495213.0,79950095278.0
BK1216.DC,20200915,4204.26,4230.41,4171.99,4227.67,4200.28,27.39,0.65,29056423.0,69440625146.0
BK1216.DC,20200916,4227.76,4237.0,4147.3,4169.08,4227.67,-58.59,-1.39,27866081.0,66502722428.0
BK1216.DC,20200917,4162.29,4193.2,4113.72,4164.96,4169.08,-4.12,-0.1,27037845.0,68249481683.0
BK1216.DC,20200918,4163.25,4212.49,4145.42,4210.27,4164.96,45.31,1.09,28006419.0,66085604184.0
BK1216.DC,20200921,4213.27,4225.32,4185.1,4197.26,4210.27,-13.01,-0.31,25570340.0,60644143949.0
BK1216.DC,20200922,4175.45,4269.77,4175.45,4205.94,4197.259999999999,8.68,0.21,34455104.0,82766866934.0
BK1216.DC,20200923,4216.75,4319.43,4192.45,4289.62,4205.94,83.68,1.99,36800765.0,102826291869.0
BK1216.DC,20200924,4266.49,4271.26,4193.96,4197.27,4289.620000000001,-92.35,-2.15,32386121.0,83995827000.0
BK1216.DC,20200925,4209.65,4252.07,4175.84,4190.87,4197.2699999999995,-6.4,-0.15,28515062.0,77336615830.0
BK1216.DC,20200928,4196.31,4196.31,4091.12,4093.78,4190.87,-97.09,-2.32,26225040.0,65402414013.0
BK1216.DC,20200929,4100.5,4138.01,4058.78,4114.53,4093.7799999999997,20.75,0.51,24068097.0,63763676402.0
BK1216.DC,20200930,4126.75,4158.06,4102.26,4124.44,4114.53,9.91,0.24,22849801.0,62331416049.0
BK1216.DC,20201009,4178.44,4247.75,4178.44,4243.35,4124.4400000000005,118.91,2.88,28807845.0,79514836643.0
BK1216.DC,20201012,4272.62,4351.9,4272.47,4351.9,4243.349999999999,108.55,2.56,36227316.0,100013579434.0
BK1216.DC,20201013,4354.21,4407.41,4337.73,4399.89,4351.900000000001,47.99,1.1,34281112.0,97696203742.0
BK1216.DC,20201014,4391.42,4419.39,4368.36,4375.06,4399.89,-24.83,-0.56,33860499.0,96331745806.0
BK1216.DC,20201015,4373.07,4373.07,4311.81,4312.97,4375.06,-62.09,-1.42,27712575.0,76637376257.0
BK1216.DC,20201016,4314.66,4370.0,4286.88,4370.0,4312.97,57.03,1.32,32460275.0,80442856858.0
BK1216.DC,20201019,4382.89,4382.89,4293.82,4301.21,4370.0,-68.79,-1.57,34241866.0,87437336415.0
BK1216.DC,20201020,4291.38,4336.79,4268.62,4336.79,4301.21,35.58,0.83,26119680.0,67978600473.0
BK1216.DC,20201021,4346.15,4384.41,4305.11,4308.25,4336.79,-28.54,-0.66,29531309.0,83953239629.0
BK1216.DC,20201022,4289.86,4289.86,4223.56,4252.09,4308.25,-56.16,-1.3,26468997.0,71159972346.0
BK1216.DC,20201023,4251.86,4274.26,4146.56,4156.73,4252.089999999999,-95.36,-2.24,25849070.0,76398645894.0
BK1216.DC,20201026,4152.18,4192.64,4112.49,4181.26,4156.7300000000005,24.53,0.59,21378697.0,59263311808.0
BK1216.DC,20201027,4172.63,4225.84,4163.76,4222.53,4181.259999999999,41.27,0.99,25918816.0,68879516261.0
BK1216.DC,20201028,4227.22,4227.22,4162.81,4201.44,4222.53,-21.09,-0.5,25880840.0,69443615319.0
BK1216.DC,20201029,4162.87,4266.1,4162.87,4252.34,4201.4400000000005,50.9,1.21,33848589.0,95106298523.0
BK1216.DC,20201030,4250.1,4250.97,4125.52,4131.82,4252.34,-120.52,-2.83,33236599.0,84444300376.0
BK1216.DC,20201102,4129.02,4133.88,4053.68,4076.86,4131.82,-54.96,-1.33,29466410.0,77059245849.0
BK1216.DC,20201103,4083.48,4156.0,4068.05,4156.0,4076.86,79.14,1.94,25729202.0,65296184653.0
BK1216.DC,20201104,4157.8,4166.31,4108.59,4133.26,4156.0,-22.74,-0.55,25731343.0,65052845095.0
BK1216.DC,20201105,4164.97,4184.47,4140.33,4176.15,4133.259999999999,42.89,1.04,28869497.0,74376010309.0
BK1216.DC,20201106,4179.92,4179.92,4074.48,4101.5,4176.15,-74.65,-1.79,31643946.0,87370558865.0
BK1216.DC,20201109,4114.64,4196.81,4114.64,4184.08,4101.5,82.58,2.01,35627569.0,90842798923.0
BK1216.DC,20201110,4202.41,4220.39,4128.94,4144.47,4184.08,-39.61,-0.95,34431774.0,96511555197.0
BK1216.DC,20201111,4133.27,4133.27,4063.71,4068.11,4144.47,-76.36,-1.84,28504015.0,82748588602.0
BK1216.DC,20201112,4073.55,4102.58,4062.96,4071.74,4068.1099999999997,3.63,0.09,23756439.0,64581395353.0
BK1216.DC,20201113,4061.92,4067.85,4029.36,4067.85,4071.74,-3.89,-0.1,20898542.0,57234186237.0
BK1216.DC,20201116,4087.59,4097.25,4060.1,4096.57,4067.85,28.72,0.71,23497824.0,60191415131.0
BK1216.DC,20201117,4093.94,4093.94,4022.97,4039.77,4096.57,-56.8,-1.39,25521929.0,70717547876.0
BK1216.DC,20201118,4038.83,4063.43,4016.32,4032.12,4039.77,-7.65,-0.19,26410182.0,65406981015.0
BK1216.DC,20201119,4022.92,4049.85,3997.02,4046.23,4032.12,14.11,0.35,21627551.0,55069918171.0
BK1216.DC,20201120,4044.54,4061.24,4044.54,4059.3,4046.23,13.07,0.32,21326209.0,51505207723.0
BK1216.DC,20201123,4065.98,4068.22,4040.96,4061.95,4059.2999999999997,2.65,0.07,26341068.0,64956444152.0
BK1216.DC,20201124,4055.31,4055.31,4020.39,4025.56,4061.95,-36.39,-0.9,21953090.0,53341644455.0
BK1216.DC,20201125,4026.21,4026.21,3960.88,3960.88,4025.56,-64.68,-1.61,26067677.0,70208327362.0
BK1216.DC,20201126,3955.35,3974.92,3923.29,3934.13,3960.88,-26.75,-0.68,20665590.0,51254855775.0
BK1216.DC,20201127,3936.54,3951.33,3909.98,3936.31,3934.13,2.18,0.06,18889993.0,45354640919.0
BK1216.DC,20201130,3937.36,3951.71,3907.38,3929.36,3936.31,-6.95,-0.18,23419950.0,61541092981.0
BK1216.DC,20201201,3926.59,3994.52,3926.59,3993.35,3929.36,63.99,1.63,25406012.0,70570681951.0
BK1216.DC,20201202,3998.77,4003.48,3971.27,3994.72,3993.35,1.37,0.03,21329932.0,55337377240.0
BK1216.DC,20201203,3995.27,4075.07,3994.05,4058.06,3994.72,63.34,1.59,31285285.0,83266504557.0
BK1216.DC,20201204,4057.27,4081.91,4051.24,4081.57,4058.06,23.51,0.58,26232541.0,70006176024.0
BK1216.DC,20201207,4074.12,4074.12,4043.17,4043.32,4081.57,-38.25,-0.94,28100398.0,73816310516.0
BK1216.DC,20201208,4041.22,4054.65,4022.93,4023.37,4043.3199999999997,-19.95,-0.49,22004960.0,58516642631.0
BK1216.DC,20201209,4027.65,4031.91,3957.31,3957.31,4023.37,-66.06,-1.64,24788539.0,66494503487.0
BK1216.DC,20201210,3946.63,3991.66,3932.82,3978.78,3957.3100000000004,21.47,0.54,24032272.0,69754807097.0
BK1216.DC,20201211,3978.27,3986.8,3897.02,3925.92,3978.78,-52.86,-1.33,31473252.0,86848693830.0
BK1216.DC,20201214,3922.07,3954.14,3889.07,3953.6,3925.92,27.68,0.71,24975526.0,66745025433.0
BK1216.DC,20201215,3949.64,4008.65,3948.96,3983.4,3953.6,29.8,0.75,27487866.0,81635946835.0
BK1216.DC,20201216,3978.59,3980.32,3936.14,3946.11,3983.4,-37.29,-0.94,24654031.0,69047839035.0
BK1216.DC,20201217,3948.5,4000.23,3948.5,3999.72,3946.1099999999997,53.61,1.36,30497177.0,94719302231.0
BK1216.DC,20201218,3994.9,3994.9,3943.18,3949.03,3999.7200000000003,-50.69,-1.27,27249780.0,75956143903.0
BK1216.DC,20201221,3947.06,3977.13,3921.93,3975.85,3949.0299999999997,26.82,0.68,27011666.0,77124393191.0
BK1216.DC,20201222,3970.2,4047.15,3970.2,3979.53,3975.8500000000004,3.68,0.09,39384056.0,100851932274.0
BK1216.DC,20201223,3967.56,3967.56,3913.67,3935.27,3979.53,-44.26,-1.11,30939490.0,82330339878.0
BK1216.DC,20201224,3927.48,3927.48,3838.17,3838.17,3935.27,-97.1,-2.47,29031927.0,72401687565.0
BK1216.DC,20201225,3825.1,3854.32,3814.19,3850.41,3838.17,12.24,0.32,23976184.0,67138475167.0
BK1216.DC,20201228,3855.46,3857.85,3808.99,3810.39,3850.41,-40.02,-1.04,29748928.0,78200643379.0
BK1216.DC,20201229,3799.94,3804.61,3774.56,3775.91,3810.39,-34.48,-0.9,25690828.0,65128123388.0
BK1216.DC,20201230,3765.76,3780.2,3752.37,3771.42,3775.91,-4.49,-0.12,22675607.0,62678745096.0
BK1216.DC,20201231,3773.21,3827.33,3773.21,3825.25,3771.42,53.83,1.43,26035244.0,78055753466.0
BK1216.DC,20210104,3824.98,3834.55,3801.47,3831.12,3825.25,5.87,0.15,31238529.0,99589065737.0
BK1216.DC,20210105,3823.53,3863.22,3815.99,3863.22,3831.12,32.1,0.84,33050158.0,103926655120.0
BK1216.DC,20210106,3866.04,3874.13,3827.37,3870.82,3863.2200000000003,7.6,0.2,36322759.0,107857157813.0
BK1216.DC,20210107,3864.06,3864.06,3742.87,3761.41,3870.8199999999997,-109.41,-2.83,35248055.0,98124983444.0
BK1216.DC,20210108,3749.32,3789.6,3714.36,3766.28,3761.4100000000003,4.87,0.13,28898075.0,90442318748.0
BK1216.DC,20210111,3768.29,3768.29,3678.89,3693.96,3766.28,-72.32,-1.92,31632748.0,97765132740.0
BK1216.DC,20210112,3688.66,3729.04,3687.19,3716.29,3693.96,22.33,0.6,26658002.0,82866679016.0
BK1216.DC,20210113,3715.33,3715.33,3626.47,3639.21,3716.29,-77.08,-2.07,30908974.0,92625972622.0
BK1216.DC,20210114,3635.54,3684.39,3618.29,3667.49,3639.2099999999996,28.28,0.78,26900965.0,82494986980.0
BK1216.DC,20210115,3666.52,3708.37,3665.65,3704.4,3667.4900000000002,36.91,1.01,23466085.0,73028476187.0
BK1216.DC,20210118,3702.26,3741.88,3702.26,3738.8,3704.4,34.4,0.93,24188218.0,67700623700.0
BK1216.DC,20210119,3740.18,3763.37,3728.9,3742.3,3738.8,3.5,0.09,25558919.0,74637318495.0
BK1216.DC,20210120,3748.08,3783.76,3748.08,3783.3,3742.3,41.0,1.1,23576290.0,74408058719.0
BK1216.DC,20210121,3810.4,3848.74,3810.4,3839.83,3783.2999999999997,56.53,1.49,32314953.0,96229278308.0
BK1216.DC,20210122,3832.93,3906.96,3832.08,3905.95,3839.83,66.12,1.72,36860090.0,120400157880.0
BK1216.DC,20210125,3907.62,3912.9,3851.74,3860.16,3905.95,-45.79,-1.17,38010857.0,121218450082.0
BK1216.DC,20210126,3843.64,3843.64,3784.08,3784.94,3860.16,-75.22,-1.95,30877298.0,99692577989.0
BK1216.DC,20210127,3779.73,3791.15,3740.51,3762.5,3784.94,-22.44,-0.59,25003467.0,79360220857.0
BK1216.DC,20210128,3725.76,3759.25,3690.46,3693.8,3762.5,-68.7,-1.83,25805276.0,79685959946.0
BK1216.DC,20210129,3707.26,3716.11,3598.9,3633.25,3693.8,-60.55,-1.64,25924003.0,76738129616.0
BK1216.DC,20210201,3624.59,3672.67,3616.48,3671.6,3633.25,38.35,1.06,25271501.0,73300389036.0
BK1216.DC,20210202,3673.74,3695.03,3645.74,3684.49,3671.6,12.89,0.35,23817004.0,75320024505.0
BK1216.DC,20210203,3682.63,3682.63,3632.15,3639.99,3684.49,-44.5,-1.21,25197976.0,81867308044.0
BK1216.DC,20210204,3624.95,3643.28,3534.39,3570.37,3639.99,-69.62,-1.91,27147329.0,75743946809.0
BK1216.DC,20210205,3580.94,3626.88,3578.37,3580.86,3570.3700000000003,10.49,0.29,25253093.0,86294723209.0
BK1216.DC,20210208,3590.64,3601.76,3565.37,3591.18,3580.8599999999997,10.32,0.29,25932082.0,83419014354.0
BK1216.DC,20210209,3587.63,3656.65,3574.44,3650.86,3591.1800000000003,59.68,1.66,27763321.0,85624224368.0
BK1216.DC,20210210,3656.35,3730.76,3653.2,3724.32,3650.86,73.46,2.01,30632631.0,100396456775.0
BK1216.DC,20210218,3756.1,3768.99,3723.53,3732.54,3724.32,8.22,0.22,32722746.0,114662181499.0
BK1216.DC,20210219,3728.21,3799.38,3719.38,3799.38,3732.54,66.84,1.79,29985931.0,91268675661.0
BK1216.DC,20210222,3803.17,3854.36,3794.32,3799.11,3799.38,-0.27,-0.01,36091509.0,104912231380.0
BK1216.DC,20210223,3785.02,3823.7,3758.42,3795.95,3799.1099999999997,-3.16,-0.08,28589976.0,83530586838.0
BK1216.DC,20210224,3793.94,3805.68,3734.55,3759.36,3795.9500000000003,-36.59,-0.96,28111864.0,92122985815.0
BK1216.DC,20210225,3774.93,3780.49,3723.44,3726.77,3759.36,-32.59,-0.87,24470078.0,73957865169.0
BK1216.DC,20210226,3689.01,3738.99,3681.52,3709.07,3726.77,-17.7,-0.47,23652022.0,78002544476.0
BK1216.DC,20210301,3732.72,3776.25,3732.72,3776.22,3709.0699999999997,67.15,1.81,23815711.0,74964361286.0
BK1216.DC,20210302,3783.4,3783.4,3719.85,3736.67,3776.2200000000003,-39.55,-1.05,23333455.0,76013527804.0
BK1216.DC,20210303,3729.08,3779.23,3725.78,3778.83,3736.67,42.16,1.13,21102406.0,63269145010.0
BK1216.DC,20210304,3763.24,3766.87,3709.51,3716.9,3778.83,-61.93,-1.64,24116332.0,75660534977.0
BK1216.DC,20210305,3697.69,3762.3,3697.69,3752.84,3716.9,35.94,0.97,21726539.0,65024562279.0
BK1216.DC,20210308,3770.44,3796.06,3690.96,3690.96,3752.84,-61.88,-1.65,26445744.0,81518111363.0
BK1216.DC,20210309,3685.26,3685.26,3551.71,3594.71,3690.96,-96.25,-2.61,28783489.0,83330594617.0
BK1216.DC,20210310,3624.39,3635.12,3565.48,3569.25,3594.71,-25.46,-0.71,20928448.0,64728451768.0
BK1216.DC,20210311,3572.83,3614.51,3550.88,3614.51,3569.25,45.26,1.27,20350335.0,65688335000.0
BK1216.DC,20210312,3617.82,3617.82,3575.33,3604.68,3614.5099999999998,-9.83,-0.27,18892563.0,57201538735.0
BK1216.DC,20210315,3595.97,3609.83,3552.28,3572.58,3604.68,-32.1,-0.89,20047477.0,62500413798.0
BK1216.DC,20210316,3580.03,3624.3,3579.36,3624.13,3572.58,51.55,1.44,18858826.0,53488591280.0
BK1216.DC,20210317,3622.14,3657.95,3611.57,3656.62,3624.13,32.49,0.9,18436559.0,51266022255.0
BK1216.DC,20210318,3658.59,3704.36,3655.33,3692.86,3656.6200000000003,36.24,0.99,23916648.0,62135597438.0
BK1216.DC,20210319,3667.88,3722.5,3663.11,3698.73,3692.86,5.87,0.16,26463789.0,63741452428.0
BK1216.DC,20210322,3702.32,3740.18,3702.32,3740.18,3698.73,41.45,1.12,24142660.0,59949043246.0
BK1216.DC,20210323,3738.77,3748.27,3688.24,3705.83,3740.18,-34.35,-0.92,23094343.0,55925636466.0
BK1216.DC,20210324,3691.88,3710.8,3664.71,3675.04,3705.83,-30.79,-0.83,20853766.0,57164724750.0
BK1216.DC,20210325,3662.72,3691.06,3643.31,3670.78,3675.0400000000004,-4.26,-0.12,18578868.0,53467699345.0
BK1216.DC,20210326,3680.0,3727.6,3680.0,3722.29,3670.7799999999997,51.51,1.4,21315334.0,67320123497.0
BK1216.DC,20210329,3726.24,3744.32,3720.38,3732.38,3722.29,10.09,0.27,22294037.0,63652311512.0
BK1216.DC,20210330,3732.61,3748.56,3720.02,3732.36,3732.38,-0.02,0.0,24299458.0,66734387651.0
BK1216.DC,20210331,3728.12,3734.48,3710.49,3729.25,3732.36,-3.11,-0.08,21672953.0,55326036472.0
BK1216.DC,20210401,3731.07,3757.41,3718.65,3754.17,3729.25,24.92,0.67,22196062.0,55925403758.0
BK1216.DC,20210402,3760.77,3773.99,3752.55,3764.33,3754.17,10.16,0.27,22014624.0,58503175027.0
BK1216.DC,20210406,3766.96,3787.08,3761.74,3786.91,3764.33,22.58,0.6,21436951.0,53369684051.0
BK1216.DC,20210407,3788.67,3794.03,3764.35,3794.03,3786.9100000000003,7.12,0.19,23321190.0,57942340942.0
BK1216.DC,20210408,3790.81,3820.69,3780.64,3807.47,3794.0299999999997,13.44,0.35,26673876.0,64820683857.0
BK1216.DC,20210409,3808.04,3817.34,3784.95,3816.37,3807.47,8.9,0.23,26290577.0,59889765152.0
BK1216.DC,20210412,3810.99,3822.85,3754.27,3760.96,3816.37,-55.41,-1.45,27636454.0,67727399162.0
BK1216.DC,20210413,3753.18,3788.57,3753.18,3766.02,3760.96,5.06,0.13,26642285.0,61347767249.0
BK1216.DC,20210414,3762.64,3798.61,3748.73,3797.4,3766.02,31.38,0.83,27578772.0,66847448219.0
BK1216.DC,20210415,3795.39,3816.79,3773.36,3810.69,3797.4,13.29,0.35,30294196.0,67318329895.0
BK1216.DC,20210416,3806.88,3867.41,3804.92,3862.81,3810.69,52.12,1.37,32014971.0,72370747249.0
BK1216.DC,20210419,3854.75,3907.47,3843.55,3904.8,3862.8100000000004,41.99,1.09,31569011.0,79273516222.0
BK1216.DC,20210420,3901.11,3921.87,3895.04,3896.05,3904.8,-8.75,-0.22,32265126.0,82260108435.0
BK1216.DC,20210421,3883.56,3975.91,3883.56,3966.15,3896.05,70.1,1.8,38475868.0,89930279445.0
BK1216.DC,20210422,3969.56,3995.47,3966.36,3995.47,3966.1499999999996,29.32,0.74,36471092.0,82802499603.0
BK1216.DC,20210423,3992.7,4025.22,3985.68,3999.87,3995.47,4.4,0.11,33617032.0,92364188317.0
BK1216.DC,20210426,4041.99,4126.56,4041.99,4053.89,3999.87,54.02,1.35,45972189.0,125522071921.0
BK1216.DC,20210427,4040.26,4098.43,4015.02,4098.43,4053.8900000000003,44.54,1.1,46889830.0,105438233796.0
BK1216.DC,20210428,4091.64,4135.74,4066.28,4129.76,4098.43,31.33,0.76,46004566.0,118543992425.0
BK1216.DC,20210429,4115.74,4141.65,4083.44,4083.73,4129.76,-46.03,-1.11,47184097.0,113782382418.0
BK1216.DC,20210430,4073.66,4160.65,4073.66,4160.54,4083.73,76.81,1.88,51801343.0,124420963341.0
BK1216.DC,20210506,4153.86,4157.81,4074.76,4099.4,4160.54,-61.14,-1.47,53362722.0,134890739477.0
BK1216.DC,20210507,4104.77,4107.5,3984.84,3984.84,4099.400000000001,-114.56,-2.79,42709987.0,104172994745.0
BK1216.DC,20210510,3997.78,4040.04,3997.78,4023.31,3984.84,38.47,0.97,36658586.0,86804710519.0
BK1216.DC,20210511,4008.97,4051.81,3970.5,4041.68,4023.31,18.37,0.46,41823709.0,93879582987.0
BK1216.DC,20210512,4027.58,4118.33,4007.65,4117.31,4041.6800000000003,75.63,1.87,42864984.0,94688341819.0
BK1216.DC,20210513,4091.52,4228.78,4091.52,4189.23,4117.3099999999995,71.92,1.75,58836736.0,115085775805.0
BK1216.DC,20210514,4201.41,4261.59,4185.1,4239.53,4189.23,50.3,1.2,56076174.0,128699306417.0
BK1216.DC,20210517,4235.05,4270.76,4224.85,4243.7,4239.53,4.17,0.1,47349095.0,123771946962.0
BK1216.DC,20210518,4233.39,4262.82,4195.48,4262.4,4243.7,18.7,0.44,42181570.0,101555164931.0
BK1216.DC,20210519,4257.06,4264.57,4229.36,4249.24,4262.4,-13.16,-0.31,40280035.0,90942385516.0
BK1216.DC,20210520,4241.68,4290.28,4241.68,4268.37,4249.24,19.13,0.45,42599079.0,98939099743.0
BK1216.DC,20210521,4273.37,4276.07,4225.5,4232.17,4268.37,-36.2,-0.85,37509568.0,104905546184.0
BK1216.DC,20210524,4230.63,4230.63,4180.18,4229.14,4232.17,-3.03,-0.07,38539763.0,101549981509.0
BK1216.DC,20210525,4243.06,4311.29,4243.06,4310.55,4229.14,81.41,1.92,42935095.0,114359119275.0
BK1216.DC,20210526,4310.48,4361.31,4288.67,4340.76,4310.55,30.21,0.7,47305596.0,117171414912.0
BK1216.DC,20210527,4334.2,4360.63,4312.55,4360.63,4340.76,19.87,0.46,43376291.0,109406115402.0
BK1216.DC,20210528,4364.72,4372.67,4306.06,4322.31,4360.63,-38.32,-0.88,42692607.0,114214932730.0
BK1216.DC,20210531,4335.56,4431.13,4335.56,4431.13,4322.31,108.82,2.52,44930470.0,120286589473.0
BK1216.DC,20210601,4451.02,4467.44,4427.0,4464.31,4431.13,33.18,0.75,46767969.0,119874906999.0
BK1216.DC,20210602,4459.97,4459.97,4379.66,4391.42,4464.31,-72.89,-1.63,49094833.0,123419334100.0
BK1216.DC,20210603,4384.83,4398.18,4354.84,4358.59,4391.42,-32.83,-0.75,39174729.0,100344458624.0
BK1216.DC,20210604,4349.66,4388.5,4343.93,4363.21,4358.59,4.62,0.11,35451110.0,91136540954.0
BK1216.DC,20210607,4367.14,4387.54,4344.78,4387.54,4363.21,24.33,0.56,34893584.0,90137658144.0
BK1216.DC,20210608,4391.53,4406.91,4325.78,4341.84,4387.54,-45.7,-1.04,35084927.0,99236121340.0
BK1216.DC,20210609,4335.89,4348.57,4323.07,4335.1,4341.84,-6.74,-0.16,30402100.0,84052314842.0
BK1216.DC,20210610,4335.33,4335.33,4312.66,4323.97,4335.1,-11.13,-0.26,31878576.0,86338038062.0
BK1216.DC,20210611,4321.74,4321.74,4269.87,4270.43,4323.97,-53.54,-1.24,34258415.0,95419014034.0
BK1216.DC,20210615,4263.9,4263.9,4213.1,4217.18,4270.43,-53.25,-1.25,31396063.0,85612105625.0
BK1216.DC,20210616,4216.33,4224.97,4155.96,4158.41,4217.18,-58.77,-1.39,26139918.0,75052256488.0
BK1216.DC,20210617,4155.75,4186.23,4155.75,4173.03,4158.41,14.62,0.35,23562050.0,65134456194.0
BK1216.DC,20210618,4177.04,4212.43,4162.57,4211.22,4173.030000000001,38.19,0.92,26145211.0,71155080817.0
BK1216.DC,20210621,4207.62,4309.11,4207.62,4309.11,4211.219999999999,97.89,2.32,30947720.0,84295073271.0
BK1216.DC,20210622,4317.25,4340.45,4298.97,4334.03,4309.11,24.92,0.58,31585012.0,98192747684.0
BK1216.DC,20210623,4334.34,4336.63,4311.55,4326.6,4334.030000000001,-7.43,-0.17,30387124.0,91161691875.0
BK1216.DC,20210624,4324.41,4324.41,4264.22,4268.75,4326.6,-57.85,-1.34,29592817.0,84494101652.0
BK1216.DC,20210625,4269.64,4307.95,4261.54,4303.16,4268.75,34.41,0.81,27899004.0,84324359182.0
BK1216.DC,20210628,4312.88,4385.63,4311.39,4385.36,4303.16,82.2,1.91,32512802.0,99315507144.0
BK1216.DC,20210629,4389.42,4389.49,4356.44,4364.4,4385.36,-20.96,-0.48,32184835.0,92100391030.0
BK1216.DC,20210630,4363.38,4402.43,4356.36,4390.91,4364.4,26.51,0.61,35968631.0,89749210262.0
BK1216.DC,20210701,4388.15,4495.54,4385.98,4448.76,4390.91,57.85,1.32,49504281.0,119596532637.0
BK1216.DC,20210702,4445.13,4445.13,4353.63,4361.35,4448.76,-87.41,-1.96,46098093.0,119608467452.0
BK1216.DC,20210705,4344.83,4358.32,4325.36,4345.96,4361.35,-15.39,-0.35,40070224.0,107953425313.0
BK1216.DC,20210706,4346.57,4346.57,4219.88,4256.38,4345.96,-89.58,-2.06,41400514.0,126480436824.0
BK1216.DC,20210707,4230.88,4293.76,4230.88,4289.43,4256.38,33.05,0.78,31846100.0,95552745114.0
BK1216.DC,20210708,4294.68,4294.68,4210.84,4211.1,4289.43,-78.33,-1.83,35685404.0,95308421637.0
BK1216.DC,20210709,4196.1,4220.38,4159.51,4216.31,4211.1,5.21,0.12,28412317.0,80550198752.0
BK1216.DC,20210712,4227.26,4277.89,4208.99,4268.56,4216.31,52.25,1.24,33725382.0,95800710426.0
BK1216.DC,20210713,4269.16,4292.12,4249.94,4292.12,4268.5599999999995,23.56,0.55,31199741.0,82376066585.0
BK1216.DC,20210714,4285.07,4363.52,4274.03,4340.03,4292.12,47.91,1.12,42823510.0,106021078831.0
BK1216.DC,20210715,4324.65,4324.65,4249.4,4288.6,4340.030000000001,-51.43,-1.19,36822778.0,93492859751.0
BK1216.DC,20210716,4284.78,4290.44,4253.13,4253.86,4288.599999999999,-34.74,-0.81,32122021.0,94455792361.0
BK1216.DC,20210719,4248.03,4293.25,4231.55,4290.42,4253.86,36.56,0.86,36923389.0,97545568315.0
BK1216.DC,20210720,4281.83,4325.28,4281.83,4312.74,4290.42,22.32,0.52,40817228.0,97604974240.0
BK1216.DC,20210721,4319.6,4349.76,4318.28,4343.54,4312.74,30.8,0.71,39587125.0,103995038537.0
BK1216.DC,20210722,4339.15,4339.15,4272.91,4277.27,4343.540000000001,-66.27,-1.53,37072601.0,106205485520.0
BK1216.DC,20210723,4268.74,4268.74,4179.94,4187.8,4277.27,-89.47,-2.09,35502552.0,100153002515.0
BK1216.DC,20210726,4176.02,4176.02,4013.11,4064.44,4187.8,-123.36,-2.95,38478052.0,115439247301.0
BK1216.DC,20210727,4060.37,4091.16,3981.06,3981.06,4064.44,-83.38,-2.05,33330158.0,101351974434.0
BK1216.DC,20210728,3963.36,3991.0,3870.77,3990.37,3981.06,9.31,0.23,35756106.0,101600759774.0
BK1216.DC,20210729,4024.39,4057.8,4024.39,4047.09,3990.3700000000003,56.72,1.42,32792855.0,98570573485.0
BK1216.DC,20210730,4036.55,4079.03,3977.91,4077.35,4047.0899999999997,30.26,0.75,38012098.0,109121088979.0
BK1216.DC,20210802,4083.66,4143.28,4042.44,4143.02,4077.3500000000004,65.67,1.61,39816179.0,117694538870.0
BK1216.DC,20210803,4133.5,4272.99,4133.5,4261.41,4143.0199999999995,118.39,2.86,51796905.0,140918142694.0
BK1216.DC,20210804,4248.72,4248.72,4193.2,4245.04,4261.41,-16.37,-0.38,43237030.0,121007608954.0
BK1216.DC,20210805,4234.28,4273.22,4201.79,4205.34,4245.04,-39.7,-0.94,41897795.0,121026899092.0
BK1216.DC,20210806,4189.31,4189.31,4099.19,4124.21,4205.34,-81.13,-1.93,36584011.0,109394179943.0
BK1216.DC,20210809,4112.44,4181.34,4112.44,4179.94,4124.21,55.73,1.35,31174108.0,86129431935.0
BK1216.DC,20210810,4181.03,4202.04,4161.02,4202.04,4179.94,22.1,0.53,31423837.0,89939025845.0
BK1216.DC,20210811,4200.72,4200.72,4166.41,4170.05,4202.04,-31.99,-0.76,31094834.0,84289543218.0
BK1216.DC,20210812,4167.19,4190.83,4150.01,4157.22,4170.05,-12.83,-0.31,30154078.0,80828660089.0
BK1216.DC,20210813,4154.83,4169.04,4126.23,4153.7,4157.22,-3.52,-0.08,29935047.0,83034952649.0
BK1216.DC,20210816,4153.19,4206.63,4142.53,4183.51,4153.7,29.81,0.72,31803014.0,77588224611.0
BK1216.DC,20210817,4176.92,4176.92,4071.81,4076.89,4183.51,-106.62,-2.55,35762490.0,99818957123.0
BK1216.DC,20210818,4080.0,4103.76,4073.29,4102.17,4076.89,25.28,0.62,28302546.0,77821491592.0
BK1216.DC,20210819,4097.03,4128.25,4097.03,4113.38,4102.17,11.21,0.27,28462506.0,79647376904.0
BK1216.DC,20210820,4097.85,4097.85,3981.75,4010.86,4113.38,-102.52,-2.49,33225031.0,113701471858.0
BK1216.DC,20210823,4008.91,4054.9,3994.23,4048.85,4010.86,37.99,0.95,31006026.0,98802892672.0
BK1216.DC,20210824,4051.71,4071.13,4040.35,4070.14,4048.85,21.29,0.53,28718666.0,91789476012.0
BK1216.DC,20210825,4067.5,4102.53,4043.26,4102.26,4070.1400000000003,32.12,0.79,27991166.0,83525600206.0
BK1216.DC,20210826,4099.68,4099.68,4017.51,4019.19,4102.26,-83.07,-2.02,31113687.0,86604824110.0
BK1216.DC,20210827,4012.27,4020.9,3984.03,3990.3,4019.19,-28.89,-0.72,28565179.0,79513465941.0
BK1216.DC,20210830,3989.22,3994.53,3947.71,3956.37,3990.2999999999997,-33.93,-0.85,31876458.0,90877022229.0
BK1216.DC,20210831,3955.93,3969.1,3910.14,3935.19,3956.37,-21.18,-0.54,30519594.0,81808460977.0
BK1216.DC,20210901,3934.73,3965.22,3896.7,3961.98,3935.19,26.79,0.68,32549202.0,86283224646.0
BK1216.DC,20210902,3960.21,3963.69,3932.88,3938.6,3961.98,-23.38,-0.59,27083772.0,78056043636.0
BK1216.DC,20210903,3952.91,3992.52,3941.44,3986.39,3938.6,47.79,1.21,32467769.0,76387781307.0
BK1216.DC,20210906,3997.79,4106.03,3993.75,4097.83,3986.39,111.44,2.8,38632576.0,98196981080.0
BK1216.DC,20210907,4101.82,4107.35,4081.1,4100.16,4097.83,2.33,0.06,35518335.0,82038281160.0
BK1216.DC,20210908,4102.86,4115.89,4090.81,4101.85,4100.160000000001,1.69,0.04,35681381.0,74282484881.0
BK1216.DC,20210909,4099.45,4115.33,4084.99,4100.85,4101.85,-1.0,-0.02,32698134.0,68372810593.0
BK1216.DC,20210910,4095.82,4101.12,4052.56,4069.48,4100.85,-31.37,-0.76,31962494.0,67891495191.0
BK1216.DC,20210913,4079.25,4114.62,4076.57,4082.2,4069.48,12.72,0.31,33034963.0,71072397220.0
BK1216.DC,20210914,4082.67,4112.85,4063.63,4070.41,4082.2,-11.79,-0.29,35682223.0,80442676449.0
BK1216.DC,20210915,4059.94,4059.94,4014.2,4038.74,4070.41,-31.67,-0.78,29951046.0,79070297142.0
BK1216.DC,20210916,4034.31,4069.38,4009.02,4009.94,4038.7400000000002,-28.8,-0.71,33797247.0,79985147326.0
BK1216.DC,20210917,4009.19,4074.97,3983.89,4073.19,4009.94,63.25,1.58,35012042.0,97621510977.0
BK1216.DC,20210922,4042.27,4107.78,4042.27,4084.31,4073.19,11.12,0.27,29791198.0,76216140093.0
BK1216.DC,20210923,4085.86,4124.95,4080.82,4094.35,4084.31,10.04,0.25,31154423.0,72876260541.0
BK1216.DC,20210924,4093.88,4108.63,4074.03,4084.6,4094.35,-9.75,-0.24,30949103.0,75828762062.0
BK1216.DC,20210927,4082.93,4105.96,4038.54,4048.96,4084.6,-35.64,-0.87,35672148.0,93697396933.0
BK1216.DC,20210928,4043.43,4059.16,4014.28,4032.49,4048.9599999999996,-16.47,-0.41,25584432.0,65252134404.0
BK1216.DC,20210929,4014.37,4016.0,3917.4,3917.4,4032.4900000000002,-115.09,-2.85,27104447.0,66443605833.0
BK1216.DC,20210930,3932.43,3998.6,3932.43,3994.26,3917.4,76.86,1.96,21038555.0,59306598449.0
BK1216.DC,20211008,4009.22,4060.38,4003.64,4054.22,3994.2599999999998,59.96,1.5,29375502.0,81102420299.0
BK1216.DC,20211011,4060.2,4091.1,4045.81,4053.22,4054.22,-1.0,-0.02,26570482.0,76221334252.0
BK1216.DC,20211012,4050.21,4074.67,4009.96,4036.77,4053.22,-16.45,-0.41,29394187.0,73158391562.0
BK1216.DC,20211013,4036.65,4085.12,4029.76,4083.91,4036.77,47.14,1.17,26723153.0,70659750729.0
BK1216.DC,20211014,4084.51,4084.51,4044.55,4059.45,4083.91,-24.46,-0.6,24513891.0,66712876848.0
BK1216.DC,20211015,4046.58,4046.58,3996.96,3999.17,4059.4500000000003,-60.28,-1.48,26301625.0,71038686867.0
BK1216.DC,20211018,3995.29,3995.29,3941.27,3950.24,3999.1699999999996,-48.93,-1.22,23661647.0,65684061599.0
BK1216.DC,20211019,3949.1,3984.64,3949.1,3979.4,3950.2400000000002,29.16,0.74,21767495.0,62878518581.0
BK1216.DC,20211020,3978.63,3982.55,3931.65,3953.21,3979.4,-26.19,-0.66,23737349.0,67007546140.0
BK1216.DC,20211021,3948.17,3962.08,3929.73,3939.74,3953.2099999999996,-13.47,-0.34,23165662.0,56687264393.0
BK1216.DC,20211022,3935.7,3939.8,3910.39,3911.05,3939.7400000000002,-28.69,-0.73,22365686.0,59050328802.0
BK1216.DC,20211025,3912.45,3923.6,3902.16,3922.65,3911.05,11.6,0.3,21249235.0,56978665120.0
BK1216.DC,20211026,3917.39,3927.72,3889.49,3894.18,3922.6499999999996,-28.47,-0.73,22345848.0,62762394537.0
BK1216.DC,20211027,3890.08,3890.08,3792.43,3799.36,3894.1800000000003,-94.82,-2.43,25385257.0,65260972399.0
BK1216.DC,20211028,3784.51,3789.78,3748.49,3753.1,3799.36,-46.26,-1.22,25327339.0,66857513492.0
BK1216.DC,20211029,3752.16,3809.05,3745.01,3805.98,3753.1,52.88,1.41,25342552.0,72002393226.0
BK1216.DC,20211101,3811.67,3838.84,3795.03,3836.06,3805.98,30.08,0.79,27554381.0,79232901692.0
BK1216.DC,20211102,3835.28,3852.47,3762.15,3779.92,3836.06,-56.14,-1.46,28597587.0,77031890354.0
BK1216.DC,20211103,3787.31,3834.09,3787.31,3834.09,3779.92,54.17,1.43,24380499.0,67503531570.0
BK1216.DC,20211104,3836.17,3860.54,3831.1,3860.53,3834.09,26.44,0.69,25514952.0,74318297589.0
BK1216.DC,20211105,3857.65,3871.21,3849.8,3851.07,3860.53,-9.46,-0.25,25075633.0,68218220929.0
BK1216.DC,20211108,3848.41,3848.41,3809.42,3825.02,3851.07,-26.05,-0.68,23468744.0,71035495155.0
BK1216.DC,20211109,3832.2,3885.67,3832.2,3885.02,3825.02,60.0,1.57,22043123.0,57918603673.0
BK1216.DC,20211110,3891.43,3947.37,3873.84,3946.45,3885.02,61.43,1.58,30000731.0,82714037021.0
BK1216.DC,20211111,3942.72,3962.11,3936.92,3961.15,3946.4500000000003,14.7,0.37,26982254.0,71347827221.0
BK1216.DC,20211112,3963.21,3997.36,3960.51,3995.36,3961.15,34.21,0.86,25028878.0,62410447779.0
BK1216.DC,20211115,4005.87,4063.02,4005.87,4061.63,3995.36,66.27,1.66,32612889.0,78641472302.0
BK1216.DC,20211116,4062.97,4099.29,4062.97,4078.13,4061.63,16.5,0.41,34469735.0,96924167606.0
BK1216.DC,20211117,4078.65,4104.34,4065.65,4097.42,4078.13,19.29,0.47,28853396.0,79197869446.0
BK1216.DC,20211118,4092.38,4092.38,4034.18,4034.18,4097.42,-63.24,-1.54,28307370.0,71582520914.0
BK1216.DC,20211119,4032.83,4058.37,4021.04,4058.01,4034.1800000000003,23.83,0.59,23806125.0,58071981957.0
BK1216.DC,20211122,4064.8,4064.8,4038.51,4061.25,4058.01,3.24,0.08,25696749.0,66736206657.0
BK1216.DC,20211123,4061.21,4089.24,4055.21,4088.53,4061.25,27.28,0.67,25955337.0,65044810545.0
BK1216.DC,20211124,4089.1,4132.02,4074.97,4131.94,4088.5299999999997,43.41,1.06,28094424.0,72199086005.0
BK1216.DC,20211125,4140.53,4215.61,4140.53,4200.72,4131.9400000000005,68.78,1.66,37221210.0,86107288758.0
BK1216.DC,20211126,4206.34,4217.02,4175.87,4186.06,4200.72,-14.66,-0.35,36267123.0,87131119256.0
BK1216.DC,20211129,4220.74,4275.12,4190.51,4215.21,4186.06,29.15,0.7,46143912.0,119465813099.0
BK1216.DC,20211130,4205.38,4237.74,4177.71,4236.0,4215.21,20.79,0.49,42254723.0,102307938522.0
BK1216.DC,20211201,4219.85,4219.85,4190.88,4192.67,4236.0,-43.33,-1.02,35281932.0,84258003659.0
BK1216.DC,20211202,4192.46,4221.81,4151.42,4152.41,4192.67,-40.26,-0.96,35999162.0,81458393981.0
BK1216.DC,20211203,4150.33,4161.16,4134.07,4151.57,4152.41,-0.84,-0.02,29322414.0,69497898440.0
BK1216.DC,20211206,4151.87,4151.87,4072.71,4073.57,4151.57,-78.0,-1.88,29934862.0,69420980954.0
BK1216.DC,20211207,4082.25,4095.55,4045.6,4059.68,4073.5699999999997,-13.89,-0.34,27600377.0,64687968364.0
BK1216.DC,20211208,4067.23,4090.52,4053.85,4090.52,4059.68,30.84,0.76,26161023.0,63060574407.0
BK1216.DC,20211209,4094.59,4147.92,4094.59,4144.99,4090.52,54.47,1.33,33804207.0,90202412697.0
BK1216.DC,20211210,4137.79,4145.49,4129.33,4135.61,4144.99,-9.38,-0.23,30299279.0,81107008145.0
BK1216.DC,20211213,4140.23,4153.27,4131.79,4140.28,4135.61,4.67,0.11,28821616.0,73231723692.0
BK1216.DC,20211214,4143.01,4190.13,4143.01,4190.13,4140.28,49.85,1.2,29586417.0,73626771864.0
BK1216.DC,20211215,4193.12,4202.03,4154.36,4159.77,4190.13,-30.36,-0.72,30300363.0,83494320153.0
BK1216.DC,20211216,4159.22,4172.67,4145.46,4158.43,4159.77,-1.34,-0.03,28817365.0,86278523036.0
BK1216.DC,20211217,4158.16,4158.16,4119.26,4137.15,4158.429999999999,-21.28,-0.51,27360277.0,76703798740.0
BK1216.DC,20211220,4142.08,4208.62,4142.08,4175.6,4137.150000000001,38.45,0.93,41002836.0,96127475318.0
BK1216.DC,20211221,4174.89,4201.1,4165.34,4201.1,4175.6,25.5,0.61,34579437.0,72222774285.0
BK1216.DC,20211222,4208.87,4259.9,4199.63,4255.42,4201.1,54.32,1.29,42128001.0,81497646081.0
BK1216.DC,20211223,4254.92,4254.92,4196.14,4197.4,4255.42,-58.02,-1.36,38903820.0,79789804310.0
BK1216.DC,20211224,4191.96,4261.89,4175.0,4227.18,4197.400000000001,29.78,0.71,60343238.0,99829203329.0
BK1216.DC,20211227,4224.88,4333.05,4224.88,4330.37,4227.18,103.19,2.44,72548094.0,108553110251.0
BK1216.DC,20211228,4329.33,4336.79,4280.82,4327.79,4330.37,-2.58,-0.06,60309489.0,109470501080.0
BK1216.DC,20211229,4322.22,4396.75,4313.23,4356.96,4327.79,29.17,0.67,62504250.0,111222402619.0
BK1216.DC,20211230,4360.71,4444.0,4345.96,4440.23,4356.959999999999,83.27,1.91,62581748.0,109042837024.0
BK1216.DC,20211231,4447.78,4548.43,4447.78,4510.97,4440.2300000000005,70.74,1.59,74196878.0,131791413627.0
BK1216.DC,20220104,4538.98,4586.03,4538.98,4550.05,4510.97,39.08,0.87,85077719.0,157473742631.0
BK1216.DC,20220105,4548.46,4548.46,4396.2,4424.37,4550.05,-125.68,-2.76,80719475.0,140342905830.0
BK1216.DC,20220106,4400.69,4506.88,4400.69,4505.3,4424.37,80.93,1.83,70888585.0,128133273671.0
BK1216.DC,20220107,4500.88,4539.85,4445.06,4448.14,4505.3,-57.16,-1.27,71868796.0,141293737332.0
BK1216.DC,20220110,4465.7,4572.19,4465.7,4557.16,4448.139999999999,109.02,2.45,62268891.0,130246249601.0
BK1216.DC,20220111,4562.41,4657.3,4554.13,4617.76,4557.16,60.6,1.33,74098797.0,144648580884.0
BK1216.DC,20220112,4617.95,4705.03,4584.61,4677.03,4617.759999999999,59.27,1.28,76835867.0,145615120309.0
BK1216.DC,20220113,4668.13,4686.34,4586.77,4605.32,4677.03,-71.71,-1.53,82789620.0,155277874220.0
BK1216.DC,20220114,4580.95,4792.86,4580.95,4768.29,4605.32,162.97,3.54,95219833.0,181962999380.0
BK1216.DC,20220117,4789.01,4798.28,4710.47,4775.76,4768.29,7.47,0.16,85611116.0,175612034810.0
BK1216.DC,20220118,4754.51,4754.51,4561.68,4564.31,4775.76,-211.45,-4.43,85062248.0,167222660065.0
BK1216.DC,20220119,4521.07,4580.67,4510.08,4536.44,4564.3099999999995,-27.87,-0.61,59160284.0,129627744370.0
BK1216.DC,20220120,4547.3,4594.44,4458.92,4464.56,4536.4400000000005,-71.88,-1.58,71738809.0,144408696364.0
BK1216.DC,20220121,4440.81,4440.81,4297.21,4299.0,4464.56,-165.56,-3.71,66190959.0,135032105508.0
BK1216.DC,20220124,4254.27,4269.69,4217.39,4229.77,4299.0,-69.23,-1.61,43450576.0,93732895096.0
BK1216.DC,20220125,4214.63,4236.41,4051.32,4051.54,4229.7699999999995,-178.23,-4.21,51111305.0,100766445745.0
BK1216.DC,20220126,4061.43,4092.84,3993.85,4022.27,4051.54,-29.27,-0.72,38310995.0,79624510483.0
BK1216.DC,20220127,4036.76,4045.41,3928.7,3930.45,4022.27,-91.82,-2.28,42061312.0,85067333047.0
BK1216.DC,20220128,3952.95,4009.72,3915.72,3966.73,3930.45,36.28,0.92,37634588.0,76184559492.0
BK1216.DC,20220207,4009.0,4010.26,3965.36,3984.64,3966.73,17.91,0.45,37413219.0,71440966133.0
BK1216.DC,20220208,3980.04,4022.72,3952.74,4021.23,3984.64,36.59,0.92,34887899.0,73498829104.0
BK1216.DC,20220209,4018.29,4092.55,3990.44,4092.24,4021.2299999999996,71.01,1.77,42468734.0,86956791698.0
BK1216.DC,20220210,4087.15,4114.88,4049.29,4061.06,4092.24,-31.18,-0.76,39408084.0,86842397311.0
BK1216.DC,20220211,4040.96,4040.96,3908.49,3913.32,4061.0600000000004,-147.74,-3.64,40480507.0,85174168550.0
BK1216.DC,20220214,3908.88,3986.71,3908.88,3944.06,3913.32,30.74,0.79,33678150.0,69801615959.0
BK1216.DC,20220215,3950.62,4016.32,3932.17,4011.55,3944.0600000000004,67.49,1.71,37226171.0,85417025243.0
BK1216.DC,20220216,4021.79,4059.6,4005.37,4044.57,4011.55,33.02,0.82,34833903.0,79189434528.0
BK1216.DC,20220217,4041.34,4043.26,3997.38,4002.34,4044.57,-42.23,-1.04,33670905.0,70444557055.0
BK1216.DC,20220218,3984.17,4044.35,3978.33,4043.45,4002.3399999999997,41.11,1.03,32132698.0,72158509858.0
BK1216.DC,20220221,4056.13,4122.14,4039.1,4120.89,4043.4500000000003,77.44,1.92,44934238.0,89739272334.0
BK1216.DC,20220222,4095.12,4095.12,4019.58,4044.16,4120.889999999999,-76.73,-1.86,45208945.0,86931180881.0
BK1216.DC,20220223,4045.85,4122.61,4045.85,4119.65,4044.16,75.49,1.87,42870520.0,83419540975.0
BK1216.DC,20220224,4101.95,4175.39,3990.5,4038.05,4119.650000000001,-81.6,-1.98,62142037.0,116529126897.0
BK1216.DC,20220225,4061.64,4156.36,4061.64,4134.15,4038.0499999999997,96.1,2.38,46685020.0,106662008052.0
BK1216.DC,20220228,4137.95,4158.6,4074.88,4158.19,4134.15,24.04,0.58,43563257.0,95967619832.0
BK1216.DC,20220301,4156.5,4174.54,4132.35,4164.62,4158.19,6.43,0.15,38383730.0,84382777909.0
BK1216.DC,20220302,4149.21,4211.17,4116.86,4200.97,4164.62,36.35,0.87,46335136.0,89382187535.0
BK1216.DC,20220303,4206.45,4245.8,4185.74,4225.33,4200.97,24.36,0.58,52001369.0,100113276243.0
BK1216.DC,20220304,4219.21,4333.34,4219.21,4255.91,4225.33,30.58,0.72,58818486.0,116740166284.0
BK1216.DC,20220307,4252.94,4267.32,4188.32,4208.05,4255.91,-47.86,-1.12,54233066.0,107361368622.0
BK1216.DC,20220308,4195.62,4195.62,3988.74,3989.43,4208.05,-218.62,-5.2,60753369.0,112156788856.0
BK1216.DC,20220309,3990.14,4006.6,3768.5,3906.08,3989.43,-83.35,-2.09,59205682.0,109873437636.0
BK1216.DC,20220310,3990.72,4086.5,3990.72,4083.21,3906.08,177.13,4.53,58872340.0,114513068707.0
BK1216.DC,20220311,4050.93,4220.42,4050.93,4220.26,4083.21,137.05,3.36,72182972.0,152143268912.0
BK1216.DC,20220314,4261.45,4299.77,4167.45,4167.45,4220.26,-52.81,-1.25,77564638.0,177301161952.0
BK1216.DC,20220315,4115.27,4134.04,3979.58,3979.58,4167.45,-187.87,-4.51,75902803.0,156526641063.0
BK1216.DC,20220316,4041.97,4053.28,3835.48,4013.27,3979.58,33.69,0.85,75072895.0,156403718730.0
BK1216.DC,20220317,4025.93,4237.76,4021.41,4141.83,4013.27,128.56,3.2,85250042.0,181330392292.0
BK1216.DC,20220318,4136.71,4216.84,4127.53,4211.86,4141.83,70.03,1.69,80205421.0,154340695566.0
BK1216.DC,20220321,4231.21,4320.35,4231.21,4320.33,4211.86,108.47,2.58,81014324.0,162935869121.0
BK1216.DC,20220322,4308.38,4308.38,4207.43,4219.79,4320.33,-100.54,-2.33,74181140.0,147700393724.0
BK1216.DC,20220323,4212.62,4295.63,4187.55,4248.58,4219.79,28.79,0.68,69757690.0,145076532967.0
BK1216.DC,20220324,4219.47,4333.87,4193.57,4313.24,4248.58,64.66,1.52,80851349.0,163227002788.0
BK1216.DC,20220325,4308.67,4341.33,4248.23,4248.23,4313.24,-65.01,-1.51,83000553.0,160847057761.0
BK1216.DC,20220328,4238.04,4255.09,4173.25,4196.31,4248.2300000000005,-51.92,-1.22,69436290.0,129627468102.0
BK1216.DC,20220329,4201.11,4258.33,4178.29,4219.75,4196.31,23.44,0.56,74163292.0,141544896927.0
BK1216.DC,20220330,4227.81,4270.95,4147.86,4262.02,4219.75,42.27,1.0,75649007.0,148002267541.0
BK1216.DC,20220331,4242.02,4348.11,4240.82,4249.26,4262.02,-12.76,-0.3,93379818.0,174892446261.0
BK1216.DC,20220401,4200.83,4204.05,4146.25,4163.01,4249.26,-86.25,-2.03,72606711.0,132065355425.0
BK1216.DC,20220406,4199.34,4265.52,4198.17,4218.8,4163.01,55.79,1.34,71021061.0,129139779050.0
BK1216.DC,20220407,4204.6,4223.72,4103.87,4105.6,4218.8,-113.2,-2.68,69191153.0,119713574844.0
BK1216.DC,20220408,4102.48,4102.48,3977.05,3995.64,4105.599999999999,-109.96,-2.68,57328959.0,105799787536.0
BK1216.DC,20220411,3975.93,3988.3,3879.16,3898.3,3995.6400000000003,-97.34,-2.44,52047417.0,103041849480.0
BK1216.DC,20220412,3899.91,3956.81,3860.65,3954.69,3898.3,56.39,1.45,47612184.0,101780943634.0
BK1216.DC,20220413,3932.95,3932.95,3846.72,3847.5,3954.69,-107.19,-2.71,48517701.0,98297962797.0
BK1216.DC,20220414,3861.07,3933.3,3856.43,3910.03,3847.5,62.53,1.63,46238790.0,106424664308.0
BK1216.DC,20220415,3891.5,3901.04,3849.57,3860.56,3910.0299999999997,-49.47,-1.27,47892417.0,113989271019.0
BK1216.DC,20220418,3842.64,3864.51,3779.76,3851.55,3860.5600000000004,-9.01,-0.23,38180256.0,85608875368.0
BK1216.DC,20220419,3841.21,3869.28,3802.9,3826.84,3851.55,-24.71,-0.64,37611029.0,85536849863.0
BK1216.DC,20220420,3825.78,3841.61,3753.89,3767.61,3826.84,-59.23,-1.55,40836748.0,85784470683.0
BK1216.DC,20220421,3754.2,3774.99,3623.07,3631.4,3767.61,-136.21,-3.62,46085655.0,90746920185.0
BK1216.DC,20220422,3608.92,3616.17,3547.45,3581.89,3631.4,-49.51,-1.36,40501560.0,81603572052.0
BK1216.DC,20220425,3544.41,3553.44,3347.6,3347.6,3581.89,-234.29,-6.54,52995939.0,95518578309.0
BK1216.DC,20220426,3345.93,3398.71,3295.8,3301.39,3347.6,-46.21,-1.38,53110299.0,96221169813.0
BK1216.DC,20220427,3255.92,3383.08,3200.94,3383.08,3301.39,81.69,2.47,55115706.0,100861358110.0
BK1216.DC,20220428,3363.88,3373.99,3292.23,3327.36,3383.08,-55.72,-1.65,48174317.0,93513363495.0
BK1216.DC,20220429,3337.34,3490.89,3337.34,3480.53,3327.36,153.17,4.6,57847380.0,109944380796.0
BK1216.DC,20220505,3477.15,3593.01,3458.93,3575.6,3480.5299999999997,95.07,2.73,55036661.0,108412162023.0
BK1216.DC,20220506,3498.94,3620.11,3498.94,3587.97,3575.6,12.37,0.35,50450868.0,98004223721.0
BK1216.DC,20220509,3601.42,3667.8,3600.49,3658.7,3587.97,70.73,1.97,52133751.0,95927294028.0
BK1216.DC,20220510,3617.32,3693.64,3617.32,3693.64,3658.7,34.94,0.95,53207934.0,97537897937.0
BK1216.DC,20220511,3704.67,3800.49,3704.67,3708.74,3693.64,15.1,0.41,66854641.0,134627240847.0
BK1216.DC,20220512,3683.07,3773.05,3683.07,3761.52,3708.74,52.78,1.42,58783970.0,114090888174.0
BK1216.DC,20220513,3781.88,3818.31,3734.88,3781.39,3761.52,19.87,0.53,53365971.0,98369220088.0
BK1216.DC,20220516,3806.0,3821.89,3738.52,3752.04,3781.39,-29.35,-0.78,53766202.0,97124972510.0
BK1216.DC,20220517,3751.58,3751.58,3651.57,3686.5,3752.04,-65.54,-1.75,51010849.0,89767577461.0
BK1216.DC,20220518,3681.48,3709.73,3662.98,3668.31,3686.5,-18.19,-0.49,40309092.0,73713710155.0
BK1216.DC,20220519,3618.21,3670.74,3613.24,3670.74,3668.31,2.43,0.07,39446070.0,72320841267.0
BK1216.DC,20220520,3689.86,3733.19,3671.86,3713.78,3670.7400000000002,43.04,1.17,44595739.0,92660176350.0
BK1216.DC,20220523,3739.16,3780.77,3731.37,3780.77,3713.78,66.99,1.8,45115915.0,86833102563.0
BK1216.DC,20220524,3783.3,3783.3,3587.69,3587.69,3780.77,-193.08,-5.11,54604874.0,105643080466.0
BK1216.DC,20220525,3580.61,3646.2,3580.61,3646.2,3587.6899999999996,58.51,1.63,37159341.0,73928915077.0
BK1216.DC,20220526,3656.5,3656.5,3578.16,3635.16,3646.2,-11.04,-0.3,37417510.0,74088933546.0
BK1216.DC,20220527,3646.55,3664.09,3603.32,3630.7,3635.16,-4.46,-0.12,35283129.0,78254060099.0
BK1216.DC,20220530,3638.06,3642.98,3588.71,3638.49,3630.7,7.79,0.21,33502031.0,71588775556.0
BK1216.DC,20220531,3634.47,3688.76,3590.09,3686.41,3638.49,47.92,1.32,36754639.0,80722586074.0
BK1216.DC,20220601,3684.81,3732.31,3675.76,3698.45,3686.41,12.04,0.33,35598284.0,74676977046.0
BK1216.DC,20220602,3698.86,3710.09,3650.69,3709.05,3698.4500000000003,10.6,0.29,33031593.0,68913086184.0
BK1216.DC,20220606,3710.76,3794.59,3710.76,3788.16,3709.0499999999997,79.11,2.13,37128608.0,82491095914.0
BK1216.DC,20220607,3790.15,3843.92,3774.49,3842.87,3788.16,54.71,1.44,52893947.0,104646972391.0
BK1216.DC,20220608,3837.33,3854.57,3780.68,3820.67,3842.87,-22.2,-0.58,49185729.0,104872029323.0
BK1216.DC,20220609,3812.99,3822.54,3717.66,3727.16,3820.67,-93.51,-2.45,37594720.0,76009434691.0
BK1216.DC,20220610,3714.1,3775.5,3714.1,3774.74,3727.16,47.58,1.28,33566993.0,71933174854.0
BK1216.DC,20220613,3749.59,3786.8,3744.88,3786.8,3774.7400000000002,12.06,0.32,35222473.0,75451154268.0
BK1216.DC,20220614,3759.15,3769.15,3672.92,3761.45,3786.7999999999997,-25.35,-0.67,35059956.0,68970400522.0
BK1216.DC,20220615,3764.83,3809.16,3764.53,3769.94,3761.4500000000003,8.49,0.23,38163731.0,78424018779.0
BK1216.DC,20220616,3774.0,3855.62,3774.0,3830.47,3769.9399999999996,60.53,1.61,39479062.0,79275728593.0
BK1216.DC,20220617,3813.57,3864.57,3770.18,3862.71,3830.4700000000003,32.24,0.84,40398256.0,90180070439.0
BK1216.DC,20220620,3867.14,3929.35,3866.87,3927.93,3862.71,65.22,1.69,46000538.0,99128537881.0
BK1216.DC,20220621,3931.25,3957.3,3867.61,3900.57,3927.9300000000003,-27.36,-0.7,42305207.0,86191879625.0
BK1216.DC,20220622,3902.61,3944.38,3883.78,3888.15,3900.57,-12.42,-0.32,43974036.0,88704627868.0
BK1216.DC,20220623,3886.56,3905.09,3838.35,3905.09,3888.15,16.94,0.44,37638961.0,80595604835.0
BK1216.DC,20220624,3909.46,3966.6,3909.46,3945.04,3905.09,39.95,1.02,37767312.0,89268887621.0
BK1216.DC,20220627,3963.86,4005.65,3947.07,3962.34,3945.04,17.3,0.44,43124530.0,93925189188.0
BK1216.DC,20220628,3961.51,3981.44,3918.05,3981.44,3962.34,19.1,0.48,37731785.0,79738339667.0
BK1216.DC,20220629,3975.53,4009.46,3937.84,3937.84,3981.44,-43.6,-1.1,41809930.0,88672501714.0
BK1216.DC,20220630,3941.76,4018.73,3941.76,3985.22,3937.8399999999997,47.38,1.2,41295639.0,91128943220.0
BK1216.DC,20220701,3992.03,3999.89,3958.03,3970.73,3985.22,-14.49,-0.36,34391030.0,75750220371.0
BK1216.DC,20220704,3979.38,4081.97,3972.21,4081.97,3970.73,111.24,2.8,47571030.0,111981290426.0
BK1216.DC,20220705,4088.64,4088.64,3992.94,4038.04,4081.97,-43.93,-1.08,40903371.0,101024272804.0
BK1216.DC,20220706,4035.06,4053.94,3970.95,4002.54,4038.04,-35.5,-0.88,40503756.0,97053727211.0
BK1216.DC,20220707,4006.99,4006.99,3938.41,3962.6,4002.54,-39.94,-1.0,32391413.0,77422702862.0
BK1216.DC,20220708,3970.79,4033.05,3970.79,4012.99,3962.6,50.39,1.27,40026539.0,77796330890.0
BK1216.DC,20220711,4017.18,4071.2,4017.18,4044.78,4012.9900000000002,31.79,0.79,51301486.0,94749427991.0
BK1216.DC,20220712,4044.21,4044.21,3924.81,3924.81,4044.7799999999997,-119.97,-2.97,52035755.0,93157961958.0
BK1216.DC,20220713,3919.33,3937.02,3891.44,3913.32,3924.81,-11.49,-0.29,37440257.0,67070272534.0
BK1216.DC,20220714,3917.4,3987.35,3917.4,3968.28,3913.32,54.96,1.4,38723359.0,78357831537.0
BK1216.DC,20220715,3954.78,3962.09,3882.31,3882.31,3968.2799999999997,-85.97,-2.17,44349504.0,83007778673.0
BK1216.DC,20220718,3880.0,3922.3,3852.17,3921.94,3882.31,39.63,1.02,36981104.0,74532088605.0
BK1216.DC,20220719,3922.85,3946.2,3894.79,3930.83,3921.94,8.89,0.23,33132023.0,65641816878.0
BK1216.DC,20220720,3941.46,4000.03,3941.46,3994.96,3930.83,64.13,1.63,36525588.0,68952138490.0
BK1216.DC,20220721,3992.41,4012.84,3977.29,3983.7,3994.96,-11.26,-0.28,35376024.0,65424640116.0
BK1216.DC,20220722,3987.16,4005.94,3899.17,3926.74,3983.7,-56.96,-1.43,34080116.0,65177233973.0
BK1216.DC,20220725,3940.87,3975.5,3936.71,3957.96,3926.7400000000002,31.22,0.8,36031861.0,63914960063.0
BK1216.DC,20220726,3962.85,3962.85,3900.48,3950.18,3957.96,-7.78,-0.2,36990034.0,67782754957.0
BK1216.DC,20220727,3943.0,3980.71,3935.15,3966.66,3950.18,16.48,0.42,36500645.0,67488548779.0
BK1216.DC,20220728,3971.85,3984.85,3963.4,3964.04,3966.66,-2.62,-0.07,35883203.0,65607583524.0
BK1216.DC,20220729,3967.34,3967.34,3886.13,3891.13,3964.04,-72.91,-1.84,35280466.0,68174491958.0
BK1216.DC,20220801,3884.25,3893.97,3848.08,3893.19,3891.13,2.06,0.05,29738429.0,54844568539.0
BK1216.DC,20220802,3869.25,3869.25,3692.42,3724.82,3893.19,-168.37,-4.32,44853267.0,75478145044.0
BK1216.DC,20220803,3723.25,3793.38,3718.22,3723.92,3724.82,-0.9,-0.02,32214477.0,59039574944.0
BK1216.DC,20220804,3747.63,3788.4,3733.49,3786.25,3723.92,62.33,1.67,26866154.0,54436838922.0
BK1216.DC,20220805,3797.79,3860.87,3797.79,3860.87,3786.25,74.62,1.97,29015798.0,61190463449.0
BK1216.DC,20220808,3867.79,3917.31,3867.79,3905.82,3860.8700000000003,44.95,1.16,34157509.0,65825136761.0
BK1216.DC,20220809,3898.25,3898.25,3858.13,3877.74,3905.8199999999997,-28.08,-0.72,27528438.0,49144221640.0
BK1216.DC,20220810,3874.4,3877.71,3842.3,3859.04,3877.74,-18.7,-0.48,24021947.0,48575580165.0
BK1216.DC,20220811,3873.58,3934.4,3873.02,3931.34,3859.04,72.3,1.87,28004002.0,57655156808.0
BK1216.DC,20220812,3933.43,3944.97,3915.1,3929.49,3931.3399999999997,-1.85,-0.05,26644469.0,49362913197.0
BK1216.DC,20220815,3926.27,3926.27,3888.43,3909.66,3929.49,-19.83,-0.5,24485873.0,47374222508.0
BK1216.DC,20220816,3912.72,3920.04,3891.17,3903.65,3909.6600000000003,-6.01,-0.15,23302243.0,47182796190.0
BK1216.DC,20220817,3913.5,3927.91,3881.49,3905.5,3903.65,1.85,0.05,25113727.0,46029187516.0
BK1216.DC,20220818,3898.19,3898.19,3860.76,3880.63,3905.5,-24.87,-0.64,25430628.0,48224103185.0
BK1216.DC,20220819,3879.32,3901.27,3838.76,3838.76,3880.63,-41.87,-1.08,25118777.0,54491540500.0
BK1216.DC,20220822,3832.86,3867.61,3803.84,3865.32,3838.76,26.56,0.69,25619921.0,53356586154.0
BK1216.DC,20220823,3859.0,3859.0,3833.91,3846.16,3865.3199999999997,-19.16,-0.5,26399558.0,54113817786.0
BK1216.DC,20220824,3847.76,3856.59,3763.67,3765.89,3846.16,-80.27,-2.09,30808508.0,54607885298.0
BK1216.DC,20220825,3773.16,3781.47,3721.73,3769.5,3765.89,3.61,0.1,26470402.0,49501007799.0
BK1216.DC,20220826,3769.33,3829.44,3762.8,3770.87,3769.5,1.37,0.04,25557482.0,50691048908.0
BK1216.DC,20220829,3734.83,3782.58,3715.22,3782.58,3770.87,11.71,0.31,24510093.0,46408069806.0
BK1216.DC,20220830,3780.41,3806.01,3774.58,3795.6,3782.58,13.02,0.34,25833752.0,48220895434.0
BK1216.DC,20220831,3791.5,3807.47,3739.19,3757.64,3795.6,-37.96,-1.0,29080595.0,59435804291.0
BK1216.DC,20220901,3757.55,3808.32,3756.64,3771.7,3757.64,14.06,0.37,28202889.0,57005742071.0
BK1216.DC,20220902,3778.48,3817.22,3772.04,3791.69,3771.7000000000003,19.99,0.53,24501238.0,49142556713.0
BK1216.DC,20220905,3803.83,3825.56,3763.06,3781.16,3791.69,-10.53,-0.28,25887581.0,54010165496.0
BK1216.DC,20220906,3784.1,3796.68,3759.19,3796.68,3781.16,15.52,0.41,25817949.0,47243319430.0
BK1216.DC,20220907,3788.5,3795.92,3766.81,3779.61,3796.6800000000003,-17.07,-0.45,24724390.0,46416255616.0
BK1216.DC,20220908,3781.74,3781.74,3740.22,3741.02,3779.61,-38.59,-1.02,22067199.0,41880446916.0
BK1216.DC,20220909,3751.43,3783.24,3751.43,3782.54,3741.02,41.52,1.11,25038438.0,50065906762.0
BK1216.DC,20220913,3784.28,3803.09,3769.45,3774.77,3782.54,-7.77,-0.21,30108460.0,62634249269.0
BK1216.DC,20220914,3728.26,3758.14,3703.14,3758.14,3774.77,-16.63,-0.44,26255631.0,49227961785.0
BK1216.DC,20220915,3770.03,3781.43,3665.82,3694.63,3758.1400000000003,-63.51,-1.69,29610925.0,53673054063.0
BK1216.DC,20220916,3691.31,3691.53,3594.63,3594.63,3694.63,-100.0,-2.71,27952305.0,49414744988.0
BK1216.DC,20220919,3596.58,3596.58,3520.96,3537.06,3594.63,-57.57,-1.6,23246169.0,41016744034.0
BK1216.DC,20220920,3551.33,3575.36,3545.34,3565.25,3537.06,28.19,0.8,18579324.0,34215321881.0
BK1216.DC,20220921,3559.8,3562.34,3512.1,3548.82,3565.25,-16.43,-0.46,19305264.0,37024035423.0
BK1216.DC,20220922,3530.26,3554.37,3500.33,3500.33,3548.8199999999997,-48.49,-1.37,19749746.0,37217852758.0
BK1216.DC,20220923,3501.8,3502.44,3417.13,3436.47,3500.33,-63.86,-1.82,21939548.0,39309752144.0
BK1216.DC,20220926,3421.64,3436.1,3371.62,3374.11,3436.4700000000003,-62.36,-1.81,22618996.0,37937934222.0
BK1216.DC,20220927,3381.01,3521.29,3381.01,3521.29,3374.11,147.18,4.36,29503597.0,57302682967.0
BK1216.DC,20220928,3516.26,3576.97,3481.36,3481.36,3521.29,-39.93,-1.13,29241923.0,53810074077.0
BK1216.DC,20220929,3508.11,3581.48,3505.44,3520.42,3481.36,39.06,1.12,30826987.0,60679556583.0
BK1216.DC,20220930,3518.72,3578.87,3516.86,3538.67,3520.42,18.25,0.52,29849336.0,50975968741.0
BK1216.DC,20221010,3559.17,3598.29,3474.46,3488.73,3538.67,-49.94,-1.41,30938085.0,58010086301.0
BK1216.DC,20221011,3486.39,3486.39,3406.45,3453.44,3488.73,-35.29,-1.01,25770401.0,45673964919.0
BK1216.DC,20221012,3450.37,3495.52,3374.56,3495.52,3453.44,42.08,1.22,27003204.0,49064330428.0
BK1216.DC,20221013,3482.25,3617.38,3481.89,3591.49,3495.52,95.97,2.75,32459567.0,62803906852.0
BK1216.DC,20221014,3610.58,3833.81,3610.58,3808.91,3591.49,217.42,6.05,58045523.0,122486868645.0
BK1216.DC,20221017,3825.43,3900.84,3825.43,3871.35,3808.91,62.44,1.64,56472235.0,119295955950.0
BK1216.DC,20221018,3884.18,3985.27,3830.74,3969.28,3871.3500000000004,97.93,2.53,61154052.0,121899742921.0
BK1216.DC,20221019,3957.77,3963.73,3883.47,3907.31,3969.2799999999997,-61.97,-1.56,48031033.0,92781784766.0
BK1216.DC,20221020,3887.2,3985.95,3887.2,3916.4,3907.31,9.09,0.23,52720732.0,100611546374.0
BK1216.DC,20221021,3906.8,3961.75,3880.96,3942.38,3916.4,25.98,0.66,46524050.0,84536962258.0
BK1216.DC,20221024,3953.59,3980.87,3824.24,3842.75,3942.38,-99.63,-2.53,50249348.0,94264848386.0
BK1216.DC,20221025,3822.55,3842.75,3712.6,3758.47,3842.75,-84.28,-2.19,42581247.0,80150130857.0
BK1216.DC,20221026,3769.13,3970.8,3769.13,3938.06,3758.47,179.59,4.78,56041649.0,111349625818.0
BK1216.DC,20221027,3942.13,3995.59,3883.09,3960.11,3938.06,22.05,0.56,58073702.0,113316004262.0
BK1216.DC,20221028,3931.2,3968.51,3831.06,3847.82,3960.11,-112.29,-2.84,50187371.0,96260813143.0
BK1216.DC,20221031,3826.82,3921.76,3807.92,3898.25,3847.82,50.43,1.31,52183175.0,101953106419.0
BK1216.DC,20221101,3911.7,3984.21,3853.52,3977.31,3898.25,79.06,2.03,60843439.0,120763540377.0
BK1216.DC,20221102,3951.2,4113.94,3951.2,4036.4,3977.31,59.09,1.49,78728037.0,162090364932.0
BK1216.DC,20221103,3988.51,4063.76,3974.47,4031.24,4036.3999999999996,-5.16,-0.13,49939327.0,103671873264.0
BK1216.DC,20221104,4035.41,4114.26,4021.52,4077.81,4031.24,46.57,1.16,51596368.0,112390881292.0
BK1216.DC,20221107,4076.17,4108.2,4057.76,4088.22,4077.81,10.41,0.26,49255004.0,101931285575.0
BK1216.DC,20221108,4088.33,4113.47,4023.63,4097.16,4088.22,8.94,0.22,49442446.0,93838162880.0
BK1216.DC,20221109,4089.29,4187.48,4081.98,4163.68,4097.16,66.52,1.62,63015670.0,107043331391.0
BK1216.DC,20221110,4157.58,4225.93,4157.58,4166.04,4163.68,2.36,0.06,67175364.0,117605691460.0
BK1216.DC,20221111,4244.67,4313.34,4125.99,4126.88,4166.04,-39.16,-0.94,104842529.0,193495661950.0
BK1216.DC,20221114,4105.71,4278.73,4084.94,4268.88,4126.88,142.0,3.44,93940261.0,163187222554.0
BK1216.DC,20221115,4278.27,4302.51,4206.69,4302.22,4268.88,33.34,0.78,82429987.0,149666349368.0
BK1216.DC,20221116,4300.68,4338.64,4244.96,4270.73,4302.219999999999,-31.49,-0.73,74724481.0,141078301567.0
BK1216.DC,20221117,4250.83,4345.6,4249.31,4327.09,4270.7300000000005,56.36,1.32,76954921.0,131945447618.0
BK1216.DC,20221118,4336.34,4414.13,4323.16,4379.35,4327.09,52.26,1.21,95899837.0,172220001836.0
BK1216.DC,20221121,4350.94,4412.0,4308.16,4410.77,4379.35,31.42,0.72,82672474.0,156020681574.0
BK1216.DC,20221122,4396.79,4448.29,4220.14,4246.88,4410.77,-163.89,-3.72,88407093.0,155553433751.0
BK1216.DC,20221123,4238.29,4242.77,4075.99,4125.28,4246.88,-121.6,-2.86,65372284.0,115158600860.0
BK1216.DC,20221124,4129.17,4197.82,4121.92,4192.41,4125.28,67.13,1.63,58142548.0,103519487516.0
BK1216.DC,20221125,4173.55,4173.55,4068.76,4136.26,4192.41,-56.15,-1.34,54922164.0,93813976547.0
BK1216.DC,20221128,4101.46,4181.32,4085.9,4115.32,4136.259999999999,-20.94,-0.51,58398143.0,102899754716.0
BK1216.DC,20221129,4102.96,4250.34,4102.96,4238.79,4115.32,123.47,3.0,75912365.0,139281922246.0
BK1216.DC,20221130,4236.88,4266.4,4177.09,4204.76,4238.79,-34.03,-0.8,64382478.0,117782139507.0
BK1216.DC,20221201,4250.02,4250.02,4140.14,4187.72,4204.76,-17.04,-0.41,75932076.0,140829793300.0
BK1216.DC,20221202,4175.39,4231.99,4175.39,4218.75,4187.72,31.03,0.74,56180303.0,100680454515.0
BK1216.DC,20221205,4253.48,4277.96,4191.02,4228.99,4218.75,10.24,0.24,72703697.0,132798378348.0
BK1216.DC,20221206,4216.5,4240.92,4135.09,4145.44,4228.99,-83.55,-1.98,70094899.0,127727140557.0
BK1216.DC,20221207,4143.46,4256.06,4102.33,4255.85,4145.4400000000005,110.41,2.66,82572804.0,133556611553.0
BK1216.DC,20221208,4260.34,4297.53,4220.43,4269.84,4255.85,13.99,0.33,91206332.0,151299500158.0
BK1216.DC,20221209,4262.0,4345.12,4241.37,4310.3,4269.84,40.46,0.95,91761191.0,165938463023.0
BK1216.DC,20221212,4337.83,4428.85,4326.52,4418.35,4310.3,108.05,2.51,103342461.0,170145280654.0
BK1216.DC,20221213,4422.77,4426.94,4315.02,4400.67,4418.35,-17.68,-0.4,98337409.0,158020109034.0
BK1216.DC,20221214,4377.38,4377.38,4276.95,4279.16,4400.67,-121.51,-2.76,85198886.0,145604171886.0
BK1216.DC,20221215,4266.83,4326.27,4251.19,4274.06,4279.160000000001,-5.1,-0.12,62887593.0,109701158536.0
BK1216.DC,20221216,4267.96,4356.69,4267.96,4331.31,4274.06,57.25,1.34,79103374.0,131055095800.0
BK1216.DC,20221219,4339.92,4339.92,4122.43,4132.53,4331.3099999999995,-198.78,-4.59,80117349.0,136938538148.0
BK1216.DC,20221220,4112.13,4128.62,4037.58,4058.3,4132.53,-74.23,-1.8,56140277.0,93834966342.0
BK1216.DC,20221221,4061.98,4095.83,4020.6,4041.59,4058.3,-16.71,-0.41,51154561.0,86357319722.0
BK1216.DC,20221222,4056.53,4069.03,3968.27,3975.15,4041.59,-66.44,-1.64,53883844.0,91815647856.0
BK1216.DC,20221223,3966.55,4020.65,3966.55,4007.78,3975.15,32.63,0.82,44848847.0,82135520656.0
BK1216.DC,20221226,4010.27,4034.01,3965.63,3989.47,4007.7799999999997,-18.31,-0.46,46607332.0,81660811781.0
BK1216.DC,20221227,3988.63,3988.63,3866.17,3938.53,3989.4700000000003,-50.94,-1.28,55132709.0,94076467655.0
BK1216.DC,20221228,3929.59,3965.74,3915.6,3931.02,3938.53,-7.51,-0.19,46861523.0,81044533564.0
BK1216.DC,20221229,3921.28,4016.66,3917.94,3993.85,3931.02,62.83,1.6,53321078.0,92713065886.0
BK1216.DC,20221230,4001.28,4004.6,3957.95,3968.4,3993.85,-25.45,-0.64,44902106.0,76099471774.0
BK1216.DC,20230103,3992.63,4069.0,3992.63,4064.44,3968.4,96.04,2.42,56252293.0,92571163460.0
BK1216.DC,20230104,4063.24,4083.24,4042.22,4065.92,4064.44,1.48,0.04,50862876.0,85160144241.0
BK1216.DC,20230105,4068.71,4108.04,4038.58,4101.38,4065.92,35.46,0.87,44585915.0,91367089088.0
BK1216.DC,20230106,4100.51,4100.51,4056.02,4064.83,4101.38,-36.55,-0.89,39270648.0,72732674584.0
BK1216.DC,20230109,4074.12,4100.71,4072.57,4094.05,4064.8300000000004,29.22,0.72,37107057.0,73604608995.0
BK1216.DC,20230110,4095.18,4128.14,4064.56,4110.67,4094.05,16.62,0.41,35249742.0,73568404536.0
BK1216.DC,20230111,4111.77,4135.84,4097.33,4099.54,4110.67,-11.13,-0.27,36710065.0,74423219147.0
BK1216.DC,20230112,4097.36,4121.18,4073.65,4083.16,4099.54,-16.38,-0.4,34052969.0,66999962285.0
BK1216.DC,20230113,4092.79,4157.44,4077.7,4157.44,4083.1599999999994,74.28,1.82,34358585.0,72991392940.0
BK1216.DC,20230116,4163.28,4260.02,4163.28,4224.36,4157.44,66.92,1.61,47325454.0,109394927609.0
BK1216.DC,20230117,4230.5,4230.5,4168.58,4176.19,4224.36,-48.17,-1.14,33574596.0,71821461988.0
BK1216.DC,20230118,4179.84,4181.62,4165.09,4165.51,4176.1900000000005,-10.68,-0.26,25081663.0,52592578746.0
BK1216.DC,20230119,4163.94,4233.1,4149.95,4217.21,4165.51,51.7,1.24,30865167.0,70252127005.0
BK1216.DC,20230120,4225.36,4267.37,4221.01,4236.35,4217.21,19.14,0.45,30261710.0,63368248080.0
BK1216.DC,20230130,4259.69,4265.88,4221.9,4236.96,4236.35,0.61,0.01,43102397.0,84139830683.0
BK1216.DC,20230131,4228.0,4228.86,4197.03,4210.32,4236.96,-26.64,-0.63,37476539.0,72180759344.0
BK1216.DC,20230201,4213.64,4270.23,4203.39,4270.23,4210.32,59.91,1.42,38498579.0,75864628929.0
BK1216.DC,20230202,4273.71,4345.68,4270.16,4324.51,4270.2300000000005,54.28,1.27,38532830.0,79773732461.0
BK1216.DC,20230203,4319.79,4336.86,4260.94,4304.71,4324.51,-19.8,-0.46,33214938.0,66653091993.0
BK1216.DC,20230206,4295.82,4313.87,4268.74,4276.71,4304.71,-28.0,-0.65,29654980.0,64627629589.0
BK1216.DC,20230207,4282.81,4301.48,4243.64,4264.56,4276.71,-12.15,-0.28,29074580.0,56730104154.0
BK1216.DC,20230208,4268.27,4304.05,4268.27,4275.04,4264.56,10.48,0.25,26997145.0,52499404911.0
BK1216.DC,20230209,4271.43,4305.74,4259.22,4305.73,4275.04,30.69,0.72,28803276.0,55439672963.0
BK1216.DC,20230210,4303.81,4324.65,4274.22,4302.0,4305.73,-3.73,-0.09,29189527.0,57711655715.0
BK1216.DC,20230213,4305.06,4363.1,4305.06,4347.62,4302.0,45.62,1.06,33644988.0,70005959283.0
BK1216.DC,20230214,4357.86,4385.82,4345.81,4385.82,4347.62,38.2,0.88,34896242.0,63498330159.0
BK1216.DC,20230215,4384.9,4393.15,4342.11,4353.45,4385.82,-32.37,-0.74,36598006.0,69428241320.0
BK1216.DC,20230216,4359.67,4406.81,4283.49,4312.09,4353.45,-41.36,-0.95,57314625.0,98401577849.0
BK1216.DC,20230217,4310.12,4378.37,4295.37,4356.26,4312.09,44.17,1.02,59028646.0,98884209611.0
BK1216.DC,20230220,4360.79,4373.03,4293.84,4371.64,4356.26,15.38,0.35,47140446.0,85437504441.0
BK1216.DC,20230221,4371.33,4390.97,4346.15,4368.35,4371.64,-3.29,-0.08,37747726.0,67720494058.0
BK1216.DC,20230222,4353.2,4412.78,4346.41,4387.19,4368.349999999999,18.84,0.43,35393813.0,66269267871.0
BK1216.DC,20230223,4384.14,4405.83,4339.24,4354.34,4387.1900000000005,-32.85,-0.75,34882725.0,62852595874.0
BK1216.DC,20230224,4356.64,4369.77,4327.78,4336.07,4354.34,-18.27,-0.42,26093288.0,49989000905.0
BK1216.DC,20230227,4335.38,4355.94,4282.12,4291.63,4336.07,-44.44,-1.02,29758709.0,58356176429.0
BK1216.DC,20230228,4295.34,4378.95,4295.34,4378.95,4291.63,87.32,2.03,40031738.0,71656751162.0
BK1216.DC,20230301,4386.99,4393.41,4345.2,4368.65,4378.95,-10.3,-0.24,39200024.0,71967288249.0
BK1216.DC,20230302,4362.61,4362.61,4314.38,4316.64,4368.650000000001,-52.01,-1.19,31224791.0,56403197066.0
BK1216.DC,20230303,4319.41,4355.65,4298.75,4315.88,4316.64,-0.76,-0.02,27331884.0,51471219277.0
BK1216.DC,20230306,4317.18,4353.35,4297.57,4351.33,4315.88,35.45,0.82,31222152.0,63192323061.0
BK1216.DC,20230307,4351.22,4376.55,4267.44,4267.66,4351.33,-83.67,-1.92,36539239.0,67739791397.0
BK1216.DC,20230308,4259.46,4287.22,4251.42,4274.61,4267.66,6.95,0.16,25095842.0,46960352367.0
BK1216.DC,20230309,4279.81,4308.65,4277.74,4300.39,4274.610000000001,25.78,0.6,25078738.0,49528677832.0
BK1216.DC,20230310,4282.4,4288.8,4246.27,4269.29,4300.39,-31.1,-0.72,27882765.0,54895923926.0
BK1216.DC,20230313,4254.39,4264.99,4224.08,4264.99,4269.29,-4.3,-0.1,30477201.0,61679734858.0
BK1216.DC,20230314,4263.49,4292.1,4200.96,4222.15,4264.99,-42.84,-1.0,31361045.0,57522876125.0
BK1216.DC,20230315,4238.03,4319.81,4238.03,4283.41,4222.15,61.26,1.45,35177626.0,62405824295.0
BK1216.DC,20230316,4271.54,4315.48,4247.47,4252.66,4283.41,-30.75,-0.72,37801296.0,69844430954.0
BK1216.DC,20230317,4269.33,4276.91,4198.5,4207.02,4252.660000000001,-45.64,-1.07,36386021.0,75745138714.0
BK1216.DC,20230320,4201.06,4201.06,4114.81,4142.51,4207.02,-64.51,-1.53,35300223.0,68839341379.0
BK1216.DC,20230321,4149.44,4215.59,4149.44,4215.59,4142.51,73.08,1.76,26143279.0,58962607933.0
BK1216.DC,20230322,4227.22,4263.48,4210.69,4220.87,4215.59,5.28,0.13,28821096.0,57033336667.0
BK1216.DC,20230323,4219.46,4237.75,4193.4,4207.47,4220.87,-13.4,-0.32,28204419.0,55986721439.0
BK1216.DC,20230324,4220.33,4248.01,4167.9,4170.04,4207.47,-37.43,-0.89,33916538.0,62200378617.0
BK1216.DC,20230327,4167.35,4225.38,4137.89,4199.04,4170.04,29.0,0.7,32524791.0,69242146243.0
BK1216.DC,20230328,4202.77,4240.11,4186.62,4212.9,4199.04,13.86,0.33,33976129.0,68587987980.0
BK1216.DC,20230329,4212.52,4212.53,4163.59,4180.02,4212.900000000001,-32.88,-0.78,31212353.0,59764354967.0
BK1216.DC,20230330,4178.38,4182.18,4143.01,4165.31,4180.02,-14.71,-0.35,26661325.0,51096252557.0
BK1216.DC,20230331,4168.67,4215.86,4168.67,4208.61,4165.3099999999995,43.3,1.04,34287130.0,67207396235.0
BK1216.DC,20230403,4207.0,4228.46,4171.72,4185.65,4208.61,-22.96,-0.55,35506081.0,72364288632.0
BK1216.DC,20230404,4188.3,4205.04,4168.67,4189.19,4185.65,3.54,0.08,35910874.0,73521500424.0
BK1216.DC,20230406,4185.8,4234.53,4185.8,4229.75,4189.19,40.56,0.97,36281785.0,70727301937.0
BK1216.DC,20230407,4234.0,4326.99,4234.0,4324.21,4229.75,94.46,2.23,39653572.0,84759263546.0
BK1216.DC,20230410,4330.43,4347.85,4293.76,4305.94,4324.21,-18.27,-0.42,39291684.0,80069676059.0
BK1216.DC,20230411,4309.11,4333.97,4273.15,4298.4,4305.94,-7.54,-0.18,29992986.0,65828722851.0
BK1216.DC,20230412,4298.66,4336.03,4282.92,4291.32,4298.4,-7.08,-0.16,29735417.0,61500629281.0
BK1216.DC,20230413,4285.55,4367.39,4254.58,4357.03,4291.32,65.71,1.53,35563860.0,80291738594.0
BK1216.DC,20230414,4371.53,4428.97,4343.61,4372.63,4357.03,15.6,0.36,34161308.0,78085980809.0
BK1216.DC,20230417,4366.03,4386.5,4336.24,4373.12,4372.63,0.49,0.01,34147300.0,73739517900.0
BK1216.DC,20230418,4367.43,4367.43,4326.54,4333.93,4373.12,-39.19,-0.9,30104710.0,65721189231.0
BK1216.DC,20230419,4332.99,4333.09,4288.92,4295.23,4333.929999999999,-38.7,-0.89,30314264.0,63173155372.0
BK1216.DC,20230420,4293.14,4293.14,4228.68,4240.81,4295.2300000000005,-54.42,-1.27,30125295.0,62615243421.0
BK1216.DC,20230421,4238.26,4278.28,4213.06,4213.77,4240.81,-27.04,-0.64,37105968.0,78472383447.0
BK1216.DC,20230424,4223.03,4261.36,4191.7,4214.98,4213.7699999999995,1.21,0.03,42232872.0,84834749691.0
BK1216.DC,20230425,4207.41,4207.42,4053.54,4098.32,4214.98,-116.66,-2.77,45137404.0,87442591413.0
BK1216.DC,20230426,4099.35,4178.42,4099.35,4160.62,4098.32,62.3,1.52,38028379.0,76659747580.0
BK1216.DC,20230427,4156.71,4284.14,4156.71,4262.31,4160.620000000001,101.69,2.44,49023122.0,93434853371.0
BK1216.DC,20230428,4250.2,4286.39,4215.31,4277.74,4262.3099999999995,15.43,0.36,45815727.0,86587375988.0
BK1216.DC,20230504,4260.79,4320.65,4260.79,4315.82,4277.74,38.08,0.89,47404764.0,87422027661.0
BK1216.DC,20230505,4313.56,4313.57,4214.45,4231.33,4315.82,-84.49,-1.96,40977324.0,71596777001.0
BK1216.DC,20230508,4233.25,4253.36,4173.11,4198.35,4231.33,-32.98,-0.78,37791150.0,73639140373.0
BK1216.DC,20230509,4195.29,4195.29,4123.51,4123.98,4198.349999999999,-74.37,-1.77,37166660.0,70630608194.0
BK1216.DC,20230510,4118.9,4134.91,4094.34,4123.79,4123.98,-0.19,0.0,30245514.0,55393682483.0
BK1216.DC,20230511,4129.96,4171.65,4120.85,4123.6,4123.79,-0.19,0.0,31112367.0,57129630177.0
BK1216.DC,20230512,4120.8,4166.94,4119.39,4131.12,4123.599999999999,7.52,0.18,32108701.0,55012676990.0
BK1216.DC,20230515,4123.19,4162.43,4083.25,4162.43,4131.12,31.31,0.76,32937359.0,56854649313.0
BK1216.DC,20230516,4161.82,4217.96,4149.02,4200.75,4162.43,38.32,0.92,36534490.0,69762606280.0
BK1216.DC,20230517,4189.31,4200.18,4151.74,4200.18,4200.75,-0.57,-0.01,30708429.0,53975548971.0
BK1216.DC,20230518,4195.14,4216.35,4164.72,4181.26,4200.18,-18.92,-0.45,27548267.0,49190252729.0
BK1216.DC,20230519,4177.64,4243.8,4158.89,4236.39,4181.26,55.13,1.32,30606471.0,56966887318.0
BK1216.DC,20230522,4232.65,4272.83,4232.65,4261.95,4236.389999999999,25.56,0.6,29643153.0,55564865959.0
BK1216.DC,20230523,4267.55,4342.67,4267.55,4301.74,4261.95,39.79,0.93,41261150.0,74616739616.0
BK1216.DC,20230524,4284.39,4284.39,4225.97,4254.07,4301.74,-47.67,-1.11,34398314.0,62043551623.0
BK1216.DC,20230525,4243.21,4250.76,4179.71,4215.55,4254.070000000001,-38.52,-0.91,28747722.0,50991814083.0
BK1216.DC,20230526,4214.02,4283.02,4193.58,4270.07,4215.549999999999,54.52,1.29,33505580.0,60102833262.0
BK1216.DC,20230529,4275.73,4305.43,4249.66,4270.45,4270.07,0.38,0.01,35775174.0,65877416295.0
BK1216.DC,20230530,4270.92,4293.68,4204.14,4256.43,4270.450000000001,-14.02,-0.33,31133460.0,61403332593.0
BK1216.DC,20230531,4259.33,4314.14,4245.27,4249.57,4256.429999999999,-6.86,-0.16,32663939.0,65899575018.0
BK1216.DC,20230601,4244.26,4280.63,4212.11,4234.9,4249.57,-14.67,-0.35,32159063.0,64209152599.0
BK1216.DC,20230602,4242.16,4244.46,4213.25,4219.28,4234.9,-15.62,-0.37,29260196.0,54260705762.0
BK1216.DC,20230605,4223.64,4236.11,4201.51,4235.27,4219.280000000001,15.99,0.38,32849611.0,58886583974.0
BK1216.DC,20230606,4233.71,4233.71,4127.68,4133.97,4235.27,-101.3,-2.39,34528513.0,62838515865.0
BK1216.DC,20230607,4138.3,4159.25,4120.93,4132.57,4133.969999999999,-1.4,-0.03,29171707.0,55701937655.0
BK1216.DC,20230608,4130.94,4130.94,4074.67,4075.28,4132.570000000001,-57.29,-1.39,32054447.0,58532409801.0
BK1216.DC,20230609,4077.26,4137.43,4065.5,4107.98,4075.2799999999997,32.7,0.8,35072190.0,71658015032.0
BK1216.DC,20230612,4103.74,4103.74,4048.36,4080.74,4107.98,-27.24,-0.66,32406729.0,60353659878.0
BK1216.DC,20230613,4078.29,4093.5,4048.42,4053.45,4080.74,-27.29,-0.67,27334688.0,49396148691.0
BK1216.DC,20230614,4054.61,4079.9,4035.93,4061.69,4053.4500000000003,8.24,0.2,26322567.0,51769913286.0
BK1216.DC,20230615,4063.12,4080.76,4038.64,4080.76,4061.69,19.07,0.47,28390743.0,58233938891.0
BK1216.DC,20230616,4085.23,4113.85,4075.37,4083.52,4080.7599999999998,2.76,0.07,32675216.0,55478002588.0
BK1216.DC,20230619,4081.17,4106.7,4065.41,4066.22,4083.52,-17.3,-0.42,30130269.0,53348267770.0
BK1216.DC,20230620,4068.74,4079.95,4041.56,4041.56,4066.22,-24.66,-0.61,27839547.0,49585631535.0
BK1216.DC,20230621,4039.41,4044.55,3981.28,3981.28,4041.5600000000004,-60.28,-1.49,27664352.0,54433110421.0
BK1216.DC,20230626,3965.4,3973.26,3922.03,3927.91,3981.2799999999997,-53.37,-1.34,28447788.0,49513612941.0
BK1216.DC,20230627,3932.09,4004.91,3932.09,3984.62,3927.91,56.71,1.44,24714406.0,43694270952.0
BK1216.DC,20230628,3987.46,3987.46,3929.38,3969.32,3984.6200000000003,-15.3,-0.38,22540509.0,39867336934.0
BK1216.DC,20230629,3968.08,4023.89,3968.08,4008.96,3969.32,39.64,1.0,26038606.0,46659244284.0
BK1216.DC,20230630,4012.23,4070.75,4012.23,4049.82,4008.96,40.86,1.02,28090284.0,50010314370.0
BK1216.DC,20230703,4054.55,4065.39,4025.53,4057.17,4049.82,7.35,0.18,28333106.0,51687930597.0
BK1216.DC,20230704,4052.65,4085.87,4028.71,4073.89,4057.17,16.72,0.41,27209926.0,55963399598.0
BK1216.DC,20230705,4072.66,4074.53,4047.55,4052.92,4073.89,-20.97,-0.51,26681055.0,49909086237.0
BK1216.DC,20230706,4048.52,4048.52,3999.81,4004.52,4052.92,-48.4,-1.19,25548113.0,45387922123.0
BK1216.DC,20230707,4001.03,4016.48,3979.65,3999.7,4004.52,-4.82,-0.12,21849995.0,37982620125.0
BK1216.DC,20230710,4008.23,4023.31,3991.65,4000.76,3999.7000000000003,1.06,0.03,21093293.0,40697582791.0
BK1216.DC,20230711,4005.02,4026.4,3993.72,4026.4,4000.76,25.64,0.64,19698582.0,35762640296.0
BK1216.DC,20230712,4027.49,4027.49,3968.26,3969.96,4026.4,-56.44,-1.4,21540295.0,37262051796.0
BK1216.DC,20230713,3980.66,4016.03,3980.66,4012.26,3969.96,42.3,1.07,23783252.0,49992288961.0
BK1216.DC,20230714,4015.86,4015.86,3988.92,3990.21,4012.26,-22.05,-0.55,21471349.0,39191126145.0
BK1216.DC,20230717,3982.56,3982.56,3942.44,3973.98,3990.21,-16.23,-0.41,23411082.0,41669423254.0
BK1216.DC,20230718,3974.53,3974.53,3948.35,3954.02,3973.98,-19.96,-0.5,20096221.0,36543929254.0
BK1216.DC,20230719,3950.55,3967.46,3926.99,3936.13,3954.02,-17.89,-0.45,17349563.0,31165026385.0
BK1216.DC,20230720,3942.93,3954.53,3913.88,3915.55,3936.13,-20.58,-0.52,20053787.0,34280190034.0
BK1216.DC,20230721,3915.71,3979.45,3909.53,3949.31,3915.5499999999997,33.76,0.86,22771826.0,43582774836.0
BK1216.DC,20230724,3953.48,4001.02,3944.71,3990.3,3949.3100000000004,40.99,1.04,26416704.0,45961679003.0
BK1216.DC,20230725,4007.16,4011.79,3978.76,4007.25,3990.3,16.95,0.42,26801845.0,46874121904.0
BK1216.DC,20230726,4004.61,4045.7,3999.45,4028.95,4007.25,21.7,0.54,25131676.0,46708875579.0
BK1216.DC,20230727,4025.89,4030.01,4003.88,4008.42,4028.9500000000003,-20.53,-0.51,22803860.0,42042245176.0
BK1216.DC,20230728,4000.36,4041.11,3989.3,4041.11,4008.42,32.69,0.82,27195913.0,50826498338.0
BK1216.DC,20230731,4043.16,4058.38,3994.8,4003.81,4041.11,-37.3,-0.92,38488648.0,80383337972.0
BK1216.DC,20230801,4000.53,4025.15,3962.39,3967.43,4003.81,-36.38,-0.91,33048194.0,66924240315.0
BK1216.DC,20230802,3963.69,3963.69,3909.04,3916.02,3967.43,-51.41,-1.3,28195394.0,54021362994.0
BK1216.DC,20230803,3913.19,3974.27,3913.19,3974.27,3916.02,58.25,1.49,36888604.0,63503591036.0
BK1216.DC,20230804,3975.45,3984.44,3940.89,3941.21,3974.27,-33.06,-0.83,34353595.0,59670679740.0
BK1216.DC,20230807,3932.76,3932.76,3826.68,3834.85,3941.21,-106.36,-2.7,41165938.0,77966027548.0
BK1216.DC,20230808,3833.21,3885.08,3809.16,3875.38,3834.85,40.53,1.06,39279401.0,65280399526.0
BK1216.DC,20230809,3877.34,3968.74,3870.26,3946.34,3875.38,70.96,1.83,49254820.0,85814761672.0
BK1216.DC,20230810,3940.67,3949.74,3923.45,3940.91,3946.3399999999997,-5.43,-0.14,37661760.0,61652596184.0
BK1216.DC,20230811,3942.75,4013.78,3942.75,3956.23,3940.91,15.32,0.39,46704746.0,74826942251.0
BK1216.DC,20230814,3937.91,3968.19,3900.85,3964.81,3956.23,8.58,0.22,44148173.0,72052718901.0
BK1216.DC,20230815,3953.47,3996.8,3910.09,3985.59,3964.81,20.78,0.52,45697118.0,71010533060.0
BK1216.DC,20230816,3972.31,4037.06,3958.05,3958.1,3985.5899999999997,-27.49,-0.69,45836577.0,74463868810.0
BK1216.DC,20230817,3940.51,3952.38,3912.53,3949.7,3958.1,-8.4,-0.21,39245225.0,61351736377.0
BK1216.DC,20230818,3942.55,3942.55,3837.6,3837.6,3949.7,-112.1,-2.84,43123182.0,62305727440.0
BK1216.DC,20230821,3826.57,3855.72,3801.58,3803.27,3837.6,-34.33,-0.89,30743384.0,48921723178.0
BK1216.DC,20230822,3807.12,3816.31,3698.04,3757.44,3803.27,-45.83,-1.21,34803811.0,57197111795.0
BK1216.DC,20230823,3752.89,3752.89,3692.24,3692.24,3757.4399999999996,-65.2,-1.74,27583261.0,44205750483.0
BK1216.DC,20230824,3691.98,3743.39,3649.21,3712.99,3692.24,20.75,0.56,29302264.0,51651944759.0
BK1216.DC,20230825,3704.27,3727.5,3655.21,3664.92,3712.9900000000002,-48.07,-1.29,29205468.0,51286438045.0
BK1216.DC,20230828,3862.14,3862.14,3676.48,3685.77,3664.92,20.85,0.57,43795126.0,74103570681.0
BK1216.DC,20230829,3678.79,3816.0,3678.79,3814.03,3685.7700000000004,128.26,3.48,36476712.0,66689200509.0
BK1216.DC,20230830,3812.92,3865.16,3812.92,3840.34,3814.03,26.31,0.69,32539838.0,57911126435.0
BK1216.DC,20230831,3834.85,3873.29,3797.63,3860.73,3840.34,20.39,0.53,34850804.0,56375932645.0
BK1216.DC,20230901,3856.11,3860.16,3825.76,3832.18,3860.73,-28.55,-0.74,26067926.0,42641443429.0
BK1216.DC,20230904,3843.25,3855.63,3825.69,3847.07,3832.1800000000003,14.89,0.39,28349088.0,48243057637.0
BK1216.DC,20230905,3840.95,3856.17,3816.06,3824.41,3847.0699999999997,-22.66,-0.59,24178897.0,40173318510.0
BK1216.DC,20230906,3814.93,3815.65,3788.42,3801.58,3824.41,-22.83,-0.6,21851174.0,40347082999.0
BK1216.DC,20230907,3797.89,3798.62,3735.12,3736.01,3801.5800000000004,-65.57,-1.72,23362433.0,40024708663.0
BK1216.DC,20230908,3731.31,3761.27,3731.31,3750.4,3736.01,14.39,0.39,17908347.0,31008523806.0
BK1216.DC,20230911,3754.3,3868.94,3754.3,3855.73,3750.4,105.33,2.81,38014240.0,67353077920.0
BK1216.DC,20230912,3855.14,3910.49,3849.86,3886.76,3855.73,31.03,0.8,37535239.0,54285722592.0
BK1216.DC,20230913,3880.86,3884.76,3810.3,3840.56,3886.7599999999998,-46.2,-1.19,30852525.0,45042158613.0
BK1216.DC,20230914,3841.31,3858.91,3816.22,3840.95,3840.56,0.39,0.01,29160571.0,44903806729.0
BK1216.DC,20230915,3844.23,3942.01,3835.22,3918.26,3840.9500000000003,77.31,2.01,44610689.0,73185477248.0
BK1216.DC,20230918,3918.89,3963.05,3918.89,3958.44,3918.26,40.18,1.03,41593137.0,68543432979.0
BK1216.DC,20230919,3959.53,3996.22,3936.48,3948.98,3958.44,-9.46,-0.24,38857323.0,58371801028.0
BK1216.DC,20230920,3942.26,3973.59,3929.97,3931.71,3948.98,-17.27,-0.44,34402372.0,51686953779.0
BK1216.DC,20230921,3924.96,3924.96,3878.49,3883.67,3931.71,-48.04,-1.22,32825254.0,49598811979.0
BK1216.DC,20230922,3880.54,3932.81,3845.44,3930.75,3883.67,47.08,1.21,38712897.0,59684508093.0
BK1216.DC,20230925,3926.75,3995.25,3926.75,3982.61,3930.75,51.86,1.32,44564223.0,73796432894.0
BK1216.DC,20230926,3978.58,3982.48,3945.41,3947.35,3982.61,-35.26,-0.89,36419684.0,57056302428.0
BK1216.DC,20230927,3952.69,4045.94,3952.69,4037.6,3947.35,90.25,2.29,49828612.0,85498209742.0
BK1216.DC,20230928,4042.81,4064.12,4020.29,4028.17,4037.6,-9.43,-0.23,46215978.0,76777963517.0
BK1216.DC,20231009,4026.52,4032.1,3966.52,4009.8,4028.17,-18.37,-0.46,42486576.0,74089814113.0
BK1216.DC,20231010,4012.37,4012.37,3930.31,3933.48,4009.8,-76.32,-1.9,40129794.0,66660709589.0
BK1216.DC,20231011,3941.63,4064.74,3941.63,4021.34,3933.48,87.86,2.23,48678219.0,88253203315.0
BK1216.DC,20231012,4048.71,4104.26,4027.78,4064.19,4021.34,42.85,1.07,48885863.0,78779019078.0
BK1216.DC,20231013,4053.5,4112.54,4053.06,4109.3,4064.19,45.11,1.11,57981142.0,92896372006.0
BK1216.DC,20231016,4124.07,4138.95,4049.73,4068.48,4109.3,-40.82,-0.99,55526293.0,95586600427.0
BK1216.DC,20231017,4063.03,4063.03,3993.84,4036.31,4068.48,-32.17,-0.79,47397128.0,78032768634.0
BK1216.DC,20231018,4025.78,4025.78,3931.65,3938.09,4036.31,-98.22,-2.43,43003479.0,69731594770.0
BK1216.DC,20231019,3915.93,3915.93,3856.65,3858.46,3938.09,-79.63,-2.02,40314280.0,64939693600.0
BK1216.DC,20231020,3841.58,3858.31,3806.67,3810.94,3858.46,-47.52,-1.23,37684347.0,59282717390.0
BK1216.DC,20231023,3797.32,3798.34,3725.51,3740.61,3810.94,-70.33,-1.85,36756392.0,56457399894.0
BK1216.DC,20231024,3750.97,3827.83,3727.03,3814.56,3740.61,73.95,1.98,36176875.0,59381918969.0
BK1216.DC,20231025,3825.8,3841.58,3805.74,3807.77,3814.56,-6.79,-0.18,38784160.0,66068633057.0
BK1216.DC,20231026,3785.75,3824.04,3765.72,3822.23,3807.77,14.46,0.38,38782253.0,62534563602.0
BK1216.DC,20231027,3811.3,3990.81,3783.19,3979.22,3822.2299999999996,156.99,4.11,59698789.0,95654487185.0
BK1216.DC,20231030,3977.57,4083.44,3977.57,4079.53,3979.2200000000003,100.31,2.52,61498026.0,108675181478.0
BK1216.DC,20231031,4075.12,4124.86,4057.42,4095.42,4079.53,15.89,0.39,55236965.0,96386941583.0
BK1216.DC,20231101,4094.87,4101.24,4046.17,4088.52,4095.42,-6.9,-0.17,49379218.0,74665110744.0
BK1216.DC,20231102,4091.7,4098.13,4054.65,4056.35,4088.52,-32.17,-0.79,41601502.0,65114152660.0
BK1216.DC,20231103,4057.27,4085.89,4048.68,4057.78,4056.3500000000004,1.43,0.04,38903991.0,63387269161.0
BK1216.DC,20231106,4085.52,4160.58,4085.52,4144.49,4057.7799999999997,86.71,2.14,48204476.0,85943849786.0
BK1216.DC,20231107,4141.09,4161.39,4120.58,4134.01,4144.49,-10.48,-0.25,42292007.0,70980005706.0
BK1216.DC,20231108,4132.04,4204.93,4130.87,4193.21,4134.01,59.2,1.43,49915640.0,84762235037.0
BK1216.DC,20231109,4196.33,4240.33,4134.18,4142.42,4193.21,-50.79,-1.21,47619665.0,78186958043.0
BK1216.DC,20231110,4124.9,4183.68,4101.44,4157.86,4142.42,15.44,0.37,41161306.0,67337383706.0
BK1216.DC,20231113,4163.37,4163.37,4122.05,4148.43,4157.860000000001,-9.43,-0.23,37316713.0,62238187593.0
BK1216.DC,20231114,4148.55,4172.43,4135.56,4155.93,4148.43,7.5,0.18,33985705.0,55592362828.0
BK1216.DC,20231115,4184.11,4187.97,4150.96,4172.01,4155.93,16.08,0.39,35564470.0,61469706129.0
BK1216.DC,20231116,4161.11,4170.32,4121.39,4122.54,4172.01,-49.47,-1.19,31540950.0,51054457460.0
BK1216.DC,20231117,4118.9,4180.26,4116.7,4180.26,4122.54,57.72,1.4,35928462.0,56602910998.0
BK1216.DC,20231120,4188.48,4233.84,4188.48,4231.36,4180.259999999999,51.1,1.22,44393100.0,72962669123.0
BK1216.DC,20231121,4234.58,4280.91,4223.5,4239.95,4231.36,8.59,0.2,44375311.0,70740273451.0
BK1216.DC,20231122,4228.06,4263.46,4222.76,4234.04,4239.95,-5.91,-0.14,42056198.0,66280895967.0
BK1216.DC,20231123,4244.34,4304.79,4244.34,4304.05,4234.04,70.01,1.65,52988649.0,77705990831.0
BK1216.DC,20231124,4303.39,4352.24,4300.09,4352.13,4304.05,48.08,1.12,64646756.0,94084138592.0
BK1216.DC,20231127,4365.48,4365.48,4309.59,4323.88,4352.13,-28.25,-0.65,63993941.0,98018547626.0
BK1216.DC,20231128,4293.81,4366.46,4264.54,4352.13,4323.88,28.25,0.65,51690056.0,82548221334.0
BK1216.DC,20231129,4343.77,4363.41,4290.83,4292.59,4352.13,-59.54,-1.37,39293562.0,63425275683.0
BK1216.DC,20231130,4287.74,4324.26,4271.63,4322.37,4292.59,29.78,0.69,45120103.0,75494009377.0
BK1216.DC,20231201,4317.93,4346.71,4299.34,4325.1,4322.370000000001,2.73,0.06,42796521.0,73307048911.0
BK1216.DC,20231204,4322.68,4323.3,4263.8,4280.83,4325.1,-44.27,-1.02,47361526.0,80490540580.0
BK1216.DC,20231205,4271.91,4308.77,4256.87,4264.64,4280.83,-16.19,-0.38,47639042.0,79636751691.0
BK1216.DC,20231206,4256.53,4309.77,4224.32,4267.11,4264.639999999999,2.47,0.06,43311134.0,75854055280.0
BK1216.DC,20231207,4263.61,4271.7,4225.86,4227.06,4267.110000000001,-40.05,-0.94,41898270.0,76798934934.0
BK1216.DC,20231208,4221.28,4251.11,4210.52,4218.87,4227.0599999999995,-8.19,-0.19,45726533.0,90800802109.0
BK1216.DC,20231211,4203.44,4241.96,4175.84,4237.12,4218.87,18.25,0.43,40611852.0,73164599735.0
BK1216.DC,20231212,4245.61,4254.28,4219.77,4242.13,4237.12,5.01,0.12,36146844.0,66597623419.0
BK1216.DC,20231213,4241.6,4322.63,4241.6,4276.08,4242.13,33.95,0.8,50742234.0,80038022944.0
BK1216.DC,20231214,4284.7,4313.33,4245.71,4247.97,4276.08,-28.11,-0.66,43629198.0,71344007842.0
BK1216.DC,20231215,4250.37,4250.37,4171.32,4180.81,4247.97,-67.16,-1.58,42420084.0,67315461114.0
BK1216.DC,20231218,4173.79,4216.96,4152.51,4161.82,4180.8099999999995,-18.99,-0.45,36420596.0,58062508838.0
BK1216.DC,20231219,4159.55,4159.55,4111.19,4139.58,4161.82,-22.24,-0.53,31073773.0,50348432699.0
BK1216.DC,20231220,4144.65,4170.59,4114.17,4114.6,4139.58,-24.98,-0.6,28177248.0,46130693392.0
BK1216.DC,20231221,4104.28,4106.97,4045.38,4099.43,4114.6,-15.17,-0.37,32261807.0,52966599842.0
BK1216.DC,20231222,4098.79,4098.79,4027.21,4040.47,4099.429999999999,-58.96,-1.44,29650553.0,49738233419.0
BK1216.DC,20231225,4035.94,4056.35,4021.28,4052.64,4040.47,12.17,0.3,26831231.0,43042591645.0
BK1216.DC,20231226,4054.16,4062.0,4001.7,4014.99,4052.64,-37.65,-0.93,27246774.0,44259461688.0
BK1216.DC,20231227,4018.27,4046.96,3996.4,4043.01,4014.9900000000002,28.02,0.7,26785195.0,45876506494.0
BK1216.DC,20231228,4041.65,4093.78,4008.21,4080.73,4043.01,37.72,0.93,35088581.0,61140187113.0
BK1216.DC,20231229,4077.91,4149.12,4077.91,4147.5,4080.73,66.77,1.64,31495678.0,57385362783.0
BK1216.DC,20240102,4152.73,4171.44,4117.38,4153.16,4147.5,5.66,0.14,35837908.0,60753317617.0
BK1216.DC,20240103,4146.0,4215.55,4137.64,4159.64,4153.160000000001,6.48,0.16,34249609.0,55910252427.0
BK1216.DC,20240104,4153.31,4155.76,4119.65,4152.88,4159.64,-6.76,-0.16,31411280.0,52483716001.0
BK1216.DC,20240105,4151.12,4151.12,4053.63,4067.73,4152.88,-85.15,-2.05,34001655.0,59598928772.0
BK1216.DC,20240108,4059.17,4060.98,3970.57,3970.57,4067.73,-97.16,-2.39,31864275.0,51903115130.0
BK1216.DC,20240109,3975.89,4020.53,3955.0,3978.24,3970.5699999999997,7.67,0.19,28589178.0,47302001712.0
BK1216.DC,20240110,3973.85,3999.58,3928.82,3945.62,3978.24,-32.62,-0.82,27611656.0,47660826634.0
BK1216.DC,20240111,3954.5,4000.67,3940.96,3992.01,3945.6200000000003,46.39,1.18,29477068.0,51068742078.0
BK1216.DC,20240112,3982.51,4008.41,3928.68,3928.68,3992.0099999999998,-63.33,-1.59,26788009.0,45384184609.0
BK1216.DC,20240115,3918.29,3974.9,3907.91,3932.43,3928.68,3.75,0.1,26310192.0,44459440665.0
BK1216.DC,20240116,3938.28,3938.28,3871.47,3921.36,3932.4300000000003,-11.07,-0.28,28745244.0,45034900927.0
BK1216.DC,20240117,3913.32,3925.62,3815.44,3815.44,3921.36,-105.92,-2.7,26706216.0,43538885267.0
BK1216.DC,20240118,3798.82,3798.82,3682.28,3786.97,3815.4399999999996,-28.47,-0.75,39237858.0,57865310280.0
BK1216.DC,20240119,3784.78,3808.47,3753.28,3757.71,3786.9700000000003,-29.26,-0.77,24436235.0,40031534162.0
BK1216.DC,20240122,3752.83,3752.83,3513.34,3533.61,3757.71,-224.1,-5.96,35751662.0,55117931840.0
BK1216.DC,20240123,3525.94,3557.14,3474.21,3544.4,3533.61,10.79,0.31,33260636.0,45368777222.0
BK1216.DC,20240124,3561.9,3591.2,3453.36,3573.33,3544.4,28.93,0.82,32458651.0,46453442680.0
BK1216.DC,20240125,3575.9,3705.87,3556.13,3702.62,3573.33,129.29,3.62,36588109.0,55165818638.0
BK1216.DC,20240126,3698.09,3741.65,3643.17,3658.04,3702.62,-44.58,-1.2,35532874.0,57405702713.0
BK1216.DC,20240129,3674.24,3694.07,3560.76,3561.59,3658.04,-96.45,-2.64,34372037.0,58520824145.0
BK1216.DC,20240130,3542.51,3547.46,3451.61,3454.42,3561.59,-107.17,-3.01,29822952.0,48868389080.0
BK1216.DC,20240131,3431.76,3440.69,3287.09,3292.57,3454.42,-161.85,-4.69,40110709.0,57844612988.0
BK1216.DC,20240201,3278.33,3338.41,3223.17,3263.79,3292.57,-28.78,-0.87,37613770.0,54377211412.0
BK1216.DC,20240202,3268.43,3301.61,3017.26,3113.81,3263.79,-149.98,-4.6,46999082.0,63168942024.0
BK1216.DC,20240205,3083.51,3083.51,2815.75,2908.51,3113.8100000000004,-205.3,-6.59,57838095.0,78123048254.0
BK1216.DC,20240206,2855.39,3131.01,2794.48,3083.45,2908.5099999999998,174.94,6.01,63628390.0,84699049842.0
BK1216.DC,20240207,3097.7,3172.38,3039.01,3084.85,3083.45,1.4,0.05,70345624.0,99344291769.0
BK1216.DC,20240208,3084.92,3271.14,3064.96,3262.6,3084.85,177.75,5.76,70358898.0,95204592518.0
BK1216.DC,20240219,3290.2,3348.79,3261.83,3313.62,3262.6,51.02,1.56,56772329.0,78431433083.0
BK1216.DC,20240220,3300.32,3403.06,3270.62,3376.34,3313.6200000000003,62.72,1.89,45586209.0,67247175381.0
BK1216.DC,20240221,3347.71,3471.8,3331.61,3396.89,3376.3399999999997,20.55,0.61,50281112.0,72818870221.0
BK1216.DC,20240222,3387.04,3442.76,3387.04,3442.76,3396.8900000000003,45.87,1.35,39776185.0,56775198355.0
BK1216.DC,20240223,3447.33,3490.3,3416.15,3490.3,3442.76,47.54,1.38,41528562.0,60301916052.0
BK1216.DC,20240226,3491.05,3584.3,3472.72,3534.98,3490.3,44.68,1.28,44773529.0,65330541489.0
BK1216.DC,20240227,3523.39,3605.06,3511.23,3605.06,3534.98,70.08,1.98,40094142.0,58821059195.0
BK1216.DC,20240228,3623.79,3703.69,3435.67,3435.74,3605.06,-169.32,-4.7,66320863.0,93722666547.0
BK1216.DC,20240229,3405.04,3527.11,3405.04,3527.11,3435.7400000000002,91.37,2.66,47079730.0,69516090537.0
BK1216.DC,20240301,3528.55,3538.36,3495.81,3536.75,3527.11,9.64,0.27,38183092.0,58527887362.0
BK1216.DC,20240304,3535.12,3620.9,3530.41,3595.45,3536.75,58.7,1.66,48160037.0,79449108597.0
BK1216.DC,20240305,3575.01,3575.01,3505.52,3515.48,3595.45,-79.97,-2.22,40722054.0,66823220312.0
BK1216.DC,20240306,3506.31,3536.73,3458.46,3507.9,3515.48,-7.58,-0.22,32607048.0,51834947489.0
BK1216.DC,20240307,3503.54,3515.0,3432.42,3432.42,3507.9,-75.48,-2.15,36754079.0,59869502910.0
BK1216.DC,20240308,3439.51,3477.56,3425.93,3466.03,3432.42,33.61,0.98,31697586.0,51602032370.0
BK1216.DC,20240311,3470.01,3546.44,3463.8,3546.44,3466.03,80.41,2.32,37007517.0,61337740267.0
BK1216.DC,20240312,3561.19,3633.43,3561.19,3623.32,3546.44,76.88,2.17,51042787.0,79334814039.0
BK1216.DC,20240313,3617.07,3633.31,3576.15,3618.32,3623.32,-5.0,-0.14,42224473.0,64929308089.0
BK1216.DC,20240314,3694.87,3728.61,3609.02,3639.67,3618.32,21.35,0.59,53759536.0,99311981188.0
BK1216.DC,20240315,3623.47,3674.72,3616.78,3663.94,3639.67,24.27,0.67,43161009.0,73774134596.0
BK1216.DC,20240318,3674.05,3744.74,3645.05,3744.74,3663.9399999999996,80.8,2.21,50519958.0,83128589797.0
BK1216.DC,20240319,3739.95,3752.56,3712.75,3713.02,3744.74,-31.72,-0.85,46169523.0,73522003550.0
BK1216.DC,20240320,3705.74,3765.38,3691.79,3753.62,3713.02,40.6,1.09,45099860.0,70822868675.0
BK1216.DC,20240321,3752.34,3761.76,3700.72,3722.17,3753.62,-31.45,-0.84,43698913.0,69308478660.0
BK1216.DC,20240322,3714.92,3714.92,3618.71,3640.31,3722.17,-81.86,-2.2,44551519.0,69842842964.0
BK1216.DC,20240325,3629.52,3648.75,3551.58,3551.58,3640.31,-88.73,-2.44,40077819.0,64158577807.0
BK1216.DC,20240326,3547.38,3563.8,3494.13,3537.42,3551.58,-14.16,-0.4,34584336.0,53687356704.0
BK1216.DC,20240327,3535.8,3568.32,3496.06,3496.06,3537.42,-41.36,-1.17,38303745.0,56516671089.0
BK1216.DC,20240328,3484.43,3562.12,3469.08,3531.42,3496.06,35.36,1.01,38618045.0,57945968285.0
BK1216.DC,20240329,3525.42,3548.76,3507.38,3548.76,3531.42,17.34,0.49,31933547.0,48411828118.0
BK1216.DC,20240401,3558.72,3620.28,3558.72,3620.28,3548.76,71.52,2.02,39014178.0,60346508180.0
BK1216.DC,20240402,3617.83,3617.83,3574.17,3593.49,3620.2799999999997,-26.79,-0.74,34154036.0,53470291384.0
BK1216.DC,20240403,3587.8,3602.99,3552.29,3582.37,3593.49,-11.12,-0.31,33921979.0,50687202233.0
BK1216.DC,20240408,3569.91,3569.91,3474.66,3474.66,3582.37,-107.71,-3.01,36634265.0,55134339675.0
BK1216.DC,20240409,3472.52,3567.06,3459.14,3567.06,3474.66,92.4,2.66,33167351.0,52896806279.0
BK1216.DC,20240410,3558.39,3558.39,3477.26,3497.23,3567.06,-69.83,-1.96,32002775.0,47891920243.0
BK1216.DC,20240411,3481.8,3525.11,3475.89,3482.3,3497.23,-14.93,-0.43,29299946.0,48056881055.0
BK1216.DC,20240412,3481.21,3502.97,3446.82,3450.58,3482.2999999999997,-31.72,-0.91,30247188.0,46304836742.0
BK1216.DC,20240415,3438.11,3456.09,3323.65,3363.46,3450.58,-87.12,-2.52,45178067.0,62804135032.0
BK1216.DC,20240416,3343.43,3345.9,3202.58,3202.74,3363.4599999999996,-160.72,-4.78,47521163.0,66637405944.0
BK1216.DC,20240417,3227.23,3336.42,3227.23,3336.42,3202.7400000000002,133.68,4.17,42440840.0,62161147953.0
BK1216.DC,20240418,3335.43,3360.9,3295.65,3317.77,3336.42,-18.65,-0.56,36725329.0,58910960463.0
BK1216.DC,20240419,3301.79,3326.48,3270.06,3296.41,3317.77,-21.36,-0.64,32083352.0,50798274088.0
BK1216.DC,20240422,3290.29,3349.1,3262.35,3323.22,3296.41,26.81,0.81,34645604.0,55519262494.0
BK1216.DC,20240423,3318.82,3381.2,3300.04,3365.07,3323.2200000000003,41.85,1.26,35394649.0,61171787131.0
BK1216.DC,20240424,3365.78,3390.41,3341.85,3390.41,3365.0699999999997,25.34,0.75,31665303.0,52258543319.0
BK1216.DC,20240425,3390.17,3463.09,3390.17,3436.24,3390.41,45.83,1.35,37109137.0,56518324569.0
BK1216.DC,20240426,3424.48,3473.54,3418.14,3471.81,3436.24,35.57,1.04,46965155.0,75818154605.0
BK1216.DC,20240429,3471.06,3562.44,3471.06,3562.44,3471.81,90.63,2.61,49911056.0,82146150450.0
BK1216.DC,20240430,3557.88,3612.88,3552.91,3601.0,3562.44,38.56,1.08,51126324.0,74243524989.0
BK1216.DC,20240506,3642.09,3711.32,3642.09,3711.32,3601.0,110.32,3.06,59770557.0,96099888206.0
BK1216.DC,20240507,3722.48,3749.31,3698.27,3743.92,3711.32,32.6,0.88,52949205.0,79957327665.0
BK1216.DC,20240508,3746.85,3791.12,3729.97,3775.92,3743.92,32.0,0.85,60593410.0,87502510756.0
BK1216.DC,20240509,3766.56,3833.97,3748.33,3806.63,3775.92,30.71,0.81,61316198.0,88562809400.0
BK1216.DC,20240510,3804.64,3809.98,3729.94,3733.13,3806.63,-73.5,-1.93,57107096.0,81796693340.0
BK1216.DC,20240513,3722.18,3734.12,3663.31,3672.09,3733.13,-61.04,-1.64,54783016.0,88622085110.0
BK1216.DC,20240514,3661.69,3716.08,3661.69,3690.62,3672.0899999999997,18.53,0.5,49823189.0,78337386240.0
BK1216.DC,20240515,3681.55,3681.55,3634.36,3636.67,3690.62,-53.95,-1.46,40801586.0,61199084149.0
BK1216.DC,20240516,3641.23,3658.28,3610.92,3619.71,3636.67,-16.96,-0.47,38392911.0,59019547910.0
BK1216.DC,20240517,3618.96,3636.3,3593.21,3627.83,3619.71,8.12,0.22,36494121.0,56625980687.0
BK1216.DC,20240520,3628.77,3657.25,3619.69,3638.14,3627.83,10.31,0.28,38505928.0,58221023969.0
BK1216.DC,20240521,3631.88,3631.88,3583.59,3596.15,3638.14,-41.99,-1.15,33259492.0,49898485886.0
BK1216.DC,20240522,3609.85,3619.58,3583.68,3597.58,3596.15,1.43,0.04,32965840.0,49152753393.0
BK1216.DC,20240523,3587.83,3587.83,3519.75,3527.29,3597.58,-70.29,-1.95,35992141.0,50015000744.0
BK1216.DC,20240524,3531.52,3552.16,3499.98,3499.98,3527.29,-27.31,-0.77,30232791.0,44537027066.0
BK1216.DC,20240527,3505.04,3516.75,3456.16,3516.75,3499.98,16.77,0.48,32161324.0,48489111548.0
BK1216.DC,20240528,3509.05,3509.29,3474.09,3475.58,3516.75,-41.17,-1.17,27381491.0,40392675625.0
BK1216.DC,20240529,3471.11,3490.77,3457.73,3469.67,3475.58,-5.91,-0.17,25647563.0,36574823298.0
BK1216.DC,20240530,3460.64,3486.99,3441.05,3451.6,3469.67,-18.07,-0.52,25624612.0,37449268413.0
BK1216.DC,20240531,3460.98,3487.12,3460.98,3476.02,3451.6,24.42,0.71,25638842.0,39455913473.0
BK1216.DC,20240603,3472.74,3472.74,3381.39,3401.66,3476.02,-74.36,-2.14,34782901.0,52824447378.0
BK1216.DC,20240604,3393.52,3407.14,3366.57,3401.38,3401.6600000000003,-0.28,-0.01,31410597.0,48264952866.0
BK1216.DC,20240605,3396.56,3415.89,3357.09,3357.09,3401.38,-44.29,-1.3,28383558.0,43016923248.0
BK1216.DC,20240606,3358.98,3367.78,3228.71,3245.79,3357.09,-111.3,-3.32,40031366.0,51977684422.0
BK1216.DC,20240607,3273.25,3307.02,3251.13,3289.94,3245.79,44.15,1.36,29551496.0,41314191990.0
BK1216.DC,20240611,3282.18,3325.84,3245.02,3322.55,3289.94,32.61,0.99,26498681.0,39574421698.0
BK1216.DC,20240612,3320.24,3381.85,3319.36,3356.14,3322.5499999999997,33.59,1.01,30501725.0,49326895773.0
BK1216.DC,20240613,3356.24,3356.24,3314.87,3326.77,3356.14,-29.37,-0.88,30938496.0,51135953563.0
BK1216.DC,20240614,3322.06,3322.06,3274.83,3299.99,3326.77,-26.78,-0.8,34207987.0,63449652576.0
BK1216.DC,20240617,3287.1,3297.86,3272.67,3280.38,3299.9900000000002,-19.61,-0.59,26786011.0,43357931335.0
BK1216.DC,20240618,3281.26,3298.54,3274.06,3281.9,3280.38,1.52,0.05,26412503.0,41101773844.0
BK1216.DC,20240619,3285.02,3292.0,3251.14,3253.37,3281.9,-28.53,-0.87,25059817.0,36687385850.0
BK1216.DC,20240620,3252.03,3303.75,3217.45,3219.53,3253.3700000000003,-33.84,-1.04,34204433.0,50190917200.0
BK1216.DC,20240621,3209.63,3275.13,3194.27,3245.31,3219.5299999999997,25.78,0.8,28800447.0,43307114690.0
BK1216.DC,20240624,3224.96,3224.96,3118.4,3120.16,3245.31,-125.15,-3.86,33357673.0,46666938797.0
BK1216.DC,20240625,3121.87,3144.95,3102.98,3119.49,3120.16,-0.67,-0.02,27618404.0,40285261941.0
BK1216.DC,20240626,3116.05,3213.39,3114.39,3213.39,3119.49,93.9,3.01,30990825.0,43124352678.0
BK1216.DC,20240627,3205.46,3205.46,3138.52,3139.0,3213.39,-74.39,-2.32,26661253.0,38227876916.0
BK1216.DC,20240628,3137.68,3176.33,3117.22,3123.81,3139.0,-15.19,-0.48,29842952.0,40396602246.0
BK1216.DC,20240701,3121.65,3158.16,3085.44,3154.11,3123.81,30.3,0.97,29130356.0,40685679285.0
BK1216.DC,20240702,3154.25,3173.32,3145.16,3154.94,3154.11,0.83,0.03,29058500.0,38694048876.0
BK1216.DC,20240703,3153.09,3160.21,3121.05,3122.77,3154.94,-32.17,-1.02,25691710.0,37489243960.0
BK1216.DC,20240704,3122.2,3122.2,3024.39,3032.55,3122.77,-90.22,-2.89,30085942.0,37875362706.0
BK1216.DC,20240705,3031.07,3144.81,3008.19,3140.88,3032.55,108.33,3.57,43088480.0,49252382177.0
BK1216.DC,20240708,3136.47,3136.47,3034.46,3043.41,3140.8799999999997,-97.47,-3.1,35888729.0,42476423604.0
BK1216.DC,20240709,3038.82,3057.26,2971.04,3050.41,3043.41,7.0,0.23,36815911.0,44494788523.0
BK1216.DC,20240710,3038.11,3076.85,3016.88,3035.4,3050.4100000000003,-15.01,-0.49,31375179.0,38873455346.0
BK1216.DC,20240711,3077.26,3140.2,3070.65,3131.52,3035.4,96.12,3.17,40776341.0,51763940865.0
BK1216.DC,20240712,3134.87,3174.09,3134.81,3145.35,3131.52,13.83,0.44,33627160.0,42051061932.0
BK1216.DC,20240715,3135.82,3135.82,3078.75,3087.97,3145.35,-57.38,-1.82,28567974.0,35334211896.0
BK1216.DC,20240716,3084.68,3092.26,3063.77,3081.48,3087.97,-6.49,-0.21,25174682.0,32364315219.0
BK1216.DC,20240717,3082.6,3126.67,3071.47,3114.22,3081.48,32.74,1.06,30525174.0,44273027768.0
BK1216.DC,20240718,3100.5,3133.59,3071.49,3131.72,3114.22,17.5,0.56,33714384.0,45998550897.0
BK1216.DC,20240719,3121.6,3157.71,3108.02,3141.04,3131.72,9.32,0.3,30348988.0,41629520285.0
BK1216.DC,20240722,3136.02,3176.74,3122.73,3161.68,3141.04,20.64,0.66,29980479.0,41682816760.0
BK1216.DC,20240723,3159.77,3159.77,3083.46,3083.46,3161.68,-78.22,-2.47,33829012.0,45587427583.0
BK1216.DC,20240724,3074.75,3085.22,3021.22,3022.73,3083.46,-60.73,-1.97,32254096.0,40136478822.0
BK1216.DC,20240725,3008.99,3060.83,3000.21,3029.25,3022.73,6.52,0.22,25889694.0,35104787135.0
BK1216.DC,20240726,3032.72,3059.51,3022.63,3043.67,3029.25,14.42,0.48,26168008.0,33193319687.0
BK1216.DC,20240729,3047.62,3047.62,3013.82,3022.25,3043.67,-21.42,-0.7,25393999.0,34225725721.0
BK1216.DC,20240730,3022.74,3051.45,3015.96,3037.44,3022.25,15.19,0.5,28448689.0,41213053893.0
BK1216.DC,20240731,3034.67,3167.99,3023.09,3167.99,3037.4399999999996,130.55,4.3,47294007.0,63917912556.0
BK1216.DC,20240801,3170.64,3210.52,3152.76,3170.09,3167.9900000000002,2.1,0.07,38690030.0,50068360506.0
BK1216.DC,20240802,3161.52,3261.1,3161.52,3203.32,3170.09,33.23,1.05,52988762.0,63154081678.0
BK1216.DC,20240805,3187.81,3251.64,3155.58,3155.58,3203.3199999999997,-47.74,-1.49,55130610.0,65929368329.0
BK1216.DC,20240806,3178.11,3253.13,3167.34,3253.13,3155.58,97.55,3.09,50953620.0,58570568036.0
BK1216.DC,20240807,3242.97,3243.36,3203.3,3225.37,3253.13,-27.76,-0.85,39213429.0,46311382103.0
BK1216.DC,20240808,3221.19,3289.28,3221.19,3263.59,3225.3700000000003,38.22,1.18,51506870.0,57456332648.0
BK1216.DC,20240809,3275.34,3286.78,3209.21,3209.21,3263.59,-54.38,-1.67,51588141.0,54709338080.0
BK1216.DC,20240812,3211.03,3298.18,3208.37,3261.16,3209.21,51.95,1.62,56503279.0,62651169943.0
BK1216.DC,20240813,3249.54,3249.54,3196.83,3233.91,3261.16,-27.25,-0.84,47498119.0,52194746084.0
BK1216.DC,20240814,3223.1,3223.1,3178.1,3191.28,3233.9100000000003,-42.63,-1.32,38004499.0,42514036071.0
BK1216.DC,20240815,3199.98,3233.69,3175.84,3203.75,3191.28,12.47,0.39,42534513.0,47760868244.0
BK1216.DC,20240816,3198.28,3244.42,3170.07,3235.68,3203.75,31.93,1.0,47148062.0,52230172188.0
BK1216.DC,20240819,3227.98,3235.42,3182.35,3183.35,3235.68,-52.33,-1.62,42082105.0,48178796378.0
BK1216.DC,20240820,3175.88,3175.88,3108.44,3115.74,3183.35,-67.61,-2.12,37282011.0,43281170781.0
BK1216.DC,20240821,3104.83,3115.08,3076.66,3079.89,3115.74,-35.85,-1.15,30228993.0,35925024683.0
BK1216.DC,20240822,3084.78,3095.75,3033.27,3036.57,3079.8900000000003,-43.32,-1.41,30741264.0,38301479941.0
BK1216.DC,20240823,3030.16,3030.55,2988.24,2998.23,3036.57,-38.34,-1.26,28969012.0,34728328913.0
BK1216.DC,20240826,2995.12,3019.96,2975.14,3013.23,2998.23,15.0,0.5,30533852.0,38325521469.0
BK1216.DC,20240827,3009.74,3050.2,3009.74,3021.62,3013.23,8.39,0.28,32227265.0,39252015047.0
BK1216.DC,20240828,3008.05,3057.3,2992.14,3029.91,3021.62,8.29,0.27,30737546.0,36504276359.0
BK1216.DC,20240829,3021.42,3084.19,3011.45,3076.7,3029.91,46.79,1.54,34051200.0,43940857133.0
BK1216.DC,20240830,3074.23,3150.68,3060.63,3110.1,3076.7,33.4,1.09,42973174.0,58076319365.0
BK1216.DC,20240902,3109.08,3128.51,3054.23,3054.23,3110.1,-55.87,-1.8,40068296.0,51754232396.0
BK1216.DC,20240903,3049.38,3101.16,3039.01,3066.43,3054.23,12.2,0.4,31334763.0,40552713912.0
BK1216.DC,20240904,3055.05,3100.2,3055.05,3066.02,3066.43,-0.41,-0.01,31253203.0,39440524747.0
BK1216.DC,20240905,3069.62,3110.64,3069.62,3104.72,3066.02,38.7,1.26,29952086.0,38044786572.0
BK1216.DC,20240906,3110.99,3114.37,3034.87,3035.45,3104.72,-69.27,-2.23,29158374.0,34662953477.0
BK1216.DC,20240909,3037.9,3098.24,3036.97,3058.63,3035.4500000000003,23.18,0.76,39627481.0,46108730509.0
BK1216.DC,20240910,3067.91,3072.93,3006.29,3043.95,3058.6299999999997,-14.68,-0.48,41421566.0,46408715842.0
BK1216.DC,20240911,3033.42,3056.98,3021.74,3038.0,3043.95,-5.95,-0.2,35589044.0,40626459020.0
BK1216.DC,20240912,3040.53,3080.2,3024.97,3025.0,3038.0,-13.0,-0.43,35717479.0,42712140596.0
BK1216.DC,20240913,3024.02,3024.02,2985.06,2985.06,3025.0,-39.94,-1.32,36045484.0,41647099038.0
BK1216.DC,20240918,2982.94,2982.94,2916.25,2944.92,2985.06,-40.14,-1.34,31682542.0,34557338812.0
BK1216.DC,20240919,2956.06,3018.97,2938.04,2996.04,2944.92,51.12,1.74,35910965.0,43484260015.0
BK1216.DC,20240920,2995.61,2995.61,2939.98,2957.19,2996.04,-38.85,-1.3,33154216.0,40930899383.0
BK1216.DC,20240923,2970.47,2990.63,2948.39,2950.57,2957.19,-6.62,-0.22,30273050.0,39253908006.0
BK1216.DC,20240924,2962.23,3050.54,2948.2,3050.54,2950.57,99.97,3.39,51066168.0,63624410435.0
BK1216.DC,20240925,3077.6,3146.72,3077.6,3096.34,3050.54,45.8,1.5,62745026.0,79112103689.0
BK1216.DC,20240926,3089.04,3201.6,3076.6,3201.6,3096.3399999999997,105.26,3.4,58872646.0,77901835488.0
BK1216.DC,20240927,3249.67,3404.09,3249.67,3378.02,3201.6,176.42,5.51,73474485.0,101667313596.0
BK1216.DC,20240930,3522.33,3807.24,3471.95,3781.83,3378.02,403.81,11.95,131645228.0,193344179236.0
BK1216.DC,20241008,4323.61,4323.61,3885.68,4124.75,3781.83,342.92,9.07,163007852.0,273141934976.0
BK1216.DC,20241009,4002.09,4004.15,3712.83,3712.83,4124.75,-411.92,-9.99,120818114.0,195743536390.0
BK1216.DC,20241010,3743.41,3848.49,3685.87,3715.62,3712.83,2.79,0.08,83355711.0,134041702235.0
BK1216.DC,20241011,3703.04,3703.04,3506.02,3545.15,3715.62,-170.47,-4.59,66321947.0,99498851363.0
BK1216.DC,20241014,3557.78,3612.46,3478.26,3610.27,3545.15,65.12,1.84,59537375.0,91265452140.0
BK1216.DC,20241015,3599.53,3644.16,3546.78,3546.78,3610.27,-63.49,-1.76,57036584.0,83861350139.0
BK1216.DC,20241016,3507.81,3592.78,3506.19,3550.99,3546.7799999999997,4.21,0.12,51060806.0,72781473626.0
BK1216.DC,20241017,3565.79,3595.69,3534.7,3534.89,3550.99,-16.1,-0.45,54012714.0,75913190134.0
BK1216.DC,20241018,3527.95,3726.65,3527.59,3656.79,3534.89,121.9,3.45,77313396.0,118733086324.0
BK1216.DC,20241021,3672.61,3745.06,3641.76,3722.54,3656.79,65.75,1.8,75087439.0,113072268340.0
BK1216.DC,20241022,3724.87,3804.11,3712.52,3783.89,3722.54,61.35,1.65,76987209.0,110484469626.0
BK1216.DC,20241023,3780.1,3807.44,3757.02,3776.03,3783.8900000000003,-7.86,-0.21,74176599.0,102609332489.0
BK1216.DC,20241024,3771.57,3824.71,3771.57,3795.68,3776.0299999999997,19.65,0.52,76190080.0,102699012091.0
BK1216.DC,20241025,3790.03,3887.55,3786.47,3869.43,3795.68,73.75,1.94,82274225.0,119792961318.0
BK1216.DC,20241028,3871.66,3958.31,3854.39,3958.31,3869.43,88.88,2.3,88931789.0,125356672657.0
BK1216.DC,20241029,3982.79,3986.55,3854.54,3862.31,3958.31,-96.0,-2.43,91445201.0,129126458423.0
BK1216.DC,20241030,3838.56,3873.35,3778.16,3823.27,3862.31,-39.04,-1.01,73146193.0,104402966179.0
BK1216.DC,20241031,3817.9,3865.41,3812.29,3840.46,3823.27,17.19,0.45,75715213.0,103709988043.0
BK1216.DC,20241101,3831.93,3854.98,3746.87,3782.83,3840.46,-57.63,-1.5,82440137.0,106636177913.0
BK1216.DC,20241104,3786.69,3856.4,3784.31,3856.4,3782.83,73.57,1.94,65513479.0,88314700332.0
BK1216.DC,20241105,3855.19,3947.61,3842.1,3947.61,3856.4,91.21,2.37,87959387.0,120458961719.0
BK1216.DC,20241106,3955.25,3997.47,3923.44,3958.76,3947.61,11.15,0.28,89215714.0,124404179508.0
BK1216.DC,20241107,3937.75,4078.1,3931.95,4078.1,3958.7599999999998,119.34,3.01,100498248.0,136392263294.0
BK1216.DC,20241108,4124.32,4138.59,4058.63,4078.33,4078.1,0.23,0.01,114602804.0,143436882087.0
BK1216.DC,20241111,4059.12,4149.85,4045.72,4149.85,4078.3300000000004,71.52,1.75,101273756.0,128790198197.0
BK1216.DC,20241112,4164.39,4306.59,4163.91,4200.48,4149.849999999999,50.63,1.22,144589603.0,190446248010.0
BK1216.DC,20241113,4174.38,4222.81,4085.05,4150.03,4200.48,-50.45,-1.2,100202758.0,127205323192.0
BK1216.DC,20241114,4139.72,4139.72,4011.13,4014.56,4150.03,-135.47,-3.26,74711265.0,99850371519.0
BK1216.DC,20241115,4002.74,4031.83,3927.17,3927.17,4014.56,-87.39,-2.18,66445077.0,86404300596.0
BK1216.DC,20241118,3939.62,3958.44,3834.94,3854.0,3927.17,-73.17,-1.86,67310779.0,88053541788.0
BK1216.DC,20241119,3865.66,3927.32,3825.55,3927.32,3854.0,73.32,1.9,55976283.0,72807298005.0
BK1216.DC,20241120,3919.95,4041.27,3919.95,4032.16,3927.3199999999997,104.84,2.67,67967571.0,96976479369.0
BK1216.DC,20241121,4026.97,4060.48,3999.42,4042.49,4032.16,10.33,0.26,60554776.0,80966268742.0
BK1216.DC,20241122,4040.03,4040.03,3859.6,3859.6,4042.49,-182.89,-4.52,67670427.0,91150835703.0
BK1216.DC,20241125,3882.78,3922.04,3858.18,3922.04,3859.6,62.44,1.62,53376327.0,71330079632.0
BK1216.DC,20241126,3917.36,3990.74,3917.36,3922.57,3922.04,0.53,0.01,58529754.0,73500970490.0
BK1216.DC,20241127,3906.43,3974.26,3837.97,3974.26,3922.57,51.69,1.32,58911800.0,76299980423.0
BK1216.DC,20241128,3968.51,4004.95,3965.47,3977.08,3974.2599999999998,2.82,0.07,63353265.0,75180038466.0
BK1216.DC,20241129,3972.01,4041.74,3942.13,4016.3,3977.0800000000004,39.22,0.99,62517254.0,83961201848.0
BK1216.DC,20241202,4026.83,4114.34,4026.83,4103.75,4016.3,87.45,2.18,73649358.0,92678545264.0
BK1216.DC,20241203,4103.26,4103.26,4056.1,4090.65,4103.75,-13.1,-0.32,64607513.0,79492988366.0
BK1216.DC,20241204,4078.71,4078.71,3992.44,4011.1,4090.65,-79.55,-1.94,58333318.0,71796328060.0
BK1216.DC,20241205,4004.01,4038.9,3991.09,4036.29,4011.1,25.19,0.63,57166844.0,64168013718.0
BK1216.DC,20241206,4036.79,4103.75,4010.51,4096.18,4036.2900000000004,59.89,1.48,75605723.0,89732381900.0
BK1216.DC,20241209,4128.88,4158.34,4076.58,4099.58,4096.18,3.4,0.08,88314831.0,99041866024.0
BK1216.DC,20241210,4202.27,4203.54,4096.3,4103.06,4099.580000000001,3.48,0.08,99384338.0,119382519875.0
BK1216.DC,20241211,4097.34,4135.37,4097.34,4128.98,4103.0599999999995,25.92,0.63,72275818.0,81657294936.0
BK1216.DC,20241212,4130.62,4178.6,4119.45,4178.6,4128.9800000000005,49.62,1.2,78576559.0,98618231210.0
BK1216.DC,20241213,4165.0,4165.0,4087.22,4090.58,4178.6,-88.02,-2.11,82013548.0,111817954212.0
BK1216.DC,20241216,4092.93,4121.25,4060.94,4077.46,4090.58,-13.12,-0.32,67605370.0,84756748747.0
BK1216.DC,20241217,4073.79,4073.79,3940.01,3947.09,4077.46,-130.37,-3.2,67764411.0,75310122893.0
BK1216.DC,20241218,3952.39,3983.64,3917.98,3953.65,3947.09,6.56,0.17,47933775.0,58123974170.0
BK1216.DC,20241219,3926.13,3947.35,3885.21,3937.77,3953.65,-15.88,-0.4,49237395.0,62152940492.0
BK1216.DC,20241220,3933.28,3987.83,3932.3,3971.82,3937.77,34.05,0.86,51269676.0,66735698568.0
BK1216.DC,20241223,3968.67,3968.67,3831.32,3832.65,3971.82,-139.17,-3.5,61114263.0,72049166538.0
BK1216.DC,20241224,3835.72,3861.7,3806.49,3854.08,3832.65,21.43,0.56,47081835.0,56808825896.0
BK1216.DC,20241225,3875.7,3879.5,3773.33,3797.48,3854.08,-56.6,-1.47,49545474.0,59329482601.0
BK1216.DC,20241226,3786.46,3815.71,3786.46,3796.74,3797.4799999999996,-0.74,-0.02,44597919.0,50793587678.0
BK1216.DC,20241227,3796.59,3851.79,3780.92,3829.26,3796.7400000000002,32.52,0.86,49168064.0,57445236232.0
BK1216.DC,20241230,3819.59,3819.59,3775.11,3784.17,3829.26,-45.09,-1.18,46720294.0,57254142344.0
BK1216.DC,20241231,3787.16,3794.92,3703.82,3706.89,3784.17,-77.28,-2.04,47442392.0,60488362034.0
BK1216.DC,20250102,3706.88,3734.35,3612.89,3637.92,3706.89,-68.97,-1.86,50222118.0,66007433462.0
BK1216.DC,20250103,3646.46,3678.04,3573.52,3580.53,3637.92,-57.39,-1.58,54645714.0,64393132317.0
BK1216.DC,20250106,3600.33,3685.67,3577.7,3655.9,3580.53,75.37,2.1,69768697.0,77448894601.0
BK1216.DC,20250107,3644.44,3644.44,3555.72,3627.38,3655.9,-28.52,-0.78,68458408.0,73602230494.0
BK1216.DC,20250108,3619.21,3648.22,3545.11,3617.45,3627.3799999999997,-9.93,-0.27,66479945.0,72564372796.0
BK1216.DC,20250109,3594.1,3642.94,3565.51,3597.7,3617.45,-19.75,-0.55,49379412.0,54747176631.0
BK1216.DC,20250110,3593.14,3602.84,3492.87,3492.87,3597.7,-104.83,-2.91,50157268.0,54265653483.0
BK1216.DC,20250113,3465.35,3515.47,3437.46,3505.54,3492.87,12.67,0.36,39923786.0,45453447837.0
BK1216.DC,20250114,3515.89,3629.58,3515.89,3629.58,3505.54,124.04,3.54,49831485.0,60724299802.0
BK1216.DC,20250115,3625.53,3625.53,3585.84,3593.96,3629.58,-35.62,-0.98,40392614.0,47962065867.0
BK1216.DC,20250116,3604.98,3651.27,3576.53,3602.72,3593.9599999999996,8.76,0.24,41786142.0,49734644524.0
BK1216.DC,20250117,3593.23,3632.59,3570.93,3614.88,3602.7200000000003,12.16,0.34,35655654.0,44015890931.0
BK1216.DC,20250120,3629.95,3666.56,3626.67,3650.59,3614.88,35.71,0.99,42924532.0,56637715410.0
BK1216.DC,20250121,3663.66,3663.99,3601.52,3624.16,3650.5899999999997,-26.43,-0.72,36031751.0,46347954589.0
BK1216.DC,20250122,3612.03,3612.03,3574.76,3588.03,3624.1600000000003,-36.13,-1.0,31808822.0,40353005973.0
BK1216.DC,20250123,3616.73,3649.76,3586.8,3586.8,3588.03,-1.23,-0.03,39085650.0,49005671240.0
BK1216.DC,20250124,3580.22,3600.93,3558.15,3597.51,3586.8,10.71,0.3,36256305.0,47649982760.0
BK1216.DC,20250127,3610.2,3643.81,3594.03,3594.83,3597.5099999999998,-2.68,-0.07,34529995.0,42177644786.0
BK1216.DC,20250205,3622.64,3640.33,3610.22,3635.33,3594.83,40.5,1.13,39164279.0,49012433752.0
BK1216.DC,20250206,3629.66,3680.7,3606.58,3680.7,3635.33,45.37,1.25,44467441.0,56815441671.0
BK1216.DC,20250207,3679.63,3764.42,3678.95,3738.91,3680.7,58.21,1.58,61930638.0,81431056081.0
BK1216.DC,20250210,3751.94,3838.48,3746.09,3837.98,3738.91,99.07,2.65,67198277.0,87381799908.0
BK1216.DC,20250211,3841.08,3841.08,3778.89,3802.41,3837.98,-35.57,-0.93,56467631.0,74534180560.0
BK1216.DC,20250212,3793.4,3814.19,3774.39,3805.36,3802.4100000000003,2.95,0.08,51934159.0,64372864281.0
BK1216.DC,20250213,3802.49,3807.34,3770.79,3770.79,3805.36,-34.57,-0.91,51638902.0,65830443721.0
BK1216.DC,20250214,3771.87,3885.95,3771.87,3870.03,3770.7900000000004,99.24,2.63,69872419.0,102849687966.0
BK1216.DC,20250217,3908.96,3968.69,3885.81,3917.72,3870.0299999999997,47.69,1.23,80899337.0,123023046498.0
BK1216.DC,20250218,3908.07,3908.07,3796.25,3807.17,3917.7200000000003,-110.55,-2.82,76788003.0,96995607353.0
BK1216.DC,20250219,3804.19,3856.31,3787.63,3852.04,3807.17,44.87,1.18,61553009.0,83231873422.0
BK1216.DC,20250220,3853.28,3939.18,3853.28,3909.24,3852.04,57.2,1.48,73835595.0,103693122525.0
BK1216.DC,20250221,3907.79,3935.19,3856.54,3919.86,3909.2400000000002,10.62,0.27,73812709.0,106888884024.0
BK1216.DC,20250224,3916.29,3921.95,3876.0,3902.2,3919.8599999999997,-17.66,-0.45,61578147.0,91013435051.0
BK1216.DC,20250225,3871.2,3894.54,3852.9,3862.92,3902.2000000000003,-39.28,-1.01,54103953.0,78075637520.0
BK1216.DC,20250226,3867.04,3911.27,3861.01,3911.27,3862.92,48.35,1.25,51985500.0,77217441974.0
BK1216.DC,20250227,3911.11,3931.7,3872.53,3931.7,3911.27,20.43,0.52,58168068.0,84285999203.0
BK1216.DC,20250228,3918.22,3938.1,3827.09,3834.3,3931.7000000000003,-97.4,-2.48,57281629.0,84229747913.0
BK1216.DC,20250303,3841.87,3922.41,3841.87,3880.68,3834.2999999999997,46.38,1.21,52485254.0,78975457199.0
BK1216.DC,20250304,3865.95,3926.46,3859.32,3926.46,3880.68,45.78,1.18,45335683.0,65885819337.0
BK1216.DC,20250305,3922.62,3922.62,3861.73,3891.72,3926.4599999999996,-34.74,-0.88,43504643.0,61819067856.0
BK1216.DC,20250306,3900.79,3955.18,3892.71,3949.92,3891.7200000000003,58.2,1.5,52674372.0,79647762552.0
BK1216.DC,20250307,3942.43,3956.29,3896.75,3912.96,3949.92,-36.96,-0.94,48966384.0,69733999897.0
BK1216.DC,20250310,3961.95,3994.79,3933.69,3967.78,3912.96,54.82,1.4,59173177.0,82778152869.0
BK1216.DC,20250311,3925.02,3954.46,3915.99,3954.46,3967.78,-13.32,-0.34,50369926.0,72143623562.0
BK1216.DC,20250312,3960.12,3965.8,3933.89,3940.28,3954.46,-14.18,-0.36,50918499.0,73103940711.0
BK1216.DC,20250313,3939.63,3950.99,3883.8,3920.55,3940.28,-19.73,-0.5,52127069.0,70605764950.0
BK1216.DC,20250314,3920.16,4015.72,3914.0,4015.72,3920.5499999999997,95.17,2.43,65952425.0,96262028693.0
BK1216.DC,20250317,4027.72,4033.75,4002.49,4020.3,4015.7200000000003,4.58,0.11,58281100.0,81224040279.0
BK1216.DC,20250318,4031.78,4055.52,4015.32,4043.33,4020.2999999999997,23.03,0.57,54484368.0,82385010320.0
BK1216.DC,20250319,4032.45,4068.05,4021.16,4033.16,4043.33,-10.17,-0.25,52654918.0,78356854739.0
BK1216.DC,20250320,4029.26,4032.7,4005.07,4009.81,4033.16,-23.35,-0.58,48709242.0,68892900998.0
BK1216.DC,20250321,4028.32,4031.73,3938.49,3948.66,4009.81,-61.15,-1.53,64772379.0,82207344576.0
BK1216.DC,20250324,3937.6,3952.16,3836.41,3891.75,3948.66,-56.91,-1.44,58275262.0,72984270797.0
BK1216.DC,20250325,3887.0,3920.11,3863.28,3904.48,3891.75,12.73,0.33,44902720.0,59102653014.0
BK1216.DC,20250326,3895.09,3941.81,3895.09,3926.81,3904.48,22.33,0.57,40972030.0,55883753909.0
BK1216.DC,20250327,3916.76,3985.8,3869.45,3979.99,3926.81,53.18,1.35,56641676.0,81918867658.0
BK1216.DC,20250328,3972.52,4049.4,3958.3,3958.3,3979.9900000000002,-21.69,-0.54,60412189.0,89575116551.0
BK1216.DC,20250331,3930.5,3937.83,3857.96,3896.62,3958.2999999999997,-61.68,-1.56,56399724.0,78015640127.0
BK1216.DC,20250401,3908.0,4100.71,3908.0,4047.88,3896.62,151.26,3.88,81893457.0,124749614855.0
BK1216.DC,20250402,4038.46,4079.91,4023.88,4048.4,4047.88,0.52,0.01,56620222.0,84529651229.0
BK1216.DC,20250403,4016.53,4102.39,4015.83,4046.62,4048.4,-1.78,-0.04,60709276.0,87112954124.0
BK1216.DC,20250407,3843.66,3872.27,3505.09,3560.0,4046.62,-486.62,-12.03,91514343.0,134355639372.0
BK1216.DC,20250408,3566.19,3674.79,3544.36,3616.0,3560.0,56.0,1.57,81429063.0,115352035330.0
BK1216.DC,20250409,3550.57,3673.32,3383.5,3655.38,3616.0,39.38,1.09,77850575.0,106543270320.0
BK1216.DC,20250410,3708.16,3790.37,3708.16,3755.38,3655.38,100.0,2.74,67874590.0,95733683774.0
BK1216.DC,20250411,3731.24,3801.67,3731.24,3775.16,3755.3799999999997,19.78,0.53,53138380.0,76660786472.0
BK1216.DC,20250414,3806.02,3874.07,3802.89,3843.03,3775.1600000000003,67.87,1.8,56647895.0,79042162353.0
BK1216.DC,20250415,3842.61,3866.31,3808.26,3846.99,3843.0299999999997,3.96,0.1,46669685.0,66814362752.0
BK1216.DC,20250416,3831.08,3831.08,3724.25,3775.33,3846.99,-71.66,-1.86,48706027.0,66264795163.0
BK1216.DC,20250417,3758.14,3818.22,3758.14,3799.17,3775.33,23.84,0.63,38975379.0,54250602731.0
BK1216.DC,20250418,3802.97,3848.45,3770.28,3793.93,3799.1699999999996,-5.24,-0.14,41756420.0,55750364244.0
BK1216.DC,20250421,3780.71,3864.28,3762.69,3864.28,3793.9300000000003,70.35,1.85,45311742.0,63256937270.0
BK1216.DC,20250422,3854.28,3904.41,3846.86,3890.43,3864.2799999999997,26.15,0.68,53779797.0,78303860139.0
BK1216.DC,20250423,3896.58,3909.4,3864.41,3870.85,3890.43,-19.58,-0.5,51814818.0,75348933050.0
BK1216.DC,20250424,3871.1,3924.02,3853.24,3878.12,3870.85,7.27,0.19,54336488.0,75864055490.0
BK1216.DC,20250425,3891.34,3895.13,3835.9,3846.4,3878.12,-31.72,-0.82,57422768.0,81540981950.0
BK1216.DC,20250428,3823.1,3823.1,3766.83,3791.57,3846.4,-54.83,-1.43,52315546.0,72719973459.0
BK1216.DC,20250429,3781.3,3829.48,3777.12,3818.1,3791.5699999999997,26.53,0.7,45675738.0,69688062193.0
BK1216.DC,20250430,3818.9,3862.58,3818.9,3849.87,3818.1,31.77,0.83,49036870.0,70352105355.0
BK1216.DC,20250506,3872.13,3919.8,3866.96,3919.8,3849.8700000000003,69.93,1.82,52428515.0,75794778605.0
BK1216.DC,20250507,3950.34,3967.29,3902.05,3932.31,3919.7999999999997,12.51,0.32,57020742.0,82551812702.0
BK1216.DC,20250508,3919.65,3960.75,3919.65,3954.17,3932.31,21.86,0.56,50554784.0,69893625558.0
BK1216.DC,20250509,3955.53,3961.07,3920.13,3928.91,3954.17,-25.26,-0.64,46510933.0,65494470461.0
BK1216.DC,20250512,3939.86,3939.86,3904.73,3938.86,3928.9100000000003,9.95,0.25,47563990.0,73696382623.0
BK1216.DC,20250513,3965.97,3974.94,3945.84,3964.5,3938.86,25.64,0.65,52344789.0,75614045582.0
BK1216.DC,20250514,3960.88,3968.52,3929.21,3952.89,3964.5,-11.61,-0.29,46926718.0,66677353587.0
BK1216.DC,20250515,3950.16,3977.91,3928.53,3959.64,3952.89,6.75,0.17,50582339.0,67989494755.0
BK1216.DC,20250516,3960.56,4013.1,3947.1,4007.92,3959.64,48.28,1.22,58056906.0,76419095965.0
BK1216.DC,20250519,4011.01,4012.56,3977.62,4012.56,4007.92,4.64,0.12,50426076.0,68197176181.0
BK1216.DC,20250520,4021.77,4094.29,4021.77,4087.31,4012.56,74.75,1.86,61840039.0,89902986328.0
BK1216.DC,20250521,4085.03,4132.39,4085.03,4105.17,4087.31,17.86,0.44,61150749.0,90013406275.0
BK1216.DC,20250522,4090.38,4107.57,4049.13,4058.3,4105.17,-46.87,-1.14,58074952.0,84017765622.0
BK1216.DC,20250523,4062.31,4150.44,4062.31,4088.66,4058.2999999999997,30.36,0.75,76467326.0,108711081774.0
BK1216.DC,20250526,4083.07,4083.07,4021.51,4059.54,4088.66,-29.12,-0.71,61161318.0,85935782217.0
BK1216.DC,20250527,4054.63,4112.3,4048.26,4108.86,4059.5399999999995,49.32,1.21,59061904.0,82592625200.0
BK1216.DC,20250528,4103.03,4109.88,4063.63,4075.75,4108.86,-33.11,-0.81,55137527.0,73987392268.0
BK1216.DC,20250529,4071.89,4186.49,4063.27,4186.49,4075.75,110.74,2.72,71414177.0,100638819712.0
BK1216.DC,20250530,4180.67,4266.39,4180.67,4207.2,4186.49,20.71,0.49,79230885.0,117387563946.0
BK1216.DC,20250603,4178.36,4313.66,4178.36,4309.87,4207.2,102.67,2.44,85534427.0,127764548805.0
BK1216.DC,20250604,4312.3,4332.58,4289.51,4332.58,4309.87,22.71,0.53,80958587.0,119242517812.0
BK1216.DC,20250605,4336.57,4336.57,4259.88,4286.36,4332.58,-46.22,-1.07,74275626.0,108399948819.0
BK1216.DC,20250606,4283.93,4306.19,4253.56,4284.6,4286.360000000001,-1.76,-0.04,62504175.0,94703117044.0
BK1216.DC,20250609,4291.87,4423.97,4291.87,4403.03,4284.599999999999,118.43,2.76,87969121.0,135223510039.0
BK1216.DC,20250610,4409.98,4461.82,4362.42,4413.35,4403.030000000001,10.32,0.23,98747543.0,147585903589.0
BK1216.DC,20250611,4421.39,4435.13,4391.13,4401.95,4413.349999999999,-11.4,-0.26,73908237.0,113812202000.0
BK1216.DC,20250612,4396.5,4440.73,4394.21,4440.73,4401.95,38.78,0.88,75575931.0,125574866400.0
BK1216.DC,20250613,4422.93,4452.79,4323.04,4331.46,4440.7300000000005,-109.27,-2.46,85703423.0,142222018982.0
BK1216.DC,20250616,4328.59,4374.35,4312.13,4341.31,4331.46,9.85,0.23,64734584.0,106303964441.0
BK1216.DC,20250617,4378.75,4423.36,4295.68,4310.27,4341.31,-31.04,-0.71,78655239.0,129167747017.0
BK1216.DC,20250618,4285.49,4289.37,4232.23,4246.81,4310.27,-63.46,-1.47,61867458.0,96261172598.0
BK1216.DC,20250619,4239.17,4257.24,4141.29,4151.83,4246.8099999999995,-94.98,-2.24,57178714.0,87696431384.0
BK1216.DC,20250620,4151.23,4173.38,4136.56,4147.55,4151.83,-4.28,-0.1,46064197.0,73469978716.0
BK1216.DC,20250623,4132.08,4219.22,4123.98,4213.89,4147.55,66.34,1.6,50159404.0,81797696055.0
BK1216.DC,20250624,4223.37,4274.74,4223.37,4274.74,4213.889999999999,60.85,1.44,53497674.0,87258867630.0
BK1216.DC,20250625,4283.2,4293.09,4237.47,4279.82,4274.74,5.08,0.12,54097991.0,87637865770.0
BK1216.DC,20250626,4268.44,4268.44,4221.03,4245.07,4279.82,-34.75,-0.81,52120064.0,80561448165.0
BK1216.DC,20250627,4248.21,4293.43,4248.21,4274.5,4245.07,29.43,0.69,49105455.0,75913891797.0
BK1216.DC,20250630,4282.0,4338.31,4264.18,4338.07,4274.5,63.57,1.49,54002459.0,88613760372.0
BK1216.DC,20250701,4342.59,4431.94,4340.94,4431.94,4338.07,93.87,2.16,77887239.0,117820386250.0
BK1216.DC,20250702,4424.39,4439.88,4372.53,4392.45,4431.94,-39.49,-0.89,70035635.0,102048797521.0
BK1216.DC,20250703,4394.07,4466.67,4390.03,4461.74,4392.45,69.29,1.58,75240188.0,109453362075.0
BK1216.DC,20250704,4474.58,4499.87,4454.72,4468.7,4461.74,6.96,0.16,75373428.0,121749952555.0
BK1216.DC,20250707,4470.47,4523.77,4445.51,4456.01,4468.7,-12.69,-0.28,66013214.0,108251212938.0
BK1216.DC,20250708,4449.85,4524.43,4449.85,4485.07,4456.009999999999,29.06,0.65,69625017.0,112403255753.0
BK1216.DC,20250709,4478.41,4512.72,4453.87,4481.5,4485.07,-3.57,-0.08,73956272.0,112419780367.0
BK1216.DC,20250710,4479.71,4540.52,4464.3,4522.25,4481.5,40.75,0.91,78642393.0,112892803628.0
BK1216.DC,20250711,4525.51,4575.04,4515.75,4559.54,4522.25,37.29,0.82,80123837.0,130324027376.0
BK1216.DC,20250714,4555.87,4609.52,4555.87,4608.38,4559.54,48.84,1.07,73570942.0,115148398823.0
BK1216.DC,20250715,4598.59,4598.59,4520.47,4577.58,4608.38,-30.8,-0.67,82454965.0,125855597131.0
BK1216.DC,20250716,4573.25,4638.76,4564.92,4638.76,4577.58,61.18,1.34,82663770.0,127102028963.0
BK1216.DC,20250717,4640.94,4720.56,4640.94,4720.27,4638.76,81.51,1.76,88264664.0,143014065277.0
BK1216.DC,20250718,4725.59,4746.61,4667.87,4746.61,4720.2699999999995,26.34,0.56,79758960.0,133845879740.0
BK1216.DC,20250721,4735.31,4799.82,4713.75,4795.65,4746.61,49.04,1.03,85266434.0,140297991746.0
BK1216.DC,20250722,4784.14,4835.59,4768.15,4784.82,4795.65,-10.83,-0.23,89621884.0,155168030354.0
BK1216.DC,20250723,4763.11,4838.05,4741.75,4780.51,4784.820000000001,-4.31,-0.09,92027679.0,154880764330.0
BK1216.DC,20250724,4793.18,4872.83,4788.32,4867.47,4780.51,86.96,1.82,105154440.0,167490751675.0
BK1216.DC,20250725,4871.95,4944.7,4851.56,4880.41,4867.47,12.94,0.27,103711241.0,168823371134.0
BK1216.DC,20250728,4884.77,4928.69,4884.77,4923.81,4880.410000000001,43.4,0.89,91071697.0,154742482873.0
BK1216.DC,20250729,4937.05,5003.0,4890.15,5003.0,4923.81,79.19,1.61,112265376.0,203181339911.0
BK1216.DC,20250730,4980.14,5079.46,4956.92,5008.56,5003.0,5.56,0.11,125954995.0,220018595446.0
BK1216.DC,20250731,4999.61,5093.08,4995.76,5012.6,5008.56,4.04,0.08,123033080.0,211079141283.0
BK1216.DC,20250801,5010.23,5138.83,5000.12,5059.24,5012.599999999999,46.64,0.93,123064274.0,199471205683.0
BK1216.DC,20250804,5035.68,5112.66,4959.46,5112.66,5059.24,53.42,1.06,117477663.0,193390214548.0
BK1216.DC,20250805,5114.21,5151.94,5051.9,5101.16,5112.66,-11.5,-0.22,100387397.0,169025701766.0
BK1216.DC,20250806,5101.81,5120.73,5026.54,5045.71,5101.16,-55.45,-1.09,99097110.0,162215957256.0
BK1216.DC,20250807,5036.39,5102.44,5007.36,5024.11,5045.71,-21.6,-0.43,92988656.0,157857135368.0
BK1216.DC,20250808,5021.85,5079.17,4974.97,5047.74,5024.11,23.63,0.47,87995223.0,151219539305.0
BK1216.DC,20250811,5044.23,5138.9,5044.23,5135.1,5047.740000000001,87.36,1.73,88989886.0,155324403468.0
BK1216.DC,20250812,5138.61,5175.08,5088.96,5119.73,5135.099999999999,-15.37,-0.3,90868882.0,155461559310.0
BK1216.DC,20250813,5118.35,5169.03,5072.57,5163.99,5119.73,44.26,0.86,95612493.0,182052978530.0
BK1216.DC,20250814,5165.7,5171.15,5078.94,5078.94,5163.99,-85.05,-1.65,93993244.0,172234694106.0
BK1216.DC,20250815,5077.43,5154.64,5057.77,5154.64,5078.9400000000005,75.7,1.49,86531835.0,158103434437.0
BK1216.DC,20250818,5168.47,5225.45,5168.47,5224.64,5154.64,70.0,1.36,102241411.0,193786947957.0
BK1216.DC,20250819,5228.87,5338.61,5228.87,5257.01,5224.64,32.37,0.62,113150088.0,215417526854.0
BK1216.DC,20250820,5235.42,5264.58,5157.2,5232.27,5257.01,-24.74,-0.47,94521913.0,175254982650.0
BK1216.DC,20250821,5238.59,5260.48,5194.16,5219.2,5232.2699999999995,-13.07,-0.25,84709155.0,160974594231.0
BK1216.DC,20250822,5226.61,5226.61,5165.39,5214.9,5219.2,-4.3,-0.08,85769266.0,155264795233.0
BK1216.DC,20250825,5219.6,5299.97,5219.6,5284.66,5214.9,69.76,1.34,105433182.0,203293310622.0
BK1216.DC,20250826,5276.71,5290.09,5235.01,5242.38,5284.66,-42.28,-0.8,87719133.0,165612354013.0
BK1216.DC,20250827,5250.56,5270.66,5089.21,5089.21,5242.38,-153.17,-2.92,107655804.0,195195602671.0
BK1216.DC,20250828,5088.72,5119.17,4917.5,5063.63,5089.21,-25.58,-0.5,97613170.0,180488598976.0
BK1216.DC,20250829,5063.4,5119.43,5049.92,5089.5,5063.63,25.87,0.51,77446864.0,166511035563.0
BK1216.DC,20250901,5092.03,5189.86,5077.24,5187.92,5089.5,98.42,1.93,92150169.0,192960395672.0
BK1216.DC,20250902,5192.87,5197.88,5073.17,5113.07,5187.92,-74.85,-1.44,88338843.0,189629255512.0
BK1216.DC,20250903,5122.27,5167.04,5055.96,5071.39,5113.070000000001,-41.68,-0.82,74140122.0,157893504487.0
BK1216.DC,20250904,5087.51,5122.27,4960.09,5023.0,5071.39,-48.39,-0.95,79346717.0,168252139720.0
BK1216.DC,20250905,5025.22,5103.01,4956.04,5103.01,5023.0,80.01,1.59,70462834.0,147818044785.0
BK1216.DC,20250908,5103.23,5184.46,5103.23,5176.93,5103.01,73.92,1.45,72115115.0,159179240233.0
BK1216.DC,20250909,5171.48,5193.51,5062.01,5087.27,5176.93,-89.66,-1.73,64767421.0,144044062072.0
BK1216.DC,20250910,5082.02,5129.06,5052.94,5079.93,5087.27,-7.34,-0.14,52923985.0,113881770252.0
BK1216.DC,20250911,5033.84,5111.72,4948.27,5111.72,5079.93,31.79,0.63,69378338.0,159227499773.0
BK1216.DC,20250912,5119.41,5160.94,5065.3,5125.86,5111.719999999999,14.14,0.28,70244964.0,143486700457.0
BK1216.DC,20250915,5121.21,5137.41,5100.82,5118.59,5125.860000000001,-7.27,-0.14,66725361.0,129134612797.0
BK1216.DC,20250916,5125.06,5144.31,5085.61,5142.41,5118.59,23.82,0.47,63985837.0,116751695187.0
BK1216.DC,20250917,5142.98,5147.57,5100.9,5115.83,5142.41,-26.58,-0.52,61041880.0,113089073124.0
BK1216.DC,20250918,5124.12,5161.99,5020.43,5064.06,5115.830000000001,-51.77,-1.01,84472873.0,157458084144.0
BK1216.DC,20250919,5055.32,5079.38,4975.19,4994.57,5064.0599999999995,-69.49,-1.37,61859734.0,112270507880.0
BK1216.DC,20250922,5008.38,5051.03,4943.57,4975.09,4994.57,-19.48,-0.39,50511552.0,99955052615.0
BK1216.DC,20250923,4969.0,4969.0,4803.18,4876.81,4975.09,-98.28,-1.98,67596839.0,120136838297.0
BK1216.DC,20250924,4867.68,4959.04,4865.35,4959.04,4876.81,82.23,1.69,50193004.0,98336764629.0
BK1216.DC,20250925,4958.92,5004.96,4922.76,4931.17,4959.04,-27.87,-0.56,52521891.0,111442714610.0
BK1216.DC,20250926,4907.89,4908.36,4845.72,4867.46,4931.17,-63.71,-1.29,50425004.0,99517062885.0
BK1216.DC,20250929,4867.29,4883.45,4796.53,4879.02,4867.46,11.56,0.24,48207721.0,91966202114.0
BK1216.DC,20250930,4885.39,4922.9,4881.48,4913.04,4879.0199999999995,34.02,0.7,45665885.0,91149126176.0
BK1216.DC,20251009,4922.07,4922.07,4870.97,4911.87,4913.04,-1.17,-0.02,55445981.0,106342867065.0
BK1216.DC,20251010,4901.63,4932.41,4889.58,4898.01,4911.87,-13.86,-0.28,52590737.0,103072654883.0
BK1216.DC,20251013,4758.61,4858.48,4752.16,4852.3,4898.01,-45.71,-0.93,51477664.0,98236287331.0
BK1216.DC,20251014,4875.0,4904.83,4800.81,4815.88,4852.3,-36.42,-0.75,52167686.0,103232959443.0
BK1216.DC,20251015,4825.02,4914.71,4802.37,4913.11,4815.88,97.23,2.02,56356246.0,106675712888.0
BK1216.DC,20251016,4908.11,4967.5,4895.14,4911.7,4913.11,-1.41,-0.03,62930872.0,109840785990.0
BK1216.DC,20251017,4918.93,4938.41,4839.63,4843.32,4911.7,-68.38,-1.39,66724884.0,108532697407.0
BK1216.DC,20251020,4872.69,4894.91,4844.76,4879.97,4843.320000000001,36.65,0.76,54141120.0,92795006025.0
BK1216.DC,20251021,4882.97,4943.57,4877.75,4943.32,4879.969999999999,63.35,1.3,56755337.0,92437327201.0
BK1216.DC,20251022,4939.41,4991.27,4939.41,4953.01,4943.320000000001,9.69,0.2,59962493.0,94574727878.0
BK1216.DC,20251023,4944.35,4959.59,4870.52,4926.8,4953.01,-26.21,-0.53,56592493.0,92014458347.0
BK1216.DC,20251024,4927.73,4957.93,4917.51,4926.91,4926.8,0.11,0.0,51197069.0,90775430359.0
BK1216.DC,20251027,4948.56,4961.67,4928.74,4953.74,4926.91,26.83,0.54,58057719.0,115387655972.0
BK1216.DC,20251028,4950.36,4969.39,4930.43,4946.36,4953.74,-7.38,-0.15,55921225.0,105102476322.0
BK1216.DC,20251029,4943.96,4956.51,4894.68,4956.51,4946.360000000001,10.15,0.21,58513938.0,111948810386.0
BK1216.DC,20251030,4950.19,4953.43,4903.66,4903.66,4956.51,-52.85,-1.07,64025731.0,126379735190.0
BK1216.DC,20251031,4909.93,5045.93,4909.93,5037.14,4903.660000000001,133.48,2.72,79592561.0,155823016336.0
BK1216.DC,20251103,5060.77,5072.61,5008.05,5070.75,5037.14,33.61,0.67,72928178.0,141446962007.0
BK1216.DC,20251104,5063.27,5063.27,4976.92,5006.63,5070.75,-64.12,-1.26,62767268.0,122109097159.0
BK1216.DC,20251105,4971.38,5032.85,4971.38,5013.56,5006.63,6.93,0.14,58164343.0,104188292422.0
BK1216.DC,20251106,5009.2,5009.2,4973.37,4994.84,5013.56,-18.72,-0.37,51866008.0,90470470164.0
BK1216.DC,20251107,4989.92,5009.68,4971.85,4988.81,4994.84,-6.03,-0.12,56834138.0,98827925231.0
BK1216.DC,20251110,4991.47,5052.97,4991.47,5052.97,4988.81,64.16,1.29,66347954.0,115433640091.0
BK1216.DC,20251111,5048.95,5083.21,5028.45,5078.83,5052.97,25.86,0.51,65595959.0,104108978972.0
BK1216.DC,20251112,5087.36,5146.48,5087.36,5124.72,5078.83,45.89,0.9,75705211.0,128954614917.0
BK1216.DC,20251113,5126.08,5177.3,5090.76,5175.63,5124.72,50.91,0.99,75103895.0,130347255011.0
BK1216.DC,20251114,5155.58,5265.64,5155.58,5217.23,5175.629999999999,41.6,0.8,88877943.0,145514703502.0
BK1216.DC,20251117,5216.57,5216.57,5118.49,5134.24,5217.23,-82.99,-1.59,80093397.0,126043796866.0
BK1216.DC,20251118,5127.7,5150.58,5059.48,5078.8,5134.24,-55.44,-1.08,72218747.0,106133666197.0
BK1216.DC,20251119,5072.06,5082.44,4971.41,4986.05,5078.8,-92.75,-1.83,60237516.0,89256310326.0
BK1216.DC,20251120,4999.22,5012.77,4936.87,4956.24,4986.05,-29.81,-0.6,58524621.0,86379173379.0
BK1216.DC,20251121,4924.56,4961.61,4772.66,4772.66,4956.24,-183.58,-3.7,73662199.0,105966447721.0
BK1216.DC,20251124,4793.83,4856.79,4793.83,4839.77,4772.660000000001,67.11,1.41,54535166.0,82753096663.0
BK1216.DC,20251125,4857.23,4944.41,4849.59,4917.83,4839.7699999999995,78.06,1.61,59492865.0,92475950052.0
BK1216.DC,20251126,4920.15,5036.27,4920.15,4946.27,4917.830000000001,28.44,0.58,76126076.0,112768826175.0
BK1216.DC,20251127,4943.26,4964.02,4906.7,4943.84,4946.27,-2.43,-0.05,66073568.0,94681854824.0
BK1216.DC,20251128,4942.82,4947.47,4898.94,4947.47,4943.84,3.63,0.07,54964169.0,81515909403.0
BK1216.DC,20251201,4952.62,4974.15,4946.13,4963.93,4947.47,16.46,0.33,58133343.0,88423759223.0
BK1216.DC,20251202,4959.75,4959.75,4908.4,4919.91,4963.93,-44.02,-0.89,51764466.0,78226664138.0
BK1216.DC,20251203,4922.45,4941.41,4893.2,4914.63,4919.91,-5.28,-0.11,60755336.0,86428758166.0
BK1216.DC,20251204,4907.39,4917.7,4856.6,4881.22,4914.63,-33.41,-0.68,64394375.0,80560920916.0
BK1216.DC,20251205,4877.38,4905.2,4818.71,4904.74,4881.219999999999,23.52,0.48,55660514.0,75949441101.0
BK1216.DC,20251208,4924.4,4937.88,4903.9,4910.73,4904.74,5.99,0.12,62430046.0,85918555116.0
BK1216.DC,20251209,4909.44,4920.26,4850.84,4850.86,4910.73,-59.87,-1.22,58295602.0,85415245382.0
BK1216.DC,20251210,4846.6,4855.72,4812.11,4847.81,4850.860000000001,-3.05,-0.06,58169146.0,79638991178.0
BK1216.DC,20251211,4852.03,4852.03,4788.62,4788.62,4847.8099999999995,-59.19,-1.22,59058806.0,84788706324.0
BK1216.DC,20251212,4786.83,4793.36,4749.21,4778.64,4788.62,-9.98,-0.21,58661311.0,94970461481.0
BK1216.DC,20251215,4761.17,4785.28,4743.69,4752.4,4778.639999999999,-26.24,-0.55,49156216.0,76998584323.0
BK1216.DC,20251216,4746.15,4746.45,4671.85,4677.61,4752.4,-74.79,-1.57,50156833.0,75386110586.0
BK1216.DC,20251217,4674.61,4724.05,4651.38,4720.93,4677.610000000001,43.32,0.93,51411480.0,74782882655.0
BK1216.DC,20251218,4710.78,4790.55,4710.78,4768.94,4720.929999999999,48.01,1.02,56422903.0,77842634018.0
BK1216.DC,20251219,4776.49,4840.93,4761.04,4828.41,4768.94,59.47,1.25,65053582.0,90846891410.0
BK1216.DC,20251222,4827.56,4834.35,4806.78,4819.11,4828.41,-9.3,-0.19,55401116.0,79175096153.0
BK1216.DC,20251223,4820.76,4820.76,4780.05,4788.76,4819.110000000001,-30.35,-0.63,56488274.0,80131170425.0
BK1216.DC,20251224,4785.04,4809.35,4769.02,4806.53,4788.759999999999,17.77,0.37,48349031.0,72394663118.0
BK1216.DC,20251225,4806.18,4843.06,4792.91,4837.89,4806.530000000001,31.36,0.65,45886793.0,72805467261.0
BK1216.DC,20251226,4835.89,4840.33,4793.24,4810.81,4837.89,-27.08,-0.56,51818130.0,78989264629.0
BK1216.DC,20251229,4803.36,4803.36,4756.57,4764.31,4810.81,-46.5,-0.97,50663289.0,79116739206.0
BK1216.DC,20251230,4751.61,4759.76,4724.14,4736.04,4764.31,-28.27,-0.59,45954306.0,72359075382.0
BK1216.DC,20251231,4739.54,4739.88,4707.58,4724.43,4736.04,-11.61,-0.25,41838090.0,66975569534.0
BK1216.DC,20260105,4748.4,4911.21,4748.4,4911.21,4724.43,186.78,3.95,72709639.0,131157110241.0
BK1216.DC,20260106,4941.15,4962.06,4915.36,4947.14,4911.21,35.93,0.73,70029221.0,120424413621.0
BK1216.DC,20260107,4952.58,4980.61,4942.9,4953.44,4947.139999999999,6.3,0.13,66991355.0,130442068933.0
BK1216.DC,20260108,4955.96,5033.95,4955.96,5017.54,4953.44,64.1,1.29,72474350.0,130945268749.0
BK1216.DC,20260109,5016.7,5103.19,5014.1,5102.65,5017.54,85.11,1.7,81110649.0,152306994606.0
BK1216.DC,20260112,5124.99,5165.29,5094.78,5164.06,5102.650000000001,61.41,1.2,89131164.0,169173232311.0
BK1216.DC,20260113,5205.33,5322.84,5186.1,5246.3,5164.06,82.24,1.59,126604563.0,228831430964.0
BK1216.DC,20260114,5230.43,5339.42,5181.94,5255.42,5246.3,9.12,0.17,138781371.0,240924257844.0
BK1216.DC,20260115,5214.93,5235.91,5153.04,5175.5,5255.42,-79.92,-1.52,99699766.0,154178130566.0
BK1216.DC,20260116,5179.26,5191.8,5093.68,5108.75,5175.5,-66.75,-1.29,84168324.0,136809317272.0
BK1216.DC,20260119,5097.14,5130.85,5092.16,5115.42,5108.75,6.67,0.13,68141923.0,112800942094.0
BK1216.DC,20260120,5120.36,5128.09,5063.0,5089.69,5115.419999999999,-25.73,-0.5,68510069.0,111681502219.0
BK1216.DC,20260121,5075.43,5147.44,5061.24,5117.42,5089.6900000000005,27.73,0.54,63904680.0,105838337894.0
BK1216.DC,20260122,5122.32,5132.79,5106.83,5122.64,5117.42,5.22,0.1,59014275.0,98864049573.0
BK1216.DC,20260123,5147.49,5202.42,5141.93,5202.42,5122.64,79.78,1.56,78345701.0,130375682453.0
BK1216.DC,20260126,5222.25,5267.51,5168.44,5247.61,5202.42,45.19,0.87,112342724.0,176402106777.0
BK1216.DC,20260127,5239.5,5239.5,5076.44,5189.91,5247.61,-57.7,-1.1,102171431.0,154644500071.0
BK1216.DC,20260128,5171.05,5172.45,5081.9,5086.61,5189.91,-103.3,-1.99,76813817.0,127085707934.0
BK1216.DC,20260129,5068.54,5117.93,5016.48,5047.36,5086.61,-39.25,-0.77,72842546.0,126497186318.0
BK1216.DC,20260130,5041.91,5078.25,4975.31,5011.37,5047.36,-35.99,-0.71,67159809.0,110151697514.0
BK1216.DC,20260202,4984.46,5024.27,4903.53,4903.59,5011.37,-107.78,-2.15,61375651.0,102132392047.0
BK1216.DC,20260203,4936.46,4984.93,4914.13,4984.93,4903.59,81.34,1.66,50315841.0,84967581984.0
BK1216.DC,20260204,4979.73,5021.07,4961.79,5019.82,4984.929999999999,34.89,0.7,51614212.0,89447508798.0
BK1216.DC,20260205,5012.19,5045.18,5011.79,5019.9,5019.82,0.08,0.0,50743566.0,93157139261.0
BK1216.DC,20260206,5037.69,5086.92,5030.96,5038.18,5019.900000000001,18.28,0.36,71706998.0,110724223701.0
BK1216.DC,20260209,5059.56,5079.06,5053.35,5077.38,5038.18,39.2,0.78,60037171.0,95752065059.0
BK1216.DC,20260210,5080.63,5117.88,5063.56,5086.52,5077.38,9.14,0.18,53960029.0,92166636487.0
BK1216.DC,20260211,5086.36,5093.31,5059.55,5059.55,5086.52,-26.97,-0.53,43314416.0,72551681927.0
BK1216.DC,20260212,5059.74,5059.74,5012.17,5015.73,5059.549999999999,-43.82,-0.87,45497502.0,76322074815.0
BK1216.DC,20260213,5016.31,5039.61,4981.59,4982.42,5015.7300000000005,-33.31,-0.66,40330995.0,70261195836.0
BK1216.DC,20260224,5019.24,5023.99,4990.56,5014.06,4982.42,31.64,0.64,44049385.0,74264375822.0
BK1216.DC,20260225,5021.54,5060.52,5017.48,5055.62,5014.0599999999995,41.56,0.83,50445013.0,80660005756.0
BK1216.DC,20260226,5060.37,5062.01,5008.48,5019.66,5055.62,-35.96,-0.71,51454860.0,83295926791.0
BK1216.DC,20260227,5013.21,5054.87,5004.48,5054.26,5019.66,34.6,0.69,44423008.0,74732180616.0
BK1216.DC,20260302,4997.27,5012.96,4896.24,4928.07,5054.259999999999,-126.19,-2.5,63885044.0,105763135322.0
BK1216.DC,20260303,4931.81,4955.46,4785.27,4787.89,4928.070000000001,-140.18,-2.84,63888025.0,105191210260.0
BK1216.DC,20260304,4757.25,4799.16,4718.27,4744.08,4787.89,-43.81,-0.92,48125330.0,79503008236.0
BK1216.DC,20260305,4802.93,4830.35,4775.49,4793.26,4744.08,49.18,1.04,42439376.0,72056771042.0
BK1216.DC,20260306,4781.63,4918.24,4776.77,4916.6,4793.26,123.34,2.57,51013987.0,86216352537.0
BK1216.DC,20260309,4864.49,4897.31,4822.56,4884.43,4916.6,-32.17,-0.65,53363437.0,87034935287.0
BK1216.DC,20260310,4917.4,4983.76,4917.4,4983.64,4884.43,99.21,2.03,44606577.0,81002288110.0
BK1216.DC,20260311,4992.27,4992.44,4952.31,4964.73,4983.639999999999,-18.91,-0.38,45092226.0,79763364079.0
BK1216.DC,20260312,4962.77,4965.59,4911.84,4927.24,4964.73,-37.49,-0.76,47323172.0,78470912203.0
BK1216.DC,20260313,4918.91,4968.3,4904.45,4924.74,4927.24,-2.5,-0.05,51341901.0,86148313685.0
BK1216.DC,20260316,4921.89,4954.99,4914.06,4942.7,4924.74,17.96,0.36,47193392.0,83434676670.0
BK1216.DC,20260317,4947.94,4992.14,4894.87,4894.87,4942.7,-47.83,-0.97,53052383.0,90479995770.0
BK1216.DC,20260318,4900.42,4943.03,4877.45,4941.58,4894.87,46.71,0.95,44976556.0,77131168351.0
BK1216.DC,20260319,4906.09,4918.91,4805.96,4820.49,4941.58,-121.09,-2.45,49075822.0,82053609194.0
BK1216.DC,20260320,4830.21,4861.81,4713.26,4713.26,4820.49,-107.23,-2.22,51096777.0,82347179912.0
BK1216.DC,20260323,4647.77,4647.77,4418.04,4442.05,4713.26,-271.21,-5.75,68859070.0,102912630330.0
BK1216.DC,20260324,4522.01,4616.33,4489.57,4616.25,4442.05,174.2,3.92,56702981.0,87290120784.0
BK1216.DC,20260325,4641.85,4687.47,4636.82,4670.75,4616.25,54.5,1.18,47483173.0,76876245480.0
BK1216.DC,20260326,4672.35,4732.15,4605.92,4620.94,4670.75,-49.81,-1.07,48987241.0,76542267758.0
BK1216.DC,20260327,4583.75,4784.18,4579.95,4781.02,4620.9400000000005,160.08,3.46,63260070.0,108576679933.0
BK1216.DC,20260330,4747.28,4825.77,4746.3,4824.57,4781.0199999999995,43.55,0.91,65348774.0,113869514636.0
BK1216.DC,20260331,4827.01,4896.35,4793.02,4796.08,4824.57,-28.49,-0.59,64815543.0,119131525804.0
BK1216.DC,20260401,4849.32,4981.71,4813.7,4981.71,4796.08,185.63,3.87,85410297.0,161556729692.0
BK1216.DC,20260402,4976.09,5047.32,4960.28,5002.03,4981.71,20.32,0.41,102053436.0,171104933019.0
BK1216.DC,20260403,4962.39,4970.27,4871.48,4874.02,5002.030000000001,-128.01,-2.56,93358974.0,142966328272.0
BK1216.DC,20260407,4875.53,4947.63,4808.68,4909.83,4874.0199999999995,35.81,0.73,87424840.0,127665353898.0
BK1216.DC,20260408,4975.54,5012.19,4927.03,4990.88,4909.83,81.05,1.65,91857649.0,144489387877.0
BK1216.DC,20260409,4963.24,5016.4,4881.08,4890.6,4990.88,-100.28,-2.01,89954146.0,136587885250.0
BK1216.DC,20260410,4902.46,4980.29,4881.78,4925.62,4890.599999999999,35.02,0.72,82753738.0,126674208435.0
BK1216.DC,20260413,4908.06,4908.06,4854.47,4876.21,4925.62,-49.41,-1.0,68228582.0,112813130443.0
BK1216.DC,20260414,4899.19,4911.16,4837.88,4911.06,4876.21,34.85,0.71,67853341.0,113207680638.0
BK1216.DC,20260415,4956.94,5011.52,4896.89,4987.34,4911.06,76.28,1.55,103105504.0,158051436555.0
BK1216.DC,20260416,4978.92,4993.46,4929.99,4990.66,4987.34,3.32,0.07,90203418.0,130620833208.0
BK1216.DC,20260417,4976.12,4976.12,4893.8,4932.05,4990.66,-58.61,-1.17,74807114.0,120536614540.0
BK1216.DC,20260420,4923.17,4945.94,4905.33,4938.67,4932.05,6.62,0.13,65717729.0,107133567913.0
BK1216.DC,20260421,4930.63,4957.28,4878.53,4899.01,4938.67,-39.66,-0.8,59531979.0,95504312717.0
BK1216.DC,20260422,4885.14,4926.8,4867.44,4926.57,4899.009999999999,27.56,0.56,58116628.0,97515080948.0
BK1216.DC,20260423,4918.28,4918.28,4846.52,4861.84,4926.57,-64.73,-1.31,65258436.0,114553347791.0
BK1216.DC,20260424,4842.71,4863.5,4800.27,4846.54,4861.84,-15.3,-0.31,63572998.0,106745910481.0
BK1216.DC,20260427,4832.6,4858.33,4793.11,4854.76,4846.54,8.22,0.17,63695760.0,105733729535.0
BK1216.DC,20260428,4851.52,4905.19,4814.98,4830.07,4854.759999999999,-24.69,-0.51,66270996.0,122036414061.0
BK1216.DC,20260429,4812.71,4872.26,4797.22,4856.57,4830.07,26.5,0.55,63804644.0,120674058121.0
BK1216.DC,20260430,4854.14,4897.0,4840.27,4864.39,4856.570000000001,7.82,0.16,62648819.0,112859179464.0
BK1216.DC,20260506,4867.57,4897.69,4866.93,4886.33,4864.39,21.94,0.45,63920768.0,123802786179.0
BK1216.DC,20260507,4888.84,4902.43,4878.1,4898.12,4886.33,11.79,0.24,62949839.0,114308293463.0
BK1216.DC,20260508,4900.97,4934.3,4898.33,4924.43,4898.12,26.31,0.54,63494787.0,112796236133.0
BK1216.DC,20260511,4931.53,5015.97,4902.14,5009.02,4924.43,84.59,1.72,88483689.0,158678822529.0
BK1216.DC,20260512,4993.41,4993.41,4917.63,4931.91,5009.0199999999995,-77.11,-1.54,78160912.0,146642451721.0
BK1216.DC,20260513,4929.55,4931.89,4890.16,4916.41,4931.91,-15.5,-0.31,66628224.0,121092974449.0
BK1216.DC,20260514,4914.61,4918.06,4822.79,4822.79,4916.41,-93.62,-1.9,66619306.0,119779043231.0
BK1216.DC,20260515,4819.19,4839.53,4755.89,4782.79,4822.79,-40.0,-0.83,59394273.0,108341935611.0
BK1216.DC,20260518,4774.89,4774.89,4708.59,4736.5,4782.79,-46.29,-0.97,54505362.0,97971063556.0
BK1216.DC,20260519,4740.34,4791.2,4722.95,4770.82,4736.5,34.32,0.72,52141678.0,92974054182.0
BK1216.DC,20260520,4759.94,4762.03,4688.97,4727.07,4770.82,-43.75,-0.92,58141566.0,98468498073.0
BK1216.DC,20260521,4731.09,4793.26,4645.44,4648.7,4727.07,-78.37,-1.66,65367766.0,129108748347.0
BK1216.DC,20260522,4670.1,4685.25,4617.48,4667.86,4648.7,19.16,0.41,53445244.0,101645726354.0
BK1216.DC,20260525,4672.76,4694.12,4589.11,4630.36,4667.86,-37.5,-0.8,58271076.0,101499011043.0
BK1216.DC,20260526,4619.98,4619.98,4519.87,4562.89,4630.360000000001,-67.47,-1.46,54511036.0,95268189778.0
BK1216.DC,20260527,4557.31,4557.91,4457.85,4502.92,4562.89,-59.97,-1.31,54826573.0,96735108173.0
BK1216.DC,20260528,4498.96,4505.92,4418.35,4479.82,4502.92,-23.1,-0.51,50773042.0,89168931377.0
BK1216.DC,20260529,4487.59,4517.93,4446.97,4473.46,4479.82,-6.36,-0.14,61015334.0,113029913316.0
BK1216.DC,20260601,4468.31,4523.02,4461.19,4501.21,4473.46,27.75,0.62,52866459.0,100554122178.0
BK1216.DC,20260602,4497.63,4499.0,4405.09,4427.72,4501.21,-73.49,-1.63,47221896.0,84534190146.0
BK1216.DC,20260603,4422.69,4422.69,4349.85,4371.54,4427.72,-56.18,-1.27,49350313.0,81930923304.0
BK1216.DC,20260604,4359.87,4366.73,4275.12,4298.55,4371.54,-72.99,-1.67,45793753.0,73598140451.0
BK1216.DC,20260605,4320.35,4353.27,4286.93,4314.71,4298.55,16.16,0.38,47229542.0,83323878296.0
BK1216.DC,20260608,4250.73,4310.0,4151.37,4201.12,4314.71,-113.59,-2.63,50790270.0,81281210405.0
