ts_code,trade_date,open,high,low,close,pre_close,change,pct_chg,vol,amount
BK1203.DC,20200102,2199.36,2217.11,2180.48,2180.86,2158.82,22.04,1.02,54220421.0,74424063143.0
BK1203.DC,20200103,2181.28,2202.41,2171.37,2180.26,2180.86,-0.6,-0.03,39750184.0,52717939890.0
BK1203.DC,20200106,2149.81,2204.31,2144.32,2176.77,2180.2599999999998,-3.49,-0.16,41850958.0,55499831779.0
BK1203.DC,20200107,2179.84,2204.37,2166.76,2197.79,2176.77,21.02,0.97,36726518.0,48359023126.0
BK1203.DC,20200108,2173.11,2175.85,2121.88,2125.03,2197.7900000000004,-72.76,-3.31,37313684.0,49174837486.0
BK1203.DC,20200109,2156.67,2173.64,2143.54,2156.1,2125.0299999999997,31.07,1.46,27958537.0,38006814162.0
BK1203.DC,20200110,2180.41,2183.32,2140.96,2150.53,2156.1000000000004,-5.57,-0.26,29630417.0,40644696400.0
BK1203.DC,20200113,2136.77,2172.03,2108.73,2172.03,2150.53,21.5,1.0,30613087.0,43716806021.0
BK1203.DC,20200114,2175.16,2185.18,2162.9,2163.94,2172.03,-8.09,-0.37,28447295.0,40954369172.0
BK1203.DC,20200115,2158.02,2164.68,2142.58,2154.01,2163.94,-9.93,-0.46,21414725.0,30765698852.0
BK1203.DC,20200116,2156.7,2156.7,2134.39,2138.18,2154.0099999999998,-15.83,-0.73,19416603.0,28024668040.0
BK1203.DC,20200117,2146.7,2175.09,2141.61,2144.72,2138.18,6.54,0.31,23859333.0,34185944732.0
BK1203.DC,20200120,2145.29,2177.36,2133.21,2177.36,2144.7200000000003,32.64,1.52,27082443.0,40797147134.0
BK1203.DC,20200121,2164.68,2170.97,2135.48,2136.04,2177.36,-41.32,-1.9,28450190.0,41376641345.0
BK1203.DC,20200122,2122.09,2167.31,2097.65,2153.75,2136.04,17.71,0.83,30375606.0,44792107442.0
BK1203.DC,20200123,2126.14,2136.35,2042.95,2061.67,2153.75,-92.08,-4.28,34839014.0,51626492820.0
BK1203.DC,20200203,1857.36,1860.88,1856.23,1857.22,2061.67,-204.45,-9.92,11109914.0,27988789117.0
BK1203.DC,20200204,1722.31,1839.82,1722.31,1823.52,1857.22,-33.7,-1.81,46747722.0,59356158434.0
BK1203.DC,20200205,1823.69,1895.85,1820.47,1850.87,1823.52,27.35,1.5,35854258.0,44651091653.0
BK1203.DC,20200206,1849.38,1906.51,1835.17,1894.71,1850.8700000000001,43.84,2.37,39883540.0,49940255115.0
BK1203.DC,20200207,1888.01,1912.37,1879.21,1907.08,1894.71,12.37,0.65,34109199.0,42649792752.0
BK1203.DC,20200210,1895.18,1939.15,1895.18,1936.02,1907.08,28.94,1.52,29622701.0,38198627942.0
BK1203.DC,20200211,1946.84,1965.66,1930.22,1931.3,1936.02,-4.72,-0.24,28451918.0,37507315682.0
BK1203.DC,20200212,1922.16,1966.36,1919.26,1960.37,1931.3,29.07,1.51,30750413.0,38541888514.0
BK1203.DC,20200213,1956.33,1969.56,1924.25,1927.27,1960.37,-33.1,-1.69,28068129.0,35697521472.0
BK1203.DC,20200214,1922.52,1984.78,1922.52,1965.79,1927.27,38.52,2.0,37579384.0,45305663917.0
BK1203.DC,20200217,2000.1,2053.07,1991.06,2047.42,1965.79,81.63,4.15,51552802.0,65380382924.0
BK1203.DC,20200218,2040.2,2053.49,2017.98,2041.24,2047.42,-6.18,-0.3,36563370.0,45708291322.0
BK1203.DC,20200219,2037.42,2102.87,2034.27,2063.46,2041.24,22.22,1.09,45687082.0,55701093681.0
BK1203.DC,20200220,2068.32,2188.5,2058.56,2183.09,2063.46,119.63,5.8,74870762.0,93904822627.0
BK1203.DC,20200221,2183.39,2248.8,2162.34,2186.08,2183.09,2.99,0.14,77663656.0,104364080870.0
BK1203.DC,20200224,2174.25,2215.08,2161.3,2193.17,2186.08,7.09,0.32,57373208.0,79007216544.0
BK1203.DC,20200225,2137.18,2207.99,2102.48,2200.8,2193.17,7.63,0.35,76184170.0,90887910635.0
BK1203.DC,20200226,2163.43,2224.93,2153.95,2163.5,2200.8,-37.3,-1.69,69403757.0,84313930405.0
BK1203.DC,20200227,2181.06,2211.18,2159.38,2166.26,2163.5,2.76,0.13,47706022.0,60675634533.0
BK1203.DC,20200228,2088.51,2118.69,2024.45,2030.31,2166.2599999999998,-135.95,-6.28,55897421.0,72526857696.0
BK1203.DC,20200302,2059.26,2147.25,2051.82,2126.78,2030.3100000000002,96.47,4.75,50037474.0,63110800575.0
BK1203.DC,20200303,2163.07,2195.71,2126.92,2147.12,2126.7799999999997,20.34,0.96,53118522.0,67391862221.0
BK1203.DC,20200304,2133.99,2203.24,2133.99,2203.24,2147.12,56.12,2.61,55475948.0,72834476386.0
BK1203.DC,20200305,2232.68,2305.11,2198.75,2277.93,2203.24,74.69,3.39,84078743.0,112563856100.0
BK1203.DC,20200306,2240.63,2252.77,2212.99,2216.74,2277.93,-61.19,-2.69,57598566.0,75579643739.0
BK1203.DC,20200309,2179.29,2208.88,2139.19,2157.05,2216.7400000000002,-59.69,-2.69,57529339.0,77541728622.0
BK1203.DC,20200310,2147.31,2233.8,2123.53,2226.51,2157.05,69.46,3.22,61944964.0,79112295276.0
BK1203.DC,20200311,2220.5,2226.71,2171.02,2171.02,2226.5099999999998,-55.49,-2.49,43086831.0,57176993177.0
BK1203.DC,20200312,2139.96,2179.56,2132.26,2155.75,2171.02,-15.27,-0.7,38027177.0,52260444029.0
BK1203.DC,20200313,2049.82,2171.38,2049.82,2145.38,2155.75,-10.37,-0.48,50193568.0,70577219132.0
BK1203.DC,20200316,2143.69,2143.69,2009.21,2011.18,2145.38,-134.2,-6.26,45715255.0,63251771934.0
BK1203.DC,20200317,2035.49,2053.29,1955.27,2007.6,2011.1799999999998,-3.58,-0.18,36932109.0,50804505028.0
BK1203.DC,20200318,2017.28,2030.51,1939.71,1939.71,2007.6000000000001,-67.89,-3.38,36185264.0,48804076602.0
BK1203.DC,20200319,1933.32,1974.65,1901.97,1958.08,1939.71,18.37,0.95,40962987.0,55780532453.0
BK1203.DC,20200320,1971.8,1977.09,1936.18,1975.76,1958.08,17.68,0.9,28329555.0,38644389371.0
BK1203.DC,20200323,1914.04,1944.92,1887.85,1893.46,1975.76,-82.3,-4.17,26728571.0,33905461027.0
BK1203.DC,20200324,1933.91,1939.02,1885.47,1937.94,1893.46,44.48,2.35,27670867.0,37610058326.0
BK1203.DC,20200325,1979.48,1990.29,1959.28,1976.78,1937.94,38.84,2.0,29686828.0,41878674151.0
BK1203.DC,20200326,1958.89,1973.02,1941.06,1942.73,1976.78,-34.05,-1.72,19597879.0,26740847468.0
BK1203.DC,20200327,1965.86,1985.97,1947.81,1949.5,1942.73,6.77,0.35,23315963.0,31905337927.0
BK1203.DC,20200330,1922.63,1940.27,1906.01,1925.66,1949.5,-23.84,-1.22,20808194.0,27307935749.0
BK1203.DC,20200331,1944.66,1950.94,1918.25,1919.1,1925.6599999999999,-6.56,-0.34,19059451.0,25128238469.0
BK1203.DC,20200401,1910.93,1948.07,1904.62,1907.69,1919.1000000000001,-11.41,-0.59,20567439.0,27668676111.0
BK1203.DC,20200402,1894.67,1950.19,1894.67,1950.19,1907.69,42.5,2.23,21949215.0,29091239464.0
BK1203.DC,20200403,1941.28,1941.9,1918.36,1927.28,1950.19,-22.91,-1.17,19250540.0,25025038218.0
BK1203.DC,20200407,1961.65,1986.82,1951.2,1978.54,1927.28,51.26,2.66,32178416.0,41030226521.0
BK1203.DC,20200408,1963.07,1980.19,1962.15,1968.03,1978.54,-10.51,-0.53,23240925.0,27857751603.0
BK1203.DC,20200409,1984.7,2018.31,1984.32,1992.33,1968.03,24.3,1.23,30675206.0,37713632508.0
BK1203.DC,20200410,1990.41,1990.41,1948.27,1950.47,1992.33,-41.86,-2.1,25572953.0,35034371372.0
BK1203.DC,20200413,1932.97,1937.25,1917.25,1926.92,1950.47,-23.55,-1.21,17638332.0,22612450869.0
BK1203.DC,20200414,1936.11,1974.56,1930.35,1968.04,1926.92,41.12,2.13,27118306.0,36201089872.0
BK1203.DC,20200415,1959.12,1974.24,1939.87,1939.87,1968.04,-28.17,-1.43,22485814.0,31110537303.0
BK1203.DC,20200416,1928.98,1962.58,1928.96,1952.23,1939.8700000000001,12.36,0.64,22977829.0,32174852862.0
BK1203.DC,20200417,1967.01,1972.85,1951.44,1953.9,1952.23,1.67,0.09,25520964.0,38989541954.0
BK1203.DC,20200420,1958.01,1963.47,1952.09,1963.47,1953.9,9.57,0.49,17311392.0,26411034236.0
BK1203.DC,20200421,1955.27,1955.27,1922.65,1934.7,1963.47,-28.77,-1.47,20690852.0,28081064089.0
BK1203.DC,20200422,1920.89,1944.88,1918.45,1944.88,1934.7,10.18,0.53,16669872.0,22129235077.0
BK1203.DC,20200423,1945.34,1945.34,1926.0,1927.2,1944.88,-17.68,-0.91,14807537.0,19826007452.0
BK1203.DC,20200424,1921.34,1926.44,1887.62,1893.86,1927.1999999999998,-33.34,-1.73,19281996.0,26444692792.0
BK1203.DC,20200427,1899.78,1909.2,1885.1,1885.93,1893.8600000000001,-7.93,-0.42,15626187.0,22500870784.0
BK1203.DC,20200428,1906.43,1915.62,1853.37,1891.29,1885.93,5.36,0.28,23624108.0,32922038399.0
BK1203.DC,20200429,1875.96,1903.04,1875.58,1885.33,1891.29,-5.96,-0.32,15972716.0,23834015911.0
BK1203.DC,20200430,1894.33,1934.44,1894.33,1930.71,1885.33,45.38,2.41,25226232.0,34516432967.0
BK1203.DC,20200506,1901.79,1951.77,1901.79,1951.77,1930.71,21.06,1.09,23662985.0,33016291153.0
BK1203.DC,20200507,1947.99,1966.23,1944.42,1945.56,1951.77,-6.21,-0.32,20728317.0,28533634404.0
BK1203.DC,20200508,1959.91,1999.6,1950.77,1980.92,1945.5600000000002,35.36,1.82,32471144.0,42053435883.0
BK1203.DC,20200511,1984.31,1993.72,1961.45,1973.67,1980.92,-7.25,-0.37,23898967.0,30926996097.0
BK1203.DC,20200512,1977.47,1980.34,1943.53,1965.04,1973.67,-8.63,-0.44,17572304.0,24012793749.0
BK1203.DC,20200513,1955.29,1976.78,1952.01,1973.29,1965.04,8.25,0.42,15973475.0,21279669803.0
BK1203.DC,20200514,1961.2,1963.04,1943.36,1944.64,1973.2900000000002,-28.65,-1.45,15882103.0,21538115342.0
BK1203.DC,20200515,1968.29,1976.07,1958.89,1958.89,1944.64,14.25,0.73,16509131.0,22344563262.0
BK1203.DC,20200518,1954.38,1965.35,1940.61,1941.91,1958.89,-16.98,-0.87,18792818.0,24980713735.0
BK1203.DC,20200519,1961.65,1963.69,1952.03,1960.13,1941.91,18.22,0.94,16311091.0,22380158418.0
BK1203.DC,20200520,1956.42,1973.59,1951.04,1956.98,1960.13,-3.15,-0.16,18224785.0,23028705832.0
BK1203.DC,20200521,1960.97,1966.41,1937.38,1938.75,1956.98,-18.23,-0.93,16986684.0,20592308506.0
BK1203.DC,20200522,1930.65,1935.05,1888.94,1888.94,1938.75,-49.81,-2.57,21872315.0,27775005807.0
BK1203.DC,20200525,1883.2,1892.92,1867.55,1874.45,1888.94,-14.49,-0.77,14815907.0,18511083152.0
BK1203.DC,20200526,1881.09,1908.42,1880.69,1908.27,1874.45,33.82,1.8,13941234.0,17911626816.0
BK1203.DC,20200527,1905.36,1907.19,1886.44,1889.52,1908.27,-18.75,-0.98,12715942.0,16217087227.0
BK1203.DC,20200528,1894.05,1949.51,1894.05,1926.4,1889.52,36.88,1.95,23140147.0,28221499233.0
BK1203.DC,20200529,1912.75,1923.66,1910.73,1918.76,1926.4,-7.64,-0.4,15140064.0,18495052420.0
BK1203.DC,20200601,1956.19,2005.11,1950.58,1996.7,1918.76,77.94,4.06,37514803.0,45248108620.0
BK1203.DC,20200602,1995.55,2012.66,1989.68,1997.18,1996.7,0.48,0.02,27703309.0,37518699804.0
BK1203.DC,20200603,2005.42,2015.43,1977.17,1977.28,1997.18,-19.9,-1.0,26751155.0,39574981635.0
BK1203.DC,20200604,1984.43,1985.96,1962.28,1965.35,1977.28,-11.93,-0.6,19208266.0,24951542573.0
BK1203.DC,20200605,1965.87,1982.23,1952.01,1979.03,1965.35,13.68,0.7,25168253.0,29729594382.0
BK1203.DC,20200608,1983.4,1984.72,1964.65,1966.16,1979.03,-12.87,-0.65,21472943.0,29885201626.0
BK1203.DC,20200609,1965.99,1992.94,1961.23,1980.66,1966.16,14.5,0.74,24382919.0,32276754434.0
BK1203.DC,20200610,1975.63,1975.63,1962.34,1970.32,1980.6599999999999,-10.34,-0.52,18970830.0,23584178517.0
BK1203.DC,20200611,1965.87,1999.31,1959.35,1962.78,1970.32,-7.54,-0.38,25767881.0,34445269505.0
BK1203.DC,20200612,1922.72,1972.24,1922.72,1960.63,1962.7800000000002,-2.15,-0.11,27999162.0,35123523637.0
BK1203.DC,20200615,1962.62,1985.88,1945.18,1945.18,1960.63,-15.45,-0.79,29199096.0,38413111546.0
BK1203.DC,20200616,1961.57,1968.61,1954.91,1968.61,1945.1799999999998,23.43,1.2,25745866.0,33837277342.0
BK1203.DC,20200617,1965.64,1965.64,1946.55,1961.16,1968.6100000000001,-7.45,-0.38,20708036.0,26651194582.0
BK1203.DC,20200618,1957.6,1985.4,1952.2,1971.36,1961.1599999999999,10.2,0.52,27850666.0,35218742433.0
BK1203.DC,20200619,1970.87,2031.08,1968.71,2018.81,1971.36,47.45,2.41,51497874.0,66958408647.0
BK1203.DC,20200622,2016.26,2106.91,2013.02,2048.7,2018.8099999999997,29.89,1.48,62636626.0,80401597244.0
BK1203.DC,20200623,2042.43,2061.45,2024.51,2060.84,2048.7000000000003,12.14,0.59,42296840.0,56056704998.0
BK1203.DC,20200624,2065.63,2084.79,2054.03,2056.71,2060.84,-4.13,-0.2,35436245.0,48852921989.0
BK1203.DC,20200629,2042.7,2042.7,1991.68,1998.77,2056.71,-57.94,-2.82,40439182.0,54376289173.0
BK1203.DC,20200630,2007.95,2063.61,2006.02,2047.09,1998.77,48.32,2.42,41921864.0,54600380331.0
BK1203.DC,20200701,2046.62,2078.98,2036.31,2078.98,2047.09,31.89,1.56,45067928.0,61460752525.0
BK1203.DC,20200702,2075.53,2220.23,2074.26,2209.5,2078.98,130.52,6.28,92253867.0,122232533942.0
BK1203.DC,20200703,2237.87,2360.03,2231.42,2349.8,2209.5,140.3,6.35,123465700.0,169401576053.0
BK1203.DC,20200706,2421.12,2546.41,2415.86,2543.12,2349.7999999999997,193.32,8.23,127172519.0,192737388432.0
BK1203.DC,20200707,2581.56,2581.56,2463.61,2496.89,2543.12,-46.23,-1.82,133899484.0,204098300980.0
BK1203.DC,20200708,2488.24,2663.56,2488.24,2628.01,2496.8900000000003,131.12,5.25,129858211.0,196284733935.0
BK1203.DC,20200709,2608.2,2698.44,2581.39,2660.32,2628.01,32.31,1.23,125910450.0,196674320824.0
BK1203.DC,20200710,2621.31,2693.32,2616.81,2644.9,2660.32,-15.42,-0.58,109481720.0,172777719235.0
BK1203.DC,20200713,2643.65,2734.35,2614.2,2689.62,2644.9,44.72,1.69,110511921.0,174920622375.0
BK1203.DC,20200714,2663.81,2716.99,2634.26,2692.01,2689.6200000000003,2.39,0.09,93408348.0,150866619722.0
BK1203.DC,20200715,2716.33,2735.15,2624.79,2637.34,2692.01,-54.67,-2.03,94496359.0,151366121203.0
BK1203.DC,20200716,2626.78,2670.18,2492.39,2492.58,2637.34,-144.76,-5.49,105395128.0,152136941070.0
BK1203.DC,20200717,2498.13,2498.21,2381.86,2408.99,2492.58,-83.59,-3.35,83946775.0,113308674259.0
BK1203.DC,20200720,2449.23,2541.23,2443.28,2531.87,2408.99,122.88,5.1,83093089.0,122117754691.0
BK1203.DC,20200721,2539.98,2552.35,2482.58,2498.54,2531.87,-33.33,-1.32,67374045.0,95447474975.0
BK1203.DC,20200722,2498.6,2588.75,2488.5,2514.79,2498.54,16.25,0.65,82949415.0,119498906256.0
BK1203.DC,20200723,2475.3,2523.67,2437.29,2509.3,2514.79,-5.49,-0.22,71656397.0,104798617710.0
BK1203.DC,20200724,2489.12,2500.27,2345.83,2356.48,2509.3,-152.82,-6.09,74644958.0,109180112737.0
BK1203.DC,20200727,2364.89,2373.35,2313.23,2358.41,2356.48,1.93,0.08,43731184.0,63178681012.0
BK1203.DC,20200728,2377.32,2390.1,2348.59,2369.01,2358.4100000000003,10.6,0.45,35825101.0,53817270188.0
BK1203.DC,20200729,2357.9,2453.09,2354.89,2447.86,2369.01,78.85,3.33,57849913.0,87941274064.0
BK1203.DC,20200730,2443.51,2457.36,2417.75,2421.09,2447.86,-26.77,-1.09,48919664.0,74369014666.0
BK1203.DC,20200731,2415.71,2497.84,2415.71,2465.01,2421.09,43.92,1.81,58838566.0,86256029000.0
BK1203.DC,20200803,2505.93,2527.72,2481.28,2527.72,2465.0099999999998,62.71,2.54,64838928.0,98552566886.0
BK1203.DC,20200804,2528.56,2564.39,2505.48,2529.43,2527.72,1.71,0.07,60132764.0,96122697948.0
BK1203.DC,20200805,2512.1,2526.29,2481.28,2519.0,2529.43,-10.43,-0.41,42612334.0,67837716697.0
BK1203.DC,20200806,2517.3,2588.99,2479.84,2574.72,2519.0,55.72,2.21,61377074.0,98093558545.0
BK1203.DC,20200807,2530.25,2546.84,2455.25,2498.35,2574.72,-76.37,-2.97,63146262.0,102895145484.0
BK1203.DC,20200810,2471.75,2543.79,2461.36,2508.8,2498.3500000000004,10.45,0.42,51851813.0,93232530357.0
BK1203.DC,20200811,2502.88,2531.03,2434.61,2436.51,2508.8,-72.29,-2.88,47254586.0,83548484177.0
BK1203.DC,20200812,2424.87,2448.46,2385.11,2429.12,2436.5099999999998,-7.39,-0.3,39533917.0,67425094887.0
BK1203.DC,20200813,2435.92,2463.82,2417.37,2437.85,2429.12,8.73,0.36,35237166.0,53901296719.0
BK1203.DC,20200814,2423.44,2474.42,2416.18,2473.01,2437.8500000000004,35.16,1.44,34328402.0,55020236736.0
BK1203.DC,20200817,2503.64,2628.21,2500.89,2589.08,2473.0099999999998,116.07,4.69,84164386.0,139263056392.0
BK1203.DC,20200818,2584.67,2606.08,2563.48,2580.58,2589.08,-8.5,-0.33,55121094.0,90896046980.0
BK1203.DC,20200819,2570.69,2594.99,2533.12,2534.14,2580.58,-46.44,-1.8,52323876.0,81539528313.0
BK1203.DC,20200820,2513.77,2529.63,2486.86,2497.36,2534.1400000000003,-36.78,-1.45,41492171.0,60870300264.0
BK1203.DC,20200821,2512.58,2534.51,2487.95,2518.12,2497.3599999999997,20.76,0.83,43596221.0,60448934424.0
BK1203.DC,20200824,2521.06,2521.06,2493.34,2497.62,2518.12,-20.5,-0.81,35812417.0,51571558293.0
BK1203.DC,20200825,2501.6,2529.4,2477.43,2484.43,2497.62,-13.19,-0.53,37426977.0,58982814332.0
BK1203.DC,20200826,2472.75,2482.62,2413.16,2413.51,2484.4300000000003,-70.92,-2.85,40648660.0,65880932826.0
BK1203.DC,20200827,2412.85,2433.8,2392.33,2424.07,2413.51,10.56,0.44,28886945.0,45528015815.0
BK1203.DC,20200828,2417.71,2483.37,2412.12,2480.93,2424.0699999999997,56.86,2.35,39633422.0,66646163273.0
BK1203.DC,20200831,2492.27,2537.93,2470.31,2470.31,2480.93,-10.62,-0.43,51643141.0,82817718159.0
BK1203.DC,20200901,2463.85,2480.39,2452.69,2480.28,2470.3100000000004,9.97,0.4,29690438.0,46087824681.0
BK1203.DC,20200902,2488.56,2502.99,2450.54,2481.95,2480.2799999999997,1.67,0.07,36356291.0,59921231511.0
BK1203.DC,20200903,2477.83,2510.28,2455.83,2462.75,2481.95,-19.2,-0.77,33739297.0,57020109822.0
BK1203.DC,20200904,2419.57,2449.98,2419.57,2445.86,2462.75,-16.89,-0.69,26403747.0,42365759285.0
BK1203.DC,20200907,2440.19,2454.16,2380.8,2380.8,2445.86,-65.06,-2.66,34730101.0,56003959992.0
BK1203.DC,20200908,2386.39,2432.63,2369.15,2420.35,2380.7999999999997,39.55,1.66,33223840.0,56072117295.0
BK1203.DC,20200909,2389.17,2409.23,2364.74,2370.13,2420.35,-50.22,-2.07,33623819.0,49890905466.0
BK1203.DC,20200910,2392.27,2392.27,2309.7,2309.7,2370.1299999999997,-60.43,-2.55,31514098.0,48504560392.0
BK1203.DC,20200911,2301.0,2325.28,2290.24,2321.44,2309.7000000000003,11.74,0.51,23177374.0,37008198935.0
BK1203.DC,20200914,2330.13,2335.8,2316.46,2334.97,2321.4399999999996,13.53,0.58,20569767.0,35412585232.0
BK1203.DC,20200915,2332.44,2339.76,2321.77,2335.49,2334.97,0.52,0.02,18259595.0,35183502037.0
BK1203.DC,20200916,2331.83,2355.04,2317.96,2328.59,2335.4900000000002,-6.9,-0.3,21051287.0,34566664546.0
BK1203.DC,20200917,2320.71,2340.45,2298.84,2316.12,2328.5899999999997,-12.47,-0.54,22473920.0,38422418738.0
BK1203.DC,20200918,2313.46,2434.46,2312.69,2428.01,2316.1200000000003,111.89,4.83,51125606.0,91084308086.0
BK1203.DC,20200921,2481.58,2482.75,2422.93,2423.29,2428.0099999999998,-4.72,-0.19,46403467.0,75436213159.0
BK1203.DC,20200922,2395.73,2490.96,2395.73,2426.41,2423.29,3.12,0.13,51112428.0,69568523858.0
BK1203.DC,20200923,2427.55,2437.03,2402.83,2406.54,2426.41,-19.87,-0.82,31275803.0,42693176053.0
BK1203.DC,20200924,2391.03,2416.01,2371.02,2371.02,2406.54,-35.52,-1.48,30124913.0,43238617662.0
BK1203.DC,20200925,2382.39,2415.27,2369.51,2399.83,2371.02,28.81,1.22,33847197.0,46810229242.0
BK1203.DC,20200928,2388.23,2410.02,2385.33,2388.14,2399.83,-11.69,-0.49,23090740.0,32523753706.0
BK1203.DC,20200929,2400.07,2418.8,2396.66,2396.98,2388.14,8.84,0.37,23927117.0,36767197569.0
BK1203.DC,20200930,2401.53,2405.02,2352.03,2367.97,2396.98,-29.01,-1.21,24592530.0,36105227704.0
BK1203.DC,20201009,2401.73,2409.46,2391.85,2405.91,2367.97,37.94,1.6,24335596.0,38485250679.0
BK1203.DC,20201012,2423.2,2496.33,2423.2,2490.89,2405.91,84.98,3.53,46332705.0,71245114240.0
BK1203.DC,20201013,2464.19,2464.19,2435.29,2453.78,2490.8900000000003,-37.11,-1.49,37692639.0,56068649569.0
BK1203.DC,20201014,2449.08,2449.68,2416.78,2422.89,2453.7799999999997,-30.89,-1.26,24913603.0,38042429763.0
BK1203.DC,20201015,2426.3,2456.87,2415.36,2417.08,2422.89,-5.81,-0.24,25070628.0,39311072891.0
BK1203.DC,20201016,2417.31,2435.88,2412.49,2425.35,2417.08,8.27,0.34,22572037.0,37980934596.0
BK1203.DC,20201019,2441.15,2460.53,2401.53,2401.57,2425.3500000000004,-23.78,-0.98,29518088.0,50090873985.0
BK1203.DC,20201020,2390.69,2406.08,2373.15,2406.08,2401.5699999999997,4.51,0.19,20505699.0,35001862209.0
BK1203.DC,20201021,2403.7,2405.36,2380.64,2392.9,2406.08,-13.18,-0.55,17559178.0,31203726794.0
BK1203.DC,20201022,2383.0,2420.54,2376.54,2403.17,2392.9,10.27,0.43,24854355.0,41559036932.0
BK1203.DC,20201023,2396.29,2414.76,2365.29,2365.29,2403.17,-37.88,-1.58,23441022.0,42689390205.0
BK1203.DC,20201026,2351.03,2351.03,2296.37,2306.91,2365.29,-58.38,-2.47,27778642.0,46273590019.0
BK1203.DC,20201027,2298.5,2313.19,2293.81,2308.69,2306.91,1.78,0.08,17483260.0,30082359540.0
BK1203.DC,20201028,2304.74,2318.71,2284.07,2311.76,2308.69,3.07,0.13,18594634.0,33206013261.0
BK1203.DC,20201029,2282.24,2334.53,2282.11,2319.37,2311.7599999999998,7.61,0.33,23348827.0,39983951286.0
BK1203.DC,20201030,2316.85,2327.88,2242.43,2242.43,2319.37,-76.94,-3.32,27253871.0,42538119870.0
BK1203.DC,20201102,2243.81,2279.85,2208.58,2226.32,2242.4300000000003,-16.11,-0.72,27309293.0,43960904350.0
BK1203.DC,20201103,2229.85,2295.51,2229.85,2281.89,2226.3199999999997,55.57,2.5,29139900.0,46866246530.0
BK1203.DC,20201104,2277.33,2282.81,2248.19,2264.14,2281.89,-17.75,-0.78,21353122.0,36683082673.0
BK1203.DC,20201105,2290.19,2306.33,2273.59,2292.95,2264.14,28.81,1.27,26888626.0,47466988684.0
BK1203.DC,20201106,2294.8,2317.75,2280.8,2298.61,2292.9500000000003,5.66,0.25,31205514.0,52731873412.0
BK1203.DC,20201109,2314.86,2395.1,2308.95,2373.21,2298.61,74.6,3.25,51111191.0,83556543925.0
BK1203.DC,20201110,2380.35,2382.36,2331.97,2339.55,2373.21,-33.66,-1.42,36356134.0,65741100986.0
BK1203.DC,20201111,2331.93,2340.1,2304.62,2308.49,2339.5499999999997,-31.06,-1.33,26411508.0,48184432357.0
BK1203.DC,20201112,2310.07,2319.08,2290.42,2298.93,2308.49,-9.56,-0.41,19765897.0,33766713920.0
BK1203.DC,20201113,2286.94,2289.08,2270.04,2280.42,2298.9300000000003,-18.51,-0.81,19843707.0,36996939036.0
BK1203.DC,20201116,2294.74,2308.13,2281.64,2302.43,2280.4199999999996,22.01,0.97,20163166.0,36609154039.0
BK1203.DC,20201117,2299.39,2302.4,2278.25,2302.4,2302.4300000000003,-0.03,0.0,20375077.0,38468859486.0
BK1203.DC,20201118,2301.34,2336.69,2301.34,2315.66,2302.3999999999996,13.26,0.58,26267883.0,48781972057.0
BK1203.DC,20201119,2301.46,2331.77,2288.02,2330.64,2315.66,14.98,0.65,24599420.0,42560297090.0
BK1203.DC,20201120,2322.37,2334.75,2316.08,2331.75,2330.64,1.11,0.05,19289282.0,33158332559.0
BK1203.DC,20201123,2322.79,2405.34,2318.87,2372.31,2331.75,40.56,1.74,45506059.0,73962088711.0
BK1203.DC,20201124,2365.38,2382.99,2348.98,2351.04,2372.31,-21.27,-0.9,27236258.0,46348785104.0
BK1203.DC,20201125,2367.05,2382.82,2319.53,2319.53,2351.0400000000004,-31.51,-1.34,28655471.0,55247917501.0
BK1203.DC,20201126,2314.21,2339.92,2305.6,2328.85,2319.5299999999997,9.32,0.4,23240366.0,44417766607.0
BK1203.DC,20201127,2324.19,2370.31,2321.07,2370.31,2328.85,41.46,1.78,29636522.0,52161672375.0
BK1203.DC,20201130,2377.81,2447.58,2371.75,2374.68,2370.31,4.37,0.18,68208856.0,122588194903.0
BK1203.DC,20201201,2361.6,2465.27,2349.78,2445.85,2374.68,71.17,3.0,63326143.0,104330145409.0
BK1203.DC,20201202,2439.4,2494.94,2427.26,2458.51,2445.8500000000004,12.66,0.52,58023639.0,93687238015.0
BK1203.DC,20201203,2445.86,2483.86,2435.13,2461.27,2458.5099999999998,2.76,0.11,54783450.0,76209861175.0
BK1203.DC,20201204,2440.03,2441.28,2407.36,2429.94,2461.27,-31.33,-1.27,40660909.0,62848164273.0
BK1203.DC,20201207,2422.52,2426.19,2384.85,2386.7,2429.9399999999996,-43.24,-1.78,30407289.0,48943456796.0
BK1203.DC,20201208,2382.46,2399.45,2366.74,2377.77,2386.7,-8.93,-0.37,26947818.0,47241096717.0
BK1203.DC,20201209,2377.55,2390.89,2300.52,2300.52,2377.77,-77.25,-3.25,36980575.0,60280815319.0
BK1203.DC,20201210,2289.66,2311.87,2276.89,2296.55,2300.52,-3.97,-0.17,28544991.0,46488918982.0
BK1203.DC,20201211,2294.29,2295.81,2251.02,2269.67,2296.55,-26.88,-1.17,32001859.0,53361941062.0
BK1203.DC,20201214,2262.64,2267.97,2240.54,2258.51,2269.67,-11.16,-0.49,19887626.0,35371956110.0
BK1203.DC,20201215,2247.2,2270.92,2241.35,2259.23,2258.51,0.72,0.03,21791249.0,38420985633.0
BK1203.DC,20201216,2256.06,2258.38,2226.58,2226.58,2259.23,-32.65,-1.45,19950063.0,34087976172.0
BK1203.DC,20201217,2219.75,2292.3,2207.98,2287.66,2226.58,61.08,2.74,35231554.0,59321428540.0
BK1203.DC,20201218,2278.93,2295.82,2261.78,2268.62,2287.66,-19.04,-0.83,26422906.0,42826517718.0
BK1203.DC,20201221,2265.31,2302.37,2251.53,2286.75,2268.62,18.13,0.8,27743966.0,45979007169.0
BK1203.DC,20201222,2276.16,2277.39,2192.27,2192.27,2286.75,-94.48,-4.13,35989059.0,59600951217.0
BK1203.DC,20201223,2197.27,2225.39,2191.69,2208.87,2192.27,16.6,0.76,27237491.0,43237500338.0
BK1203.DC,20201224,2204.3,2228.87,2174.96,2178.11,2208.8700000000003,-30.76,-1.39,23594126.0,36186201673.0
BK1203.DC,20201225,2172.62,2223.55,2165.73,2207.42,2178.11,29.31,1.35,28541473.0,43707195292.0
BK1203.DC,20201228,2202.41,2225.46,2184.2,2191.34,2207.42,-16.08,-0.73,32664734.0,47608919317.0
BK1203.DC,20201229,2195.38,2242.08,2195.38,2204.28,2191.34,12.94,0.59,35453778.0,50069884969.0
BK1203.DC,20201230,2190.44,2235.18,2182.73,2234.98,2204.28,30.7,1.39,39909044.0,58468489118.0
BK1203.DC,20201231,2249.58,2336.65,2249.58,2320.32,2234.98,85.34,3.82,63490696.0,98388983285.0
BK1203.DC,20210104,2341.83,2344.0,2293.9,2324.32,2320.32,4.0,0.17,60607584.0,95009835865.0
BK1203.DC,20210105,2308.0,2330.92,2277.61,2308.48,2324.32,-15.84,-0.68,62137451.0,95439647406.0
BK1203.DC,20210106,2299.42,2322.43,2259.41,2278.65,2308.48,-29.83,-1.29,46445832.0,76470768578.0
BK1203.DC,20210107,2275.58,2287.59,2211.89,2264.58,2278.65,-14.07,-0.62,50293624.0,79729270228.0
BK1203.DC,20210108,2257.91,2271.31,2226.49,2247.6,2264.58,-16.98,-0.75,41801837.0,71510069185.0
BK1203.DC,20210111,2252.79,2256.69,2195.06,2195.64,2247.6,-51.96,-2.31,40333633.0,67955055152.0
BK1203.DC,20210112,2184.86,2282.89,2177.07,2276.52,2195.64,80.88,3.68,65377735.0,116461995412.0
BK1203.DC,20210113,2273.7,2279.4,2202.32,2210.44,2276.52,-66.08,-2.9,54615642.0,101613242579.0
BK1203.DC,20210114,2200.82,2211.55,2178.71,2183.8,2210.44,-26.64,-1.21,39505109.0,73426656997.0
BK1203.DC,20210115,2181.45,2227.95,2181.45,2200.07,2183.8,16.27,0.75,34537381.0,68271434178.0
BK1203.DC,20210118,2195.43,2230.98,2190.78,2208.53,2200.07,8.46,0.38,32608634.0,61557902874.0
BK1203.DC,20210119,2207.2,2248.19,2199.48,2217.72,2208.5299999999997,9.19,0.42,36066046.0,66409851262.0
BK1203.DC,20210120,2217.11,2229.04,2201.13,2205.75,2217.72,-11.97,-0.54,29561276.0,59894549986.0
BK1203.DC,20210121,2210.04,2254.98,2197.98,2222.11,2205.75,16.36,0.74,40385380.0,77570505389.0
BK1203.DC,20210122,2213.01,2213.91,2168.39,2171.32,2222.11,-50.79,-2.29,39656098.0,69386706833.0
BK1203.DC,20210125,2170.22,2186.46,2149.02,2153.85,2171.3199999999997,-17.47,-0.8,37623552.0,66301211648.0
BK1203.DC,20210126,2142.56,2155.54,2102.97,2104.4,2153.85,-49.45,-2.3,34681987.0,63013949561.0
BK1203.DC,20210127,2101.9,2119.54,2096.48,2101.5,2104.4,-2.9,-0.14,22304416.0,39868038831.0
BK1203.DC,20210128,2084.76,2120.84,2084.76,2108.44,2101.5,6.94,0.33,26827075.0,49129526555.0
BK1203.DC,20210129,2115.33,2117.86,2062.63,2086.14,2108.44,-22.3,-1.06,29164478.0,56258369337.0
BK1203.DC,20210201,2082.91,2085.65,2048.46,2054.62,2086.14,-31.52,-1.51,28051840.0,42460947026.0
BK1203.DC,20210202,2050.72,2056.12,2031.98,2050.48,2054.62,-4.14,-0.2,27515078.0,46773104889.0
BK1203.DC,20210203,2043.25,2052.54,2021.01,2021.01,2050.48,-29.47,-1.44,24893476.0,44472793963.0
BK1203.DC,20210204,2013.65,2019.46,1958.53,1975.5,2021.01,-45.51,-2.25,28518987.0,50768579537.0
BK1203.DC,20210205,1979.75,2002.92,1957.39,1957.39,1975.5,-18.11,-0.92,22560885.0,38735085752.0
BK1203.DC,20210208,1961.69,1972.28,1942.17,1953.5,1957.39,-3.89,-0.2,21892036.0,38942901314.0
BK1203.DC,20210209,1953.67,1996.66,1935.77,1992.45,1953.5,38.95,1.99,28399750.0,50592687517.0
BK1203.DC,20210210,1991.0,2002.67,1984.25,1995.18,1992.45,2.73,0.14,22199526.0,41666485307.0
BK1203.DC,20210218,2028.07,2058.12,2021.6,2033.77,1995.18,38.59,1.93,29211016.0,55695892799.0
BK1203.DC,20210219,2029.99,2098.75,2027.18,2098.75,2033.77,64.98,3.2,30611408.0,53929513337.0
BK1203.DC,20210222,2102.6,2142.58,2084.5,2084.5,2098.75,-14.25,-0.68,41088376.0,68057303179.0
BK1203.DC,20210223,2076.74,2101.97,2069.66,2075.99,2084.5,-8.51,-0.41,25528599.0,44411676038.0
BK1203.DC,20210224,2075.07,2106.38,2063.14,2081.66,2075.99,5.67,0.27,25990812.0,46594184537.0
BK1203.DC,20210225,2092.7,2109.34,2077.67,2089.84,2081.6600000000003,8.18,0.39,29699765.0,56771899870.0
BK1203.DC,20210226,2060.0,2082.3,2060.0,2069.14,2089.8399999999997,-20.7,-0.99,26111406.0,47425212116.0
BK1203.DC,20210301,2076.75,2082.27,2064.24,2082.27,2069.14,13.13,0.63,25565374.0,43505252138.0
BK1203.DC,20210302,2089.44,2096.58,2068.29,2073.47,2082.27,-8.8,-0.42,24274365.0,40191732841.0
BK1203.DC,20210303,2070.05,2109.72,2070.05,2109.72,2073.47,36.25,1.75,25750610.0,44651187456.0
BK1203.DC,20210304,2096.6,2109.33,2077.93,2082.47,2109.72,-27.25,-1.29,25183489.0,44665894826.0
BK1203.DC,20210305,2073.47,2131.64,2073.47,2119.17,2082.4700000000003,36.7,1.76,34564648.0,53489591745.0
BK1203.DC,20210308,2132.16,2147.2,2094.71,2094.79,2119.17,-24.38,-1.15,31111816.0,51971947999.0
BK1203.DC,20210309,2090.64,2099.71,2024.72,2043.8,2094.79,-50.99,-2.43,30527230.0,49544625529.0
BK1203.DC,20210310,2054.22,2054.22,2020.66,2022.89,2043.8000000000002,-20.91,-1.02,22863680.0,34532175574.0
BK1203.DC,20210311,2026.71,2056.99,2026.71,2056.99,2022.8899999999999,34.1,1.69,23161533.0,37512573853.0
BK1203.DC,20210312,2053.2,2084.16,2031.0,2065.54,2056.99,8.55,0.42,30447557.0,43805558740.0
BK1203.DC,20210315,2046.57,2049.29,2023.74,2033.85,2065.54,-31.69,-1.53,21816603.0,32477594194.0
BK1203.DC,20210316,2032.79,2051.09,2026.22,2050.35,2033.85,16.5,0.81,18863607.0,29253945938.0
BK1203.DC,20210317,2045.52,2058.52,2040.68,2049.33,2050.35,-1.02,-0.05,20581203.0,35340309612.0
BK1203.DC,20210318,2048.95,2057.96,2038.18,2038.25,2049.33,-11.08,-0.54,21083237.0,35538143785.0
BK1203.DC,20210319,2022.93,2037.53,2018.95,2026.23,2038.25,-12.02,-0.59,22478452.0,37032308426.0
BK1203.DC,20210322,2035.31,2067.78,2031.2,2057.2,2026.2299999999998,30.97,1.53,25408787.0,36707536885.0
BK1203.DC,20210323,2054.76,2082.95,2042.44,2075.15,2057.2000000000003,17.95,0.87,28957918.0,40147627478.0
BK1203.DC,20210324,2062.84,2134.05,2062.84,2091.99,2075.1499999999996,16.84,0.81,39656817.0,52845572746.0
BK1203.DC,20210325,2078.13,2103.7,2078.13,2081.08,2091.99,-10.91,-0.52,26264555.0,35038416094.0
BK1203.DC,20210326,2079.16,2091.24,2071.92,2085.97,2081.08,4.89,0.23,23133119.0,34547688601.0
BK1203.DC,20210329,2081.12,2093.19,2071.49,2072.49,2085.97,-13.48,-0.65,21111384.0,31937175385.0
BK1203.DC,20210330,2069.32,2075.73,2058.18,2061.83,2072.49,-10.66,-0.51,20001401.0,28297339516.0
BK1203.DC,20210331,2057.24,2063.57,2045.73,2049.69,2061.83,-12.14,-0.59,23511480.0,30513965412.0
BK1203.DC,20210401,2051.42,2067.88,2044.3,2065.02,2049.69,15.33,0.75,19944848.0,26953745909.0
BK1203.DC,20210402,2066.66,2069.28,2055.56,2057.15,2065.02,-7.87,-0.38,20656915.0,31591227248.0
BK1203.DC,20210406,2061.31,2065.91,2055.98,2060.15,2057.15,3.0,0.15,16894153.0,25035092394.0
BK1203.DC,20210407,2058.82,2075.89,2054.23,2073.31,2060.15,13.16,0.64,22548724.0,30095758096.0
BK1203.DC,20210408,2067.2,2104.71,2064.85,2080.55,2073.3100000000004,7.24,0.35,34140233.0,37608227324.0
BK1203.DC,20210409,2069.06,2075.67,2058.61,2060.68,2080.5499999999997,-19.87,-0.96,23243082.0,29520292383.0
BK1203.DC,20210412,2058.25,2060.84,2026.21,2027.67,2060.6800000000003,-33.01,-1.6,24986872.0,30927596740.0
BK1203.DC,20210413,2024.3,2026.85,2001.65,2012.63,2027.67,-15.04,-0.74,20963055.0,27519712451.0
BK1203.DC,20210414,2006.45,2031.92,2006.45,2026.86,2012.6299999999999,14.23,0.71,17868448.0,25027131604.0
BK1203.DC,20210415,2015.61,2015.61,1996.5,2002.24,2026.86,-24.62,-1.21,19428347.0,27805369162.0
BK1203.DC,20210416,2001.14,2032.53,2001.13,2028.23,2002.24,25.99,1.3,18715685.0,25620769989.0
BK1203.DC,20210419,2025.52,2068.1,2021.98,2065.6,2028.23,37.37,1.84,29865466.0,41958393235.0
BK1203.DC,20210420,2058.89,2078.76,2044.0,2044.81,2065.6,-20.79,-1.01,22928815.0,32121728998.0
BK1203.DC,20210421,2035.22,2054.05,2033.49,2041.56,2044.81,-3.25,-0.16,16923384.0,23320026501.0
BK1203.DC,20210422,2050.48,2059.99,2041.52,2044.13,2041.5600000000002,2.57,0.13,19718922.0,28714762639.0
BK1203.DC,20210423,2037.45,2039.12,2018.25,2026.26,2044.1299999999999,-17.87,-0.87,18875434.0,32295911129.0
BK1203.DC,20210426,2021.33,2030.5,1981.63,1982.35,2026.26,-43.91,-2.17,24676409.0,39687434706.0
BK1203.DC,20210427,1980.46,1986.73,1958.82,1975.07,1982.35,-7.28,-0.37,25438611.0,36028931247.0
BK1203.DC,20210428,1970.8,1976.95,1961.59,1967.69,1975.0700000000002,-7.38,-0.37,18885949.0,28647097827.0
BK1203.DC,20210429,1958.75,2008.64,1957.64,1996.49,1967.69,28.8,1.46,30588118.0,43755856539.0
BK1203.DC,20210430,1994.57,1997.11,1963.41,1966.74,1996.49,-29.75,-1.49,27061859.0,36496299718.0
BK1203.DC,20210506,1977.45,1987.23,1951.98,1952.52,1966.74,-14.22,-0.72,27009305.0,38574678196.0
BK1203.DC,20210507,1950.19,1952.44,1935.66,1935.66,1952.52,-16.86,-0.86,23808190.0,31588962523.0
BK1203.DC,20210510,1936.2,1936.49,1918.96,1930.71,1935.66,-4.95,-0.26,22144258.0,28148106246.0
BK1203.DC,20210511,1924.16,1969.8,1924.16,1962.3,1930.71,31.59,1.64,23507589.0,30658275589.0
BK1203.DC,20210512,1950.63,1962.78,1945.13,1961.62,1962.3,-0.68,-0.03,16893075.0,22360953532.0
BK1203.DC,20210513,1948.16,1973.38,1948.16,1953.07,1961.62,-8.55,-0.44,16026083.0,22020067424.0
BK1203.DC,20210514,1958.4,2066.26,1958.4,2062.71,1953.07,109.64,5.61,55903641.0,78406138731.0
BK1203.DC,20210517,2043.64,2054.61,2020.74,2032.36,2062.71,-30.35,-1.47,39497583.0,57986104115.0
BK1203.DC,20210518,2029.61,2065.58,2028.2,2046.56,2032.36,14.2,0.7,29477478.0,39850912358.0
BK1203.DC,20210519,2038.15,2062.72,2035.78,2037.32,2046.56,-9.24,-0.45,25650336.0,36768884019.0
BK1203.DC,20210520,2032.84,2088.45,2032.84,2066.83,2037.32,29.51,1.45,38146214.0,49698906250.0
BK1203.DC,20210521,2063.29,2063.48,2034.73,2038.21,2066.83,-28.62,-1.38,27687614.0,38236788474.0
BK1203.DC,20210524,2042.88,2089.1,2042.88,2067.88,2038.21,29.67,1.46,36749699.0,51168960109.0
BK1203.DC,20210525,2065.28,2152.57,2065.28,2142.91,2067.8799999999997,75.03,3.63,63014706.0,94100393538.0
BK1203.DC,20210526,2161.35,2187.28,2144.71,2146.88,2142.9100000000003,3.97,0.19,62264718.0,84386783354.0
BK1203.DC,20210527,2137.08,2165.17,2133.07,2152.47,2146.8799999999997,5.59,0.26,44564660.0,60333352548.0
BK1203.DC,20210528,2149.21,2201.39,2140.45,2175.2,2152.47,22.73,1.06,56719837.0,74030745582.0
BK1203.DC,20210531,2169.14,2171.3,2148.33,2164.95,2175.2,-10.25,-0.47,44165047.0,58439698551.0
BK1203.DC,20210601,2150.51,2150.51,2131.68,2148.24,2164.95,-16.71,-0.77,40804465.0,54733231935.0
BK1203.DC,20210602,2146.41,2158.39,2111.05,2115.96,2148.2400000000002,-32.28,-1.5,36218819.0,48341331611.0
BK1203.DC,20210603,2113.4,2139.47,2108.19,2108.19,2115.96,-7.77,-0.37,34296740.0,47075736689.0
BK1203.DC,20210604,2101.94,2153.08,2101.94,2123.8,2108.19,15.61,0.74,44751948.0,59365764070.0
BK1203.DC,20210607,2119.09,2147.38,2113.32,2126.35,2123.7999999999997,2.55,0.12,31957217.0,44013748219.0
BK1203.DC,20210608,2119.91,2154.48,2119.27,2138.43,2126.35,12.08,0.57,33587673.0,46409090581.0
BK1203.DC,20210609,2141.66,2143.08,2118.13,2123.05,2138.4300000000003,-15.38,-0.72,27077140.0,38937970886.0
BK1203.DC,20210610,2118.54,2142.27,2117.26,2121.07,2123.05,-1.98,-0.09,29635950.0,44211519399.0
BK1203.DC,20210611,2121.79,2138.64,2099.26,2100.17,2121.07,-20.9,-0.99,36573030.0,52838806337.0
BK1203.DC,20210615,2093.22,2093.22,2062.88,2063.77,2100.17,-36.4,-1.73,26982476.0,41303736794.0
BK1203.DC,20210616,2058.4,2081.44,2053.54,2071.1,2063.77,7.33,0.36,28127477.0,42091507952.0
BK1203.DC,20210617,2066.82,2087.89,2064.74,2073.05,2071.1000000000004,1.95,0.09,24549485.0,36618444005.0
BK1203.DC,20210618,2070.3,2097.71,2067.74,2090.26,2073.05,17.21,0.83,27482797.0,42337203830.0
BK1203.DC,20210621,2086.83,2105.7,2080.69,2083.82,2090.26,-6.44,-0.31,25286192.0,39339666416.0
BK1203.DC,20210622,2090.51,2100.53,2079.82,2087.57,2083.82,3.75,0.18,22763930.0,33567198358.0
BK1203.DC,20210623,2084.9,2101.27,2075.37,2088.37,2087.5699999999997,0.8,0.04,25331947.0,37748289393.0
BK1203.DC,20210624,2085.87,2116.77,2084.19,2100.93,2088.37,12.56,0.6,26392370.0,37540474560.0
BK1203.DC,20210625,2103.65,2173.43,2099.49,2160.1,2100.93,59.17,2.82,48741791.0,72465810930.0
BK1203.DC,20210628,2158.65,2158.65,2126.7,2133.95,2160.1,-26.15,-1.21,32915257.0,49571622581.0
BK1203.DC,20210629,2125.58,2136.55,2107.3,2109.21,2133.95,-24.74,-1.16,24440345.0,38205045251.0
BK1203.DC,20210630,2110.63,2140.98,2106.84,2134.61,2109.21,25.4,1.2,25278784.0,38794249442.0
BK1203.DC,20210701,2155.14,2162.48,2074.06,2076.13,2134.61,-58.48,-2.74,34918008.0,52483411943.0
BK1203.DC,20210702,2066.27,2069.1,2037.34,2037.69,2076.13,-38.44,-1.85,28093080.0,44421872756.0
BK1203.DC,20210705,2032.73,2046.75,2032.45,2046.43,2037.69,8.74,0.43,19459397.0,29901942787.0
BK1203.DC,20210706,2049.08,2067.59,2040.78,2063.77,2046.43,17.34,0.85,19783709.0,30779589733.0
BK1203.DC,20210707,2053.0,2073.63,2053.0,2062.13,2063.77,-1.64,-0.08,18740084.0,29748417715.0
BK1203.DC,20210708,2071.71,2074.67,2052.79,2054.13,2062.13,-8.0,-0.39,22999371.0,38033401161.0
BK1203.DC,20210709,2044.96,2065.28,2044.96,2059.85,2054.13,5.72,0.28,20045175.0,31299033718.0
BK1203.DC,20210712,2079.15,2093.46,2065.56,2078.31,2059.85,18.46,0.9,32619658.0,51394545129.0
BK1203.DC,20210713,2075.44,2079.2,2067.46,2077.4,2078.31,-0.91,-0.04,22941213.0,32657026739.0
BK1203.DC,20210714,2077.54,2080.87,2059.46,2062.14,2077.4,-15.26,-0.73,25028963.0,38787921107.0
BK1203.DC,20210715,2056.03,2074.78,2046.87,2071.87,2062.14,9.73,0.47,26638970.0,42140367127.0
BK1203.DC,20210716,2075.9,2087.82,2059.8,2067.17,2071.87,-4.7,-0.23,26654893.0,39940830806.0
BK1203.DC,20210719,2052.92,2053.4,2034.52,2047.68,2067.17,-19.49,-0.94,23349126.0,32406488387.0
BK1203.DC,20210720,2033.79,2053.98,2033.79,2045.72,2047.68,-1.96,-0.1,17274089.0,24222426352.0
BK1203.DC,20210721,2045.78,2075.64,2045.78,2060.56,2045.72,14.84,0.73,25848926.0,41487935759.0
BK1203.DC,20210722,2056.26,2098.65,2053.7,2089.64,2060.56,29.08,1.41,33290402.0,50431517436.0
BK1203.DC,20210723,2088.09,2141.2,2075.72,2108.15,2089.64,18.51,0.89,49357557.0,69994846193.0
BK1203.DC,20210726,2101.4,2109.6,2048.88,2049.42,2108.15,-58.73,-2.79,46162429.0,68443650077.0
BK1203.DC,20210727,2052.22,2058.02,1994.78,1995.47,2049.42,-53.95,-2.63,36444626.0,53314365083.0
BK1203.DC,20210728,1992.56,2007.68,1964.16,1969.72,1995.47,-25.75,-1.29,29339288.0,41545255686.0
BK1203.DC,20210729,1990.39,2004.31,1978.79,1990.31,1969.72,20.59,1.05,28388257.0,42260396405.0
BK1203.DC,20210730,1984.12,1984.12,1957.58,1962.94,1990.31,-27.37,-1.38,26327439.0,34734921247.0
BK1203.DC,20210802,1955.15,2033.69,1935.47,2012.76,1962.94,49.82,2.54,39188447.0,56087291313.0
BK1203.DC,20210803,2001.52,2056.69,2001.52,2021.29,2012.76,8.53,0.42,37889064.0,52873178677.0
BK1203.DC,20210804,2018.87,2024.31,2005.11,2013.82,2021.29,-7.47,-0.37,25019803.0,36542145731.0
BK1203.DC,20210805,2009.25,2024.99,1983.84,1986.82,2013.82,-27.0,-1.34,23453224.0,34901749099.0
BK1203.DC,20210806,1988.99,1999.11,1979.43,1988.47,1986.82,1.65,0.08,20491041.0,28015723021.0
BK1203.DC,20210809,1979.6,2033.38,1979.6,2021.16,1988.47,32.69,1.64,32796595.0,47621183389.0
BK1203.DC,20210810,2011.24,2047.15,2006.72,2047.1,2021.1599999999999,25.94,1.28,32855065.0,47595908590.0
BK1203.DC,20210811,2045.88,2057.53,2031.19,2036.6,2047.1,-10.5,-0.51,30227310.0,43581526234.0
BK1203.DC,20210812,2032.64,2042.71,2024.03,2027.39,2036.6000000000001,-9.21,-0.45,22661547.0,32542843832.0
BK1203.DC,20210813,2025.94,2039.69,2012.4,2022.57,2027.3899999999999,-4.82,-0.24,21689093.0,29270334565.0
BK1203.DC,20210816,2025.6,2058.42,2025.6,2041.34,2022.57,18.77,0.93,31298960.0,41066789827.0
BK1203.DC,20210817,2035.78,2097.0,2034.66,2036.02,2041.34,-5.32,-0.26,48618829.0,63462368120.0
BK1203.DC,20210818,2032.32,2148.54,2032.32,2148.35,2036.02,112.33,5.52,77944582.0,103312708812.0
BK1203.DC,20210819,2145.42,2175.14,2116.98,2117.71,2148.35,-30.64,-1.43,74282489.0,103259294050.0
BK1203.DC,20210820,2108.66,2141.36,2100.52,2128.83,2117.71,11.12,0.53,53332288.0,68902945991.0
BK1203.DC,20210823,2144.16,2155.86,2126.14,2133.66,2128.83,4.83,0.23,48896574.0,60485629505.0
BK1203.DC,20210824,2133.26,2168.21,2119.29,2153.59,2133.6600000000003,19.93,0.93,56095492.0,77650484228.0
BK1203.DC,20210825,2140.58,2148.86,2125.66,2133.84,2153.59,-19.75,-0.92,40517187.0,54585535806.0
BK1203.DC,20210826,2128.62,2154.55,2118.78,2123.66,2133.8399999999997,-10.18,-0.48,40192208.0,53528032152.0
BK1203.DC,20210827,2121.37,2135.29,2107.23,2110.17,2123.66,-13.49,-0.64,33922741.0,45894673933.0
BK1203.DC,20210830,2114.42,2119.23,2082.56,2089.94,2110.17,-20.23,-0.96,39110893.0,52626374527.0
BK1203.DC,20210831,2082.78,2130.65,2074.52,2124.76,2089.94,34.82,1.67,48059597.0,67905952329.0
BK1203.DC,20210901,2119.99,2226.43,2117.66,2193.58,2124.7599999999998,68.82,3.24,79565913.0,112163275598.0
BK1203.DC,20210902,2187.46,2231.49,2187.46,2222.67,2193.58,29.09,1.33,67587678.0,92452664388.0
BK1203.DC,20210903,2300.19,2300.19,2212.87,2213.07,2222.67,-9.6,-0.43,82641083.0,107123545168.0
BK1203.DC,20210906,2205.79,2257.84,2205.79,2241.46,2213.07,28.39,1.28,70102970.0,92602026420.0
BK1203.DC,20210907,2230.81,2274.47,2219.19,2270.81,2241.46,29.35,1.31,69202251.0,94068643664.0
BK1203.DC,20210908,2264.86,2319.41,2261.38,2283.89,2270.81,13.08,0.58,70936495.0,91625865902.0
BK1203.DC,20210909,2262.64,2285.83,2256.87,2280.44,2283.89,-3.45,-0.15,53291012.0,65084061778.0
BK1203.DC,20210910,2288.52,2344.67,2283.82,2285.73,2280.44,5.29,0.23,71886531.0,93872967051.0
BK1203.DC,20210913,2282.22,2312.26,2279.17,2285.81,2285.73,0.08,0.0,49146090.0,66018463437.0
BK1203.DC,20210914,2287.56,2290.16,2224.99,2227.94,2285.81,-57.87,-2.53,51898677.0,69618067769.0
BK1203.DC,20210915,2227.25,2257.38,2226.59,2241.51,2227.94,13.57,0.61,45252262.0,53001094894.0
BK1203.DC,20210916,2245.15,2256.86,2204.32,2204.93,2241.5099999999998,-36.58,-1.63,43610166.0,54796955354.0
BK1203.DC,20210917,2208.51,2216.35,2185.62,2208.99,2204.93,4.06,0.18,34311369.0,45007357345.0
BK1203.DC,20210922,2179.2,2204.4,2179.2,2196.36,2208.9900000000002,-12.63,-0.57,28437929.0,37945857642.0
BK1203.DC,20210923,2206.5,2241.04,2205.81,2223.7,2196.3599999999997,27.34,1.24,36556442.0,47238791920.0
BK1203.DC,20210924,2225.93,2233.88,2187.72,2189.33,2223.7,-34.37,-1.55,30826545.0,39637723665.0
BK1203.DC,20210927,2190.46,2200.1,2137.6,2144.57,2189.3300000000004,-44.76,-2.04,38628096.0,53030158849.0
BK1203.DC,20210928,2146.64,2175.76,2146.64,2168.64,2144.5699999999997,24.07,1.12,29453567.0,41402012869.0
BK1203.DC,20210929,2149.58,2153.04,2114.25,2130.34,2168.6400000000003,-38.3,-1.77,30646893.0,40186181808.0
BK1203.DC,20210930,2132.67,2137.4,2116.56,2130.45,2130.3399999999997,0.11,0.01,23763690.0,32598369030.0
BK1203.DC,20211008,2150.58,2171.41,2150.58,2166.3,2130.4500000000003,35.85,1.68,27648072.0,44787334319.0
BK1203.DC,20211011,2168.32,2175.62,2143.59,2147.66,2166.2999999999997,-18.64,-0.86,24075641.0,36821274029.0
BK1203.DC,20211012,2137.47,2137.47,2081.92,2101.34,2147.6600000000003,-46.32,-2.16,29156758.0,43246947907.0
BK1203.DC,20211013,2098.34,2116.33,2084.1,2107.08,2101.34,5.74,0.27,18737372.0,26658534898.0
BK1203.DC,20211014,2105.99,2114.49,2094.64,2108.93,2107.08,1.85,0.09,15691222.0,21170515986.0
BK1203.DC,20211015,2103.54,2111.49,2089.11,2092.31,2108.93,-16.62,-0.79,19479740.0,27857753204.0
BK1203.DC,20211018,2093.92,2099.32,2083.25,2098.18,2092.31,5.87,0.28,17419728.0,25997127067.0
BK1203.DC,20211019,2095.41,2123.26,2095.41,2117.76,2098.1800000000003,19.58,0.93,21648315.0,31767550209.0
BK1203.DC,20211020,2119.0,2123.68,2110.36,2111.26,2117.76,-6.5,-0.31,18142435.0,26736456800.0
BK1203.DC,20211021,2113.02,2136.39,2103.06,2116.91,2111.2599999999998,5.65,0.27,24614307.0,40411103854.0
BK1203.DC,20211022,2114.71,2119.98,2101.23,2103.32,2116.9100000000003,-13.59,-0.64,19058410.0,28680465552.0
BK1203.DC,20211025,2102.5,2115.7,2077.27,2115.0,2103.32,11.68,0.56,28026417.0,38788368346.0
BK1203.DC,20211026,2105.15,2119.87,2096.69,2096.78,2115.0,-18.22,-0.86,20314393.0,30003789524.0
BK1203.DC,20211027,2091.08,2091.08,2046.82,2047.91,2096.78,-48.87,-2.33,24345871.0,33814472055.0
BK1203.DC,20211028,2038.94,2050.54,2026.26,2028.63,2047.91,-19.28,-0.94,20884045.0,29935623109.0
BK1203.DC,20211029,2025.55,2047.51,2006.75,2035.44,2028.63,6.81,0.34,28596494.0,44649278752.0
BK1203.DC,20211101,2035.65,2066.15,2033.33,2056.55,2035.4400000000003,21.11,1.04,25543678.0,32540109180.0
BK1203.DC,20211102,2050.21,2061.0,2006.37,2017.23,2056.55,-39.32,-1.91,26900883.0,35931010370.0
BK1203.DC,20211103,2015.84,2027.93,2013.06,2022.74,2017.23,5.51,0.27,16452262.0,21993934716.0
BK1203.DC,20211104,2027.9,2035.11,2023.61,2027.24,2022.74,4.5,0.22,16716742.0,22899105307.0
BK1203.DC,20211105,2022.57,2032.62,2018.55,2018.93,2027.24,-8.31,-0.41,17696813.0,22620384562.0
BK1203.DC,20211108,2016.2,2047.32,2013.12,2038.76,2018.93,19.83,0.98,18419041.0,25530199368.0
BK1203.DC,20211109,2042.02,2058.53,2040.49,2054.4,2038.76,15.64,0.77,20699069.0,25556697593.0
BK1203.DC,20211110,2049.69,2067.27,2045.7,2066.98,2054.4,12.58,0.61,21024998.0,28433017243.0
BK1203.DC,20211111,2063.47,2114.2,2063.47,2108.84,2066.98,41.86,2.03,36103408.0,53519807444.0
BK1203.DC,20211112,2106.62,2107.52,2093.35,2105.96,2108.84,-2.88,-0.14,22696159.0,31872899213.0
BK1203.DC,20211115,2109.8,2115.74,2094.62,2100.54,2105.96,-5.42,-0.26,20525227.0,26878867943.0
BK1203.DC,20211116,2097.23,2109.52,2080.95,2083.66,2100.54,-16.88,-0.8,21655232.0,31355923670.0
BK1203.DC,20211117,2081.44,2091.22,2080.01,2084.92,2083.66,1.26,0.06,15339472.0,20881438002.0
BK1203.DC,20211118,2082.87,2082.87,2059.11,2059.11,2084.92,-25.81,-1.24,17648543.0,22185535529.0
BK1203.DC,20211119,2056.17,2101.19,2052.87,2096.45,2059.1099999999997,37.34,1.81,26812569.0,34644001394.0
BK1203.DC,20211122,2089.87,2111.7,2082.69,2100.62,2096.45,4.17,0.2,26352206.0,35629468447.0
BK1203.DC,20211123,2097.14,2128.07,2097.14,2109.4,2100.62,8.78,0.42,29476564.0,39309839678.0
BK1203.DC,20211124,2107.24,2116.1,2096.26,2107.94,2109.4,-1.46,-0.07,20828515.0,28734390515.0
BK1203.DC,20211125,2111.31,2125.66,2106.18,2111.39,2107.94,3.45,0.16,19951381.0,25637147501.0
BK1203.DC,20211126,2111.15,2119.43,2103.48,2111.52,2111.39,0.13,0.01,19927973.0,27422497320.0
BK1203.DC,20211129,2088.51,2103.78,2088.51,2098.71,2111.52,-12.81,-0.61,21119388.0,27648493330.0
BK1203.DC,20211130,2108.48,2130.29,2108.48,2117.25,2098.71,18.54,0.88,21534991.0,28177889137.0
BK1203.DC,20211201,2112.19,2150.53,2112.19,2144.13,2117.25,26.88,1.27,26066554.0,33836802739.0
BK1203.DC,20211202,2140.11,2160.78,2138.22,2144.5,2144.13,0.37,0.02,28397568.0,36511999883.0
BK1203.DC,20211203,2149.41,2159.0,2137.12,2153.76,2144.5,9.26,0.43,24949670.0,34163947285.0
BK1203.DC,20211206,2169.59,2205.65,2152.48,2154.07,2153.76,0.31,0.01,50263123.0,70919359820.0
BK1203.DC,20211207,2173.64,2173.64,2138.63,2154.63,2154.07,0.56,0.03,33831473.0,47644218786.0
BK1203.DC,20211208,2158.55,2182.8,2140.42,2182.8,2154.63,28.17,1.31,32926761.0,45076531688.0
BK1203.DC,20211209,2178.71,2252.36,2176.5,2222.44,2182.8,39.64,1.82,59405671.0,80181683610.0
BK1203.DC,20211210,2202.67,2212.95,2194.89,2201.92,2222.44,-20.52,-0.92,42206624.0,54530246182.0
BK1203.DC,20211213,2231.48,2250.22,2202.8,2205.74,2201.9199999999996,3.82,0.17,46901181.0,67685727815.0
BK1203.DC,20211214,2194.05,2202.35,2186.55,2188.98,2205.7400000000002,-16.76,-0.76,29274879.0,40528667877.0
BK1203.DC,20211215,2187.81,2221.69,2187.81,2208.54,2188.98,19.56,0.89,29150162.0,39211325788.0
BK1203.DC,20211216,2209.04,2232.35,2206.21,2232.35,2208.54,23.81,1.08,26146382.0,34585696432.0
BK1203.DC,20211217,2233.49,2256.83,2226.94,2227.0,2232.35,-5.35,-0.24,32283360.0,42796445870.0
BK1203.DC,20211220,2217.0,2227.78,2192.37,2192.74,2227.0,-34.26,-1.54,28888557.0,38858851549.0
BK1203.DC,20211221,2190.95,2231.35,2190.03,2226.31,2192.74,33.57,1.53,35642770.0,38035163381.0
BK1203.DC,20211222,2228.3,2233.75,2215.93,2221.01,2226.3100000000004,-5.3,-0.24,30780286.0,31829825534.0
BK1203.DC,20211223,2223.15,2229.53,2204.09,2207.2,2221.0099999999998,-13.81,-0.62,26677668.0,30655708329.0
BK1203.DC,20211224,2205.42,2211.14,2185.49,2185.49,2207.2,-21.71,-0.98,24214198.0,28435031785.0
BK1203.DC,20211227,2189.6,2199.81,2182.72,2187.18,2185.49,1.69,0.08,19538193.0,23457990435.0
BK1203.DC,20211228,2186.78,2201.74,2184.02,2201.74,2187.18,14.56,0.67,22722160.0,29846349523.0
BK1203.DC,20211229,2199.65,2200.52,2185.39,2187.39,2201.74,-14.35,-0.65,20972457.0,27511683626.0
BK1203.DC,20211230,2184.19,2220.75,2184.19,2209.58,2187.39,22.19,1.01,30137487.0,38482842890.0
BK1203.DC,20211231,2210.95,2217.09,2204.07,2207.01,2209.5800000000004,-2.57,-0.12,27744943.0,35395778972.0
BK1203.DC,20220104,2206.06,2220.73,2199.29,2216.89,2207.0099999999998,9.88,0.45,27284891.0,34715692188.0
BK1203.DC,20220105,2217.5,2234.52,2208.64,2209.15,2216.89,-7.74,-0.35,31544594.0,45086624639.0
BK1203.DC,20220106,2199.63,2211.1,2190.98,2193.99,2209.1499999999996,-15.16,-0.69,31184892.0,44110145572.0
BK1203.DC,20220107,2199.16,2219.31,2194.17,2194.17,2193.9900000000002,0.18,0.01,28446525.0,39684382326.0
BK1203.DC,20220110,2192.56,2205.21,2191.23,2202.86,2194.17,8.69,0.4,22762133.0,30545425067.0
BK1203.DC,20220111,2202.16,2220.39,2198.14,2202.19,2202.86,-0.67,-0.03,25729376.0,32031008686.0
BK1203.DC,20220112,2202.21,2212.91,2196.31,2210.75,2202.19,8.56,0.39,21168157.0,27866366801.0
BK1203.DC,20220113,2215.19,2223.96,2193.95,2193.95,2210.75,-16.8,-0.76,24437766.0,33836903069.0
BK1203.DC,20220114,2180.9,2180.9,2152.02,2153.56,2193.95,-40.39,-1.84,31478396.0,41226546384.0
BK1203.DC,20220117,2145.6,2164.26,2144.82,2155.03,2153.5600000000004,1.47,0.07,21867860.0,30983332551.0
BK1203.DC,20220118,2154.1,2179.32,2148.19,2165.82,2155.03,10.79,0.5,26476758.0,34675144836.0
BK1203.DC,20220119,2161.02,2186.56,2161.02,2172.02,2165.82,6.2,0.29,24685891.0,31864404646.0
BK1203.DC,20220120,2173.15,2210.79,2167.65,2195.09,2172.02,23.07,1.06,38555150.0,53331436679.0
BK1203.DC,20220121,2190.85,2194.9,2171.08,2172.95,2195.0899999999997,-22.14,-1.01,26318819.0,34922945570.0
BK1203.DC,20220124,2161.94,2178.2,2156.78,2156.78,2172.9500000000003,-16.17,-0.74,21909220.0,27791009493.0
BK1203.DC,20220125,2147.41,2150.93,2079.99,2080.03,2156.78,-76.75,-3.56,25365767.0,31994575944.0
BK1203.DC,20220126,2082.54,2120.06,2080.45,2114.58,2080.0299999999997,34.55,1.66,23825502.0,30383741784.0
BK1203.DC,20220127,2103.37,2106.58,2060.55,2060.55,2114.5800000000004,-54.03,-2.56,25724896.0,35494779543.0
BK1203.DC,20220128,2075.83,2089.96,2051.87,2052.33,2060.5499999999997,-8.22,-0.4,24914725.0,34162090218.0
BK1203.DC,20220207,2079.69,2087.68,2066.61,2079.59,2052.33,27.26,1.33,21456671.0,30561838046.0
BK1203.DC,20220208,2080.66,2135.41,2079.64,2135.41,2079.5899999999997,55.82,2.68,27238222.0,34392081583.0
BK1203.DC,20220209,2132.61,2156.81,2132.54,2150.52,2135.41,15.11,0.71,23098395.0,31091232388.0
BK1203.DC,20220210,2150.7,2157.45,2139.32,2155.32,2150.52,4.8,0.22,22354801.0,30867647280.0
BK1203.DC,20220211,2147.97,2179.75,2147.11,2153.75,2155.32,-1.57,-0.07,30477245.0,46010644256.0
BK1203.DC,20220214,2138.71,2138.71,2103.58,2110.38,2153.75,-43.37,-2.01,34399438.0,52218683941.0
BK1203.DC,20220215,2105.58,2115.18,2098.05,2108.99,2110.3799999999997,-1.39,-0.07,19782525.0,28971577098.0
BK1203.DC,20220216,2118.71,2126.37,2110.77,2117.22,2108.99,8.23,0.39,17439606.0,24755472638.0
BK1203.DC,20220217,2110.44,2121.71,2100.49,2102.71,2117.2200000000003,-14.51,-0.69,19468865.0,24344536740.0
BK1203.DC,20220218,2089.05,2118.88,2089.05,2115.94,2102.71,13.23,0.63,17674683.0,23236727034.0
BK1203.DC,20220221,2119.46,2129.12,2113.93,2128.81,2115.94,12.87,0.61,21226040.0,30182941475.0
BK1203.DC,20220222,2112.99,2123.17,2090.54,2097.5,2128.81,-31.31,-1.47,23138550.0,31875961632.0
BK1203.DC,20220223,2099.17,2125.24,2094.86,2125.24,2097.5,27.74,1.32,22114565.0,30162862278.0
BK1203.DC,20220224,2113.51,2121.08,2037.84,2057.16,2125.24,-68.08,-3.2,34172729.0,43117330085.0
BK1203.DC,20220225,2071.77,2086.79,2061.76,2065.3,2057.1600000000003,8.14,0.4,21037954.0,27888454759.0
BK1203.DC,20220228,2072.54,2076.21,2051.14,2065.52,2065.3,0.22,0.01,21019412.0,27017536677.0
BK1203.DC,20220301,2066.41,2074.89,2058.49,2074.19,2065.52,8.67,0.42,21436507.0,28829543432.0
BK1203.DC,20220302,2059.58,2074.81,2059.58,2073.94,2074.19,-0.25,-0.01,16295046.0,19940453465.0
BK1203.DC,20220303,2078.55,2084.16,2068.48,2074.38,2073.94,0.44,0.02,18578022.0,21620907999.0
BK1203.DC,20220304,2062.9,2062.9,2039.34,2046.14,2074.38,-28.24,-1.36,19507365.0,25712308811.0
BK1203.DC,20220307,2039.95,2041.39,2007.95,2014.28,2046.1399999999999,-31.86,-1.56,21965126.0,30547916022.0
BK1203.DC,20220308,2012.0,2021.13,1969.14,1969.14,2014.2800000000002,-45.14,-2.24,25654644.0,32763948749.0
BK1203.DC,20220309,1974.67,1974.67,1858.14,1919.59,1969.1399999999999,-49.55,-2.52,33741856.0,39681322541.0
BK1203.DC,20220310,1952.51,1953.75,1922.02,1922.02,1919.59,2.43,0.13,24087975.0,30416577250.0
BK1203.DC,20220311,1897.41,1970.08,1872.8,1962.51,1922.02,40.49,2.11,33049926.0,40396791501.0
BK1203.DC,20220314,1934.94,1972.98,1932.91,1932.91,1962.51,-29.6,-1.51,25253433.0,30639420316.0
BK1203.DC,20220315,1920.84,1950.1,1861.96,1861.96,1932.91,-70.95,-3.67,36415088.0,45570009979.0
BK1203.DC,20220316,1884.3,1968.1,1859.93,1960.55,1861.96,98.59,5.29,46748611.0,58339563516.0
BK1203.DC,20220317,1981.37,2004.34,1958.66,1965.23,1960.55,4.68,0.24,43672702.0,59049046315.0
BK1203.DC,20220318,1960.19,1993.6,1957.81,1986.78,1965.23,21.55,1.1,31949380.0,43816307510.0
BK1203.DC,20220321,1982.74,1985.1,1959.25,1972.02,1986.78,-14.76,-0.74,27159207.0,35688122638.0
BK1203.DC,20220322,1966.54,1999.89,1966.54,1981.96,1972.02,9.94,0.5,23954171.0,28500850915.0
BK1203.DC,20220323,1980.66,1986.94,1971.95,1976.18,1981.96,-5.78,-0.29,19834196.0,23825640403.0
BK1203.DC,20220324,1963.52,1966.73,1946.83,1947.73,1976.18,-28.45,-1.44,19475224.0,24148902260.0
BK1203.DC,20220325,1948.46,1967.77,1934.57,1934.63,1947.73,-13.1,-0.67,19000448.0,23365312846.0
BK1203.DC,20220328,1914.26,1954.63,1912.06,1939.76,1934.6299999999999,5.13,0.27,19197288.0,22355104901.0
BK1203.DC,20220329,1942.72,1946.08,1915.42,1919.57,1939.76,-20.19,-1.04,16695680.0,18141226348.0
BK1203.DC,20220330,1932.41,1977.6,1932.41,1973.75,1919.57,54.18,2.82,32020634.0,39932856553.0
BK1203.DC,20220331,1961.21,1985.37,1961.21,1970.53,1973.75,-3.22,-0.16,24190562.0,28278051273.0
BK1203.DC,20220401,1959.53,2003.99,1959.53,2002.3,1970.53,31.77,1.61,29813768.0,35136550739.0
BK1203.DC,20220406,1993.12,2017.82,1993.12,2012.11,2002.3,9.81,0.49,27176788.0,30184372132.0
BK1203.DC,20220407,2000.24,2017.7,1964.87,1964.87,2012.11,-47.24,-2.35,25376859.0,29609351215.0
BK1203.DC,20220408,1965.3,1987.42,1942.96,1981.21,1964.8700000000001,16.34,0.83,25014035.0,29735191708.0
BK1203.DC,20220411,1971.02,1971.02,1911.27,1918.9,1981.21,-62.31,-3.15,26549460.0,31576432892.0
BK1203.DC,20220412,1915.11,1985.94,1905.16,1976.53,1918.8999999999999,57.63,3.0,34304719.0,39934815396.0
BK1203.DC,20220413,1962.66,1982.27,1947.93,1947.93,1976.53,-28.6,-1.45,28459145.0,33954974475.0
BK1203.DC,20220414,1962.38,1984.14,1954.06,1970.87,1947.9299999999998,22.94,1.18,29426491.0,36997783266.0
BK1203.DC,20220415,1957.94,1971.29,1932.77,1940.99,1970.8700000000001,-29.88,-1.52,27594395.0,32174379577.0
BK1203.DC,20220418,1912.26,1912.26,1881.04,1894.99,1940.99,-46.0,-2.37,26549715.0,30316969175.0
BK1203.DC,20220419,1892.63,1902.61,1880.81,1890.59,1894.99,-4.4,-0.23,20003914.0,22535179806.0
BK1203.DC,20220420,1890.4,1901.28,1861.21,1865.85,1890.59,-24.74,-1.31,22006414.0,25053071223.0
BK1203.DC,20220421,1857.54,1889.05,1844.08,1849.92,1865.8500000000001,-15.93,-0.85,27536530.0,30282546714.0
BK1203.DC,20220422,1838.83,1863.03,1838.32,1845.03,1849.92,-4.89,-0.26,24422180.0,26973379821.0
BK1203.DC,20220425,1808.16,1832.6,1761.07,1761.07,1845.03,-83.96,-4.55,36801875.0,39008717754.0
BK1203.DC,20220426,1758.92,1758.92,1670.08,1674.31,1761.07,-86.76,-4.93,39303257.0,40037642166.0
BK1203.DC,20220427,1642.46,1690.62,1623.33,1689.34,1674.31,15.03,0.9,36249535.0,35208360085.0
BK1203.DC,20220428,1666.8,1676.12,1628.52,1642.04,1689.34,-47.3,-2.8,28160315.0,27288960925.0
BK1203.DC,20220429,1677.52,1721.33,1662.16,1709.85,1642.04,67.81,4.13,40324786.0,42115731398.0
BK1203.DC,20220505,1686.78,1712.74,1686.78,1705.84,1709.85,-4.01,-0.23,27736122.0,27463674336.0
BK1203.DC,20220506,1675.54,1689.91,1665.58,1668.8,1705.84,-37.04,-2.17,22297842.0,22311810738.0
BK1203.DC,20220509,1662.94,1685.85,1661.37,1682.99,1668.8,14.19,0.85,15173686.0,14948712001.0
BK1203.DC,20220510,1664.01,1714.3,1664.01,1705.31,1682.99,22.32,1.33,23883642.0,23645235986.0
BK1203.DC,20220511,1705.54,1742.01,1705.08,1707.1,1705.31,1.79,0.1,32348152.0,34829113829.0
BK1203.DC,20220512,1697.94,1724.16,1693.91,1710.75,1707.1,3.65,0.21,20487478.0,21545728437.0
BK1203.DC,20220513,1717.2,1729.56,1707.59,1721.54,1710.75,10.79,0.63,18821539.0,19104646025.0
BK1203.DC,20220516,1733.37,1733.37,1711.58,1717.49,1721.54,-4.05,-0.24,18888814.0,19352109838.0
BK1203.DC,20220517,1715.85,1721.1,1699.7,1719.37,1717.4899999999998,1.88,0.11,16516440.0,17381762308.0
BK1203.DC,20220518,1723.22,1740.09,1720.56,1725.82,1719.37,6.45,0.38,21387906.0,22338844663.0
BK1203.DC,20220519,1704.57,1727.13,1704.57,1727.13,1725.8200000000002,1.31,0.08,18719998.0,18634693548.0
BK1203.DC,20220520,1732.5,1757.65,1732.5,1755.69,1727.13,28.56,1.65,27661205.0,31084649775.0
BK1203.DC,20220523,1756.15,1771.12,1749.21,1766.67,1755.69,10.98,0.63,22566225.0,22171997978.0
BK1203.DC,20220524,1766.37,1776.77,1707.85,1707.85,1766.6699999999998,-58.82,-3.33,25750435.0,24599874051.0
BK1203.DC,20220525,1706.68,1724.63,1706.68,1724.63,1707.8500000000001,16.78,0.98,16313782.0,15667711043.0
BK1203.DC,20220526,1726.99,1762.02,1710.4,1751.38,1724.63,26.75,1.55,25684109.0,24943285970.0
BK1203.DC,20220527,1756.0,1763.22,1737.17,1749.89,1751.38,-1.49,-0.09,22865610.0,21705506994.0
BK1203.DC,20220530,1751.02,1752.96,1738.05,1747.21,1749.89,-2.68,-0.15,17576899.0,17709944480.0
BK1203.DC,20220531,1747.15,1770.2,1741.63,1769.31,1747.21,22.1,1.26,24258519.0,26596192945.0
BK1203.DC,20220601,1765.65,1775.08,1752.26,1763.43,1769.3100000000002,-5.88,-0.33,18776856.0,20323928342.0
BK1203.DC,20220602,1758.62,1780.56,1751.16,1776.54,1763.43,13.11,0.74,20885944.0,20928748625.0
BK1203.DC,20220606,1771.29,1808.72,1769.15,1803.83,1776.54,27.29,1.54,32138505.0,35626057364.0
BK1203.DC,20220607,1802.04,1826.91,1793.94,1801.45,1803.8300000000002,-2.38,-0.13,31486245.0,35732405284.0
BK1203.DC,20220608,1803.22,1829.7,1796.21,1825.07,1801.45,23.62,1.31,35364124.0,37704795611.0
BK1203.DC,20220609,1828.34,1862.31,1817.13,1826.63,1825.0700000000002,1.56,0.09,42939860.0,45066273028.0
BK1203.DC,20220610,1813.38,1875.63,1807.98,1872.18,1826.63,45.55,2.49,51096330.0,52711837011.0
BK1203.DC,20220613,1847.59,1873.88,1837.46,1854.62,1872.1799999999998,-17.56,-0.94,40966207.0,44570073179.0
BK1203.DC,20220614,1833.53,1940.94,1818.51,1935.59,1854.62,80.97,4.37,60638407.0,65523184998.0
BK1203.DC,20220615,1956.15,2065.44,1956.15,2002.46,1935.5900000000001,66.87,3.45,108559121.0,126117850331.0
BK1203.DC,20220616,1992.82,1992.82,1933.48,1933.55,2002.46,-68.91,-3.44,77372175.0,90274446448.0
BK1203.DC,20220617,1910.82,1954.69,1887.55,1929.41,1933.5500000000002,-4.14,-0.21,53301513.0,61886215875.0
BK1203.DC,20220620,1920.97,1942.22,1909.82,1910.88,1929.41,-18.53,-0.96,35188521.0,41288603417.0
BK1203.DC,20220621,1911.05,1928.9,1894.17,1911.02,1910.8799999999999,0.14,0.01,32941618.0,39745908964.0
BK1203.DC,20220622,1910.81,1918.61,1877.56,1877.56,1911.02,-33.46,-1.75,32019145.0,37682909659.0
BK1203.DC,20220623,1874.39,1938.82,1874.39,1930.42,1877.5600000000002,52.86,2.82,43840071.0,54302391003.0
BK1203.DC,20220624,1934.59,1944.52,1918.32,1932.84,1930.4199999999998,2.42,0.13,35559551.0,46285144953.0
BK1203.DC,20220627,1944.56,1944.56,1916.32,1919.8,1932.84,-13.04,-0.67,31548890.0,41260463736.0
BK1203.DC,20220628,1916.39,1949.24,1904.68,1941.86,1919.8,22.06,1.15,32361255.0,38337923325.0
BK1203.DC,20220629,1931.73,1959.13,1908.33,1908.97,1941.8600000000001,-32.89,-1.69,37383498.0,43114677496.0
BK1203.DC,20220630,1909.76,1939.39,1909.76,1920.93,1908.97,11.96,0.63,30384202.0,35864879987.0
BK1203.DC,20220701,1920.43,1927.29,1897.1,1899.74,1920.93,-21.19,-1.1,24601331.0,27638859651.0
BK1203.DC,20220704,1895.33,1911.88,1883.89,1907.23,1899.74,7.49,0.39,23040350.0,27860775354.0
BK1203.DC,20220705,1909.88,1920.67,1876.21,1890.2,1907.23,-17.03,-0.89,25905787.0,30907983355.0
BK1203.DC,20220706,1886.08,1887.61,1863.34,1871.98,1890.2,-18.22,-0.96,23829932.0,28362723940.0
BK1203.DC,20220707,1868.62,1885.24,1866.76,1867.49,1871.98,-4.49,-0.24,17641408.0,20343238450.0
BK1203.DC,20220708,1872.77,1886.92,1866.07,1866.3,1867.49,-1.19,-0.06,19450983.0,24810863085.0
BK1203.DC,20220711,1865.22,1866.94,1851.47,1858.37,1866.3,-7.93,-0.42,18167675.0,20873095056.0
BK1203.DC,20220712,1862.81,1889.24,1857.92,1866.07,1858.37,7.7,0.41,24195613.0,26036224411.0
BK1203.DC,20220713,1862.78,1880.52,1862.78,1870.85,1866.07,4.78,0.26,19363685.0,20866110133.0
BK1203.DC,20220714,1870.47,1876.11,1860.05,1865.97,1870.8500000000001,-4.88,-0.26,22392950.0,25295041611.0
BK1203.DC,20220715,1855.04,1855.87,1809.36,1809.36,1865.9699999999998,-56.61,-3.03,26808670.0,27917269453.0
BK1203.DC,20220718,1813.76,1858.58,1813.76,1854.19,1809.3600000000001,44.83,2.48,20355891.0,22329526775.0
BK1203.DC,20220719,1857.76,1875.06,1849.58,1868.87,1854.1899999999998,14.68,0.79,17025669.0,18910477551.0
BK1203.DC,20220720,1874.35,1879.68,1867.21,1874.16,1868.8700000000001,5.29,0.28,15274299.0,15887106569.0
BK1203.DC,20220721,1870.25,1877.72,1860.79,1860.79,1874.1599999999999,-13.37,-0.71,15987695.0,17246807901.0
BK1203.DC,20220722,1863.85,1882.72,1844.85,1859.5,1860.79,-1.29,-0.07,17302097.0,18490558121.0
BK1203.DC,20220725,1858.49,1861.99,1841.03,1842.93,1859.5,-16.57,-0.89,13676597.0,15163542299.0
BK1203.DC,20220726,1844.72,1864.16,1842.49,1857.63,1842.93,14.7,0.8,11794059.0,12806472263.0
BK1203.DC,20220727,1854.14,1859.39,1848.28,1852.37,1857.6299999999999,-5.26,-0.28,12316812.0,13343607684.0
BK1203.DC,20220728,1862.84,1881.16,1862.84,1864.29,1852.37,11.92,0.64,19198122.0,21578719569.0
BK1203.DC,20220729,1863.62,1871.46,1844.6,1846.81,1864.29,-17.48,-0.94,16438489.0,18407536591.0
BK1203.DC,20220801,1843.64,1843.64,1828.14,1838.5,1846.81,-8.31,-0.45,15420017.0,17635455071.0
BK1203.DC,20220802,1822.59,1822.59,1751.73,1770.08,1838.5,-68.42,-3.72,26184434.0,26664889647.0
BK1203.DC,20220803,1768.18,1794.03,1755.22,1755.32,1770.08,-14.76,-0.83,16727784.0,17995961921.0
BK1203.DC,20220804,1769.49,1781.49,1761.25,1777.46,1755.32,22.14,1.26,13842006.0,14747249558.0
BK1203.DC,20220805,1779.52,1819.2,1775.83,1818.7,1777.46,41.24,2.32,19658362.0,20378048452.0
BK1203.DC,20220808,1811.23,1822.53,1811.23,1820.31,1818.7,1.61,0.09,13872264.0,14577207935.0
BK1203.DC,20220809,1818.09,1823.73,1809.26,1811.77,1820.31,-8.54,-0.47,12127390.0,13157099279.0
BK1203.DC,20220810,1808.04,1826.7,1802.24,1809.26,1811.77,-2.51,-0.14,13203134.0,14997784417.0
BK1203.DC,20220811,1820.09,1890.08,1820.02,1889.49,1809.26,80.23,4.43,43699629.0,48516421456.0
BK1203.DC,20220812,1876.16,1909.95,1875.74,1897.73,1889.49,8.24,0.44,37013185.0,36726627297.0
BK1203.DC,20220815,1887.92,1897.44,1878.75,1883.67,1897.73,-14.06,-0.74,26862671.0,25862002777.0
BK1203.DC,20220816,1892.65,1899.32,1882.29,1888.12,1883.6699999999998,4.45,0.24,20758895.0,19558483704.0
BK1203.DC,20220817,1889.57,1925.29,1881.87,1919.69,1888.1200000000001,31.57,1.67,33105413.0,34542143208.0
BK1203.DC,20220818,1912.71,1919.75,1900.03,1903.8,1919.69,-15.89,-0.83,23098063.0,22823255080.0
BK1203.DC,20220819,1903.1,1920.18,1899.3,1899.3,1903.8,-4.5,-0.24,21103902.0,21301875630.0
BK1203.DC,20220822,1892.46,1906.23,1890.13,1893.08,1899.3,-6.22,-0.33,17823558.0,18086682237.0
BK1203.DC,20220823,1893.13,1925.11,1886.48,1906.81,1893.08,13.73,0.73,25284088.0,25417865205.0
BK1203.DC,20220824,1905.71,1942.73,1882.64,1882.64,1906.8100000000002,-24.17,-1.27,36034630.0,39607552410.0
BK1203.DC,20220825,1889.78,1916.42,1882.78,1912.03,1882.6399999999999,29.39,1.56,34568839.0,36726019912.0
BK1203.DC,20220826,1912.93,1917.35,1894.61,1897.63,1912.0300000000002,-14.4,-0.75,26758805.0,26631351124.0
BK1203.DC,20220829,1881.02,1897.46,1877.01,1896.2,1897.63,-1.43,-0.08,22510415.0,21428102169.0
BK1203.DC,20220830,1895.46,1914.83,1883.6,1901.99,1896.2,5.79,0.31,25159057.0,23854739265.0
BK1203.DC,20220831,1896.18,1920.44,1885.06,1901.0,1901.99,-0.99,-0.05,31860399.0,34334598759.0
BK1203.DC,20220901,1896.42,1908.99,1878.4,1880.57,1901.0,-20.43,-1.07,22027418.0,22275221016.0
BK1203.DC,20220902,1884.35,1899.0,1875.06,1883.8,1880.57,3.23,0.17,20059018.0,20131224071.0
BK1203.DC,20220905,1879.75,1899.58,1876.93,1899.58,1883.8,15.78,0.84,19140436.0,18615827685.0
BK1203.DC,20220906,1903.48,1915.32,1898.31,1915.21,1899.58,15.63,0.82,22914762.0,24149746307.0
BK1203.DC,20220907,1909.94,1909.94,1891.45,1896.57,1915.21,-18.64,-0.97,17379428.0,17437139160.0
BK1203.DC,20220908,1898.9,1903.91,1886.32,1886.73,1896.57,-9.84,-0.52,16151850.0,17102760900.0
BK1203.DC,20220909,1887.92,1925.24,1887.92,1915.3,1886.73,28.57,1.51,28342470.0,31311738003.0
BK1203.DC,20220913,1920.24,1941.04,1916.92,1918.91,1915.3000000000002,3.61,0.19,25331401.0,26210513480.0
BK1203.DC,20220914,1891.14,1898.56,1879.46,1891.59,1918.9099999999999,-27.32,-1.42,22609842.0,22825555560.0
BK1203.DC,20220915,1897.15,1905.6,1866.55,1878.19,1891.5900000000001,-13.4,-0.71,24828238.0,26068717909.0
BK1203.DC,20220916,1873.01,1873.01,1795.2,1796.8,1878.19,-81.39,-4.33,41069382.0,46488757387.0
BK1203.DC,20220919,1793.19,1794.69,1767.87,1777.08,1796.8,-19.72,-1.1,20447219.0,21692145590.0
BK1203.DC,20220920,1785.36,1792.47,1772.41,1777.69,1777.0800000000002,0.61,0.03,15208792.0,16009222271.0
BK1203.DC,20220921,1772.51,1797.68,1751.98,1791.18,1777.69,13.49,0.76,17506439.0,17999143345.0
BK1203.DC,20220922,1778.79,1799.93,1778.79,1787.5,1791.18,-3.68,-0.21,14892074.0,15882083199.0
BK1203.DC,20220923,1784.6,1798.7,1767.27,1778.01,1787.5,-9.49,-0.53,17569486.0,17654268401.0
BK1203.DC,20220926,1764.33,1768.53,1730.18,1730.18,1778.01,-47.83,-2.69,18190586.0,17559916112.0
BK1203.DC,20220927,1735.59,1754.76,1730.32,1754.76,1730.18,24.58,1.42,13774891.0,14009203279.0
BK1203.DC,20220928,1752.45,1752.77,1723.0,1723.0,1754.76,-31.76,-1.81,15439378.0,16022312890.0
BK1203.DC,20220929,1734.96,1740.33,1695.52,1702.95,1723.0,-20.05,-1.16,16622471.0,16430162483.0
BK1203.DC,20220930,1703.44,1717.4,1701.13,1702.43,1702.95,-0.52,-0.03,13453420.0,13314903863.0
BK1203.DC,20221010,1702.82,1714.1,1681.11,1682.93,1702.43,-19.5,-1.15,14807563.0,14243008362.0
BK1203.DC,20221011,1687.12,1710.9,1675.29,1695.16,1682.93,12.23,0.73,15844166.0,14302882703.0
BK1203.DC,20221012,1692.65,1737.85,1688.69,1737.85,1695.1599999999999,42.69,2.52,19427062.0,18023612346.0
BK1203.DC,20221013,1729.28,1750.37,1727.63,1739.47,1737.8500000000001,1.62,0.09,15674789.0,15331911972.0
BK1203.DC,20221014,1750.56,1773.41,1750.56,1762.63,1739.47,23.16,1.33,19419189.0,20139956500.0
BK1203.DC,20221017,1753.38,1779.63,1753.38,1776.04,1762.6299999999999,13.41,0.76,16092383.0,15578837394.0
BK1203.DC,20221018,1782.37,1787.99,1767.36,1771.25,1776.04,-4.79,-0.27,15232310.0,15395355855.0
BK1203.DC,20221019,1767.41,1776.01,1760.01,1760.01,1771.25,-11.24,-0.63,14257292.0,14679353278.0
BK1203.DC,20221020,1754.95,1787.03,1750.95,1760.97,1760.01,0.96,0.05,18561916.0,18220691082.0
BK1203.DC,20221021,1795.59,1798.91,1762.32,1763.59,1760.97,2.62,0.15,24481442.0,23632384207.0
BK1203.DC,20221024,1769.23,1803.46,1733.55,1738.13,1763.5900000000001,-25.46,-1.44,29559366.0,29308418087.0
BK1203.DC,20221025,1733.43,1744.01,1703.69,1720.27,1738.1299999999999,-17.86,-1.03,25795187.0,26210131790.0
BK1203.DC,20221026,1723.02,1764.16,1723.02,1745.97,1720.27,25.7,1.49,23678430.0,23222430339.0
BK1203.DC,20221027,1747.62,1771.76,1744.83,1752.72,1745.97,6.75,0.39,20743922.0,20635947338.0
BK1203.DC,20221028,1744.94,1748.6,1696.03,1700.38,1752.72,-52.34,-2.99,23219615.0,22428482618.0
BK1203.DC,20221031,1692.44,1730.54,1691.31,1712.61,1700.3799999999999,12.23,0.72,21610602.0,20601023145.0
BK1203.DC,20221101,1715.93,1765.03,1715.93,1765.03,1712.61,52.42,3.06,25797998.0,26067636794.0
BK1203.DC,20221102,1758.37,1778.87,1755.93,1772.44,1765.03,7.41,0.42,22543210.0,22654248471.0
BK1203.DC,20221103,1760.64,1766.24,1753.53,1762.45,1772.44,-9.99,-0.56,15998224.0,15585214666.0
BK1203.DC,20221104,1762.43,1811.98,1762.43,1800.96,1762.45,38.51,2.19,31782249.0,33286410052.0
BK1203.DC,20221107,1790.52,1811.18,1790.14,1805.1,1800.9599999999998,4.14,0.23,22720908.0,22194471357.0
BK1203.DC,20221108,1804.57,1806.15,1788.93,1799.23,1805.1,-5.87,-0.33,15579233.0,15104848179.0
BK1203.DC,20221109,1798.7,1805.83,1791.4,1791.4,1799.23,-7.83,-0.44,13988933.0,13495969876.0
BK1203.DC,20221110,1782.66,1812.92,1780.89,1803.61,1791.3999999999999,12.21,0.68,18771508.0,18428588982.0
BK1203.DC,20221111,1842.16,1863.55,1822.73,1838.16,1803.6100000000001,34.55,1.92,43119778.0,46152377670.0
BK1203.DC,20221114,1844.21,1883.17,1842.61,1852.92,1838.16,14.76,0.8,39303239.0,43373803342.0
BK1203.DC,20221115,1847.31,1927.05,1846.51,1908.23,1852.92,55.31,2.99,52562837.0,54757141470.0
BK1203.DC,20221116,1900.68,1905.92,1879.21,1882.23,1908.23,-26.0,-1.36,33267057.0,34615680317.0
BK1203.DC,20221117,1880.76,1903.96,1874.83,1903.7,1882.23,21.47,1.14,29531374.0,29356963879.0
BK1203.DC,20221118,1902.12,1905.38,1879.65,1879.95,1903.7,-23.75,-1.25,26569986.0,26717694837.0
BK1203.DC,20221121,1870.57,1870.57,1841.35,1852.47,1879.95,-27.48,-1.46,22419085.0,23026860036.0
BK1203.DC,20221122,1850.72,1867.27,1840.23,1851.42,1852.47,-1.05,-0.06,22303540.0,23040985867.0
BK1203.DC,20221123,1847.73,1860.14,1839.45,1851.33,1851.4199999999998,-0.09,0.0,20884741.0,20380399158.0
BK1203.DC,20221124,1860.23,1861.27,1840.27,1842.19,1851.3300000000002,-9.14,-0.49,18987204.0,17453793692.0
BK1203.DC,20221125,1840.51,1873.87,1840.51,1862.19,1842.19,20.0,1.09,23226569.0,23625722585.0
BK1203.DC,20221128,1833.0,1852.62,1816.53,1850.51,1862.19,-11.68,-0.63,25882180.0,24762670661.0
BK1203.DC,20221129,1856.05,1919.24,1856.05,1912.91,1850.51,62.4,3.37,44192174.0,49711621276.0
BK1203.DC,20221130,1908.52,1931.26,1906.11,1910.67,1912.91,-2.24,-0.12,35662198.0,38051193583.0
BK1203.DC,20221201,1931.73,1954.64,1908.08,1908.08,1910.6699999999998,-2.59,-0.14,40361539.0,45333647918.0
BK1203.DC,20221202,1906.34,1916.9,1896.2,1904.24,1908.08,-3.84,-0.2,25704672.0,26593166715.0
BK1203.DC,20221205,1921.83,1980.67,1921.83,1976.3,1904.24,72.06,3.78,48451868.0,52619263165.0
BK1203.DC,20221206,1972.38,1989.89,1959.74,1965.73,1976.3,-10.57,-0.53,40375710.0,41130121567.0
BK1203.DC,20221207,1960.27,1971.04,1935.77,1951.3,1965.73,-14.43,-0.73,35497527.0,35693369356.0
BK1203.DC,20221208,1949.53,1952.71,1933.89,1942.27,1951.3,-9.03,-0.46,25377566.0,25036520846.0
BK1203.DC,20221209,1943.81,1952.62,1925.55,1943.64,1942.2700000000002,1.37,0.07,36209893.0,37985780632.0
BK1203.DC,20221212,1931.09,1931.09,1901.1,1902.66,1943.64,-40.98,-2.11,28110413.0,28917828394.0
BK1203.DC,20221213,1905.53,1914.12,1902.24,1904.86,1902.6599999999999,2.2,0.12,19952582.0,19314330302.0
BK1203.DC,20221214,1904.67,1917.22,1893.04,1904.41,1904.8600000000001,-0.45,-0.02,21269975.0,20235596266.0
BK1203.DC,20221215,1898.27,1907.06,1892.83,1895.8,1904.4099999999999,-8.61,-0.45,17036461.0,17005890759.0
BK1203.DC,20221216,1885.43,1904.85,1882.12,1894.89,1895.8000000000002,-0.91,-0.05,17756467.0,18218415046.0
BK1203.DC,20221219,1893.41,1899.66,1832.8,1838.61,1894.8899999999999,-56.28,-2.97,23955377.0,24356827417.0
BK1203.DC,20221220,1837.62,1851.34,1832.17,1838.97,1838.6100000000001,0.36,0.02,15838813.0,16393879272.0
BK1203.DC,20221221,1841.51,1846.71,1824.69,1831.75,1838.97,-7.22,-0.39,12994440.0,12825622159.0
BK1203.DC,20221222,1845.19,1852.11,1811.45,1816.72,1831.75,-15.03,-0.82,15828400.0,16179347156.0
BK1203.DC,20221223,1806.62,1833.64,1806.62,1821.42,1816.72,4.7,0.26,12818214.0,13050313270.0
BK1203.DC,20221226,1821.57,1826.51,1810.1,1819.28,1821.42,-2.14,-0.12,14010431.0,14491720546.0
BK1203.DC,20221227,1827.1,1842.63,1824.17,1836.71,1819.28,17.43,0.96,16737828.0,18231976633.0
BK1203.DC,20221228,1828.97,1839.23,1821.65,1822.34,1836.7099999999998,-14.37,-0.78,14690578.0,15905397533.0
BK1203.DC,20221229,1815.03,1822.97,1807.17,1814.25,1822.34,-8.09,-0.44,17450446.0,18890145640.0
BK1203.DC,20221230,1817.77,1829.06,1817.77,1826.04,1814.25,11.79,0.65,15627700.0,18085460421.0
BK1203.DC,20230103,1816.74,1837.2,1794.29,1835.4,1826.0400000000002,9.36,0.51,25214679.0,28374494603.0
BK1203.DC,20230104,1833.17,1849.61,1833.17,1845.18,1835.4,9.78,0.53,20323077.0,23668650316.0
BK1203.DC,20230105,1851.97,1871.54,1851.05,1865.02,1845.18,19.84,1.08,29186362.0,33972098931.0
BK1203.DC,20230106,1859.99,1874.83,1855.07,1859.08,1865.02,-5.94,-0.32,20589517.0,24464214700.0
BK1203.DC,20230109,1867.24,1896.17,1866.36,1880.67,1859.0800000000002,21.59,1.16,30710650.0,35520196767.0
BK1203.DC,20230110,1881.0,1896.62,1868.72,1870.69,1880.67,-9.98,-0.53,26936825.0,30718138816.0
BK1203.DC,20230111,1873.05,1879.04,1861.07,1862.72,1870.69,-7.97,-0.43,22450324.0,28587572009.0
BK1203.DC,20230112,1866.42,1877.46,1855.16,1876.93,1862.72,14.21,0.76,20704877.0,23519295294.0
BK1203.DC,20230113,1882.56,1915.75,1873.97,1915.75,1876.93,38.82,2.07,31523641.0,36491597768.0
BK1203.DC,20230116,1916.98,1992.69,1914.73,1961.44,1915.75,45.69,2.38,62061856.0,71873134590.0
BK1203.DC,20230117,1958.15,1988.71,1956.68,1987.13,1961.44,25.69,1.31,39965001.0,43166125281.0
BK1203.DC,20230118,1983.73,2012.31,1983.73,1997.98,1987.13,10.85,0.55,33910781.0,33709072674.0
BK1203.DC,20230119,1991.33,2041.48,1991.33,2040.78,1997.98,42.8,2.14,39202393.0,41016399944.0
BK1203.DC,20230120,2041.15,2041.15,2004.88,2018.8,2040.78,-21.98,-1.08,34643374.0,36986082452.0
BK1203.DC,20230130,2044.19,2044.19,2007.0,2008.29,2018.8,-10.51,-0.52,37064474.0,43510863244.0
BK1203.DC,20230131,2006.21,2020.99,1989.39,2004.02,2008.29,-4.27,-0.21,29170940.0,33344252891.0
BK1203.DC,20230201,2005.98,2049.21,2000.67,2048.74,2004.0199999999998,44.72,2.23,39012562.0,42130354485.0
BK1203.DC,20230202,2071.69,2071.69,2012.82,2012.82,2048.74,-35.92,-1.75,51320449.0,55749521803.0
BK1203.DC,20230203,2003.67,2012.05,1988.55,2007.45,2012.82,-5.37,-0.27,30433265.0,35032794667.0
BK1203.DC,20230206,1992.28,2001.27,1982.15,1987.12,2007.4499999999998,-20.33,-1.01,26447920.0,32652103080.0
BK1203.DC,20230207,1994.48,1996.54,1978.59,1990.26,1987.12,3.14,0.16,20228035.0,22417215540.0
BK1203.DC,20230208,1990.57,1991.29,1968.91,1970.0,1990.26,-20.26,-1.02,18659755.0,19938929032.0
BK1203.DC,20230209,1969.38,1999.95,1969.38,1999.63,1970.0,29.63,1.5,26452415.0,32814255516.0
BK1203.DC,20230210,1994.36,2000.86,1978.21,1985.24,1999.63,-14.39,-0.72,19932219.0,22867512098.0
BK1203.DC,20230213,1982.97,2003.31,1978.09,2001.86,1985.24,16.62,0.84,21210483.0,24751568079.0
BK1203.DC,20230214,2003.72,2005.52,1988.74,2002.17,2001.8600000000001,0.31,0.02,19353047.0,21037308720.0
BK1203.DC,20230215,2000.18,2000.18,1986.3,1987.69,2002.17,-14.48,-0.72,17835368.0,20207793664.0
BK1203.DC,20230216,1987.38,2023.44,1954.78,1965.66,1987.69,-22.03,-1.11,40862486.0,42794851376.0
BK1203.DC,20230217,1960.2,1970.66,1935.29,1935.29,1965.6599999999999,-30.37,-1.55,25173150.0,26531805995.0
BK1203.DC,20230220,1955.37,2007.05,1948.83,2004.06,1935.29,68.77,3.55,37948652.0,41864749239.0
BK1203.DC,20230221,2000.6,2013.27,1991.91,2009.61,2004.06,5.55,0.28,27155419.0,29723301601.0
BK1203.DC,20230222,1999.77,2016.88,1994.98,1999.53,2009.61,-10.08,-0.5,22407982.0,25701970784.0
BK1203.DC,20230223,2001.3,2034.51,2001.3,2012.57,1999.53,13.04,0.65,29830802.0,32778784375.0
BK1203.DC,20230224,2016.78,2016.78,1991.14,2001.33,2012.57,-11.24,-0.56,25222605.0,30813620267.0
BK1203.DC,20230227,1989.19,1991.98,1970.7,1975.76,2001.33,-25.57,-1.28,19280278.0,21749239023.0
BK1203.DC,20230228,1979.83,1995.86,1973.57,1995.85,1975.76,20.09,1.02,18414362.0,20379335983.0
BK1203.DC,20230301,1992.29,2022.29,1987.94,2018.37,1995.85,22.52,1.13,27452890.0,31516515914.0
BK1203.DC,20230302,2015.15,2021.49,2010.39,2013.46,2018.3700000000001,-4.91,-0.24,20927598.0,21609279269.0
BK1203.DC,20230303,2017.6,2026.86,2004.96,2023.75,2013.46,10.29,0.51,24807868.0,25420421004.0
BK1203.DC,20230306,2026.42,2027.64,1999.27,2001.79,2023.75,-21.96,-1.09,24879242.0,27746660043.0
BK1203.DC,20230307,2000.62,2017.43,1971.38,1971.38,2001.7900000000002,-30.41,-1.52,30441717.0,33963728514.0
BK1203.DC,20230308,1963.92,1972.56,1958.7,1972.56,1971.3799999999999,1.18,0.06,17926131.0,19859594358.0
BK1203.DC,20230309,1972.79,1972.8,1951.89,1957.62,1972.56,-14.94,-0.76,15179945.0,17367797056.0
BK1203.DC,20230310,1946.54,1953.78,1932.25,1932.47,1957.6200000000001,-25.15,-1.28,19392976.0,21062413059.0
BK1203.DC,20230313,1931.37,1948.67,1925.63,1944.35,1932.4699999999998,11.88,0.61,19365383.0,19677186977.0
BK1203.DC,20230314,1938.59,1938.59,1901.49,1916.34,1944.35,-28.01,-1.44,22623847.0,23147482626.0
BK1203.DC,20230315,1931.79,1946.3,1931.79,1939.13,1916.3400000000001,22.79,1.19,21736213.0,22021607796.0
BK1203.DC,20230316,1925.87,1936.92,1916.27,1916.27,1939.1299999999999,-22.86,-1.18,22412258.0,23404061083.0
BK1203.DC,20230317,1931.56,1964.98,1931.56,1949.51,1916.27,33.24,1.73,31855694.0,34766239420.0
BK1203.DC,20230320,1951.07,1962.51,1925.61,1928.55,1949.51,-20.96,-1.08,26332168.0,28022232604.0
BK1203.DC,20230321,1934.66,1946.38,1930.21,1942.09,1928.55,13.54,0.7,20600071.0,21325494716.0
BK1203.DC,20230322,1944.34,1951.93,1937.98,1944.66,1942.0900000000001,2.57,0.13,23636014.0,28883401297.0
BK1203.DC,20230323,1938.1,1965.38,1935.73,1965.38,1944.66,20.72,1.07,23895978.0,27219365148.0
BK1203.DC,20230324,1965.31,1968.32,1949.17,1956.7,1965.38,-8.68,-0.44,23771071.0,27382714200.0
BK1203.DC,20230327,1955.04,1964.23,1935.57,1961.01,1956.7,4.31,0.22,25400989.0,29685013216.0
BK1203.DC,20230328,1964.71,1964.71,1946.75,1947.91,1961.01,-13.1,-0.67,22053490.0,23483996922.0
BK1203.DC,20230329,1951.2,1951.2,1924.36,1930.04,1947.9099999999999,-17.87,-0.92,21473923.0,21949759697.0
BK1203.DC,20230330,1930.27,1943.93,1905.27,1934.98,1930.04,4.94,0.26,24530016.0,25046878657.0
BK1203.DC,20230331,1934.08,1946.01,1932.8,1937.05,1934.98,2.07,0.11,19050239.0,22015649180.0
BK1203.DC,20230403,1935.03,1985.63,1935.03,1984.36,1937.05,47.31,2.44,46192100.0,57537415800.0
BK1203.DC,20230404,1984.97,1996.61,1978.3,1992.03,1984.36,7.67,0.39,37257769.0,46970523449.0
BK1203.DC,20230406,1987.46,1989.25,1974.64,1978.98,1992.03,-13.05,-0.66,27497946.0,32187475252.0
BK1203.DC,20230407,1982.28,2000.78,1974.82,1994.63,1978.98,15.65,0.79,27327730.0,33062789812.0
BK1203.DC,20230410,2007.22,2009.75,1974.03,1975.59,1994.6299999999999,-19.04,-0.95,31098101.0,36865853433.0
BK1203.DC,20230411,1984.22,2006.34,1982.34,1989.94,1975.5900000000001,14.35,0.73,32824211.0,38156120763.0
BK1203.DC,20230412,1991.09,2005.89,1986.84,1997.66,1989.94,7.72,0.39,27005102.0,31765826081.0
BK1203.DC,20230413,1992.92,1994.93,1974.93,1979.18,1997.66,-18.48,-0.93,25042429.0,28808471101.0
BK1203.DC,20230414,1983.77,1991.97,1972.07,1982.15,1979.18,2.97,0.15,22700856.0,25379159700.0
BK1203.DC,20230417,1985.44,2031.29,1984.02,2030.72,1982.15,48.57,2.45,50627188.0,55262736461.0
BK1203.DC,20230418,2029.41,2050.03,2021.91,2025.85,2030.7199999999998,-4.87,-0.24,41524427.0,47763969287.0
BK1203.DC,20230419,2021.72,2021.72,1990.05,1992.8,2025.85,-33.05,-1.63,33166329.0,34895679532.0
BK1203.DC,20230420,1988.65,1988.97,1969.71,1988.35,1992.8,-4.45,-0.22,29033799.0,30652153050.0
BK1203.DC,20230421,1987.21,1987.21,1917.53,1917.53,1988.35,-70.82,-3.56,37725675.0,39979520986.0
BK1203.DC,20230424,1918.98,1927.23,1899.79,1906.38,1917.5300000000002,-11.15,-0.58,30679950.0,33147659245.0
BK1203.DC,20230425,1908.58,1913.72,1880.88,1901.6,1906.3799999999999,-4.78,-0.25,28677373.0,29279266699.0
BK1203.DC,20230426,1897.36,1910.37,1891.89,1904.69,1901.6000000000001,3.09,0.16,22993839.0,23694881777.0
BK1203.DC,20230427,1905.86,1935.62,1904.18,1926.93,1904.69,22.24,1.17,31208067.0,41473503221.0
BK1203.DC,20230428,1937.32,1992.12,1933.58,1980.56,1926.9299999999998,53.63,2.78,50035685.0,55202878785.0
BK1203.DC,20230504,1968.71,2018.75,1968.71,2018.71,1980.56,38.15,1.93,48608256.0,52567422558.0
BK1203.DC,20230505,2021.34,2053.72,2020.2,2030.8,2018.71,12.09,0.6,55837995.0,61516087702.0
BK1203.DC,20230508,2032.26,2083.48,2021.62,2068.71,2030.8,37.91,1.87,67721693.0,76759831255.0
BK1203.DC,20230509,2072.94,2154.07,2063.95,2085.69,2068.71,16.98,0.82,109269767.0,123244326105.0
BK1203.DC,20230510,2068.2,2079.16,2035.01,2045.82,2085.69,-39.87,-1.91,63061483.0,71691000230.0
BK1203.DC,20230511,2052.28,2065.13,2039.14,2042.66,2045.8200000000002,-3.16,-0.15,39607900.0,43818519836.0
BK1203.DC,20230512,2039.64,2049.15,2021.78,2022.79,2042.6599999999999,-19.87,-0.97,33189627.0,37064530634.0
BK1203.DC,20230515,2024.18,2055.86,1981.88,2052.38,2022.7900000000002,29.59,1.46,46129566.0,52653633816.0
BK1203.DC,20230516,2048.99,2063.15,2022.65,2028.0,2052.38,-24.38,-1.19,32433705.0,37230626856.0
BK1203.DC,20230517,2022.14,2038.77,2010.57,2025.05,2028.0,-2.95,-0.15,24144075.0,28088106016.0
BK1203.DC,20230518,2027.13,2034.7,2010.16,2015.94,2025.05,-9.11,-0.45,25673636.0,28609549741.0
BK1203.DC,20230519,2009.92,2009.92,1985.85,1990.09,2015.9399999999998,-25.85,-1.28,26681460.0,28337113859.0
BK1203.DC,20230522,1985.9,1992.8,1975.34,1983.58,1990.09,-6.51,-0.33,20848231.0,22040676845.0
BK1203.DC,20230523,1985.14,1986.92,1953.14,1953.14,1983.5800000000002,-30.44,-1.53,21660356.0,24051072044.0
BK1203.DC,20230524,1949.76,1954.38,1933.1,1933.26,1953.14,-19.88,-1.02,26041736.0,28643170786.0
BK1203.DC,20230525,1930.2,1945.08,1922.59,1944.76,1933.26,11.5,0.59,27424486.0,28429337513.0
BK1203.DC,20230526,1940.8,1951.86,1927.56,1944.7,1944.76,-0.06,0.0,19794861.0,20606417084.0
BK1203.DC,20230529,1945.08,1953.72,1934.41,1936.74,1944.7,-7.96,-0.41,24418152.0,26294870937.0
BK1203.DC,20230530,1933.95,1949.29,1925.46,1949.29,1936.74,12.55,0.65,23684549.0,26498804253.0
BK1203.DC,20230531,1944.47,1947.17,1935.9,1942.41,1949.2900000000002,-6.88,-0.35,22198909.0,24820241894.0
BK1203.DC,20230601,1939.69,1958.45,1928.44,1944.24,1942.41,1.83,0.09,24088979.0,26023743713.0
BK1203.DC,20230602,1949.99,1957.23,1946.48,1953.85,1944.24,9.61,0.49,21535595.0,26059423308.0
BK1203.DC,20230605,1954.07,1960.85,1946.33,1948.58,1953.85,-5.27,-0.27,16910952.0,18786058892.0
BK1203.DC,20230606,1945.09,1957.15,1914.91,1917.2,1948.5800000000002,-31.38,-1.61,23021795.0,25611915608.0
BK1203.DC,20230607,1918.3,1940.0,1918.3,1926.63,1917.2,9.43,0.49,16984655.0,18891041503.0
BK1203.DC,20230608,1924.57,1952.14,1914.49,1942.71,1926.63,16.08,0.83,22621730.0,25530675834.0
BK1203.DC,20230609,1943.13,1943.44,1929.03,1935.8,1942.71,-6.91,-0.36,21390760.0,24585475501.0
BK1203.DC,20230612,1930.45,1931.67,1917.44,1923.94,1935.8,-11.86,-0.61,20419350.0,22875016886.0
BK1203.DC,20230613,1922.18,1934.43,1922.18,1931.97,1923.94,8.03,0.42,16835094.0,19280661670.0
BK1203.DC,20230614,1935.45,1951.04,1929.07,1931.57,1931.97,-0.4,-0.02,21915569.0,24856176750.0
BK1203.DC,20230615,1932.99,1955.34,1926.7,1951.8,1931.57,20.23,1.05,28699256.0,32667066745.0
BK1203.DC,20230616,1952.15,1964.71,1950.25,1961.54,1951.8,9.74,0.5,26019330.0,28885362773.0
BK1203.DC,20230619,1958.06,1958.06,1941.1,1942.35,1961.54,-19.19,-0.98,20435838.0,24153237013.0
BK1203.DC,20230620,1940.36,1942.83,1927.72,1927.72,1942.3500000000001,-14.63,-0.75,19213722.0,22615785938.0
BK1203.DC,20230621,1925.17,1925.44,1893.39,1893.39,1927.72,-34.33,-1.78,20231060.0,21880300243.0
BK1203.DC,20230626,1880.12,1880.12,1853.57,1854.66,1893.39,-38.73,-2.05,22371773.0,22676847788.0
BK1203.DC,20230627,1858.38,1887.39,1858.38,1883.04,1854.6599999999999,28.38,1.53,15518961.0,16648974280.0
BK1203.DC,20230628,1883.62,1887.62,1863.9,1884.43,1883.04,1.39,0.07,14669914.0,15350169802.0
BK1203.DC,20230629,1881.1,1893.06,1878.18,1883.57,1884.4299999999998,-0.86,-0.05,13813353.0,13704978273.0
BK1203.DC,20230630,1882.22,1919.37,1882.22,1909.64,1883.5700000000002,26.07,1.38,18823942.0,19422558596.0
BK1203.DC,20230703,1909.44,1944.15,1909.44,1940.36,1909.6399999999999,30.72,1.61,24019337.0,26472003591.0
BK1203.DC,20230704,1935.56,1946.42,1928.4,1937.65,1940.3600000000001,-2.71,-0.14,17056300.0,17838923268.0
BK1203.DC,20230705,1936.16,1938.22,1924.22,1925.44,1937.65,-12.21,-0.63,13469080.0,13729059013.0
BK1203.DC,20230706,1922.02,1935.21,1917.76,1921.01,1925.44,-4.43,-0.23,13533531.0,15062738934.0
BK1203.DC,20230707,1916.51,1945.76,1915.15,1935.24,1921.01,14.23,0.74,17856671.0,19052156592.0
BK1203.DC,20230710,1945.23,1948.31,1932.42,1937.79,1935.24,2.55,0.13,14807567.0,16059170499.0
BK1203.DC,20230711,1940.56,1949.26,1936.82,1949.15,1937.7900000000002,11.36,0.59,13941482.0,14234651212.0
BK1203.DC,20230712,1948.84,1957.31,1928.7,1930.12,1949.1499999999999,-19.03,-0.98,16438596.0,17478962537.0
BK1203.DC,20230713,1939.2,1964.21,1939.2,1961.19,1930.1200000000001,31.07,1.61,26210639.0,29654760956.0
BK1203.DC,20230714,1960.88,1968.44,1955.9,1960.14,1961.19,-1.05,-0.05,16938567.0,18209502516.0
BK1203.DC,20230717,1955.52,1955.52,1944.48,1954.3,1960.1399999999999,-5.84,-0.3,14922435.0,15374424705.0
BK1203.DC,20230718,1953.96,1963.39,1947.2,1955.96,1954.3,1.66,0.08,13887384.0,14282111859.0
BK1203.DC,20230719,1952.06,1970.01,1952.06,1969.9,1955.96,13.94,0.71,15707556.0,16557416519.0
BK1203.DC,20230720,1976.22,1979.33,1956.35,1958.06,1969.8999999999999,-11.84,-0.6,18204325.0,18324650801.0
BK1203.DC,20230721,1955.03,1969.95,1952.62,1958.79,1958.06,0.73,0.04,16801762.0,16229713169.0
BK1203.DC,20230724,1950.98,1965.43,1947.77,1957.68,1958.79,-1.11,-0.06,14184148.0,14091193202.0
BK1203.DC,20230725,2015.31,2057.53,2005.52,2048.97,1957.6799999999998,91.29,4.66,70546679.0,76953547235.0
BK1203.DC,20230726,2047.64,2054.11,2027.18,2044.89,2048.9700000000003,-4.08,-0.2,58325844.0,48713372758.0
BK1203.DC,20230727,2040.01,2055.23,2022.36,2025.37,2044.8899999999999,-19.52,-0.95,46295913.0,39399129267.0
BK1203.DC,20230728,2023.06,2160.17,2023.06,2151.2,2025.37,125.83,6.21,114200616.0,116196027891.0
BK1203.DC,20230731,2175.95,2220.0,2175.58,2175.58,2151.2,24.38,1.13,112352181.0,119729402712.0
BK1203.DC,20230801,2161.0,2210.3,2161.0,2173.32,2175.5800000000004,-2.26,-0.1,118634807.0,96056272182.0
BK1203.DC,20230802,2164.48,2222.79,2164.22,2193.24,2173.3199999999997,19.92,0.92,94740779.0,80765005456.0
BK1203.DC,20230803,2210.86,2269.11,2173.91,2258.4,2193.2400000000002,65.16,2.97,119863071.0,109530351178.0
BK1203.DC,20230804,2301.84,2377.49,2286.18,2299.27,2258.4,40.87,1.81,184873129.0,181159242079.0
BK1203.DC,20230807,2263.76,2303.2,2253.74,2303.2,2299.27,3.93,0.17,105384518.0,98478695673.0
BK1203.DC,20230808,2281.13,2299.43,2229.96,2264.05,2303.2000000000003,-39.15,-1.7,100140799.0,99367754653.0
BK1203.DC,20230809,2255.56,2277.91,2242.17,2249.55,2264.05,-14.5,-0.64,65604668.0,64737641992.0
BK1203.DC,20230810,2251.41,2291.77,2243.64,2289.13,2249.55,39.58,1.76,88067106.0,81690493553.0
BK1203.DC,20230811,2268.96,2268.96,2201.01,2201.94,2289.13,-87.19,-3.81,94217517.0,91134976012.0
BK1203.DC,20230814,2160.74,2205.95,2160.74,2181.25,2201.94,-20.69,-0.94,75604662.0,69224276301.0
BK1203.DC,20230815,2170.97,2204.78,2166.1,2204.78,2181.25,23.53,1.08,67257903.0,64415875067.0
BK1203.DC,20230816,2182.71,2267.85,2172.44,2225.59,2204.78,20.81,0.94,87379408.0,81254374895.0
BK1203.DC,20230817,2210.51,2243.13,2194.8,2230.39,2225.5899999999997,4.8,0.22,87490732.0,79630339259.0
BK1203.DC,20230818,2231.98,2246.09,2179.09,2179.09,2230.3900000000003,-51.3,-2.3,63947553.0,61349075199.0
BK1203.DC,20230821,2167.69,2188.76,2130.25,2130.56,2179.09,-48.53,-2.23,60377343.0,60596850245.0
BK1203.DC,20230822,2141.23,2173.77,2124.11,2161.94,2130.56,31.38,1.47,62839040.0,60189850474.0
BK1203.DC,20230823,2147.83,2147.83,2105.41,2105.82,2161.94,-56.12,-2.6,53370623.0,47381069908.0
BK1203.DC,20230824,2114.96,2150.19,2104.7,2112.98,2105.82,7.16,0.34,53570149.0,52712304855.0
BK1203.DC,20230825,2102.99,2143.29,2102.99,2118.26,2112.98,5.28,0.25,47648620.0,47752576968.0
BK1203.DC,20230828,2313.52,2313.52,2168.78,2173.84,2118.26,55.58,2.62,136008258.0,141094015818.0
BK1203.DC,20230829,2162.54,2184.16,2118.77,2170.72,2173.8399999999997,-3.12,-0.14,94555108.0,90577833670.0
BK1203.DC,20230830,2157.29,2157.29,2113.22,2113.42,2170.7200000000003,-57.3,-2.64,63403216.0,61461911885.0
BK1203.DC,20230831,2110.08,2121.72,2077.05,2077.14,2113.42,-36.28,-1.72,49800626.0,47013517052.0
BK1203.DC,20230901,2087.1,2100.24,2069.48,2074.28,2077.1400000000003,-2.86,-0.14,40337003.0,41606573995.0
BK1203.DC,20230904,2079.74,2101.66,2071.79,2095.52,2074.28,21.24,1.02,41694730.0,42352201023.0
BK1203.DC,20230905,2088.5,2088.5,2066.94,2073.47,2095.52,-22.05,-1.05,37055708.0,34075368278.0
BK1203.DC,20230906,2065.21,2078.32,2060.54,2071.73,2073.47,-1.74,-0.08,32138893.0,31284236856.0
BK1203.DC,20230907,2068.92,2083.09,2055.07,2060.64,2071.73,-11.09,-0.54,37271656.0,34331025169.0
BK1203.DC,20230908,2052.83,2079.64,2049.6,2070.64,2060.64,10.0,0.49,29787100.0,26921267444.0
BK1203.DC,20230911,2073.3,2105.12,2059.75,2093.69,2070.64,23.05,1.11,41890315.0,40177453695.0
BK1203.DC,20230912,2086.13,2087.86,2069.41,2071.15,2093.69,-22.54,-1.08,27353866.0,26447287010.0
BK1203.DC,20230913,2070.3,2070.91,2041.74,2051.38,2071.15,-19.77,-0.95,24868244.0,24101206239.0
BK1203.DC,20230914,2052.78,2060.78,2044.15,2053.1,2051.38,1.72,0.08,25060782.0,23231502538.0
BK1203.DC,20230915,2061.01,2072.55,2044.59,2053.3,2053.1000000000004,0.2,0.01,28277051.0,27595089095.0
BK1203.DC,20230918,2043.89,2057.17,2034.66,2053.4,2053.3,0.1,0.0,23221101.0,21251528951.0
BK1203.DC,20230919,2052.24,2065.48,2048.5,2052.75,2053.4,-0.65,-0.03,24142269.0,21908590800.0
BK1203.DC,20230920,2049.06,2059.91,2044.42,2047.22,2052.75,-5.53,-0.27,23200213.0,20054713415.0
BK1203.DC,20230921,2045.59,2060.13,2033.47,2033.47,2047.22,-13.75,-0.67,24718469.0,22585776032.0
BK1203.DC,20230922,2031.18,2084.11,2031.18,2084.11,2033.47,50.64,2.49,45580364.0,42039542768.0
BK1203.DC,20230925,2072.36,2072.36,2032.96,2034.85,2084.11,-49.26,-2.36,37065463.0,32714701012.0
BK1203.DC,20230926,2031.83,2041.96,2030.23,2032.47,2034.8500000000001,-2.38,-0.12,24961363.0,21563746313.0
BK1203.DC,20230927,2031.87,2044.26,2031.87,2034.55,2032.47,2.08,0.1,23823206.0,21160879200.0
BK1203.DC,20230928,2038.17,2043.34,2026.77,2031.09,2034.55,-3.46,-0.17,24737224.0,23311992022.0
BK1203.DC,20231009,2020.59,2020.59,1990.78,2002.26,2031.09,-28.83,-1.42,26752024.0,23559028465.0
BK1203.DC,20231010,2006.73,2014.89,1995.52,1997.08,2002.26,-5.18,-0.26,20933361.0,18289144583.0
BK1203.DC,20231011,2002.82,2010.06,1985.09,1987.91,1997.0800000000002,-9.17,-0.46,22873722.0,20210249424.0
BK1203.DC,20231012,2013.75,2017.04,2005.15,2013.64,1987.91,25.73,1.29,25477689.0,25063843123.0
BK1203.DC,20231013,1998.1,2004.46,1992.85,1997.5,2013.64,-16.14,-0.8,20153585.0,18124445415.0
BK1203.DC,20231016,1997.7,2003.28,1983.52,1993.95,1997.5,-3.55,-0.18,21730556.0,19951734305.0
BK1203.DC,20231017,2000.26,2038.24,1997.48,2026.44,1993.95,32.49,1.63,35604949.0,32646963619.0
BK1203.DC,20231018,2020.41,2036.98,2018.26,2018.26,2026.44,-8.18,-0.4,28882554.0,26940310596.0
BK1203.DC,20231019,2009.14,2042.39,2008.81,2009.5,2018.26,-8.76,-0.43,41334026.0,37585688406.0
BK1203.DC,20231020,1998.62,2032.25,1998.62,2020.49,2009.5,10.99,0.55,37176250.0,34345929026.0
BK1203.DC,20231023,2007.9,2007.9,1964.78,1971.13,2020.49,-49.36,-2.44,37040840.0,33091943294.0
BK1203.DC,20231024,1976.71,2039.46,1976.71,2033.66,1971.13,62.53,3.17,52173334.0,44594555576.0
BK1203.DC,20231025,2048.94,2050.22,2029.82,2029.82,2033.6599999999999,-3.84,-0.19,46754227.0,40827416735.0
BK1203.DC,20231026,2015.3,2038.43,2015.0,2034.58,2029.82,4.76,0.23,33070741.0,28824605862.0
BK1203.DC,20231027,2023.97,2043.42,2012.39,2032.24,2034.58,-2.34,-0.12,35903137.0,34446190533.0
BK1203.DC,20231030,2023.09,2034.75,2012.88,2029.13,2032.24,-3.11,-0.15,35182944.0,33939162215.0
BK1203.DC,20231031,2027.71,2041.91,2020.3,2027.37,2029.1299999999999,-1.76,-0.09,31063796.0,28728158121.0
BK1203.DC,20231101,2041.41,2041.41,2024.11,2024.11,2027.37,-3.26,-0.16,27176646.0,24580841091.0
BK1203.DC,20231102,2022.79,2035.18,2002.19,2002.35,2024.11,-21.76,-1.08,25568793.0,22344667268.0
BK1203.DC,20231103,2004.44,2030.55,2002.84,2018.19,2002.3500000000001,15.84,0.79,27728725.0,26662159500.0
BK1203.DC,20231106,2062.43,2095.63,2055.32,2092.49,2018.1899999999998,74.3,3.68,66667358.0,61958911492.0
BK1203.DC,20231107,2086.11,2113.05,2086.11,2104.74,2092.49,12.25,0.59,59208596.0,52996881211.0
BK1203.DC,20231108,2101.8,2108.76,2072.98,2083.34,2104.7400000000002,-21.4,-1.02,50395698.0,46656093875.0
BK1203.DC,20231109,2078.36,2085.33,2063.7,2071.06,2083.34,-12.28,-0.59,38181368.0,39841272875.0
BK1203.DC,20231110,2063.84,2078.78,2060.99,2069.25,2071.06,-1.81,-0.09,42023440.0,42035841849.0
BK1203.DC,20231113,2068.25,2068.25,2055.37,2066.13,2069.25,-3.12,-0.15,32171657.0,30641845069.0
BK1203.DC,20231114,2067.44,2113.0,2066.6,2092.38,2066.13,26.25,1.27,51006568.0,51678241608.0
BK1203.DC,20231115,2110.11,2127.43,2096.47,2100.03,2092.38,7.65,0.37,44260984.0,47189267491.0
BK1203.DC,20231116,2094.58,2108.57,2085.67,2085.97,2100.0299999999997,-14.06,-0.67,32842643.0,33483566777.0
BK1203.DC,20231117,2080.05,2090.61,2075.8,2088.03,2085.9700000000003,2.06,0.1,29577389.0,30238464318.0
BK1203.DC,20231120,2086.89,2086.89,2065.29,2083.61,2088.03,-4.42,-0.21,28989663.0,29232052793.0
BK1203.DC,20231121,2088.34,2118.28,2083.54,2085.15,2083.61,1.54,0.07,38500079.0,38635129779.0
BK1203.DC,20231122,2079.49,2095.26,2074.83,2074.83,2085.15,-10.32,-0.49,28057042.0,26166137148.0
BK1203.DC,20231123,2077.96,2091.0,2069.97,2089.11,2074.83,14.28,0.69,26439899.0,25740152003.0
BK1203.DC,20231124,2085.36,2085.36,2068.91,2072.72,2089.1099999999997,-16.39,-0.78,25214043.0,24496351000.0
BK1203.DC,20231127,2065.59,2065.59,2047.01,2054.68,2072.72,-18.04,-0.87,26828877.0,27437405859.0
BK1203.DC,20231128,2049.63,2057.99,2044.18,2051.38,2054.6800000000003,-3.3,-0.16,21293132.0,21243645575.0
BK1203.DC,20231129,2050.19,2050.19,2029.23,2031.64,2051.38,-19.74,-0.96,22119859.0,23170090724.0
BK1203.DC,20231130,2030.47,2050.53,2028.7,2039.81,2031.6399999999999,8.17,0.4,24211641.0,24034734163.0
BK1203.DC,20231201,2037.18,2055.02,2033.05,2053.69,2039.81,13.88,0.68,23542899.0,23430355268.0
BK1203.DC,20231204,2053.62,2063.31,2051.01,2051.01,2053.69,-2.68,-0.13,22559474.0,22025639061.0
BK1203.DC,20231205,2045.98,2057.29,2029.75,2029.75,2051.01,-21.26,-1.04,25786182.0,26307888461.0
BK1203.DC,20231206,2024.83,2038.72,2024.74,2026.13,2029.75,-3.62,-0.18,22322238.0,22601799996.0
BK1203.DC,20231207,2022.97,2052.45,2021.5,2047.21,2026.13,21.08,1.04,26695089.0,26273609422.0
BK1203.DC,20231208,2044.54,2050.03,2025.46,2025.46,2047.21,-21.75,-1.06,29266743.0,27687028515.0
BK1203.DC,20231211,2024.41,2069.52,2001.48,2066.02,2025.46,40.56,2.0,39660752.0,37408646032.0
BK1203.DC,20231212,2057.54,2069.23,2053.5,2064.07,2066.02,-1.95,-0.09,26900988.0,26231389418.0
BK1203.DC,20231213,2059.34,2060.51,2044.13,2044.13,2064.07,-19.94,-0.97,21668283.0,22145033208.0
BK1203.DC,20231214,2053.33,2055.95,2037.61,2038.21,2044.13,-5.92,-0.29,20964641.0,20519557457.0
BK1203.DC,20231215,2040.31,2060.27,2034.46,2039.29,2038.21,1.08,0.05,23634161.0,23591788938.0
BK1203.DC,20231218,2036.26,2047.25,2013.78,2020.98,2039.29,-18.31,-0.9,25351889.0,23498191079.0
BK1203.DC,20231219,2013.6,2022.62,1992.86,2009.19,2020.98,-11.79,-0.58,30719790.0,26466476931.0
BK1203.DC,20231220,2004.96,2004.96,1958.06,1958.06,2009.19,-51.13,-2.54,30126878.0,26125710534.0
BK1203.DC,20231221,1949.19,1962.15,1933.26,1955.29,1958.06,-2.77,-0.14,24621027.0,22311796118.0
BK1203.DC,20231222,1953.83,1961.68,1939.3,1943.74,1955.29,-11.55,-0.59,22453862.0,20307979258.0
BK1203.DC,20231225,1936.17,1941.18,1921.01,1924.84,1943.74,-18.9,-0.97,17303564.0,14922297320.0
BK1203.DC,20231226,1921.27,1926.27,1905.18,1907.56,1924.84,-17.28,-0.9,16755792.0,15183320383.0
BK1203.DC,20231227,1908.05,1943.9,1901.57,1933.59,1907.56,26.03,1.36,25650566.0,24079210179.0
BK1203.DC,20231228,1928.9,1985.42,1928.9,1977.49,1933.59,43.9,2.27,33431129.0,32677864040.0
BK1203.DC,20231229,1973.6,1986.38,1973.34,1979.91,1977.49,2.42,0.12,24321079.0,23182510878.0
BK1203.DC,20240102,1979.69,1979.69,1966.67,1966.67,1979.91,-13.24,-0.67,20105493.0,19558620552.0
BK1203.DC,20240103,1963.9,1981.55,1963.86,1974.54,1966.67,7.87,0.4,18585046.0,17917898799.0
BK1203.DC,20240104,1972.74,1972.74,1944.35,1954.92,1974.54,-19.62,-0.99,19292652.0,19212299555.0
BK1203.DC,20240105,1952.22,1972.11,1936.53,1944.25,1954.92,-10.67,-0.55,22226347.0,21972491742.0
BK1203.DC,20240108,1937.46,1939.03,1909.64,1909.64,1944.25,-34.61,-1.78,22515210.0,21629237887.0
BK1203.DC,20240109,1909.41,1918.93,1889.31,1902.22,1909.64,-7.42,-0.39,20095104.0,18616058138.0
BK1203.DC,20240110,1897.99,1913.24,1885.55,1891.31,1902.22,-10.91,-0.57,18176096.0,17679643648.0
BK1203.DC,20240111,1888.98,1918.55,1887.54,1912.76,1891.31,21.45,1.13,21968107.0,20456034966.0
BK1203.DC,20240112,1906.57,1920.71,1893.4,1893.4,1912.76,-19.36,-1.01,19255757.0,17327652674.0
BK1203.DC,20240115,1886.16,1913.81,1883.81,1897.0,1893.4,3.6,0.19,19071392.0,16182353713.0
BK1203.DC,20240116,1893.29,1921.29,1887.45,1921.29,1897.0,24.29,1.28,26992030.0,25184956578.0
BK1203.DC,20240117,1917.89,1933.15,1898.69,1898.69,1921.29,-22.6,-1.18,25155184.0,23764890422.0
BK1203.DC,20240118,1885.68,1916.74,1856.47,1913.02,1898.69,14.33,0.75,41853498.0,39185514712.0
BK1203.DC,20240119,1899.16,1899.79,1881.05,1886.86,1913.02,-26.16,-1.37,26782364.0,25458659625.0
BK1203.DC,20240122,1880.27,1893.03,1813.87,1828.79,1886.86,-58.07,-3.08,35740564.0,33772549033.0
BK1203.DC,20240123,1820.05,1884.62,1804.82,1871.21,1828.79,42.42,2.32,36255326.0,33404296591.0
BK1203.DC,20240124,1880.88,1980.75,1864.62,1970.16,1871.21,98.95,5.29,60548202.0,54774659665.0
BK1203.DC,20240125,1971.45,2024.52,1965.46,2011.7,1970.16,41.54,2.11,64839752.0,62183189703.0
BK1203.DC,20240126,2003.71,2039.66,2001.81,2014.92,2011.7,3.22,0.16,53999177.0,51580833937.0
BK1203.DC,20240129,2009.07,2012.75,1954.13,1954.52,2014.92,-60.4,-3.0,44276615.0,42022989012.0
BK1203.DC,20240130,1927.06,1958.64,1910.54,1913.17,1954.52,-41.35,-2.12,41080683.0,36585851606.0
BK1203.DC,20240131,1900.28,1930.9,1882.53,1886.96,1913.17,-26.21,-1.37,43677360.0,38327043720.0
BK1203.DC,20240201,1863.64,1903.18,1851.9,1863.67,1886.96,-23.29,-1.23,40754681.0,36465171002.0
BK1203.DC,20240202,1860.8,1870.24,1754.03,1806.84,1863.6699999999998,-56.83,-3.05,50395854.0,43819212188.0
BK1203.DC,20240205,1781.76,1784.19,1699.39,1723.0,1806.84,-83.84,-4.64,48714825.0,41959094655.0
BK1203.DC,20240206,1684.99,1833.24,1684.54,1814.45,1723.0,91.45,5.31,52665358.0,45191681462.0
BK1203.DC,20240207,1809.69,1860.04,1809.69,1842.24,1814.45,27.79,1.53,57184586.0,47944178541.0
BK1203.DC,20240208,1849.59,1891.83,1849.59,1871.56,1842.24,29.32,1.59,54655231.0,46431451955.0
BK1203.DC,20240219,1871.94,1876.02,1835.65,1869.15,1871.5600000000002,-2.41,-0.13,42593938.0,36411352732.0
BK1203.DC,20240220,1861.11,1913.06,1853.01,1903.53,1869.1499999999999,34.38,1.84,42960239.0,38188015561.0
BK1203.DC,20240221,1885.58,1965.48,1880.81,1916.67,1903.53,13.14,0.69,58372831.0,56334047800.0
BK1203.DC,20240222,1903.82,1947.4,1903.82,1943.23,1916.67,26.56,1.39,41250012.0,39774484691.0
BK1203.DC,20240223,1944.66,1964.74,1935.42,1961.6,1943.23,18.37,0.95,42529980.0,39918383471.0
BK1203.DC,20240226,1953.65,1967.29,1941.94,1947.42,1961.6000000000001,-14.18,-0.72,39374159.0,36091251741.0
BK1203.DC,20240227,1941.69,1986.97,1941.69,1986.97,1947.42,39.55,2.03,43202328.0,38755027140.0
BK1203.DC,20240228,1999.7,2036.75,1968.61,1968.61,1986.9699999999998,-18.36,-0.92,80573064.0,69132930733.0
BK1203.DC,20240229,1951.46,2016.38,1951.46,2016.38,1968.6100000000001,47.77,2.43,59432772.0,50454789513.0
BK1203.DC,20240301,2011.22,2024.38,1994.62,2013.44,2016.38,-2.94,-0.15,50262607.0,45322405090.0
BK1203.DC,20240304,2005.35,2005.35,1974.82,1988.45,2013.44,-24.99,-1.24,39462500.0,36288736094.0
BK1203.DC,20240305,1978.02,1984.73,1961.32,1968.22,1988.45,-20.23,-1.02,34154620.0,32516572452.0
BK1203.DC,20240306,1965.5,1990.13,1949.71,1969.56,1968.22,1.34,0.07,32903946.0,30450508011.0
BK1203.DC,20240307,1965.97,1983.13,1943.14,1946.22,1969.56,-23.34,-1.19,36048695.0,34498575384.0
BK1203.DC,20240308,1943.22,1952.5,1932.58,1948.73,1946.22,2.51,0.13,24706275.0,22624936853.0
BK1203.DC,20240311,1948.02,1975.81,1948.02,1975.81,1948.73,27.08,1.39,31727333.0,29247742967.0
BK1203.DC,20240312,1980.38,1992.16,1967.9,1985.11,1975.81,9.3,0.47,35962746.0,35518835831.0
BK1203.DC,20240313,1981.33,1981.33,1954.71,1966.44,1985.1100000000001,-18.67,-0.94,31455125.0,32477579538.0
BK1203.DC,20240314,1962.6,1978.34,1943.91,1956.26,1966.44,-10.18,-0.52,29145311.0,27841414992.0
BK1203.DC,20240315,1950.37,1973.66,1942.31,1973.66,1956.26,17.4,0.89,28762096.0,26426449379.0
BK1203.DC,20240318,1979.88,2017.29,1979.05,2011.05,1973.6599999999999,37.39,1.89,49791842.0,47128711961.0
BK1203.DC,20240319,2003.1,2003.1,1975.86,1975.86,2011.05,-35.19,-1.75,32156819.0,30705490711.0
BK1203.DC,20240320,1974.15,1987.16,1968.29,1982.74,1975.86,6.88,0.35,27311045.0,25637747017.0
BK1203.DC,20240321,1985.63,2007.3,1982.19,1988.12,1982.7399999999998,5.38,0.27,35581326.0,34253222967.0
BK1203.DC,20240322,1985.27,1985.27,1953.05,1953.58,1988.12,-34.54,-1.74,35818823.0,35940157663.0
BK1203.DC,20240325,1935.85,1938.18,1900.44,1900.44,1953.5800000000002,-53.14,-2.72,35675597.0,32955864765.0
BK1203.DC,20240326,1899.47,1909.83,1888.33,1907.84,1900.4399999999998,7.4,0.39,25114771.0,22661992377.0
BK1203.DC,20240327,1901.21,1901.21,1858.31,1858.31,1907.84,-49.53,-2.6,25392896.0,22739851166.0
BK1203.DC,20240328,1858.57,1894.86,1858.57,1876.49,1858.31,18.18,0.98,27680802.0,24691744848.0
BK1203.DC,20240329,1874.2,1891.61,1866.54,1891.61,1876.49,15.12,0.81,27655750.0,24726861560.0
BK1203.DC,20240401,1912.35,1927.59,1912.35,1927.59,1891.61,35.98,1.9,32024886.0,27483593344.0
BK1203.DC,20240402,1926.58,1933.56,1907.43,1913.13,1927.5900000000001,-14.46,-0.75,29222027.0,24718367049.0
BK1203.DC,20240403,1910.42,1917.45,1899.01,1900.84,1913.1299999999999,-12.29,-0.64,22147226.0,19730497106.0
BK1203.DC,20240408,1888.56,1895.42,1867.34,1867.59,1900.84,-33.25,-1.75,25357564.0,22354831403.0
BK1203.DC,20240409,1870.11,1885.01,1870.11,1881.8,1867.59,14.21,0.76,18526721.0,15941735514.0
BK1203.DC,20240410,1879.45,1879.45,1837.19,1846.35,1881.8,-35.45,-1.88,24103551.0,21738475913.0
BK1203.DC,20240411,1837.1,1863.62,1837.1,1847.72,1846.3500000000001,1.37,0.07,21621349.0,18788011215.0
BK1203.DC,20240412,1845.79,1849.53,1811.36,1812.64,1847.72,-35.08,-1.9,24191478.0,22681020288.0
BK1203.DC,20240415,1811.51,1864.86,1787.85,1844.44,1812.64,31.8,1.75,42521957.0,38007567238.0
BK1203.DC,20240416,1830.33,1837.98,1784.55,1786.67,1844.44,-57.77,-3.13,36656682.0,31087169162.0
BK1203.DC,20240417,1787.73,1841.19,1787.73,1841.19,1786.67,54.52,3.05,34435507.0,29393743537.0
BK1203.DC,20240418,1835.87,1880.75,1829.85,1855.87,1841.1899999999998,14.68,0.8,41214497.0,37425388125.0
BK1203.DC,20240419,1844.84,1866.28,1840.84,1845.98,1855.8700000000001,-9.89,-0.53,29348165.0,24167414858.0
BK1203.DC,20240422,1840.53,1862.42,1833.51,1838.03,1845.98,-7.95,-0.43,24487159.0,21649541708.0
BK1203.DC,20240423,1840.29,1848.49,1835.05,1839.92,1838.03,1.89,0.1,21851846.0,18982317447.0
BK1203.DC,20240424,1841.97,1851.1,1835.69,1848.42,1839.92,8.5,0.46,24619267.0,22613764934.0
BK1203.DC,20240425,1842.29,1859.23,1837.56,1845.21,1848.42,-3.21,-0.17,20745566.0,19276520885.0
BK1203.DC,20240426,1887.07,1946.26,1867.59,1942.42,1845.21,97.21,5.27,70981911.0,62409347874.0
BK1203.DC,20240429,1950.49,1997.48,1950.49,1984.03,1942.42,41.61,2.14,79372852.0,69866925957.0
BK1203.DC,20240430,1977.87,1985.34,1955.64,1958.0,1984.03,-26.03,-1.31,53296662.0,45192749931.0
BK1203.DC,20240506,1985.46,1996.34,1962.58,1972.64,1958.0,14.64,0.75,47922239.0,46316854613.0
BK1203.DC,20240507,1968.09,1982.31,1960.49,1974.89,1972.64,2.25,0.11,36166873.0,34083679007.0
BK1203.DC,20240508,1967.67,1967.95,1940.74,1941.89,1974.89,-33.0,-1.67,29241809.0,26123509492.0
BK1203.DC,20240509,1943.6,1968.49,1943.6,1957.17,1941.89,15.28,0.79,31219555.0,27551707275.0
BK1203.DC,20240510,1957.7,1972.01,1946.25,1965.76,1957.17,8.59,0.44,36142579.0,33126066396.0
BK1203.DC,20240513,1954.83,1981.05,1936.95,1968.91,1965.76,3.15,0.16,40956563.0,36090948044.0
BK1203.DC,20240514,1965.89,1983.95,1957.02,1983.7,1968.91,14.79,0.75,36580451.0,32006884343.0
BK1203.DC,20240515,1992.32,1992.32,1934.66,1934.85,1983.6999999999998,-48.85,-2.46,44010548.0,37795153764.0
BK1203.DC,20240516,1940.22,1957.24,1933.9,1942.39,1934.8500000000001,7.54,0.39,34305166.0,32175368956.0
BK1203.DC,20240517,1939.36,1967.47,1933.53,1967.47,1942.39,25.08,1.29,36527655.0,38931669975.0
BK1203.DC,20240520,1963.93,1982.92,1961.51,1962.77,1967.47,-4.7,-0.24,36312473.0,38907254899.0
BK1203.DC,20240521,1958.11,1961.68,1939.5,1946.29,1962.77,-16.48,-0.84,22820891.0,21717171874.0
BK1203.DC,20240522,1943.77,1958.76,1940.97,1952.23,1946.29,5.94,0.31,24681651.0,24035134357.0
BK1203.DC,20240523,1944.89,1944.89,1908.1,1910.29,1952.23,-41.94,-2.15,30960743.0,28243998317.0
BK1203.DC,20240524,1906.24,1916.87,1889.48,1889.48,1910.29,-20.81,-1.09,22887574.0,21807814680.0
BK1203.DC,20240527,1896.42,1902.56,1878.98,1901.6,1889.48,12.12,0.64,23835154.0,20688953782.0
BK1203.DC,20240528,1896.38,1902.39,1878.66,1880.41,1901.6000000000001,-21.19,-1.11,19469603.0,17535701389.0
BK1203.DC,20240529,1877.44,1897.44,1874.85,1881.65,1880.41,1.24,0.07,18329086.0,16162363553.0
BK1203.DC,20240530,1877.0,1885.47,1869.71,1879.28,1881.6499999999999,-2.37,-0.13,18535107.0,16880230518.0
BK1203.DC,20240531,1883.02,1892.75,1879.03,1879.22,1879.28,-0.06,0.0,18038410.0,17032254218.0
BK1203.DC,20240603,1874.98,1874.98,1846.54,1857.77,1879.22,-21.45,-1.14,26570388.0,22543749974.0
BK1203.DC,20240604,1853.51,1874.87,1851.27,1873.63,1857.7700000000002,15.86,0.85,22413738.0,20460463484.0
BK1203.DC,20240605,1869.55,1877.29,1854.95,1854.95,1873.63,-18.68,-1.0,19292139.0,16934128829.0
BK1203.DC,20240606,1856.24,1859.51,1811.7,1816.22,1854.95,-38.73,-2.09,26564088.0,23123759834.0
BK1203.DC,20240607,1821.24,1832.6,1791.23,1816.37,1816.2199999999998,0.15,0.01,28809797.0,23138556034.0
BK1203.DC,20240611,1807.13,1828.54,1799.9,1816.57,1816.37,0.2,0.01,23885951.0,19449720264.0
BK1203.DC,20240612,1813.25,1824.13,1810.69,1817.63,1816.5700000000002,1.06,0.06,20037664.0,16465202551.0
BK1203.DC,20240613,1818.87,1821.83,1804.88,1810.6,1817.6299999999999,-7.03,-0.39,23625899.0,17877955348.0
BK1203.DC,20240614,1808.35,1852.78,1801.05,1842.25,1810.6,31.65,1.75,45458936.0,39302839866.0
BK1203.DC,20240617,1826.07,1844.58,1819.78,1840.98,1842.25,-1.27,-0.07,25535075.0,21906270770.0
BK1203.DC,20240618,1841.03,1861.69,1841.03,1854.49,1840.98,13.51,0.73,23555623.0,20572683096.0
BK1203.DC,20240619,1855.59,1855.59,1830.91,1830.91,1854.49,-23.58,-1.27,19946161.0,17311107854.0
BK1203.DC,20240620,1829.99,1834.55,1802.72,1803.33,1830.9099999999999,-27.58,-1.51,21032296.0,18263528080.0
BK1203.DC,20240621,1805.78,1820.95,1804.03,1805.45,1803.3300000000002,2.12,0.12,20133072.0,18013294502.0
BK1203.DC,20240624,1796.28,1800.22,1768.57,1771.32,1805.45,-34.13,-1.89,22302705.0,19205861457.0
BK1203.DC,20240625,1770.0,1776.99,1743.98,1755.74,1771.32,-15.58,-0.88,22757696.0,19985316339.0
BK1203.DC,20240626,1750.61,1785.14,1747.84,1782.95,1755.74,27.21,1.55,19262962.0,16360468070.0
BK1203.DC,20240627,1777.14,1777.29,1760.2,1760.2,1782.95,-22.75,-1.28,18266318.0,15869890368.0
BK1203.DC,20240628,1758.11,1784.64,1739.26,1742.07,1760.2,-18.13,-1.03,30505046.0,25825762492.0
BK1203.DC,20240701,1738.36,1755.35,1723.07,1751.76,1742.07,9.69,0.56,21441608.0,18830507622.0
BK1203.DC,20240702,1750.71,1770.29,1746.32,1750.46,1751.76,-1.3,-0.07,19602674.0,17661428309.0
BK1203.DC,20240703,1750.12,1761.38,1743.96,1752.76,1750.46,2.3,0.13,16783764.0,14480950611.0
BK1203.DC,20240704,1753.65,1756.18,1713.66,1713.66,1752.76,-39.1,-2.23,19760711.0,16183775119.0
BK1203.DC,20240705,1714.95,1735.13,1705.4,1722.96,1713.66,9.3,0.54,19683790.0,17546840413.0
BK1203.DC,20240708,1716.64,1716.64,1667.17,1671.61,1722.9599999999998,-51.35,-2.98,22031815.0,17933547134.0
BK1203.DC,20240709,1674.62,1711.16,1659.32,1709.25,1671.61,37.64,2.25,24570117.0,19612800354.0
BK1203.DC,20240710,1699.76,1725.65,1699.68,1702.01,1709.25,-7.24,-0.42,18902483.0,16234698241.0
BK1203.DC,20240711,1724.44,1740.26,1714.69,1734.25,1702.01,32.24,1.89,23010035.0,19185587553.0
BK1203.DC,20240712,1732.13,1742.88,1726.07,1730.75,1734.25,-3.5,-0.2,15948097.0,14095691877.0
BK1203.DC,20240715,1727.57,1730.14,1715.91,1721.59,1730.75,-9.16,-0.53,14204154.0,12058245678.0
BK1203.DC,20240716,1721.06,1727.31,1715.29,1723.93,1721.5900000000001,2.34,0.14,15445906.0,16132525831.0
BK1203.DC,20240717,1723.62,1734.7,1722.71,1728.44,1723.93,4.51,0.26,18619746.0,18447702231.0
BK1203.DC,20240718,1722.66,1735.11,1701.49,1735.11,1728.4399999999998,6.67,0.39,20809109.0,18187773440.0
BK1203.DC,20240719,1731.54,1751.8,1726.43,1749.16,1735.1100000000001,14.05,0.81,24085880.0,22360826688.0
BK1203.DC,20240722,1761.38,1766.48,1739.06,1754.42,1749.16,5.26,0.3,27108849.0,26923780444.0
BK1203.DC,20240723,1751.3,1768.4,1728.68,1728.95,1754.42,-25.47,-1.45,26885545.0,23533603700.0
BK1203.DC,20240724,1723.37,1727.33,1706.6,1708.36,1728.9499999999998,-20.59,-1.19,21864011.0,18930617356.0
BK1203.DC,20240725,1705.01,1744.75,1705.01,1735.84,1708.36,27.48,1.61,22955856.0,18963810628.0
BK1203.DC,20240726,1741.39,1778.54,1741.39,1767.27,1735.84,31.43,1.81,25744433.0,21552862997.0
BK1203.DC,20240729,1761.05,1774.42,1755.13,1765.74,1767.27,-1.53,-0.09,19917896.0,16485064096.0
BK1203.DC,20240730,1760.4,1778.7,1756.99,1773.09,1765.74,7.35,0.42,20392769.0,16505709638.0
BK1203.DC,20240731,1774.45,1882.72,1774.45,1869.89,1773.0900000000001,96.8,5.46,60640086.0,50332334684.0
BK1203.DC,20240801,1864.92,1876.64,1861.41,1865.78,1869.8899999999999,-4.11,-0.22,45223000.0,36416299702.0
BK1203.DC,20240802,1857.99,1872.24,1824.18,1827.93,1865.78,-37.85,-2.03,33195007.0,27420939645.0
BK1203.DC,20240805,1820.82,1853.67,1815.77,1815.77,1827.93,-12.16,-0.67,33807151.0,28127754136.0
BK1203.DC,20240806,1832.48,1835.22,1796.54,1813.55,1815.77,-2.22,-0.12,27436476.0,24727383877.0
BK1203.DC,20240807,1808.77,1818.17,1795.28,1800.18,1813.55,-13.37,-0.74,20459702.0,17339592089.0
BK1203.DC,20240808,1797.23,1829.72,1791.89,1807.52,1800.18,7.34,0.41,30096039.0,21497250792.0
BK1203.DC,20240809,1817.44,1822.03,1793.3,1793.3,1807.52,-14.22,-0.79,25176207.0,18490660118.0
BK1203.DC,20240812,1785.04,1791.18,1777.09,1782.72,1793.3,-10.58,-0.59,19307775.0,14318775410.0
BK1203.DC,20240813,1782.82,1805.08,1774.12,1805.08,1782.72,22.36,1.25,25228015.0,17357280261.0
BK1203.DC,20240814,1799.78,1811.15,1795.05,1795.93,1805.0800000000002,-9.15,-0.51,21806674.0,16698973167.0
BK1203.DC,20240815,1792.77,1837.55,1792.77,1818.51,1795.93,22.58,1.26,31260471.0,26089250622.0
BK1203.DC,20240816,1815.43,1820.22,1796.44,1799.23,1818.51,-19.28,-1.06,23653965.0,18197626763.0
BK1203.DC,20240819,1797.91,1821.89,1797.91,1809.8,1799.23,10.57,0.59,21508860.0,16758007896.0
BK1203.DC,20240820,1809.54,1809.54,1785.64,1788.43,1809.8,-21.37,-1.18,21625918.0,16809660036.0
BK1203.DC,20240821,1784.18,1793.39,1775.23,1778.92,1788.43,-9.51,-0.53,16550148.0,12997189142.0
BK1203.DC,20240822,1782.69,1788.09,1741.98,1742.99,1778.92,-35.93,-2.02,23264903.0,18118634975.0
BK1203.DC,20240823,1738.96,1764.79,1737.21,1749.59,1742.99,6.6,0.38,20740845.0,19754188611.0
BK1203.DC,20240826,1748.28,1762.29,1743.66,1752.22,1749.59,2.63,0.15,16575481.0,14508422802.0
BK1203.DC,20240827,1748.83,1748.83,1731.73,1736.64,1752.22,-15.58,-0.89,15785853.0,12771467361.0
BK1203.DC,20240828,1736.56,1748.91,1730.38,1734.92,1736.64,-1.72,-0.1,15257592.0,12592156994.0
BK1203.DC,20240829,1731.81,1758.44,1731.81,1743.97,1734.92,9.05,0.52,22402647.0,18795536669.0
BK1203.DC,20240830,1745.19,1809.55,1745.19,1788.76,1743.97,44.79,2.57,41284137.0,38588004538.0
BK1203.DC,20240902,1780.52,1780.52,1744.16,1744.52,1788.76,-44.24,-2.47,29969213.0,25348694965.0
BK1203.DC,20240903,1742.9,1764.33,1742.9,1753.92,1744.52,9.4,0.54,20078871.0,16743845853.0
BK1203.DC,20240904,1747.1,1764.67,1745.58,1747.58,1753.9199999999998,-6.34,-0.36,19249812.0,16275859755.0
BK1203.DC,20240905,1748.2,1769.23,1748.2,1767.61,1747.58,20.03,1.15,19054554.0,17032386636.0
BK1203.DC,20240906,1798.79,1814.39,1774.54,1775.34,1767.61,7.73,0.44,44835136.0,34260352436.0
BK1203.DC,20240909,1756.58,1797.79,1755.87,1780.61,1775.34,5.27,0.3,34141885.0,24677601815.0
BK1203.DC,20240910,1780.1,1780.1,1742.31,1767.56,1780.61,-13.05,-0.73,31694328.0,20279800618.0
BK1203.DC,20240911,1760.45,1774.26,1751.09,1763.48,1767.56,-4.08,-0.23,25994641.0,16319363229.0
BK1203.DC,20240912,1759.29,1772.97,1754.65,1762.22,1763.48,-1.26,-0.07,24979093.0,16712280209.0
BK1203.DC,20240913,1762.89,1791.23,1762.87,1767.8,1762.22,5.58,0.32,33744387.0,20090465735.0
BK1203.DC,20240918,1761.7,1793.5,1749.2,1786.02,1767.8,18.22,1.03,32250987.0,20499507597.0
BK1203.DC,20240919,1791.38,1832.21,1782.56,1812.16,1786.02,26.14,1.46,39054189.0,29562834226.0
BK1203.DC,20240920,1806.91,1816.66,1799.63,1815.98,1812.16,3.82,0.21,27985864.0,21437618461.0
BK1203.DC,20240923,1812.23,1819.21,1799.89,1808.29,1815.98,-7.69,-0.42,22278095.0,16851911727.0
BK1203.DC,20240924,1827.42,1926.84,1817.62,1926.58,1808.29,118.29,6.54,76923094.0,67280334327.0
BK1203.DC,20240925,1987.98,2039.41,1981.77,1989.38,1926.5800000000002,62.8,3.26,100501839.0,88908374536.0
BK1203.DC,20240926,1977.14,2092.75,1977.14,2092.75,1989.38,103.37,5.2,119217609.0,101141399392.0
BK1203.DC,20240927,2152.48,2230.51,2116.43,2230.51,2092.75,137.76,6.58,114894968.0,115253533745.0
BK1203.DC,20240930,2395.91,2454.55,2332.2,2454.55,2230.51,224.04,10.04,152775037.0,179554460651.0
BK1203.DC,20241008,2702.81,2702.81,2575.41,2689.66,2454.5499999999997,235.11,9.58,143783382.0,192180128465.0
BK1203.DC,20241009,2624.1,2689.81,2491.58,2491.58,2689.66,-198.08,-7.36,237243832.0,335307759672.0
BK1203.DC,20241010,2509.8,2523.89,2347.21,2390.72,2491.58,-100.86,-4.05,195540129.0,224572368499.0
BK1203.DC,20241011,2344.94,2419.91,2326.13,2351.79,2390.72,-38.93,-1.63,133944030.0,149639217467.0
BK1203.DC,20241014,2393.53,2412.01,2301.99,2402.72,2351.79,50.93,2.17,139807883.0,158393700196.0
BK1203.DC,20241015,2373.35,2413.35,2334.23,2334.23,2402.72,-68.49,-2.85,120618426.0,127502916326.0
BK1203.DC,20241016,2288.47,2376.29,2288.47,2329.41,2334.23,-4.82,-0.21,101645377.0,107386063952.0
BK1203.DC,20241017,2347.62,2374.61,2305.66,2309.07,2329.4100000000003,-20.34,-0.87,90563549.0,97362012836.0
BK1203.DC,20241018,2297.9,2482.55,2292.11,2407.7,2309.0699999999997,98.63,4.27,160179284.0,191312671585.0
BK1203.DC,20241021,2387.95,2407.62,2361.68,2395.9,2407.7000000000003,-11.8,-0.49,127258855.0,141567902221.0
BK1203.DC,20241022,2396.6,2421.72,2384.13,2409.08,2395.9,13.18,0.55,96784628.0,107167188799.0
BK1203.DC,20241023,2419.8,2463.06,2400.8,2409.34,2409.08,0.26,0.01,116650682.0,126860757342.0
BK1203.DC,20241024,2401.21,2430.42,2396.82,2420.0,2409.34,10.66,0.44,89196371.0,89468548364.0
BK1203.DC,20241025,2425.65,2469.52,2421.69,2444.59,2420.0,24.59,1.02,100188427.0,101494949509.0
BK1203.DC,20241028,2444.74,2483.89,2442.39,2483.89,2444.5899999999997,39.3,1.61,85650830.0,86276446227.0
BK1203.DC,20241029,2496.91,2526.54,2457.14,2460.46,2483.89,-23.43,-0.94,102291722.0,103579012074.0
BK1203.DC,20241030,2453.3,2480.47,2433.27,2461.53,2460.46,1.07,0.04,89092539.0,95182802397.0
BK1203.DC,20241031,2461.83,2580.61,2457.38,2543.56,2461.5299999999997,82.03,3.33,149122267.0,167659470657.0
BK1203.DC,20241101,2550.0,2564.79,2493.42,2500.08,2543.56,-43.48,-1.71,152600373.0,159666453627.0
BK1203.DC,20241104,2509.23,2583.39,2502.34,2583.39,2500.08,83.31,3.33,117846207.0,132628572161.0
BK1203.DC,20241105,2596.08,2709.62,2577.5,2700.04,2583.39,116.65,4.52,163173201.0,203481240830.0
BK1203.DC,20241106,2720.48,2757.43,2660.15,2676.81,2700.04,-23.23,-0.86,176467635.0,226678287702.0
BK1203.DC,20241107,2630.76,2838.98,2630.76,2823.31,2676.81,146.5,5.47,198307778.0,248803936290.0
BK1203.DC,20241108,2874.8,2874.8,2747.22,2753.3,2823.3100000000004,-70.01,-2.48,173031376.0,228290539955.0
BK1203.DC,20241111,2724.45,2761.46,2710.92,2753.71,2753.3,0.41,0.01,116702847.0,147958583762.0
BK1203.DC,20241112,2756.65,2775.58,2670.02,2698.84,2753.71,-54.87,-1.99,106616967.0,137623589205.0
BK1203.DC,20241113,2679.35,2708.67,2652.05,2694.34,2698.84,-4.5,-0.17,81460712.0,105485294513.0
BK1203.DC,20241114,2682.61,2715.21,2646.87,2649.7,2694.3399999999997,-44.64,-1.66,76851296.0,99331800880.0
BK1203.DC,20241115,2641.77,2664.95,2551.94,2551.94,2649.7000000000003,-97.76,-3.69,91739553.0,114090226433.0
BK1203.DC,20241118,2558.79,2577.76,2486.97,2503.8,2551.94,-48.14,-1.89,79969632.0,95010894102.0
BK1203.DC,20241119,2509.19,2552.02,2490.67,2550.23,2503.8,46.43,1.85,69327448.0,85583062050.0
BK1203.DC,20241120,2535.42,2574.22,2523.29,2561.42,2550.23,11.19,0.44,61776540.0,73903125049.0
BK1203.DC,20241121,2555.73,2583.19,2542.91,2568.47,2561.4199999999996,7.05,0.28,70216379.0,86397981444.0
BK1203.DC,20241122,2562.81,2567.26,2444.73,2445.14,2568.47,-123.33,-4.8,75234558.0,93345018852.0
BK1203.DC,20241125,2450.02,2450.56,2404.1,2446.62,2445.14,1.48,0.06,56035707.0,69302883963.0
BK1203.DC,20241126,2439.33,2487.61,2439.33,2449.61,2446.6200000000003,2.99,0.12,45676307.0,55416402412.0
BK1203.DC,20241127,2443.31,2499.51,2426.66,2499.51,2449.61,49.9,2.04,57718448.0,73098661400.0
BK1203.DC,20241128,2504.7,2525.36,2495.52,2500.06,2499.5099999999998,0.55,0.02,56155191.0,65285201004.0
BK1203.DC,20241129,2495.25,2601.16,2487.94,2556.95,2500.06,56.89,2.28,97355798.0,119667367791.0
BK1203.DC,20241202,2538.12,2609.24,2538.12,2601.17,2556.9500000000003,44.22,1.73,82568729.0,93651807812.0
BK1203.DC,20241203,2598.06,2622.69,2568.98,2607.34,2601.17,6.17,0.24,69367123.0,80225459402.0
BK1203.DC,20241204,2591.99,2611.57,2550.54,2564.19,2607.34,-43.15,-1.65,57954381.0,65951704963.0
BK1203.DC,20241205,2556.6,2602.23,2556.6,2595.34,2564.19,31.15,1.21,58767873.0,66874200703.0
BK1203.DC,20241206,2591.41,2653.46,2571.29,2626.62,2595.3399999999997,31.28,1.21,78660374.0,99552666865.0
BK1203.DC,20241209,2615.6,2629.66,2574.68,2599.8,2626.6200000000003,-26.82,-1.02,54543155.0,67966877963.0
BK1203.DC,20241210,2720.51,2720.51,2613.56,2616.26,2599.8,16.46,0.63,95426236.0,132835456080.0
BK1203.DC,20241211,2609.47,2637.95,2609.47,2625.34,2616.26,9.08,0.35,55232850.0,69141405850.0
BK1203.DC,20241212,2630.26,2687.26,2623.45,2673.5,2625.34,48.16,1.83,72136096.0,85301081357.0
BK1203.DC,20241213,2646.42,2646.42,2607.04,2608.19,2673.5,-65.31,-2.44,78345078.0,99472468135.0
BK1203.DC,20241216,2598.44,2598.53,2564.43,2574.99,2608.1899999999996,-33.2,-1.27,51047826.0,63179522801.0
BK1203.DC,20241217,2563.23,2574.97,2539.75,2548.58,2574.99,-26.41,-1.03,49799695.0,60582223529.0
BK1203.DC,20241218,2555.25,2566.28,2538.75,2544.25,2548.58,-4.33,-0.17,40255992.0,47341589731.0
BK1203.DC,20241219,2516.32,2543.44,2509.95,2537.68,2544.25,-6.57,-0.26,38751626.0,45417791301.0
BK1203.DC,20241220,2532.73,2561.77,2532.73,2544.91,2537.68,7.23,0.28,40501352.0,49268363149.0
BK1203.DC,20241223,2536.54,2556.78,2492.69,2494.6,2544.91,-50.31,-1.98,42126676.0,49765052898.0
BK1203.DC,20241224,2496.71,2539.38,2496.51,2539.38,2494.6,44.78,1.8,41359517.0,51809319167.0
BK1203.DC,20241225,2536.7,2536.7,2483.55,2510.09,2539.38,-29.29,-1.15,39986267.0,46920747105.0
BK1203.DC,20241226,2500.22,2523.97,2500.22,2516.58,2510.09,6.49,0.26,33566834.0,39581377215.0
BK1203.DC,20241227,2517.32,2577.99,2517.32,2539.61,2516.58,23.03,0.92,55400009.0,70864769789.0
BK1203.DC,20241230,2531.89,2557.3,2526.68,2555.28,2539.61,15.67,0.62,41590959.0,56506090611.0
BK1203.DC,20241231,2557.77,2559.35,2444.25,2444.25,2555.28,-111.03,-4.35,59102388.0,74052005707.0
BK1203.DC,20250102,2434.73,2434.73,2312.86,2334.48,2444.25,-109.77,-4.49,64771232.0,81895164614.0
BK1203.DC,20250103,2335.23,2335.23,2256.4,2260.05,2334.48,-74.43,-3.19,48807659.0,56314646997.0
BK1203.DC,20250106,2247.95,2271.54,2238.98,2256.58,2260.0499999999997,-3.47,-0.15,34779215.0,38665017866.0
BK1203.DC,20250107,2259.42,2277.74,2240.36,2276.79,2256.58,20.21,0.9,35708503.0,37670191235.0
BK1203.DC,20250108,2263.58,2274.27,2204.42,2258.94,2276.79,-17.85,-0.78,45396450.0,48588508986.0
BK1203.DC,20250109,2245.19,2267.35,2240.69,2244.82,2258.94,-14.12,-0.63,28869292.0,29777142669.0
BK1203.DC,20250110,2244.24,2259.46,2201.59,2201.59,2244.82,-43.23,-1.93,30352476.0,33087527487.0
BK1203.DC,20250113,2176.17,2217.25,2175.25,2210.97,2201.5899999999997,9.38,0.43,28445441.0,30833424574.0
BK1203.DC,20250114,2220.2,2298.73,2220.2,2294.97,2210.97,84.0,3.8,53230834.0,62735207327.0
BK1203.DC,20250115,2287.59,2300.14,2275.26,2292.27,2294.97,-2.7,-0.12,38550599.0,40383374532.0
BK1203.DC,20250116,2300.34,2330.05,2277.73,2297.98,2292.27,5.71,0.25,36442528.0,40031267214.0
BK1203.DC,20250117,2289.46,2314.57,2282.74,2299.54,2297.98,1.56,0.07,30749261.0,34092762238.0
BK1203.DC,20250120,2319.86,2342.35,2305.7,2312.41,2299.54,12.87,0.56,35849384.0,40864976804.0
BK1203.DC,20250121,2328.85,2328.85,2285.97,2304.13,2312.4100000000003,-8.28,-0.36,31560028.0,36303935348.0
BK1203.DC,20250122,2297.08,2302.58,2283.48,2296.17,2304.13,-7.96,-0.35,29344774.0,34661421019.0
BK1203.DC,20250123,2340.21,2390.47,2320.14,2320.14,2296.17,23.97,1.04,65073719.0,77741485382.0
BK1203.DC,20250124,2308.53,2344.15,2308.53,2331.81,2320.14,11.67,0.5,41268513.0,48583948625.0
BK1203.DC,20250127,2346.36,2354.82,2289.67,2289.67,2331.81,-42.14,-1.81,36396236.0,41918761073.0
BK1203.DC,20250205,2312.31,2314.11,2291.92,2299.69,2289.67,10.02,0.44,30299509.0,34386307187.0
BK1203.DC,20250206,2299.04,2347.63,2296.97,2345.36,2299.69,45.67,1.99,41576689.0,45443383756.0
BK1203.DC,20250207,2347.83,2435.23,2347.83,2404.39,2345.3599999999997,59.03,2.52,73841901.0,84952004050.0
BK1203.DC,20250210,2404.71,2431.91,2404.71,2427.74,2404.39,23.35,0.97,51286603.0,56218984065.0
BK1203.DC,20250211,2429.26,2429.26,2394.86,2415.41,2427.74,-12.33,-0.51,45318185.0,49918772043.0
BK1203.DC,20250212,2409.22,2457.1,2409.22,2457.1,2415.41,41.69,1.73,55618938.0,59518743737.0
BK1203.DC,20250213,2456.09,2478.87,2429.23,2440.07,2457.1000000000004,-17.03,-0.69,80810738.0,80339916028.0
BK1203.DC,20250214,2427.26,2444.04,2416.21,2436.48,2440.07,-3.59,-0.15,56992797.0,57817329658.0
BK1203.DC,20250217,2461.93,2468.61,2431.46,2445.47,2436.48,8.99,0.37,60952997.0,66369793983.0
BK1203.DC,20250218,2436.18,2444.34,2377.75,2386.26,2445.4700000000003,-59.21,-2.42,59343068.0,63503943436.0
BK1203.DC,20250219,2384.54,2419.9,2384.54,2416.83,2386.2599999999998,30.57,1.28,51442361.0,55658275594.0
BK1203.DC,20250220,2410.27,2422.37,2398.15,2411.36,2416.83,-5.47,-0.23,41783097.0,46133964344.0
BK1203.DC,20250221,2413.49,2458.14,2387.74,2450.71,2411.36,39.35,1.63,68131652.0,78951118350.0
BK1203.DC,20250224,2441.25,2452.77,2420.77,2434.93,2450.71,-15.78,-0.64,52987513.0,63117472440.0
BK1203.DC,20250225,2408.99,2424.47,2393.19,2398.32,2434.9300000000003,-36.61,-1.5,41479399.0,48758180609.0
BK1203.DC,20250226,2404.32,2453.44,2398.19,2453.38,2398.32,55.06,2.3,58501055.0,69168012242.0
BK1203.DC,20250227,2439.5,2466.26,2404.99,2449.08,2453.38,-4.3,-0.18,65148344.0,79263212090.0
BK1203.DC,20250228,2433.79,2465.7,2370.7,2374.56,2449.08,-74.52,-3.04,62152084.0,73800472847.0
BK1203.DC,20250303,2376.18,2393.67,2357.24,2366.94,2374.56,-7.62,-0.32,44808064.0,49910123355.0
BK1203.DC,20250304,2354.28,2384.31,2354.28,2381.81,2366.94,14.87,0.63,34141494.0,37500652465.0
BK1203.DC,20250305,2382.02,2390.98,2356.32,2387.78,2381.8100000000004,5.97,0.25,34990902.0,40289035057.0
BK1203.DC,20250306,2399.83,2453.39,2399.05,2448.38,2387.78,60.6,2.54,61485539.0,75990600546.0
BK1203.DC,20250307,2434.73,2434.73,2395.52,2401.61,2448.38,-46.77,-1.91,49584590.0,57870607734.0
BK1203.DC,20250310,2394.67,2395.48,2373.78,2386.11,2401.61,-15.5,-0.65,33214559.0,40061612788.0
BK1203.DC,20250311,2364.09,2391.39,2364.09,2391.39,2386.1099999999997,5.28,0.22,33424021.0,39777431417.0
BK1203.DC,20250312,2396.67,2436.3,2390.82,2407.29,2391.39,15.9,0.66,48167742.0,59448624806.0
BK1203.DC,20250313,2402.35,2421.55,2372.31,2388.39,2407.29,-18.9,-0.79,38375490.0,46083700187.0
BK1203.DC,20250314,2391.38,2496.21,2391.38,2477.66,2388.39,89.27,3.74,86298464.0,116298001322.0
BK1203.DC,20250317,2479.33,2480.35,2463.7,2466.24,2477.66,-11.42,-0.46,48614387.0,63368574149.0
BK1203.DC,20250318,2478.3,2478.3,2456.83,2466.3,2466.2400000000002,0.06,0.0,33870653.0,42941671947.0
BK1203.DC,20250319,2461.71,2483.42,2460.16,2470.41,2466.2999999999997,4.11,0.17,34388351.0,43335324858.0
BK1203.DC,20250320,2467.15,2467.15,2442.63,2446.73,2470.41,-23.68,-0.96,33842446.0,44867698885.0
BK1203.DC,20250321,2438.76,2453.08,2404.56,2410.24,2446.7299999999996,-36.49,-1.49,41344036.0,50405248910.0
BK1203.DC,20250324,2406.8,2408.83,2371.52,2399.21,2410.2400000000002,-11.03,-0.46,35849665.0,40906244604.0
BK1203.DC,20250325,2397.61,2402.48,2379.21,2390.9,2399.21,-8.31,-0.35,27040922.0,31100450365.0
BK1203.DC,20250326,2387.37,2404.05,2387.37,2395.49,2390.8999999999996,4.59,0.19,25916848.0,28205267979.0
BK1203.DC,20250327,2391.13,2424.57,2375.11,2401.59,2395.4900000000002,6.1,0.25,31232676.0,35813031077.0
BK1203.DC,20250328,2402.34,2428.21,2396.66,2417.51,2401.59,15.92,0.66,33743010.0,38133352449.0
BK1203.DC,20250331,2407.74,2417.68,2362.49,2372.97,2417.5099999999998,-44.54,-1.84,42970577.0,47636689552.0
BK1203.DC,20250401,2379.26,2392.15,2365.06,2373.28,2372.9700000000003,0.31,0.01,33151664.0,37746792835.0
BK1203.DC,20250402,2369.28,2395.92,2369.28,2394.39,2373.2799999999997,21.11,0.89,30731452.0,33588326416.0
BK1203.DC,20250403,2372.98,2409.26,2372.98,2397.78,2394.3900000000003,3.39,0.14,38396961.0,39744894952.0
BK1203.DC,20250407,2277.28,2294.28,2161.54,2175.08,2397.7799999999997,-222.7,-9.29,70194168.0,81666901239.0
BK1203.DC,20250408,2174.67,2194.2,2146.94,2177.05,2175.0800000000004,1.97,0.09,59932925.0,64092184945.0
BK1203.DC,20250409,2149.72,2231.61,2105.56,2217.67,2177.05,40.62,1.87,63800067.0,65595616393.0
BK1203.DC,20250410,2247.4,2282.18,2233.26,2258.83,2217.67,41.16,1.86,60115406.0,63987079233.0
BK1203.DC,20250411,2246.27,2272.98,2240.71,2250.32,2258.8300000000004,-8.51,-0.38,41437859.0,43719074647.0
BK1203.DC,20250414,2265.08,2285.56,2259.83,2285.56,2250.32,35.24,1.57,38920407.0,38558476378.0
BK1203.DC,20250415,2286.06,2286.06,2266.26,2276.76,2285.5600000000004,-8.8,-0.39,28864415.0,30209144608.0
BK1203.DC,20250416,2268.68,2268.68,2224.99,2255.21,2276.76,-21.55,-0.95,32276854.0,33316199619.0
BK1203.DC,20250417,2243.44,2267.69,2243.44,2254.13,2255.21,-1.08,-0.05,25607759.0,26777989307.0
BK1203.DC,20250418,2250.34,2282.71,2250.34,2273.48,2254.13,19.35,0.86,33965556.0,32473974268.0
BK1203.DC,20250421,2263.51,2297.57,2257.28,2293.58,2273.48,20.1,0.88,32882737.0,32963173190.0
BK1203.DC,20250422,2293.59,2320.93,2293.59,2312.1,2293.58,18.52,0.81,35831339.0,37768488606.0
BK1203.DC,20250423,2321.83,2331.06,2302.5,2307.35,2312.1,-4.75,-0.21,38072499.0,42072353686.0
BK1203.DC,20250424,2304.77,2311.22,2281.23,2285.75,2307.35,-21.6,-0.94,33185774.0,36405704222.0
BK1203.DC,20250425,2289.94,2314.08,2289.94,2302.27,2285.75,16.52,0.72,36879537.0,39919950795.0
BK1203.DC,20250428,2299.14,2299.14,2270.77,2275.01,2302.2700000000004,-27.26,-1.18,32624892.0,34303109719.0
BK1203.DC,20250429,2272.67,2283.52,2266.27,2267.55,2275.01,-7.46,-0.33,27348118.0,28218503658.0
BK1203.DC,20250430,2272.83,2292.53,2266.12,2266.12,2267.5499999999997,-1.43,-0.06,32071640.0,34044064559.0
BK1203.DC,20250506,2278.77,2319.06,2277.21,2319.06,2266.12,52.94,2.34,42190492.0,43655209300.0
BK1203.DC,20250507,2384.98,2393.55,2322.81,2330.43,2319.06,11.37,0.49,56279827.0,63331196551.0
BK1203.DC,20250508,2318.65,2340.98,2317.16,2333.46,2330.43,3.03,0.13,35119394.0,41964756609.0
BK1203.DC,20250509,2332.03,2332.03,2299.49,2303.34,2333.46,-30.12,-1.29,29567471.0,31424360564.0
BK1203.DC,20250512,2316.38,2349.14,2307.75,2346.73,2303.34,43.39,1.88,39583224.0,48129241352.0
BK1203.DC,20250513,2363.14,2363.14,2330.88,2337.72,2346.73,-9.01,-0.38,34233075.0,39385009087.0
BK1203.DC,20250514,2333.59,2450.51,2328.06,2420.62,2337.72,82.9,3.55,84611794.0,105049192457.0
BK1203.DC,20250515,2401.71,2409.35,2369.94,2370.54,2420.62,-50.08,-2.07,49075336.0,56265114151.0
BK1203.DC,20250516,2364.15,2364.15,2341.96,2346.84,2370.54,-23.7,-1.0,32720044.0,36505774001.0
BK1203.DC,20250519,2353.37,2368.09,2345.67,2362.66,2346.8399999999997,15.82,0.67,29405364.0,31606832929.0
BK1203.DC,20250520,2367.83,2378.02,2357.61,2368.06,2362.66,5.4,0.23,28247279.0,31869617293.0
BK1203.DC,20250521,2363.44,2373.66,2359.64,2359.64,2368.06,-8.42,-0.36,27357023.0,29834228513.0
BK1203.DC,20250522,2353.4,2355.5,2335.21,2339.0,2359.64,-20.64,-0.87,24991089.0,25949949260.0
BK1203.DC,20250523,2335.37,2343.2,2300.86,2301.29,2339.0,-37.71,-1.61,30218996.0,33753552245.0
BK1203.DC,20250526,2297.71,2312.69,2295.01,2307.06,2301.29,5.77,0.25,21860697.0,24242074691.0
BK1203.DC,20250527,2305.28,2310.04,2294.11,2304.84,2307.06,-2.22,-0.1,19106963.0,20138899214.0
BK1203.DC,20250528,2305.91,2309.52,2290.52,2292.48,2304.84,-12.36,-0.54,18542091.0,20662704061.0
BK1203.DC,20250529,2293.71,2330.23,2292.09,2330.23,2292.48,37.75,1.65,28463524.0,32096646000.0
BK1203.DC,20250530,2323.61,2329.88,2311.13,2322.9,2330.23,-7.33,-0.31,26518273.0,31644748864.0
BK1203.DC,20250603,2315.02,2359.37,2315.02,2353.21,2322.9,30.31,1.3,31668705.0,37099140629.0
BK1203.DC,20250604,2350.82,2391.65,2349.12,2387.92,2353.21,34.71,1.48,36403557.0,41972877363.0
BK1203.DC,20250605,2391.69,2416.49,2389.78,2410.02,2387.92,22.1,0.93,39331169.0,47528601208.0
BK1203.DC,20250606,2410.4,2421.76,2390.11,2393.5,2410.02,-16.52,-0.69,28087825.0,33893222790.0
BK1203.DC,20250609,2407.81,2444.76,2406.51,2437.85,2393.5,44.35,1.85,40069003.0,48106380658.0
BK1203.DC,20250610,2438.88,2444.53,2398.4,2413.65,2437.85,-24.2,-0.99,38038971.0,45151084680.0
BK1203.DC,20250611,2417.23,2478.09,2411.42,2453.11,2413.65,39.46,1.63,53703744.0,62703222113.0
BK1203.DC,20250612,2438.82,2479.23,2438.82,2462.84,2453.11,9.73,0.4,48418450.0,52772365050.0
BK1203.DC,20250613,2452.35,2453.65,2415.21,2425.34,2462.84,-37.5,-1.52,47245854.0,51027575897.0
BK1203.DC,20250616,2417.97,2468.21,2417.97,2468.06,2425.34,42.72,1.76,37497083.0,44969695055.0
BK1203.DC,20250617,2471.44,2481.26,2460.9,2481.26,2468.0600000000004,13.2,0.53,35715985.0,44769690996.0
BK1203.DC,20250618,2474.02,2481.45,2440.44,2448.0,2481.26,-33.26,-1.34,36131773.0,43842960751.0
BK1203.DC,20250619,2440.86,2440.86,2380.47,2385.6,2448.0,-62.4,-2.55,36986721.0,42439402564.0
BK1203.DC,20250620,2382.05,2385.67,2365.61,2368.8,2385.6000000000004,-16.8,-0.7,28271317.0,35649389325.0
BK1203.DC,20250623,2353.43,2409.39,2353.43,2403.94,2368.8,35.14,1.48,31357982.0,39164026947.0
BK1203.DC,20250624,2408.84,2485.49,2408.84,2470.69,2403.94,66.75,2.78,58898625.0,73791447228.0
BK1203.DC,20250625,2478.03,2593.99,2478.03,2584.06,2470.69,113.37,4.59,118167118.0,139644800644.0
BK1203.DC,20250626,2605.1,2612.5,2570.43,2582.32,2584.06,-1.74,-0.07,101178422.0,110361443867.0
BK1203.DC,20250627,2590.27,2660.49,2590.27,2595.13,2582.32,12.81,0.5,107594165.0,114990249708.0
BK1203.DC,20250630,2592.7,2600.32,2563.8,2586.08,2595.13,-9.05,-0.35,69778138.0,73402009078.0
BK1203.DC,20250701,2589.07,2589.07,2548.65,2567.47,2586.08,-18.61,-0.72,54535557.0,57106262903.0
BK1203.DC,20250702,2560.64,2562.24,2537.99,2546.24,2567.47,-21.23,-0.83,43186020.0,45860231321.0
BK1203.DC,20250703,2545.24,2555.8,2537.61,2548.17,2546.2400000000002,1.93,0.08,38632438.0,42145677734.0
BK1203.DC,20250704,2547.39,2598.55,2528.28,2554.4,2548.17,6.23,0.24,66047527.0,72144350298.0
BK1203.DC,20250707,2544.15,2585.23,2544.15,2577.07,2554.4,22.67,0.89,46546527.0,48545965495.0
BK1203.DC,20250708,2573.2,2620.16,2568.62,2616.1,2577.0699999999997,39.03,1.51,65050770.0,67566316092.0
BK1203.DC,20250709,2617.34,2654.77,2617.34,2628.51,2616.1000000000004,12.41,0.47,74100766.0,75015396892.0
BK1203.DC,20250710,2618.07,2684.7,2618.07,2665.63,2628.51,37.12,1.41,83946520.0,90048184213.0
BK1203.DC,20250711,2679.66,2767.46,2660.23,2730.64,2665.6299999999997,65.01,2.44,134629675.0,154044527785.0
BK1203.DC,20250714,2735.72,2735.72,2670.94,2674.56,2730.64,-56.08,-2.05,80665456.0,85713144053.0
BK1203.DC,20250715,2681.12,2689.31,2649.81,2660.46,2674.56,-14.1,-0.53,64609525.0,71262057468.0
BK1203.DC,20250716,2657.34,2675.15,2642.75,2667.01,2660.46,6.55,0.25,50456032.0,57186938150.0
BK1203.DC,20250717,2665.0,2691.6,2665.0,2684.39,2667.0099999999998,17.38,0.65,51710001.0,58151959518.0
BK1203.DC,20250718,2682.09,2699.19,2674.29,2681.8,2684.3900000000003,-2.59,-0.1,55254292.0,63931413473.0
BK1203.DC,20250721,2679.32,2721.29,2674.0,2711.64,2681.7999999999997,29.84,1.11,63064632.0,76543717372.0
BK1203.DC,20250722,2709.92,2716.82,2674.06,2710.64,2711.64,-1.0,-0.04,61603172.0,74179816407.0
BK1203.DC,20250723,2712.98,2760.71,2708.74,2713.2,2710.64,2.56,0.09,94667971.0,118601437900.0
BK1203.DC,20250724,2700.47,2783.95,2700.47,2783.95,2713.2,70.75,2.61,96106075.0,115149597097.0
BK1203.DC,20250725,2787.86,2798.32,2764.72,2768.46,2783.95,-15.49,-0.56,75866431.0,89815975772.0
BK1203.DC,20250728,2764.06,2813.63,2755.71,2787.43,2768.46,18.97,0.69,68754354.0,89099588593.0
BK1203.DC,20250729,2774.86,2789.01,2734.86,2789.01,2787.4300000000003,1.58,0.06,69043665.0,81809196156.0
BK1203.DC,20250730,2781.02,2781.02,2722.81,2745.84,2789.01,-43.17,-1.55,65652978.0,80435910877.0
BK1203.DC,20250731,2730.87,2751.06,2677.55,2689.93,2745.8399999999997,-55.91,-2.04,69334117.0,79995100550.0
BK1203.DC,20250801,2686.71,2704.05,2668.58,2677.76,2689.9300000000003,-12.17,-0.45,49619048.0,56002729388.0
BK1203.DC,20250804,2664.1,2680.76,2662.2,2680.67,2677.76,2.91,0.11,36892304.0,41694519755.0
BK1203.DC,20250805,2687.16,2714.79,2687.16,2711.06,2680.67,30.39,1.13,44640832.0,53502731791.0
BK1203.DC,20250806,2705.41,2719.11,2696.34,2716.87,2711.06,5.81,0.21,37991082.0,44955506120.0
BK1203.DC,20250807,2718.36,2734.72,2699.0,2715.97,2716.87,-0.9,-0.03,44035976.0,50679092071.0
BK1203.DC,20250808,2711.79,2717.93,2691.38,2701.06,2715.97,-14.91,-0.55,36688682.0,44259838695.0
BK1203.DC,20250811,2699.26,2743.07,2699.26,2735.03,2701.0600000000004,33.97,1.26,49032576.0,62225408825.0
BK1203.DC,20250812,2740.45,2766.84,2736.93,2766.02,2735.03,30.99,1.13,48845612.0,60536938170.0
BK1203.DC,20250813,2777.05,2829.4,2761.33,2808.95,2766.02,42.93,1.55,91938385.0,114389530472.0
BK1203.DC,20250814,2808.92,2852.11,2791.09,2805.14,2808.95,-3.81,-0.14,93541639.0,123369077382.0
BK1203.DC,20250815,2790.99,2910.78,2786.14,2890.36,2805.1400000000003,85.22,3.04,136040746.0,181689599672.0
BK1203.DC,20250818,2913.01,2953.6,2872.54,2914.13,2890.36,23.77,0.82,135613673.0,179829422967.0
BK1203.DC,20250819,2902.04,2918.68,2879.57,2899.37,2914.13,-14.76,-0.51,92214277.0,121358048103.0
BK1203.DC,20250820,2885.0,2920.66,2856.78,2920.66,2899.37,21.29,0.73,81877330.0,101736222889.0
BK1203.DC,20250821,2945.19,2951.88,2889.9,2903.28,2920.6600000000003,-17.38,-0.6,72139199.0,89293422150.0
BK1203.DC,20250822,2888.02,2965.63,2888.02,2965.63,2903.28,62.35,2.15,100593470.0,133928871454.0
BK1203.DC,20250825,2992.54,3030.41,2963.88,2997.85,2965.63,32.22,1.09,116907456.0,152449781208.0
BK1203.DC,20250826,2982.5,3002.83,2965.93,2971.58,2997.85,-26.27,-0.88,75904250.0,95068577752.0
BK1203.DC,20250827,2967.27,2988.97,2898.01,2898.01,2971.5800000000004,-73.57,-2.48,103213585.0,129706246639.0
BK1203.DC,20250828,2892.67,2944.27,2863.17,2944.27,2898.0099999999998,46.26,1.6,89473316.0,111268404248.0
BK1203.DC,20250829,2953.28,2966.93,2921.15,2931.49,2944.27,-12.78,-0.43,86812776.0,129479389733.0
BK1203.DC,20250901,2940.05,2940.05,2900.04,2912.95,2931.49,-18.54,-0.63,70521178.0,98654586687.0
BK1203.DC,20250902,2909.69,2909.69,2846.29,2869.2,2912.95,-43.75,-1.5,87343637.0,106388736038.0
BK1203.DC,20250903,2876.84,2876.84,2757.52,2771.2,2869.2,-98.0,-3.42,77148081.0,97042890012.0
BK1203.DC,20250904,2769.21,2801.12,2746.81,2777.48,2771.2,6.28,0.23,78757559.0,93565990378.0
BK1203.DC,20250905,2779.54,2802.96,2748.01,2801.16,2777.48,23.68,0.85,61229316.0,70693047470.0
BK1203.DC,20250908,2793.12,2802.79,2774.92,2791.81,2801.16,-9.35,-0.33,52056384.0,62026624343.0
BK1203.DC,20250909,2786.95,2807.43,2774.83,2783.88,2791.81,-7.93,-0.28,50151603.0,60445084557.0
BK1203.DC,20250910,2781.09,2796.84,2767.25,2780.01,2783.88,-3.87,-0.14,42179794.0,47656257080.0
BK1203.DC,20250911,2774.17,2850.11,2764.04,2850.11,2780.01,70.1,2.52,80951819.0,93850718588.0
BK1203.DC,20250912,2845.36,2858.35,2818.42,2821.48,2850.11,-28.63,-1.0,63029221.0,75663171747.0
BK1203.DC,20250915,2819.2,2834.05,2805.38,2809.87,2821.48,-11.61,-0.41,47926032.0,62720483908.0
BK1203.DC,20250916,2812.29,2848.07,2804.41,2835.19,2809.87,25.32,0.9,63843936.0,79460943917.0
BK1203.DC,20250917,2835.47,2890.66,2833.96,2876.81,2835.19,41.62,1.47,79306636.0,101816064123.0
BK1203.DC,20250918,2871.32,2871.32,2766.13,2789.25,2876.81,-87.56,-3.04,98285081.0,122674785885.0
BK1203.DC,20250919,2781.9,2783.33,2748.9,2752.77,2789.25,-36.48,-1.31,52008810.0,60934236477.0
BK1203.DC,20250922,2756.06,2778.13,2745.99,2778.13,2752.77,25.36,0.92,40299776.0,50113895593.0
BK1203.DC,20250923,2763.69,2763.69,2696.2,2728.99,2778.1299999999997,-49.14,-1.77,54498228.0,66720962988.0
BK1203.DC,20250924,2717.12,2768.15,2717.12,2758.8,2728.9900000000002,29.81,1.09,47365289.0,59656928391.0
BK1203.DC,20250925,2753.32,2769.48,2742.8,2745.91,2758.7999999999997,-12.89,-0.47,40436559.0,52393120436.0
BK1203.DC,20250926,2740.06,2763.66,2736.81,2736.81,2745.91,-9.1,-0.33,38882919.0,50498606674.0
BK1203.DC,20250929,2730.5,2870.77,2724.6,2830.2,2736.81,93.39,3.41,99939056.0,148010797774.0
BK1203.DC,20250930,2822.97,2835.29,2802.54,2812.3,2830.2000000000003,-17.9,-0.63,62851574.0,94474252603.0
BK1203.DC,20251009,2799.41,2827.71,2775.52,2823.63,2812.3,11.33,0.4,64846807.0,95089646898.0
BK1203.DC,20251010,2807.03,2866.41,2806.84,2836.15,2823.63,12.52,0.44,65415726.0,95628438276.0
BK1203.DC,20251013,2756.28,2817.68,2756.28,2811.72,2836.1499999999996,-24.43,-0.86,58163106.0,77206703490.0
BK1203.DC,20251014,2816.56,2858.94,2799.85,2807.9,2811.7200000000003,-3.82,-0.14,63861567.0,88980463704.0
BK1203.DC,20251015,2813.33,2834.18,2787.77,2834.18,2807.8999999999996,26.28,0.94,53681595.0,75680773110.0
BK1203.DC,20251016,2823.27,2836.38,2807.78,2816.89,2834.18,-17.29,-0.61,45112445.0,66129116738.0
BK1203.DC,20251017,2810.71,2833.18,2757.98,2759.54,2816.89,-57.35,-2.04,52836859.0,70451933519.0
BK1203.DC,20251020,2788.11,2794.93,2765.21,2773.29,2759.54,13.75,0.5,39542014.0,53261735656.0
BK1203.DC,20251021,2776.89,2836.83,2776.89,2812.6,2773.29,39.31,1.42,57687598.0,75341964546.0
BK1203.DC,20251022,2797.31,2801.73,2784.43,2788.79,2812.6,-23.81,-0.85,35713485.0,44036961995.0
BK1203.DC,20251023,2787.04,2820.23,2762.3,2819.48,2788.79,30.69,1.1,40101266.0,50900343769.0
BK1203.DC,20251024,2816.48,2832.27,2807.55,2831.34,2819.48,11.86,0.42,44869366.0,62658065339.0
BK1203.DC,20251027,2853.76,2868.43,2839.91,2857.88,2831.34,26.54,0.94,65240272.0,94349406041.0
BK1203.DC,20251028,2847.7,2869.21,2839.39,2844.47,2857.8799999999997,-13.41,-0.47,45823106.0,62997570938.0
BK1203.DC,20251029,2843.97,2910.92,2843.97,2909.06,2844.47,64.59,2.27,76190536.0,101178164149.0
BK1203.DC,20251030,2900.85,2900.85,2855.98,2855.98,2909.06,-53.08,-1.82,67898763.0,87326543658.0
BK1203.DC,20251031,2862.91,2862.96,2840.09,2840.09,2855.98,-15.89,-0.56,56832491.0,71768599104.0
BK1203.DC,20251103,2834.19,2840.84,2814.4,2840.75,2840.09,0.66,0.02,43730612.0,53285309473.0
BK1203.DC,20251104,2834.77,2836.61,2818.54,2830.09,2840.75,-10.66,-0.38,37444941.0,46475576615.0
BK1203.DC,20251105,2807.19,2836.3,2807.19,2825.51,2830.09,-4.58,-0.16,34477280.0,40905078167.0
BK1203.DC,20251106,2829.87,2859.71,2829.87,2844.82,2825.51,19.31,0.68,44091649.0,57849588897.0
BK1203.DC,20251107,2833.77,2838.36,2821.99,2821.99,2844.8199999999997,-22.83,-0.8,35701871.0,43324213037.0
BK1203.DC,20251110,2820.69,2861.44,2819.29,2858.1,2821.99,36.11,1.28,41556585.0,53494677611.0
BK1203.DC,20251111,2859.83,2868.03,2832.14,2835.33,2858.1,-22.77,-0.8,38008887.0,47563035452.0
BK1203.DC,20251112,2832.15,2834.94,2804.55,2818.29,2835.33,-17.04,-0.6,37843875.0,52620640097.0
BK1203.DC,20251113,2814.47,2847.98,2812.83,2847.77,2818.29,29.48,1.05,35711256.0,48579823129.0
BK1203.DC,20251114,2831.17,2853.61,2824.17,2824.17,2847.77,-23.6,-0.83,34976850.0,45218852666.0
BK1203.DC,20251117,2819.0,2819.0,2799.2,2807.96,2824.17,-16.21,-0.57,33431461.0,40679804616.0
BK1203.DC,20251118,2804.64,2814.81,2790.37,2798.95,2807.96,-9.01,-0.32,33435372.0,40892668223.0
BK1203.DC,20251119,2795.93,2812.67,2767.8,2777.12,2798.95,-21.83,-0.78,32352302.0,41234868083.0
BK1203.DC,20251120,2820.69,2820.69,2765.97,2765.97,2777.12,-11.15,-0.4,40736552.0,49710574767.0
BK1203.DC,20251121,2740.41,2756.69,2667.2,2667.2,2765.97,-98.77,-3.57,47218989.0,56062448024.0
BK1203.DC,20251124,2676.25,2689.6,2661.07,2677.55,2667.2000000000003,10.35,0.39,29953191.0,36024322803.0
BK1203.DC,20251125,2683.95,2712.0,2682.84,2696.97,2677.5499999999997,19.42,0.73,29114706.0,35683502097.0
BK1203.DC,20251126,2697.8,2709.5,2686.03,2686.03,2696.9700000000003,-10.94,-0.41,23868662.0,28698791004.0
BK1203.DC,20251127,2685.86,2706.42,2682.0,2686.82,2686.03,0.79,0.03,23676609.0,29251828237.0
BK1203.DC,20251128,2684.96,2705.23,2674.28,2704.76,2686.82,17.94,0.67,23295740.0,28452842306.0
BK1203.DC,20251201,2692.94,2707.16,2692.94,2706.11,2704.76,1.35,0.05,34585689.0,38807783964.0
BK1203.DC,20251202,2700.52,2700.52,2679.77,2684.41,2706.1099999999997,-21.7,-0.8,26512462.0,30522770406.0
BK1203.DC,20251203,2688.5,2703.91,2665.69,2670.55,2684.4100000000003,-13.86,-0.52,27793674.0,30987962270.0
BK1203.DC,20251204,2667.77,2685.44,2656.17,2670.0,2670.55,-0.55,-0.02,24127244.0,26626884891.0
BK1203.DC,20251205,2667.01,2751.07,2664.57,2736.88,2670.0,66.88,2.5,54009756.0,71365341199.0
BK1203.DC,20251208,2767.08,2807.47,2765.95,2770.7,2736.8799999999997,33.82,1.24,69671919.0,90818762943.0
BK1203.DC,20251209,2754.58,2758.45,2727.24,2728.79,2770.7,-41.91,-1.51,39184645.0,48145297805.0
BK1203.DC,20251210,2721.51,2751.3,2709.4,2749.97,2728.79,21.18,0.78,34526023.0,41353353428.0
BK1203.DC,20251211,2748.94,2748.94,2703.6,2704.7,2749.97,-45.27,-1.65,32061903.0,38261333762.0
BK1203.DC,20251212,2705.43,2734.4,2701.71,2719.69,2704.7000000000003,14.99,0.55,36263687.0,49345475325.0
BK1203.DC,20251215,2704.01,2751.62,2697.67,2724.67,2719.69,4.98,0.18,34439564.0,51992663581.0
BK1203.DC,20251216,2718.13,2725.88,2701.7,2712.8,2724.67,-11.87,-0.44,31026252.0,44251597665.0
BK1203.DC,20251217,2708.76,2759.74,2680.47,2740.47,2712.7999999999997,27.67,1.02,46133525.0,64189814337.0
BK1203.DC,20251218,2741.85,2743.18,2722.97,2722.97,2740.47,-17.5,-0.64,34462290.0,49091471038.0
BK1203.DC,20251219,2719.15,2750.97,2715.36,2744.01,2722.9700000000003,21.04,0.77,35625759.0,46997384475.0
BK1203.DC,20251222,2744.14,2763.64,2744.14,2754.09,2744.01,10.08,0.37,30753940.0,40491720984.0
BK1203.DC,20251223,2755.9,2763.41,2735.73,2740.75,2754.09,-13.34,-0.48,34361091.0,46160379173.0
BK1203.DC,20251224,2735.4,2774.71,2735.14,2768.86,2740.75,28.11,1.03,31399165.0,41285371244.0
BK1203.DC,20251225,2770.15,2794.04,2769.33,2786.57,2768.86,17.71,0.64,34575294.0,48469050551.0
BK1203.DC,20251226,2781.87,2826.95,2781.87,2798.42,2786.57,11.85,0.43,46683820.0,62797680987.0
BK1203.DC,20251229,2801.73,2823.59,2800.41,2806.85,2798.42,8.43,0.3,38743309.0,51175507620.0
BK1203.DC,20251230,2797.42,2810.84,2785.75,2789.36,2806.85,-17.49,-0.62,34636638.0,49949640177.0
BK1203.DC,20251231,2787.57,2798.26,2774.68,2774.68,2789.3599999999997,-14.68,-0.53,31949343.0,43631712566.0
BK1203.DC,20260105,2773.35,2811.51,2768.72,2810.26,2774.6800000000003,35.58,1.28,49335416.0,73171203134.0
BK1203.DC,20260106,2804.69,2899.6,2804.69,2898.81,2810.2599999999998,88.55,3.15,88922682.0,127585101737.0
BK1203.DC,20260107,2896.5,2910.38,2865.51,2874.92,2898.81,-23.89,-0.82,59027121.0,85454908077.0
BK1203.DC,20260108,2858.16,2858.16,2828.84,2835.76,2874.92,-39.16,-1.36,58450959.0,88060223104.0
BK1203.DC,20260109,2839.09,2882.29,2839.09,2871.29,2835.7599999999998,35.53,1.25,55757461.0,82723809446.0
BK1203.DC,20260112,2878.25,2919.86,2873.04,2917.8,2871.29,46.51,1.62,82846062.0,107153838330.0
BK1203.DC,20260113,2926.24,2945.01,2884.06,2892.24,2917.7999999999997,-25.56,-0.88,73754432.0,96444083379.0
BK1203.DC,20260114,2881.48,2959.68,2869.99,2889.57,2892.2400000000002,-2.67,-0.09,93126576.0,127283047539.0
BK1203.DC,20260115,2869.99,2879.9,2828.03,2835.76,2889.57,-53.81,-1.86,59632214.0,80845995108.0
BK1203.DC,20260116,2853.3,2862.12,2811.5,2814.55,2835.76,-21.21,-0.75,49338818.0,69618300802.0
BK1203.DC,20260119,2811.98,2834.12,2810.6,2828.81,2814.5499999999997,14.26,0.51,37755751.0,52590681925.0
BK1203.DC,20260120,2830.43,2833.78,2813.84,2827.65,2828.81,-1.16,-0.04,40638765.0,55302014612.0
BK1203.DC,20260121,2820.27,2828.8,2807.77,2812.84,2827.65,-14.81,-0.52,38325639.0,52186191219.0
BK1203.DC,20260122,2816.07,2836.51,2816.07,2823.51,2812.84,10.67,0.38,37644709.0,52329368009.0
BK1203.DC,20260123,2827.91,2842.26,2825.67,2834.69,2823.51,11.18,0.4,45662472.0,64926292040.0
BK1203.DC,20260126,2833.26,2865.81,2830.8,2840.41,2834.69,5.72,0.2,64668333.0,92075720308.0
BK1203.DC,20260127,2830.46,2833.67,2785.13,2818.64,2840.41,-21.77,-0.77,48250444.0,67452100809.0
BK1203.DC,20260128,2816.61,2834.93,2811.36,2814.65,2818.64,-3.99,-0.14,50465994.0,71863213020.0
BK1203.DC,20260129,2806.09,2844.27,2779.57,2837.62,2814.65,22.97,0.82,59926176.0,93480071237.0
BK1203.DC,20260130,2828.84,2835.98,2779.63,2794.17,2837.62,-43.45,-1.53,48614639.0,67012605053.0
BK1203.DC,20260202,2783.27,2813.64,2746.72,2746.91,2794.17,-47.26,-1.69,48315752.0,65125441431.0
BK1203.DC,20260203,2765.65,2770.65,2739.0,2765.9,2746.9100000000003,18.99,0.69,38320165.0,54260669989.0
BK1203.DC,20260204,2758.82,2798.94,2756.83,2795.59,2765.9,29.69,1.07,38575990.0,52292256152.0
BK1203.DC,20260205,2782.87,2807.91,2767.51,2795.27,2795.59,-0.32,-0.01,37298859.0,50235394421.0
BK1203.DC,20260206,2776.68,2805.18,2771.56,2779.28,2795.27,-15.99,-0.57,32115224.0,43475210872.0
BK1203.DC,20260209,2799.06,2810.72,2794.33,2807.46,2779.28,28.18,1.01,32646660.0,45242853821.0
BK1203.DC,20260210,2805.86,2805.86,2797.15,2797.84,2807.46,-9.62,-0.34,24186980.0,31966698225.0
BK1203.DC,20260211,2798.05,2800.47,2789.27,2789.87,2797.8399999999997,-7.97,-0.28,24252735.0,33723956509.0
BK1203.DC,20260212,2789.26,2789.26,2770.54,2771.26,2789.8700000000003,-18.61,-0.67,26532287.0,35752948283.0
BK1203.DC,20260213,2774.03,2784.2,2743.05,2743.05,2771.26,-28.21,-1.02,30505919.0,40003471953.0
BK1203.DC,20260224,2757.43,2759.77,2745.26,2746.78,2743.05,3.73,0.14,27970513.0,36472670248.0
BK1203.DC,20260225,2749.76,2795.48,2749.76,2774.33,2746.7799999999997,27.55,1.0,43147515.0,53304511151.0
BK1203.DC,20260226,2778.13,2778.4,2746.45,2751.98,2774.33,-22.35,-0.81,33109005.0,46483771265.0
BK1203.DC,20260227,2749.06,2780.71,2747.55,2775.99,2751.9799999999996,24.01,0.87,32627427.0,40857737294.0
BK1203.DC,20260302,2745.87,2759.47,2714.97,2742.0,2775.99,-33.99,-1.22,43716822.0,56275900738.0
BK1203.DC,20260303,2741.02,2763.91,2701.87,2704.09,2742.0,-37.91,-1.38,49823052.0,64561631807.0
BK1203.DC,20260304,2679.8,2693.59,2646.36,2651.32,2704.09,-52.77,-1.95,41766822.0,54889910922.0
BK1203.DC,20260305,2679.67,2681.9,2649.94,2659.56,2651.32,8.24,0.31,30458570.0,38306070000.0
BK1203.DC,20260306,2648.56,2709.05,2647.19,2701.4,2659.56,41.84,1.57,32271710.0,39760358958.0
BK1203.DC,20260309,2667.31,2668.02,2642.99,2660.84,2701.4,-40.56,-1.5,34399628.0,46749096200.0
BK1203.DC,20260310,2675.88,2691.14,2669.44,2681.02,2660.84,20.18,0.76,26659413.0,34655288969.0
BK1203.DC,20260311,2682.71,2688.4,2667.05,2681.2,2681.02,0.18,0.01,27489946.0,35205135231.0
BK1203.DC,20260312,2677.12,2702.01,2677.12,2693.53,2681.2000000000003,12.33,0.46,30930750.0,38400887260.0
BK1203.DC,20260313,2683.34,2687.71,2653.73,2657.82,2693.53,-35.71,-1.33,30558335.0,36811253121.0
BK1203.DC,20260316,2660.59,2666.21,2646.67,2659.81,2657.82,1.99,0.07,32323850.0,41263657975.0
BK1203.DC,20260317,2661.33,2720.07,2656.84,2672.95,2659.81,13.14,0.49,51519753.0,67117738101.0
BK1203.DC,20260318,2671.76,2672.18,2649.08,2668.66,2672.95,-4.29,-0.16,33836065.0,39770796391.0
BK1203.DC,20260319,2647.45,2667.39,2628.4,2644.33,2668.66,-24.33,-0.91,41669643.0,47660484262.0
BK1203.DC,20260320,2646.02,2648.08,2588.81,2588.81,2644.33,-55.52,-2.1,41380091.0,49820127721.0
BK1203.DC,20260323,2548.12,2551.65,2468.48,2480.37,2588.81,-108.44,-4.19,50831859.0,60858047798.0
BK1203.DC,20260324,2509.36,2528.83,2480.31,2526.49,2480.37,46.12,1.86,39650543.0,45043696379.0
BK1203.DC,20260325,2527.35,2569.39,2523.96,2556.3,2526.4900000000002,29.81,1.18,36282777.0,41058212224.0
BK1203.DC,20260326,2549.67,2551.63,2493.37,2498.41,2556.2999999999997,-57.89,-2.26,31924897.0,42140913245.0
BK1203.DC,20260327,2477.12,2527.15,2477.12,2519.22,2498.41,20.81,0.83,28959852.0,35288295347.0
BK1203.DC,20260330,2494.17,2511.63,2474.56,2508.79,2519.22,-10.43,-0.41,29482879.0,35319302200.0
BK1203.DC,20260331,2506.42,2532.14,2482.26,2482.92,2508.79,-25.87,-1.03,31440394.0,37267042937.0
BK1203.DC,20260401,2514.5,2517.39,2497.0,2511.18,2482.9199999999996,28.26,1.14,29057992.0,35150437903.0
BK1203.DC,20260402,2502.14,2502.14,2459.14,2467.17,2511.1800000000003,-44.01,-1.75,28112204.0,31413223967.0
BK1203.DC,20260403,2483.18,2491.07,2445.23,2446.03,2467.17,-21.14,-0.86,29920098.0,32798053668.0
BK1203.DC,20260407,2444.8,2463.48,2441.9,2453.85,2446.0299999999997,7.82,0.32,28328070.0,33389913220.0
BK1203.DC,20260408,2487.48,2541.8,2487.48,2541.8,2453.8500000000004,87.95,3.58,53046007.0,63866469806.0
BK1203.DC,20260409,2517.61,2517.61,2484.39,2487.58,2541.7999999999997,-54.22,-2.13,32376281.0,38049299771.0
BK1203.DC,20260410,2510.04,2584.47,2510.04,2543.76,2487.5800000000004,56.18,2.26,63860960.0,79237856237.0
BK1203.DC,20260413,2524.86,2562.42,2524.76,2548.82,2543.76,5.06,0.2,38674471.0,48207865242.0
BK1203.DC,20260414,2564.65,2567.61,2537.39,2565.2,2548.8199999999997,16.38,0.64,34059777.0,42979381444.0
BK1203.DC,20260415,2572.71,2575.35,2549.12,2551.12,2565.2,-14.08,-0.55,27735480.0,34934351663.0
BK1203.DC,20260416,2556.95,2575.4,2553.47,2567.13,2551.12,16.01,0.63,33189324.0,41534986451.0
BK1203.DC,20260417,2561.77,2571.1,2548.75,2560.33,2567.13,-6.8,-0.26,29727771.0,38993573185.0
BK1203.DC,20260420,2566.49,2569.29,2555.49,2561.68,2560.33,1.35,0.05,28162887.0,36272026738.0
BK1203.DC,20260421,2556.93,2558.06,2532.89,2539.37,2561.68,-22.31,-0.87,27621662.0,33611075903.0
BK1203.DC,20260422,2531.43,2570.45,2525.16,2560.04,2539.37,20.67,0.81,37418949.0,46869014560.0
BK1203.DC,20260423,2555.87,2561.9,2531.1,2537.61,2560.04,-22.43,-0.88,32620387.0,39584529742.0
BK1203.DC,20260424,2529.46,2530.09,2499.86,2512.6,2537.61,-25.01,-0.99,28831927.0,33840112361.0
BK1203.DC,20260427,2505.57,2511.91,2491.1,2502.75,2512.6,-9.85,-0.39,32514780.0,40049503516.0
BK1203.DC,20260428,2496.38,2539.3,2496.38,2515.78,2502.75,13.03,0.52,40879083.0,53234748049.0
BK1203.DC,20260429,2510.72,2546.0,2510.72,2541.28,2515.78,25.5,1.01,38987251.0,52920589163.0
BK1203.DC,20260430,2541.96,2583.32,2535.61,2545.69,2541.28,4.41,0.17,51857660.0,63024738392.0
BK1203.DC,20260506,2548.19,2585.27,2548.16,2572.69,2545.69,27.0,1.06,52332324.0,63031251887.0
BK1203.DC,20260507,2582.86,2584.15,2558.86,2574.42,2572.69,1.73,0.07,47048627.0,61065282054.0
BK1203.DC,20260508,2564.73,2582.01,2560.9,2568.93,2574.4199999999996,-5.49,-0.21,34571617.0,42501533741.0
BK1203.DC,20260511,2566.53,2609.98,2552.49,2600.29,2568.93,31.36,1.22,56894019.0,74828677651.0
BK1203.DC,20260512,2598.49,2622.62,2583.44,2596.14,2600.29,-4.15,-0.16,51800640.0,62554724598.0
BK1203.DC,20260513,2588.95,2600.36,2571.52,2598.07,2596.1400000000003,1.93,0.07,45709598.0,60324073489.0
BK1203.DC,20260514,2602.28,2608.63,2547.64,2547.64,2598.0699999999997,-50.43,-1.94,44412639.0,55864309219.0
BK1203.DC,20260515,2545.53,2550.25,2477.99,2490.06,2547.64,-57.58,-2.26,43705223.0,53311083149.0
BK1203.DC,20260518,2482.57,2500.25,2465.62,2480.99,2490.06,-9.07,-0.36,34327995.0,40293767048.0
BK1203.DC,20260519,2484.2,2504.52,2470.1,2502.86,2480.9900000000002,21.87,0.88,36948900.0,44215782187.0
BK1203.DC,20260520,2493.0,2496.79,2473.9,2482.67,2502.86,-20.19,-0.81,31440090.0,36570026972.0
BK1203.DC,20260521,2495.84,2556.67,2462.61,2462.87,2482.67,-19.8,-0.8,63028725.0,78883901476.0
BK1203.DC,20260522,2473.89,2478.17,2428.58,2439.31,2462.87,-23.56,-0.96,43378023.0,50558046876.0
BK1203.DC,20260525,2448.53,2466.11,2426.98,2454.71,2439.31,15.4,0.63,35137422.0,43012762932.0
BK1203.DC,20260526,2444.44,2483.33,2434.49,2461.7,2454.71,6.99,0.28,43138507.0,56740512778.0
BK1203.DC,20260527,2450.59,2481.7,2411.95,2426.61,2461.7000000000003,-35.09,-1.43,39179682.0,48263495529.0
BK1203.DC,20260528,2424.32,2424.66,2368.42,2391.33,2426.61,-35.28,-1.45,38470873.0,46302163849.0
BK1203.DC,20260529,2392.75,2435.79,2392.75,2399.81,2391.33,8.48,0.35,45219770.0,59523842904.0
BK1203.DC,20260601,2394.3,2419.67,2380.74,2413.75,2399.81,13.94,0.58,36608913.0,46323320490.0
BK1203.DC,20260602,2411.36,2415.86,2377.51,2395.64,2413.75,-18.11,-0.75,35928103.0,46373667783.0
BK1203.DC,20260603,2387.59,2395.43,2360.34,2367.88,2395.6400000000003,-27.76,-1.16,37182219.0,45685511347.0
BK1203.DC,20260604,2355.46,2374.86,2306.43,2324.88,2367.88,-43.0,-1.82,34652943.0,39442776238.0
BK1203.DC,20260605,2326.13,2341.81,2306.77,2311.37,2324.88,-13.51,-0.58,34093072.0,43830322795.0
BK1203.DC,20260608,2280.66,2307.64,2243.01,2259.38,2311.37,-51.99,-2.25,37676370.0,45592223491.0
