ts_code,trade_date,open,high,low,close,pre_close,change,pct_chg,vol,amount
BK1202.DC,20200102,1706.22,1715.03,1706.22,1711.3,1691.03,20.27,1.2,18198630.0,16595046648.0
BK1202.DC,20200103,1711.5,1711.61,1698.4,1707.19,1711.3,-4.11,-0.24,14229159.0,12749194553.0
BK1202.DC,20200106,1696.91,1709.21,1689.19,1701.14,1707.19,-6.05,-0.35,16109357.0,14429188253.0
BK1202.DC,20200107,1701.9,1719.99,1701.9,1719.99,1701.14,18.85,1.11,14077313.0,11199672579.0
BK1202.DC,20200108,1713.42,1713.42,1685.29,1687.44,1719.99,-32.55,-1.89,15594848.0,12446808665.0
BK1202.DC,20200109,1699.21,1712.42,1699.21,1712.42,1687.44,24.98,1.48,14697530.0,13657257875.0
BK1202.DC,20200110,1714.28,1714.28,1698.8,1703.59,1712.4199999999998,-8.83,-0.52,11669518.0,10645650983.0
BK1202.DC,20200113,1702.77,1710.34,1691.44,1710.34,1703.59,6.75,0.4,11538925.0,10606839877.0
BK1202.DC,20200114,1711.61,1719.54,1711.61,1714.73,1710.34,4.39,0.26,12754859.0,11007156236.0
BK1202.DC,20200115,1714.05,1714.05,1695.8,1700.1,1714.73,-14.63,-0.85,12315437.0,10572607437.0
BK1202.DC,20200116,1701.1,1701.1,1684.81,1685.71,1700.1000000000001,-14.39,-0.85,10119233.0,9009692022.0
BK1202.DC,20200117,1690.0,1692.54,1679.86,1681.45,1685.71,-4.26,-0.25,8918177.0,7855241796.0
BK1202.DC,20200120,1682.44,1684.83,1672.33,1684.38,1681.45,2.93,0.17,11035822.0,10262623446.0
BK1202.DC,20200121,1684.19,1684.19,1661.19,1661.25,1684.38,-23.13,-1.37,12388915.0,11251659504.0
BK1202.DC,20200122,1657.83,1671.43,1643.4,1668.1,1661.25,6.85,0.41,11929673.0,11006215272.0
BK1202.DC,20200123,1655.82,1655.82,1601.33,1610.82,1668.1,-57.28,-3.43,14306395.0,12376872709.0
BK1202.DC,20200203,1453.72,1456.37,1453.14,1454.58,1610.82,-156.24,-9.7,10645907.0,12351103593.0
BK1202.DC,20200204,1364.72,1434.38,1364.72,1428.93,1454.5800000000002,-25.65,-1.76,19658297.0,14714190869.0
BK1202.DC,20200205,1430.28,1472.0,1430.28,1453.18,1428.93,24.25,1.7,15329652.0,11801026916.0
BK1202.DC,20200206,1455.77,1474.86,1444.56,1469.44,1453.18,16.26,1.12,14768919.0,11489791547.0
BK1202.DC,20200207,1464.97,1471.0,1453.76,1471.0,1469.44,1.56,0.11,13061182.0,9689245520.0
BK1202.DC,20200210,1467.24,1497.33,1462.0,1496.63,1471.0,25.63,1.74,14468412.0,12051236048.0
BK1202.DC,20200211,1498.01,1513.52,1495.44,1504.59,1496.6299999999999,7.96,0.53,12901388.0,10601381761.0
BK1202.DC,20200212,1502.89,1514.35,1498.49,1514.35,1504.59,9.76,0.65,10571269.0,8034519874.0
BK1202.DC,20200213,1513.41,1536.79,1508.08,1509.47,1514.3500000000001,-4.88,-0.32,15489700.0,12568020598.0
BK1202.DC,20200214,1507.49,1532.65,1507.49,1532.49,1509.47,23.02,1.53,16465905.0,14052928804.0
BK1202.DC,20200217,1534.92,1566.95,1534.92,1566.95,1532.49,34.46,2.25,18558432.0,14993799266.0
BK1202.DC,20200218,1563.79,1569.53,1549.63,1564.13,1566.95,-2.82,-0.18,15308010.0,12062046032.0
BK1202.DC,20200219,1561.46,1576.68,1559.96,1565.65,1564.13,1.52,0.1,14636356.0,11012060475.0
BK1202.DC,20200220,1565.3,1587.23,1555.52,1587.23,1565.65,21.58,1.38,16999473.0,13098572508.0
BK1202.DC,20200221,1584.72,1596.79,1582.12,1590.47,1587.23,3.24,0.2,16808005.0,13625102706.0
BK1202.DC,20200224,1587.96,1587.96,1565.87,1579.62,1590.4699999999998,-10.85,-0.68,17923682.0,13942131084.0
BK1202.DC,20200225,1554.54,1568.48,1532.28,1568.4,1579.6200000000001,-11.22,-0.71,19933552.0,15297451213.0
BK1202.DC,20200226,1552.01,1618.69,1552.01,1597.06,1568.3999999999999,28.66,1.83,30742792.0,24864047395.0
BK1202.DC,20200227,1601.05,1604.58,1586.77,1589.33,1597.06,-7.73,-0.48,19533503.0,15084211081.0
BK1202.DC,20200228,1553.96,1573.73,1528.45,1528.76,1589.33,-60.57,-3.81,21837184.0,17753769472.0
BK1202.DC,20200302,1536.91,1600.24,1536.91,1599.51,1528.76,70.75,4.63,22319040.0,20010130012.0
BK1202.DC,20200303,1620.3,1625.86,1597.83,1614.54,1599.51,15.03,0.94,22217835.0,18105730693.0
BK1202.DC,20200304,1609.93,1674.16,1607.67,1674.16,1614.5400000000002,59.62,3.69,33076322.0,24399352089.0
BK1202.DC,20200305,1674.36,1699.08,1671.19,1697.18,1674.16,23.02,1.38,33353065.0,23126574649.0
BK1202.DC,20200306,1675.03,1678.15,1659.8,1667.15,1697.18,-30.03,-1.77,25056186.0,16725494766.0
BK1202.DC,20200309,1640.75,1643.89,1615.33,1615.91,1667.15,-51.24,-3.07,23740183.0,17746795094.0
BK1202.DC,20200310,1591.86,1639.08,1578.13,1637.94,1615.91,22.03,1.36,21776884.0,15601525319.0
BK1202.DC,20200311,1639.5,1656.95,1630.35,1630.35,1637.9399999999998,-7.59,-0.46,20931199.0,14393983201.0
BK1202.DC,20200312,1611.55,1620.62,1594.78,1606.21,1630.3500000000001,-24.14,-1.48,18395756.0,12644588727.0
BK1202.DC,20200313,1543.03,1604.13,1535.87,1599.6,1606.2099999999998,-6.61,-0.41,21096967.0,14783775840.0
BK1202.DC,20200316,1620.45,1635.36,1575.18,1579.83,1599.6,-19.77,-1.24,24373703.0,16142198331.0
BK1202.DC,20200317,1577.69,1594.77,1526.11,1561.09,1579.83,-18.74,-1.19,21850211.0,14749834564.0
BK1202.DC,20200318,1567.34,1579.03,1521.88,1523.12,1561.09,-37.97,-2.43,21862502.0,17611899121.0
BK1202.DC,20200319,1512.96,1522.13,1477.61,1509.56,1523.12,-13.56,-0.89,19716656.0,15709763556.0
BK1202.DC,20200320,1519.6,1530.76,1507.11,1529.66,1509.5600000000002,20.1,1.33,15840559.0,12072965219.0
BK1202.DC,20200323,1490.79,1498.86,1470.02,1471.25,1529.66,-58.41,-3.82,14705066.0,10309179024.0
BK1202.DC,20200324,1493.17,1501.75,1474.54,1501.71,1471.25,30.46,2.07,14070791.0,10644959564.0
BK1202.DC,20200325,1526.65,1557.92,1518.26,1552.79,1501.71,51.08,3.4,20821836.0,16081306505.0
BK1202.DC,20200326,1540.89,1549.84,1531.24,1532.74,1552.79,-20.05,-1.29,14473832.0,10168419841.0
BK1202.DC,20200327,1548.13,1562.77,1541.28,1542.12,1532.7399999999998,9.38,0.61,15178770.0,11396397102.0
BK1202.DC,20200330,1523.18,1526.58,1506.78,1519.63,1542.1200000000001,-22.49,-1.46,12535566.0,10237771195.0
BK1202.DC,20200331,1529.91,1531.83,1512.41,1517.11,1519.6299999999999,-2.52,-0.17,10916246.0,8718280810.0
BK1202.DC,20200401,1515.2,1531.26,1507.24,1509.04,1517.11,-8.07,-0.53,10417963.0,9331126573.0
BK1202.DC,20200402,1501.78,1527.66,1499.71,1527.66,1509.0400000000002,18.62,1.23,9819576.0,7557045049.0
BK1202.DC,20200403,1526.08,1530.38,1514.98,1530.16,1527.66,2.5,0.16,9590183.0,7401032648.0
BK1202.DC,20200407,1545.8,1556.03,1541.43,1555.11,1530.1599999999999,24.95,1.63,13461588.0,10053810927.0
BK1202.DC,20200408,1549.74,1554.12,1541.49,1553.6,1555.11,-1.51,-0.1,10839796.0,7759061813.0
BK1202.DC,20200409,1558.4,1564.15,1557.39,1560.37,1553.6,6.77,0.44,10443626.0,7467640925.0
BK1202.DC,20200410,1568.31,1569.63,1547.45,1553.24,1560.3700000000001,-7.13,-0.46,14163293.0,9820744623.0
BK1202.DC,20200413,1544.23,1544.23,1533.37,1535.71,1553.24,-17.53,-1.13,10496900.0,7219713322.0
BK1202.DC,20200414,1538.16,1558.7,1538.16,1558.7,1535.71,22.99,1.5,11914001.0,9657003592.0
BK1202.DC,20200415,1558.37,1558.37,1540.82,1541.19,1558.7,-17.51,-1.12,10447852.0,8071565016.0
BK1202.DC,20200416,1535.83,1543.88,1531.86,1543.88,1541.19,2.69,0.17,10922545.0,8067658072.0
BK1202.DC,20200417,1548.95,1553.63,1543.93,1547.17,1543.88,3.29,0.21,12163235.0,9402507168.0
BK1202.DC,20200420,1548.46,1556.71,1540.82,1556.71,1547.17,9.54,0.62,11965665.0,9921561419.0
BK1202.DC,20200421,1550.82,1550.82,1533.82,1544.61,1556.7099999999998,-12.1,-0.78,13160719.0,10164136890.0
BK1202.DC,20200422,1535.56,1556.61,1530.46,1556.46,1544.6100000000001,11.85,0.77,11454581.0,8289512472.0
BK1202.DC,20200423,1558.09,1561.48,1548.83,1556.32,1556.46,-0.14,-0.01,11996978.0,8597395890.0
BK1202.DC,20200424,1556.41,1556.41,1534.99,1538.74,1556.32,-17.58,-1.13,11932721.0,8465120787.0
BK1202.DC,20200427,1542.58,1561.57,1542.58,1553.66,1538.74,14.92,0.97,13013429.0,10535014495.0
BK1202.DC,20200428,1561.08,1561.19,1513.08,1535.59,1553.6599999999999,-18.07,-1.16,15895624.0,12543668467.0
BK1202.DC,20200429,1529.03,1552.58,1528.35,1551.11,1535.59,15.52,1.01,15322149.0,12005089216.0
BK1202.DC,20200430,1553.63,1583.62,1553.63,1580.7,1551.1100000000001,29.59,1.91,19160214.0,14505039316.0
BK1202.DC,20200506,1582.04,1600.01,1582.04,1599.44,1580.7,18.74,1.19,20306234.0,15867086786.0
BK1202.DC,20200507,1595.65,1602.47,1590.37,1591.37,1599.4399999999998,-8.07,-0.5,18732775.0,13448800597.0
BK1202.DC,20200508,1592.56,1607.51,1587.89,1600.19,1591.3700000000001,8.82,0.55,18424176.0,14033113558.0
BK1202.DC,20200511,1601.48,1605.27,1594.88,1601.46,1600.19,1.27,0.08,17206896.0,12945125498.0
BK1202.DC,20200512,1597.53,1597.53,1569.72,1579.9,1601.46,-21.56,-1.35,13513235.0,10593484585.0
BK1202.DC,20200513,1573.33,1581.05,1567.08,1581.05,1579.8999999999999,1.15,0.07,13311102.0,10280749285.0
BK1202.DC,20200514,1575.54,1580.56,1570.15,1572.64,1581.0500000000002,-8.41,-0.53,15130888.0,10914332783.0
BK1202.DC,20200515,1580.23,1585.85,1576.53,1580.73,1572.64,8.09,0.51,15731910.0,11042439800.0
BK1202.DC,20200518,1584.6,1594.29,1579.68,1586.91,1580.73,6.18,0.39,16275700.0,13387409745.0
BK1202.DC,20200519,1598.3,1598.3,1590.25,1593.93,1586.91,7.02,0.44,13521679.0,10204732823.0
BK1202.DC,20200520,1590.46,1590.46,1577.95,1581.48,1593.93,-12.45,-0.78,14638305.0,11344197061.0
BK1202.DC,20200521,1582.45,1596.0,1579.83,1583.53,1581.48,2.05,0.13,14042320.0,10187067991.0
BK1202.DC,20200522,1581.18,1581.18,1552.12,1556.13,1583.5300000000002,-27.4,-1.73,13953331.0,10473105732.0
BK1202.DC,20200525,1556.69,1570.73,1555.45,1563.44,1556.13,7.31,0.47,11389746.0,8886961199.0
BK1202.DC,20200526,1566.29,1588.83,1566.15,1588.22,1563.44,24.78,1.58,12243702.0,9361403190.0
BK1202.DC,20200527,1589.26,1595.52,1582.69,1591.08,1588.22,2.86,0.18,14682898.0,11184768009.0
BK1202.DC,20200528,1591.32,1604.09,1578.93,1587.91,1591.0800000000002,-3.17,-0.2,15330020.0,12485718957.0
BK1202.DC,20200529,1582.8,1591.57,1582.1,1587.67,1587.91,-0.24,-0.02,14081577.0,10628386930.0
BK1202.DC,20200601,1595.7,1624.91,1595.7,1624.91,1587.67,37.24,2.35,17352848.0,13695478023.0
BK1202.DC,20200602,1625.38,1648.04,1625.38,1645.71,1624.91,20.8,1.28,20517328.0,16392662324.0
BK1202.DC,20200603,1650.61,1655.7,1641.67,1642.54,1645.71,-3.17,-0.19,19574145.0,15002212850.0
BK1202.DC,20200604,1647.05,1647.87,1637.39,1642.01,1642.54,-0.53,-0.03,15985850.0,11449196275.0
BK1202.DC,20200605,1644.81,1646.22,1634.37,1644.73,1642.01,2.72,0.17,16072103.0,11900640286.0
BK1202.DC,20200608,1653.46,1653.46,1643.84,1646.93,1644.73,2.2,0.13,14959049.0,12113737160.0
BK1202.DC,20200609,1649.93,1649.93,1639.86,1647.11,1646.9299999999998,0.18,0.01,13958797.0,12562602743.0
BK1202.DC,20200610,1650.37,1651.6,1642.7,1649.08,1647.11,1.97,0.12,14023301.0,12140064872.0
BK1202.DC,20200611,1647.02,1660.1,1640.59,1645.38,1649.0800000000002,-3.7,-0.22,15226967.0,13465948766.0
BK1202.DC,20200612,1621.58,1655.52,1621.15,1651.61,1645.3799999999999,6.23,0.38,13677211.0,11956583404.0
BK1202.DC,20200615,1649.93,1668.55,1646.29,1646.29,1651.61,-5.32,-0.32,17259900.0,15343638968.0
BK1202.DC,20200616,1654.16,1671.36,1653.5,1671.36,1646.29,25.07,1.52,16419905.0,13754489654.0
BK1202.DC,20200617,1668.47,1669.86,1660.63,1669.39,1671.3600000000001,-1.97,-0.12,15868126.0,12822390807.0
BK1202.DC,20200618,1668.19,1678.7,1666.44,1673.08,1669.3899999999999,3.69,0.22,15661147.0,13501357189.0
BK1202.DC,20200619,1671.69,1684.79,1669.62,1681.33,1673.08,8.25,0.49,15486346.0,13941590381.0
BK1202.DC,20200622,1683.08,1685.05,1672.19,1672.85,1681.33,-8.48,-0.5,15062187.0,12966718930.0
BK1202.DC,20200623,1672.73,1672.73,1662.93,1666.78,1672.85,-6.07,-0.36,13156983.0,10979747965.0
BK1202.DC,20200624,1671.23,1683.16,1670.9,1681.21,1666.78,14.43,0.87,16315759.0,15288929889.0
BK1202.DC,20200629,1679.59,1679.59,1667.08,1670.79,1681.21,-10.42,-0.62,15499749.0,13436563091.0
BK1202.DC,20200630,1676.52,1694.94,1676.52,1694.94,1670.79,24.15,1.45,18764362.0,14933261659.0
BK1202.DC,20200701,1696.22,1755.25,1693.16,1745.86,1694.9399999999998,50.92,3.0,34096918.0,30807798667.0
BK1202.DC,20200702,1753.11,1792.66,1753.11,1789.22,1745.8600000000001,43.36,2.48,38027387.0,33889828619.0
BK1202.DC,20200703,1790.97,1808.42,1788.85,1802.02,1789.22,12.8,0.72,39565599.0,33073980891.0
BK1202.DC,20200706,1819.47,1908.99,1819.47,1908.99,1802.02,106.97,5.94,48448642.0,43204535978.0
BK1202.DC,20200707,1935.54,1946.83,1893.71,1900.29,1908.99,-8.7,-0.46,50197578.0,43457834979.0
BK1202.DC,20200708,1892.75,1927.94,1882.28,1924.83,1900.29,24.54,1.29,40445204.0,35789400381.0
BK1202.DC,20200709,1924.73,1953.85,1917.58,1953.85,1924.83,29.02,1.51,40150157.0,36070564294.0
BK1202.DC,20200710,1949.87,1979.25,1931.29,1960.0,1953.85,6.15,0.31,41592466.0,39589071884.0
BK1202.DC,20200713,1965.62,2009.82,1957.69,2009.82,1960.0,49.82,2.54,43275505.0,38357907144.0
BK1202.DC,20200714,2012.29,2020.71,1962.72,1993.7,2009.82,-16.12,-0.8,38887260.0,34859439953.0
BK1202.DC,20200715,1995.47,1999.71,1925.33,1927.31,1993.7,-66.39,-3.33,33951923.0,30167460729.0
BK1202.DC,20200716,1922.68,1939.02,1859.61,1859.61,1927.31,-67.7,-3.51,31689222.0,28434962884.0
BK1202.DC,20200717,1862.96,1873.94,1830.84,1850.75,1859.61,-8.86,-0.48,25274926.0,22174957174.0
BK1202.DC,20200720,1862.59,1918.47,1862.59,1918.47,1850.75,67.72,3.66,23555198.0,21264025445.0
BK1202.DC,20200721,1931.7,1947.93,1924.2,1939.29,1918.47,20.82,1.09,21020333.0,18384391697.0
BK1202.DC,20200722,1935.34,1960.52,1925.12,1940.21,1939.29,0.92,0.05,25643302.0,22444216099.0
BK1202.DC,20200723,1927.11,1931.83,1878.06,1915.43,1940.21,-24.78,-1.28,24017305.0,20461432811.0
BK1202.DC,20200724,1906.72,1926.81,1843.58,1851.4,1915.43,-64.03,-3.34,26267497.0,22283981951.0
BK1202.DC,20200727,1854.4,1856.41,1816.91,1827.47,1851.4,-23.93,-1.29,21563189.0,17659244338.0
BK1202.DC,20200728,1835.64,1847.51,1826.1,1837.45,1827.47,9.98,0.55,17413393.0,14088683772.0
BK1202.DC,20200729,1833.41,1873.26,1821.32,1873.26,1837.45,35.81,1.95,17557852.0,15521901050.0
BK1202.DC,20200730,1872.49,1879.42,1861.77,1871.96,1873.26,-1.3,-0.07,19652012.0,16868682395.0
BK1202.DC,20200731,1864.54,1889.05,1856.0,1881.94,1871.96,9.98,0.53,18930259.0,16453685539.0
BK1202.DC,20200803,1893.43,1931.12,1893.43,1931.12,1881.9399999999998,49.18,2.61,25014629.0,21807970440.0
BK1202.DC,20200804,1938.9,1957.43,1925.37,1947.88,1931.1200000000001,16.76,0.87,28612676.0,26101081866.0
BK1202.DC,20200805,1946.57,1946.57,1914.87,1935.22,1947.88,-12.66,-0.65,23307930.0,20475262835.0
BK1202.DC,20200806,1938.52,1947.07,1917.2,1937.14,1935.22,1.92,0.1,21511680.0,18984436912.0
BK1202.DC,20200807,1929.94,1929.94,1892.53,1912.35,1937.1399999999999,-24.79,-1.28,21691561.0,18542862126.0
BK1202.DC,20200810,1909.86,1952.11,1909.86,1943.24,1912.35,30.89,1.62,23668622.0,22693475956.0
BK1202.DC,20200811,1945.51,1946.95,1909.2,1909.59,1943.24,-33.65,-1.73,22966107.0,21401248599.0
BK1202.DC,20200812,1905.58,1915.96,1879.28,1912.58,1909.59,2.99,0.16,21487219.0,19861748662.0
BK1202.DC,20200813,1917.74,1926.08,1911.54,1914.81,1912.58,2.23,0.12,17002351.0,15038321355.0
BK1202.DC,20200814,1914.68,1930.82,1901.73,1929.95,1914.81,15.14,0.79,18112551.0,16798838202.0
BK1202.DC,20200817,1931.78,1968.12,1928.63,1962.23,1929.95,32.28,1.67,24303400.0,22867699905.0
BK1202.DC,20200818,1964.52,1967.82,1953.28,1966.07,1962.23,3.84,0.2,21813850.0,19840033216.0
BK1202.DC,20200819,1966.25,1966.92,1941.17,1942.96,1966.07,-23.11,-1.18,19894748.0,17966974723.0
BK1202.DC,20200820,1935.0,1942.46,1919.54,1925.37,1942.9599999999998,-17.59,-0.91,16865280.0,14045886694.0
BK1202.DC,20200821,1932.35,1945.22,1924.21,1938.46,1925.3700000000001,13.09,0.68,14656507.0,12709521526.0
BK1202.DC,20200824,1944.41,1944.41,1933.95,1938.63,1938.46,0.17,0.01,17096799.0,14326329788.0
BK1202.DC,20200825,1941.49,1949.38,1921.76,1926.23,1938.63,-12.4,-0.64,15683003.0,13302712693.0
BK1202.DC,20200826,1925.4,1925.4,1884.96,1892.52,1926.23,-33.71,-1.75,18575458.0,15123021798.0
BK1202.DC,20200827,1890.23,1902.56,1878.77,1901.22,1892.52,8.7,0.46,16004498.0,13725878124.0
BK1202.DC,20200828,1904.62,1922.64,1899.41,1922.18,1901.22,20.96,1.1,17645232.0,15093127259.0
BK1202.DC,20200831,1931.65,1938.13,1914.02,1915.41,1922.18,-6.77,-0.35,20937882.0,17941861476.0
BK1202.DC,20200901,1913.66,1913.66,1893.56,1903.08,1915.4099999999999,-12.33,-0.64,18733671.0,15015546645.0
BK1202.DC,20200902,1905.46,1905.46,1883.81,1899.65,1903.0800000000002,-3.43,-0.18,16375816.0,14013472872.0
BK1202.DC,20200903,1898.09,1898.09,1872.76,1877.12,1899.6499999999999,-22.53,-1.19,14193079.0,12446464743.0
BK1202.DC,20200904,1856.84,1880.65,1848.37,1878.79,1877.12,1.67,0.09,13254141.0,11482683988.0
BK1202.DC,20200907,1877.41,1899.67,1860.85,1864.18,1878.79,-14.61,-0.78,18104298.0,17374935274.0
BK1202.DC,20200908,1866.94,1885.31,1862.26,1881.28,1864.18,17.1,0.92,16544334.0,14051819504.0
BK1202.DC,20200909,1867.89,1883.65,1857.4,1860.87,1881.28,-20.41,-1.08,19439393.0,14216552394.0
BK1202.DC,20200910,1871.71,1889.45,1829.21,1831.17,1860.8700000000001,-29.7,-1.6,20935937.0,17392470611.0
BK1202.DC,20200911,1824.27,1843.65,1821.24,1843.39,1831.17,12.22,0.67,14701387.0,12072631063.0
BK1202.DC,20200914,1847.72,1848.31,1833.02,1841.59,1843.3899999999999,-1.8,-0.1,14045672.0,11683207538.0
BK1202.DC,20200915,1843.07,1846.94,1834.73,1846.94,1841.5900000000001,5.35,0.29,15266421.0,13308191760.0
BK1202.DC,20200916,1844.66,1855.33,1837.36,1848.59,1846.9399999999998,1.65,0.09,15783688.0,13424507243.0
BK1202.DC,20200917,1844.81,1855.3,1836.38,1848.16,1848.5900000000001,-0.43,-0.02,13342775.0,11399512927.0
BK1202.DC,20200918,1846.03,1889.66,1844.21,1889.14,1848.16,40.98,2.22,21390531.0,20356166747.0
BK1202.DC,20200921,1893.32,1893.32,1872.27,1875.67,1889.14,-13.47,-0.71,15305324.0,13571948710.0
BK1202.DC,20200922,1864.02,1872.38,1846.06,1849.63,1875.67,-26.04,-1.39,13611509.0,11912369175.0
BK1202.DC,20200923,1857.48,1858.28,1846.09,1850.32,1849.6299999999999,0.69,0.04,11928245.0,9905319479.0
BK1202.DC,20200924,1843.83,1843.83,1808.63,1809.46,1850.32,-40.86,-2.21,13487698.0,11126419870.0
BK1202.DC,20200925,1810.75,1813.26,1780.71,1786.6,1809.4599999999998,-22.86,-1.26,12907593.0,11542920596.0
BK1202.DC,20200928,1792.35,1795.28,1775.01,1775.11,1786.6,-11.49,-0.64,10329346.0,9353950742.0
BK1202.DC,20200929,1778.8,1789.12,1774.88,1780.39,1775.1100000000001,5.28,0.3,9218349.0,7862041603.0
BK1202.DC,20200930,1784.42,1785.87,1765.31,1772.57,1780.3899999999999,-7.82,-0.44,9276213.0,8305448402.0
BK1202.DC,20201009,1789.73,1806.02,1789.73,1803.54,1772.57,30.97,1.75,11208242.0,10071759938.0
BK1202.DC,20201012,1816.62,1846.52,1816.43,1846.52,1803.54,42.98,2.38,16381702.0,14786434444.0
BK1202.DC,20201013,1845.1,1845.1,1827.75,1837.71,1846.52,-8.81,-0.48,11216469.0,10331402737.0
BK1202.DC,20201014,1835.72,1835.72,1806.91,1811.34,1837.7099999999998,-26.37,-1.43,11531828.0,10298522806.0
BK1202.DC,20201015,1808.75,1810.59,1799.45,1801.99,1811.34,-9.35,-0.52,9535795.0,8563865155.0
BK1202.DC,20201016,1799.82,1805.96,1795.55,1803.09,1801.99,1.1,0.06,9752637.0,8616351768.0
BK1202.DC,20201019,1808.16,1825.79,1793.37,1795.9,1803.0900000000001,-7.19,-0.4,12173350.0,12370380036.0
BK1202.DC,20201020,1793.07,1798.18,1781.29,1798.18,1795.9,2.28,0.13,8979357.0,8562868729.0
BK1202.DC,20201021,1796.91,1796.91,1776.41,1782.25,1798.18,-15.93,-0.89,8831063.0,7543065819.0
BK1202.DC,20201022,1780.17,1781.16,1770.82,1780.11,1782.25,-2.14,-0.12,9648906.0,8897599543.0
BK1202.DC,20201023,1779.93,1786.44,1767.28,1769.77,1780.11,-10.34,-0.58,9768593.0,9101487142.0
BK1202.DC,20201026,1768.48,1768.48,1749.37,1756.95,1769.77,-12.82,-0.72,9062369.0,8517797011.0
BK1202.DC,20201027,1750.42,1751.5,1738.86,1746.13,1756.95,-10.82,-0.62,8697833.0,8193592012.0
BK1202.DC,20201028,1745.11,1745.11,1727.52,1740.14,1746.13,-5.99,-0.34,8634413.0,8244635477.0
BK1202.DC,20201029,1723.54,1734.14,1718.63,1732.27,1740.1399999999999,-7.87,-0.45,8911627.0,7734982783.0
BK1202.DC,20201030,1731.78,1743.12,1698.77,1699.68,1732.27,-32.59,-1.88,12738665.0,11569865732.0
BK1202.DC,20201102,1699.65,1700.58,1683.43,1688.55,1699.68,-11.13,-0.65,11652776.0,10086894304.0
BK1202.DC,20201103,1691.82,1715.48,1688.49,1714.95,1688.55,26.4,1.56,9546058.0,8195964233.0
BK1202.DC,20201104,1714.85,1714.85,1697.2,1706.07,1714.95,-8.88,-0.52,8020360.0,6812314320.0
BK1202.DC,20201105,1715.15,1738.42,1714.22,1737.7,1706.07,31.63,1.85,12016900.0,12300883830.0
BK1202.DC,20201106,1738.69,1738.69,1722.81,1730.2,1737.7,-7.5,-0.43,9835305.0,10023607197.0
BK1202.DC,20201109,1732.06,1753.78,1732.06,1748.91,1730.2,18.71,1.08,14387864.0,13356874971.0
BK1202.DC,20201110,1752.86,1756.03,1730.73,1736.28,1748.91,-12.63,-0.72,12230282.0,11227234857.0
BK1202.DC,20201111,1731.21,1744.89,1726.37,1736.99,1736.28,0.71,0.04,12830542.0,12621587643.0
BK1202.DC,20201112,1734.27,1735.88,1722.93,1730.55,1736.99,-6.44,-0.37,10941646.0,9855745816.0
BK1202.DC,20201113,1726.03,1726.03,1707.07,1714.66,1730.5500000000002,-15.89,-0.92,10327508.0,9498251665.0
BK1202.DC,20201116,1717.35,1733.62,1716.41,1733.62,1714.6599999999999,18.96,1.11,10107670.0,8416772917.0
BK1202.DC,20201117,1731.14,1751.98,1728.35,1746.59,1733.62,12.97,0.75,16918976.0,15169380159.0
BK1202.DC,20201118,1743.76,1759.46,1738.65,1749.5,1746.59,2.91,0.17,16129239.0,15302297605.0
BK1202.DC,20201119,1746.64,1748.94,1738.94,1742.98,1749.5,-6.52,-0.37,11828628.0,10622866261.0
BK1202.DC,20201120,1739.94,1745.13,1729.85,1744.63,1742.98,1.65,0.09,9761981.0,7992851496.0
BK1202.DC,20201123,1743.32,1760.35,1740.08,1753.27,1744.6299999999999,8.64,0.5,12609239.0,10574664550.0
BK1202.DC,20201124,1754.3,1757.51,1748.4,1750.78,1753.27,-2.49,-0.14,10869005.0,8738590233.0
BK1202.DC,20201125,1754.04,1758.08,1731.07,1731.07,1750.78,-19.71,-1.13,12826120.0,10250461112.0
BK1202.DC,20201126,1728.27,1728.27,1714.55,1720.48,1731.07,-10.59,-0.61,9803133.0,8072197017.0
BK1202.DC,20201127,1722.1,1738.0,1719.42,1738.0,1720.48,17.52,1.02,12787656.0,11809091738.0
BK1202.DC,20201130,1737.82,1759.94,1733.08,1733.43,1738.0,-4.57,-0.26,17776207.0,17564307588.0
BK1202.DC,20201201,1728.77,1750.2,1718.17,1749.08,1733.4299999999998,15.65,0.9,15803037.0,13297017364.0
BK1202.DC,20201202,1748.82,1765.47,1742.99,1755.86,1749.08,6.78,0.39,15630859.0,13554409256.0
BK1202.DC,20201203,1755.6,1755.6,1744.07,1751.42,1755.8600000000001,-4.44,-0.25,10755825.0,8874810563.0
BK1202.DC,20201204,1749.77,1749.77,1736.21,1742.51,1751.42,-8.91,-0.51,9630492.0,9146846831.0
BK1202.DC,20201207,1741.88,1741.88,1725.17,1726.29,1742.51,-16.22,-0.93,10554469.0,8929854726.0
BK1202.DC,20201208,1726.95,1727.2,1720.44,1721.75,1726.29,-4.54,-0.26,7924126.0,6829019906.0
BK1202.DC,20201209,1723.0,1723.0,1695.78,1696.14,1721.75,-25.61,-1.49,10013791.0,8182779809.0
BK1202.DC,20201210,1694.53,1698.94,1689.25,1692.55,1696.1399999999999,-3.59,-0.21,8838395.0,7252384597.0
BK1202.DC,20201211,1692.96,1692.96,1656.11,1666.43,1692.55,-26.12,-1.54,12397748.0,9351223520.0
BK1202.DC,20201214,1668.42,1684.19,1665.64,1684.19,1666.43,17.76,1.07,10256671.0,8254184421.0
BK1202.DC,20201215,1681.49,1681.49,1669.13,1674.7,1684.19,-9.49,-0.56,8827845.0,6952776625.0
BK1202.DC,20201216,1675.25,1675.25,1660.17,1662.96,1674.7,-11.74,-0.7,7802327.0,6345850164.0
BK1202.DC,20201217,1661.16,1675.0,1645.32,1674.13,1662.96,11.17,0.67,9217171.0,7305005810.0
BK1202.DC,20201218,1672.38,1680.15,1663.57,1665.13,1674.13,-9.0,-0.54,8675317.0,7472732358.0
BK1202.DC,20201221,1664.09,1668.05,1652.77,1662.63,1665.13,-2.5,-0.15,9214933.0,7740061986.0
BK1202.DC,20201222,1656.04,1656.04,1632.2,1634.54,1662.6299999999999,-28.09,-1.69,10812992.0,9231096344.0
BK1202.DC,20201223,1631.58,1636.09,1625.8,1631.14,1634.5400000000002,-3.4,-0.21,10379023.0,9363854304.0
BK1202.DC,20201224,1630.65,1630.65,1602.64,1605.77,1631.1399999999999,-25.37,-1.56,10355114.0,7534166992.0
BK1202.DC,20201225,1601.98,1617.98,1598.22,1613.0,1605.77,7.23,0.45,8340890.0,6779319014.0
BK1202.DC,20201228,1610.86,1610.86,1593.01,1598.77,1613.0,-14.23,-0.88,9422956.0,8409038281.0
BK1202.DC,20201229,1601.25,1617.99,1600.36,1607.83,1598.77,9.06,0.57,9164611.0,7984309224.0
BK1202.DC,20201230,1607.0,1614.88,1602.77,1613.45,1607.8300000000002,5.62,0.35,8906766.0,7453630079.0
BK1202.DC,20201231,1614.1,1627.13,1613.54,1627.05,1613.45,13.6,0.84,12519619.0,9802116653.0
BK1202.DC,20210104,1624.43,1624.43,1608.21,1615.55,1627.05,-11.5,-0.71,15533585.0,14232858306.0
BK1202.DC,20210105,1611.05,1611.19,1595.57,1610.81,1615.55,-4.74,-0.29,14975411.0,13239503169.0
BK1202.DC,20210106,1609.86,1613.06,1604.66,1608.77,1610.81,-2.04,-0.13,12129341.0,11146322956.0
BK1202.DC,20210107,1608.6,1609.23,1565.81,1572.29,1608.77,-36.48,-2.27,14688782.0,12827432510.0
BK1202.DC,20210108,1569.4,1586.19,1549.87,1581.92,1572.29,9.63,0.61,14151366.0,11881957246.0
BK1202.DC,20210111,1580.16,1583.16,1558.21,1560.03,1581.92,-21.89,-1.38,15304029.0,14052172798.0
BK1202.DC,20210112,1554.65,1565.81,1552.46,1561.18,1560.03,1.15,0.07,12960675.0,11125110307.0
BK1202.DC,20210113,1558.77,1558.77,1535.93,1548.04,1561.18,-13.14,-0.84,13894067.0,12185868973.0
BK1202.DC,20210114,1541.35,1571.73,1539.07,1568.57,1548.04,20.53,1.33,14907889.0,13095279803.0
BK1202.DC,20210115,1566.17,1592.65,1566.17,1587.45,1568.57,18.88,1.2,13831472.0,12329997308.0
BK1202.DC,20210118,1589.08,1609.64,1589.08,1606.43,1587.45,18.98,1.2,17203884.0,14805936656.0
BK1202.DC,20210119,1603.75,1660.53,1597.99,1644.67,1606.43,38.24,2.38,27363762.0,22837686856.0
BK1202.DC,20210120,1638.45,1638.45,1623.03,1628.95,1644.67,-15.72,-0.96,19318717.0,14416187586.0
BK1202.DC,20210121,1627.34,1633.64,1621.42,1624.29,1628.95,-4.66,-0.29,17402595.0,13780736490.0
BK1202.DC,20210122,1621.09,1621.09,1589.23,1590.05,1624.29,-34.24,-2.11,16869683.0,13640469961.0
BK1202.DC,20210125,1581.81,1581.81,1558.37,1559.35,1590.05,-30.7,-1.93,16927229.0,13545013926.0
BK1202.DC,20210126,1554.71,1568.57,1551.62,1552.09,1559.35,-7.26,-0.47,12694490.0,10392374393.0
BK1202.DC,20210127,1551.73,1557.25,1550.51,1552.51,1552.09,0.42,0.03,13621120.0,11125225000.0
BK1202.DC,20210128,1542.56,1550.88,1539.12,1541.59,1552.51,-10.92,-0.7,13229633.0,10833542653.0
BK1202.DC,20210129,1542.2,1543.06,1511.61,1519.05,1541.59,-22.54,-1.46,12954694.0,11177309773.0
BK1202.DC,20210201,1509.91,1514.48,1504.69,1513.46,1519.05,-5.59,-0.37,12550980.0,10054995728.0
BK1202.DC,20210202,1511.86,1523.04,1507.48,1515.28,1513.46,1.82,0.12,11309126.0,9172195726.0
BK1202.DC,20210203,1512.83,1512.83,1493.44,1495.3,1515.28,-19.98,-1.32,11229298.0,8246269307.0
BK1202.DC,20210204,1492.01,1492.01,1462.73,1472.84,1495.3,-22.46,-1.5,11797021.0,8789057635.0
BK1202.DC,20210205,1472.33,1493.65,1472.33,1481.69,1472.8400000000001,8.85,0.6,14679614.0,11281422883.0
BK1202.DC,20210208,1480.34,1490.27,1478.17,1481.05,1481.69,-0.64,-0.04,11990039.0,9547063381.0
BK1202.DC,20210209,1479.45,1492.36,1473.37,1490.58,1481.05,9.53,0.64,10384696.0,8068048698.0
BK1202.DC,20210210,1490.67,1499.76,1489.09,1496.67,1490.5800000000002,6.09,0.41,9317906.0,7473537715.0
BK1202.DC,20210218,1508.49,1530.86,1508.49,1530.53,1496.67,33.86,2.26,15324115.0,12215156434.0
BK1202.DC,20210219,1527.9,1569.4,1527.9,1569.03,1530.53,38.5,2.52,15130330.0,11634962954.0
BK1202.DC,20210222,1567.71,1606.89,1567.71,1581.77,1569.03,12.74,0.81,18749103.0,14042428827.0
BK1202.DC,20210223,1578.84,1585.44,1564.87,1565.96,1581.77,-15.81,-1.0,14704064.0,11555403044.0
BK1202.DC,20210224,1567.36,1590.69,1567.36,1579.61,1565.9599999999998,13.65,0.87,15642302.0,12788795143.0
BK1202.DC,20210225,1585.83,1656.22,1585.83,1638.46,1579.6100000000001,58.85,3.73,36652597.0,33995359673.0
BK1202.DC,20210226,1616.72,1625.16,1606.53,1606.53,1638.46,-31.93,-1.95,27945870.0,26635636736.0
BK1202.DC,20210301,1608.57,1617.15,1601.7,1614.14,1606.5300000000002,7.61,0.47,19203921.0,17234239915.0
BK1202.DC,20210302,1614.01,1623.83,1591.65,1595.07,1614.1399999999999,-19.07,-1.18,17399273.0,15607595184.0
BK1202.DC,20210303,1591.64,1607.1,1589.19,1606.87,1595.07,11.8,0.74,14718914.0,13097768600.0
BK1202.DC,20210304,1603.03,1616.07,1599.26,1603.84,1606.87,-3.03,-0.19,15748217.0,14701690622.0
BK1202.DC,20210305,1598.73,1608.31,1591.99,1606.05,1603.84,2.21,0.14,15118175.0,14035578652.0
BK1202.DC,20210308,1611.18,1618.78,1596.14,1596.25,1606.05,-9.8,-0.61,15561097.0,12599109558.0
BK1202.DC,20210309,1594.36,1599.15,1552.61,1576.9,1596.25,-19.35,-1.21,16264420.0,13105057118.0
BK1202.DC,20210310,1580.4,1580.4,1554.53,1555.56,1576.8999999999999,-21.34,-1.35,11690026.0,10100700963.0
BK1202.DC,20210311,1558.8,1579.25,1558.8,1579.25,1555.56,23.69,1.52,11323154.0,9557156559.0
BK1202.DC,20210312,1580.22,1608.93,1571.25,1597.8,1579.25,18.55,1.17,15856743.0,12918557197.0
BK1202.DC,20210315,1595.65,1610.74,1595.65,1604.52,1597.8,6.72,0.42,13635730.0,10554865306.0
BK1202.DC,20210316,1606.79,1636.2,1605.92,1634.15,1604.52,29.63,1.85,16194491.0,14671831173.0
BK1202.DC,20210317,1634.48,1647.14,1634.48,1638.49,1634.15,4.34,0.27,14112008.0,11423048328.0
BK1202.DC,20210318,1638.65,1640.2,1632.38,1633.47,1638.49,-5.02,-0.31,12745006.0,10444010534.0
BK1202.DC,20210319,1625.2,1635.1,1616.32,1620.6,1633.4699999999998,-12.87,-0.79,13467317.0,12527756580.0
BK1202.DC,20210322,1619.19,1640.03,1619.19,1640.03,1620.6,19.43,1.2,12545438.0,10246429289.0
BK1202.DC,20210323,1639.67,1639.67,1617.55,1622.07,1640.03,-17.96,-1.1,12141132.0,9319119137.0
BK1202.DC,20210324,1616.41,1617.23,1604.72,1606.13,1622.0700000000002,-15.94,-0.98,14296418.0,11366482337.0
BK1202.DC,20210325,1603.85,1607.99,1596.53,1598.0,1606.13,-8.13,-0.51,11484811.0,8372431923.0
BK1202.DC,20210326,1602.43,1613.2,1601.69,1611.62,1598.0,13.62,0.85,10574604.0,8173245759.0
BK1202.DC,20210329,1609.77,1615.95,1603.67,1614.72,1611.6200000000001,3.1,0.19,11982098.0,10041017982.0
BK1202.DC,20210330,1611.26,1611.26,1599.68,1603.17,1614.72,-11.55,-0.72,10951548.0,9273896916.0
BK1202.DC,20210331,1601.47,1612.84,1598.41,1612.22,1603.17,9.05,0.56,11964207.0,11539281968.0
BK1202.DC,20210401,1611.89,1619.12,1608.66,1619.02,1612.22,6.8,0.42,9818434.0,8007157262.0
BK1202.DC,20210402,1618.46,1628.57,1613.19,1627.18,1619.02,8.16,0.5,10867329.0,7994072065.0
BK1202.DC,20210406,1627.51,1633.85,1626.14,1633.22,1627.18,6.04,0.37,10775006.0,8256549345.0
BK1202.DC,20210407,1632.02,1654.74,1631.2,1654.74,1633.22,21.52,1.32,14294406.0,10013747513.0
BK1202.DC,20210408,1649.95,1649.95,1638.01,1638.58,1654.74,-16.16,-0.98,14891783.0,11094814564.0
BK1202.DC,20210409,1637.29,1643.48,1631.86,1641.59,1638.58,3.01,0.18,12332396.0,8990093287.0
BK1202.DC,20210412,1642.78,1646.52,1635.27,1638.26,1641.59,-3.33,-0.2,14440332.0,10550592100.0
BK1202.DC,20210413,1635.14,1635.14,1620.35,1623.3,1638.26,-14.96,-0.91,12977230.0,9608078282.0
BK1202.DC,20210414,1620.57,1631.63,1619.78,1631.63,1623.3000000000002,8.33,0.51,11826430.0,8652078998.0
BK1202.DC,20210415,1627.6,1633.66,1626.19,1633.61,1631.6299999999999,1.98,0.12,11172748.0,8262285633.0
BK1202.DC,20210416,1634.0,1667.13,1633.1,1666.81,1633.61,33.2,2.03,14075456.0,9396195359.0
BK1202.DC,20210419,1666.89,1669.16,1662.53,1666.63,1666.8100000000002,-0.18,-0.01,15159703.0,11092597069.0
BK1202.DC,20210420,1663.59,1672.57,1661.25,1663.09,1666.6299999999999,-3.54,-0.21,13639911.0,10528503042.0
BK1202.DC,20210421,1658.09,1668.16,1654.35,1663.84,1663.09,0.75,0.05,13046658.0,9614689878.0
BK1202.DC,20210422,1664.69,1673.9,1659.52,1662.32,1663.84,-1.52,-0.09,12188947.0,9321680447.0
BK1202.DC,20210423,1660.31,1660.31,1636.29,1639.36,1662.32,-22.96,-1.38,13161016.0,11245611750.0
BK1202.DC,20210426,1638.77,1642.75,1631.0,1632.17,1639.3600000000001,-7.19,-0.44,11476982.0,9748846288.0
BK1202.DC,20210427,1630.74,1630.74,1617.82,1626.3,1632.1699999999998,-5.87,-0.36,10565282.0,7982658263.0
BK1202.DC,20210428,1622.48,1626.16,1618.56,1626.16,1626.3000000000002,-0.14,-0.01,11618922.0,8209902048.0
BK1202.DC,20210429,1627.08,1636.54,1622.07,1632.05,1626.1599999999999,5.89,0.36,12409874.0,9369716494.0
BK1202.DC,20210430,1627.06,1627.06,1603.87,1611.98,1632.05,-20.07,-1.23,18413154.0,13691074672.0
BK1202.DC,20210506,1609.26,1624.92,1609.26,1616.66,1611.98,4.68,0.29,16129148.0,11317796829.0
BK1202.DC,20210507,1612.98,1621.78,1610.04,1617.68,1616.66,1.02,0.06,14753634.0,10205607585.0
BK1202.DC,20210510,1617.53,1617.67,1604.12,1617.4,1617.68,-0.28,-0.02,16036233.0,11227012497.0
BK1202.DC,20210511,1613.73,1648.32,1612.89,1645.33,1617.3999999999999,27.93,1.73,19102351.0,12176916736.0
BK1202.DC,20210512,1638.79,1649.7,1637.06,1649.45,1645.3300000000002,4.12,0.25,15796310.0,11547674434.0
BK1202.DC,20210513,1644.8,1665.57,1644.8,1659.11,1649.4499999999998,9.66,0.59,16002552.0,11081375532.0
BK1202.DC,20210514,1662.57,1676.66,1662.57,1676.66,1659.1100000000001,17.55,1.06,20628861.0,14938419466.0
BK1202.DC,20210517,1671.34,1671.34,1653.07,1653.9,1676.66,-22.76,-1.36,18065427.0,13447528493.0
BK1202.DC,20210518,1651.43,1663.24,1648.24,1662.96,1653.9,9.06,0.55,14491038.0,10792205182.0
BK1202.DC,20210519,1661.12,1664.07,1654.84,1657.04,1662.96,-5.92,-0.36,14796698.0,11780588987.0
BK1202.DC,20210520,1652.11,1653.34,1646.03,1648.66,1657.0400000000002,-8.38,-0.51,15352357.0,11612698604.0
BK1202.DC,20210521,1649.46,1657.8,1645.91,1655.31,1648.6599999999999,6.65,0.4,14769654.0,10985546749.0
BK1202.DC,20210524,1652.4,1675.93,1652.4,1671.55,1655.31,16.24,0.98,16864268.0,12745695335.0
BK1202.DC,20210525,1671.75,1675.42,1666.02,1674.74,1671.55,3.19,0.19,16408201.0,13130458286.0
BK1202.DC,20210526,1674.73,1696.97,1673.05,1690.96,1674.74,16.22,0.97,21233932.0,17230421158.0
BK1202.DC,20210527,1688.22,1702.36,1687.45,1701.66,1690.96,10.7,0.63,18744950.0,14410416036.0
BK1202.DC,20210528,1701.45,1710.76,1698.38,1701.9,1701.66,0.24,0.01,20680842.0,16031454707.0
BK1202.DC,20210531,1703.45,1703.45,1694.21,1702.82,1701.8999999999999,0.92,0.05,17650668.0,14004986810.0
BK1202.DC,20210601,1703.61,1709.07,1697.91,1709.07,1702.82,6.25,0.37,17554410.0,13410444758.0
BK1202.DC,20210602,1705.72,1710.97,1698.48,1701.64,1709.0700000000002,-7.43,-0.43,19111917.0,14946758202.0
BK1202.DC,20210603,1699.92,1735.09,1699.92,1724.04,1701.6399999999999,22.4,1.32,20790223.0,16040911810.0
BK1202.DC,20210604,1721.3,1725.81,1701.52,1702.93,1724.04,-21.11,-1.22,19393718.0,16814647704.0
BK1202.DC,20210607,1698.5,1698.5,1684.86,1688.17,1702.93,-14.76,-0.87,16858243.0,14195865193.0
BK1202.DC,20210608,1693.87,1704.4,1690.55,1698.92,1688.17,10.75,0.64,15992678.0,13441826537.0
BK1202.DC,20210609,1696.32,1704.73,1690.71,1699.1,1698.9199999999998,0.18,0.01,14109730.0,11976899011.0
BK1202.DC,20210610,1697.98,1698.84,1691.16,1692.13,1699.1000000000001,-6.97,-0.41,13622964.0,11515585507.0
BK1202.DC,20210611,1693.0,1695.34,1687.32,1687.76,1692.1299999999999,-4.37,-0.26,16673830.0,13258600241.0
BK1202.DC,20210615,1686.25,1686.25,1657.87,1658.57,1687.76,-29.19,-1.73,15464010.0,12057658590.0
BK1202.DC,20210616,1656.34,1663.85,1650.89,1652.9,1658.5700000000002,-5.67,-0.34,11580448.0,9449324111.0
BK1202.DC,20210617,1652.39,1659.33,1648.92,1653.71,1652.9,0.81,0.05,11977652.0,9616041228.0
BK1202.DC,20210618,1653.85,1658.69,1646.91,1658.69,1653.71,4.98,0.3,13521359.0,11227002793.0
BK1202.DC,20210621,1655.27,1661.09,1651.54,1660.44,1658.69,1.75,0.11,12933975.0,10622835324.0
BK1202.DC,20210622,1660.87,1667.51,1658.86,1661.58,1660.4399999999998,1.14,0.07,12080132.0,9700582866.0
BK1202.DC,20210623,1661.25,1663.94,1658.36,1663.16,1661.5800000000002,1.58,0.1,12395084.0,10301055782.0
BK1202.DC,20210624,1662.73,1664.38,1655.07,1658.35,1663.1599999999999,-4.81,-0.29,11102570.0,9063257445.0
BK1202.DC,20210625,1660.06,1664.25,1653.56,1663.84,1658.35,5.49,0.33,10231851.0,7981706474.0
BK1202.DC,20210628,1664.44,1664.44,1654.58,1655.64,1663.8400000000001,-8.2,-0.49,10994267.0,8864365981.0
BK1202.DC,20210629,1654.9,1657.51,1649.12,1649.93,1655.64,-5.71,-0.34,13849732.0,11096122380.0
BK1202.DC,20210630,1650.38,1654.99,1643.62,1645.21,1649.93,-4.72,-0.29,11901339.0,9021852628.0
BK1202.DC,20210701,1645.83,1663.52,1641.25,1648.94,1645.21,3.73,0.23,15451260.0,14101925089.0
BK1202.DC,20210702,1644.36,1645.9,1634.17,1635.65,1648.94,-13.29,-0.81,12261761.0,10592756691.0
BK1202.DC,20210705,1637.83,1641.33,1633.93,1641.33,1635.6499999999999,5.68,0.35,10843231.0,9390666124.0
BK1202.DC,20210706,1642.62,1655.25,1641.78,1654.77,1641.33,13.44,0.82,14135920.0,12308380823.0
BK1202.DC,20210707,1650.95,1652.43,1645.23,1648.16,1654.77,-6.61,-0.4,11318729.0,9461124353.0
BK1202.DC,20210708,1651.1,1651.1,1638.4,1639.11,1648.1599999999999,-9.05,-0.55,13312168.0,10879749795.0
BK1202.DC,20210709,1635.84,1646.06,1634.18,1645.27,1639.11,6.16,0.38,10939434.0,8831353893.0
BK1202.DC,20210712,1653.45,1654.24,1640.31,1640.59,1645.27,-4.68,-0.28,13151110.0,10847893646.0
BK1202.DC,20210713,1642.39,1653.62,1639.94,1653.4,1640.5900000000001,12.81,0.78,12153103.0,10423081227.0
BK1202.DC,20210714,1652.92,1652.92,1639.2,1639.2,1653.4,-14.2,-0.86,11886602.0,10300410289.0
BK1202.DC,20210715,1638.13,1638.3,1627.22,1636.03,1639.2,-3.17,-0.19,12088048.0,10377535699.0
BK1202.DC,20210716,1640.26,1642.67,1633.35,1634.34,1636.03,-1.69,-0.1,12692692.0,12733382767.0
BK1202.DC,20210719,1629.18,1629.18,1615.74,1622.31,1634.34,-12.03,-0.74,11461403.0,10141458743.0
BK1202.DC,20210720,1615.39,1617.89,1609.59,1617.64,1622.3100000000002,-4.67,-0.29,10508634.0,8250470722.0
BK1202.DC,20210721,1617.67,1624.72,1615.37,1620.46,1617.64,2.82,0.17,10665613.0,8902594478.0
BK1202.DC,20210722,1621.67,1629.71,1618.91,1627.58,1620.46,7.12,0.44,11896068.0,10387373765.0
BK1202.DC,20210723,1627.3,1627.3,1613.05,1617.09,1627.58,-10.49,-0.64,13261473.0,10643769319.0
BK1202.DC,20210726,1611.1,1611.1,1565.73,1573.95,1617.0900000000001,-43.14,-2.67,16121559.0,14081911090.0
BK1202.DC,20210727,1571.5,1576.84,1538.94,1538.94,1573.95,-35.01,-2.22,16463789.0,14169853957.0
BK1202.DC,20210728,1535.33,1535.33,1505.0,1514.67,1538.94,-24.27,-1.58,13740732.0,10787462722.0
BK1202.DC,20210729,1523.59,1528.67,1518.59,1521.03,1514.67,6.36,0.42,10661409.0,8608394538.0
BK1202.DC,20210730,1520.31,1521.35,1506.84,1520.51,1521.03,-0.52,-0.03,10748091.0,8519787273.0
BK1202.DC,20210802,1517.47,1536.94,1505.6,1536.16,1520.51,15.65,1.03,13815720.0,10877539921.0
BK1202.DC,20210803,1531.9,1551.2,1531.87,1543.26,1536.16,7.1,0.46,11934684.0,8890102092.0
BK1202.DC,20210804,1543.74,1543.74,1537.6,1540.34,1543.26,-2.92,-0.19,10009393.0,7486711323.0
BK1202.DC,20210805,1541.7,1568.99,1540.57,1550.81,1540.34,10.47,0.68,16631625.0,12364750378.0
BK1202.DC,20210806,1546.83,1546.83,1533.46,1542.71,1550.81,-8.1,-0.52,12236676.0,8910148229.0
BK1202.DC,20210809,1542.36,1574.42,1540.76,1567.19,1542.71,24.48,1.59,16978159.0,14138721074.0
BK1202.DC,20210810,1565.85,1569.63,1559.23,1569.21,1567.19,2.02,0.13,13692432.0,11165948425.0
BK1202.DC,20210811,1570.46,1605.91,1570.46,1592.56,1569.21,23.35,1.49,21736603.0,19291806414.0
BK1202.DC,20210812,1591.0,1591.0,1579.38,1581.4,1592.5600000000002,-11.16,-0.7,12991386.0,10840368683.0
BK1202.DC,20210813,1579.91,1583.7,1571.67,1577.57,1581.3999999999999,-3.83,-0.24,11992066.0,10364184978.0
BK1202.DC,20210816,1577.06,1594.18,1576.07,1587.34,1577.57,9.77,0.62,13737115.0,11611477105.0
BK1202.DC,20210817,1584.8,1593.86,1565.76,1566.77,1587.34,-20.57,-1.3,15797883.0,12988186876.0
BK1202.DC,20210818,1566.39,1581.87,1561.83,1581.83,1566.77,15.06,0.96,13023492.0,11501443381.0
BK1202.DC,20210819,1578.43,1582.25,1571.99,1574.16,1581.8300000000002,-7.67,-0.48,11595669.0,10183335617.0
BK1202.DC,20210820,1571.76,1572.08,1557.68,1569.0,1574.16,-5.16,-0.33,13025045.0,12209193221.0
BK1202.DC,20210823,1569.88,1580.31,1569.88,1577.5,1569.0,8.5,0.54,11726064.0,10221766001.0
BK1202.DC,20210824,1577.0,1586.12,1577.0,1583.82,1577.5,6.32,0.4,13496691.0,11774297323.0
BK1202.DC,20210825,1586.07,1595.4,1580.23,1595.15,1583.8200000000002,11.33,0.72,15018645.0,12696095846.0
BK1202.DC,20210826,1593.7,1605.33,1589.36,1599.8,1595.1499999999999,4.65,0.29,16513516.0,13017869478.0
BK1202.DC,20210827,1597.15,1597.15,1589.05,1595.86,1599.8,-3.94,-0.25,14207627.0,11044602521.0
BK1202.DC,20210830,1594.43,1594.43,1582.06,1585.76,1595.86,-10.1,-0.63,19408619.0,15935161314.0
BK1202.DC,20210831,1586.25,1610.7,1586.25,1610.66,1585.76,24.9,1.57,18374231.0,14600280282.0
BK1202.DC,20210901,1610.87,1638.52,1610.11,1636.1,1610.6599999999999,25.44,1.58,23261401.0,19414662762.0
BK1202.DC,20210902,1634.73,1648.03,1632.39,1647.6,1636.1,11.5,0.7,18756658.0,16082622893.0
BK1202.DC,20210903,1664.83,1670.55,1655.07,1663.89,1647.6000000000001,16.29,0.99,21915719.0,16248370165.0
BK1202.DC,20210906,1664.03,1667.51,1658.09,1667.09,1663.8899999999999,3.2,0.19,20880387.0,15626388266.0
BK1202.DC,20210907,1670.3,1678.54,1666.06,1678.16,1667.0900000000001,11.07,0.66,18376181.0,13276581373.0
BK1202.DC,20210908,1681.18,1695.31,1679.03,1693.83,1678.1599999999999,15.67,0.93,17876648.0,12541497702.0
BK1202.DC,20210909,1696.88,1702.79,1693.12,1700.38,1693.8300000000002,6.55,0.39,15412040.0,11252645197.0
BK1202.DC,20210910,1705.42,1714.45,1688.09,1691.9,1700.38,-8.48,-0.5,19535789.0,14292229857.0
BK1202.DC,20210913,1689.66,1713.15,1682.07,1712.72,1691.9,20.82,1.23,20119050.0,16686088161.0
BK1202.DC,20210914,1713.93,1715.52,1673.64,1674.33,1712.72,-38.39,-2.24,19862069.0,16559508665.0
BK1202.DC,20210915,1669.5,1679.38,1662.27,1671.6,1674.33,-2.73,-0.16,16995641.0,15159543239.0
BK1202.DC,20210916,1673.03,1679.19,1644.14,1644.14,1671.6000000000001,-27.46,-1.64,22164932.0,16492940674.0
BK1202.DC,20210917,1641.06,1642.59,1617.07,1631.41,1644.14,-12.73,-0.77,18048472.0,13220682923.0
BK1202.DC,20210922,1608.8,1641.26,1606.84,1641.26,1631.41,9.85,0.6,19343703.0,16576425336.0
BK1202.DC,20210923,1647.0,1686.19,1647.0,1672.5,1641.26,31.24,1.9,22650193.0,17730435735.0
BK1202.DC,20210924,1672.74,1672.74,1650.65,1651.21,1672.5,-21.29,-1.27,16662268.0,12638504648.0
BK1202.DC,20210927,1648.89,1651.18,1600.24,1604.32,1651.21,-46.89,-2.84,17224657.0,12187030279.0
BK1202.DC,20210928,1608.97,1630.47,1608.97,1628.23,1604.32,23.91,1.49,17504317.0,15478063631.0
BK1202.DC,20210929,1621.09,1631.2,1604.68,1604.68,1628.23,-23.55,-1.45,16757415.0,13282776697.0
BK1202.DC,20210930,1613.91,1627.03,1611.1,1623.42,1604.68,18.74,1.17,15951565.0,12836082052.0
BK1202.DC,20211008,1634.96,1644.27,1634.96,1641.99,1623.42,18.57,1.14,14331891.0,10528237517.0
BK1202.DC,20211011,1643.96,1652.12,1636.69,1641.82,1641.99,-0.17,-0.01,14364743.0,11720232576.0
BK1202.DC,20211012,1641.25,1652.35,1626.85,1636.33,1641.82,-5.49,-0.33,17698152.0,14738135149.0
BK1202.DC,20211013,1636.09,1641.27,1616.21,1629.04,1636.33,-7.29,-0.45,13845366.0,10535359254.0
BK1202.DC,20211014,1628.86,1628.86,1614.27,1622.66,1629.0400000000002,-6.38,-0.39,13507389.0,10303616505.0
BK1202.DC,20211015,1621.02,1621.02,1608.34,1609.44,1622.66,-13.22,-0.81,14091600.0,9790802100.0
BK1202.DC,20211018,1608.06,1613.47,1594.4,1612.52,1609.44,3.08,0.19,13740401.0,10828467640.0
BK1202.DC,20211019,1610.31,1610.31,1602.23,1603.76,1612.52,-8.76,-0.54,11390856.0,8786784617.0
BK1202.DC,20211020,1603.14,1603.14,1593.87,1596.72,1603.76,-7.04,-0.44,12240861.0,9630857578.0
BK1202.DC,20211021,1599.05,1614.25,1598.16,1606.48,1596.72,9.76,0.61,15307367.0,12527440290.0
BK1202.DC,20211022,1611.47,1645.07,1611.47,1619.1,1606.48,12.62,0.79,21255890.0,17614326874.0
BK1202.DC,20211025,1599.85,1599.85,1581.95,1586.44,1619.1000000000001,-32.66,-2.02,19790788.0,15397746933.0
BK1202.DC,20211026,1584.43,1584.43,1564.1,1564.41,1586.44,-22.03,-1.39,15294805.0,13022896630.0
BK1202.DC,20211027,1561.97,1561.97,1536.93,1539.73,1564.41,-24.68,-1.58,13223515.0,10074912269.0
BK1202.DC,20211028,1537.65,1537.65,1517.64,1519.27,1539.73,-20.46,-1.33,12886005.0,9765970225.0
BK1202.DC,20211029,1517.74,1532.51,1512.15,1532.23,1519.27,12.96,0.85,15493201.0,13145651535.0
BK1202.DC,20211101,1530.97,1537.76,1521.88,1534.22,1532.23,1.99,0.13,14063078.0,10448455614.0
BK1202.DC,20211102,1533.85,1536.78,1497.2,1506.13,1534.22,-28.09,-1.83,15082592.0,11137783466.0
BK1202.DC,20211103,1506.63,1520.18,1506.26,1519.72,1506.13,13.59,0.9,11700016.0,8787759419.0
BK1202.DC,20211104,1517.62,1519.83,1509.48,1519.45,1519.72,-0.27,-0.02,10746975.0,7281410126.0
BK1202.DC,20211105,1518.28,1518.28,1509.53,1511.12,1519.4499999999998,-8.33,-0.55,12515665.0,8621645014.0
BK1202.DC,20211108,1510.06,1519.69,1503.33,1518.11,1511.12,6.99,0.46,11503040.0,9126151141.0
BK1202.DC,20211109,1516.74,1522.37,1516.74,1521.62,1518.11,3.51,0.23,9827105.0,7115217044.0
BK1202.DC,20211110,1520.75,1541.22,1509.32,1540.22,1521.6200000000001,18.6,1.22,15574294.0,12777549185.0
BK1202.DC,20211111,1539.22,1592.86,1539.22,1588.5,1540.22,48.28,3.13,27007152.0,23051016817.0
BK1202.DC,20211112,1581.58,1581.58,1561.7,1574.03,1588.5,-14.47,-0.91,20913130.0,18337709807.0
BK1202.DC,20211115,1574.44,1576.35,1562.14,1576.28,1574.03,2.25,0.14,14435824.0,10745813346.0
BK1202.DC,20211116,1574.3,1582.0,1566.86,1567.98,1576.28,-8.3,-0.53,11486116.0,8120508812.0
BK1202.DC,20211117,1569.27,1574.48,1565.05,1574.48,1567.98,6.5,0.41,10400568.0,7687558823.0
BK1202.DC,20211118,1572.47,1572.47,1557.33,1557.81,1574.48,-16.67,-1.06,11002477.0,8751451153.0
BK1202.DC,20211119,1556.29,1585.3,1555.4,1582.01,1557.81,24.2,1.55,15185661.0,13570990861.0
BK1202.DC,20211122,1578.77,1578.77,1564.99,1572.62,1582.01,-9.39,-0.59,13951178.0,12051688979.0
BK1202.DC,20211123,1571.46,1584.06,1570.95,1579.55,1572.62,6.93,0.44,11937843.0,9369730715.0
BK1202.DC,20211124,1577.05,1588.1,1577.05,1586.58,1579.55,7.03,0.45,13579635.0,10459634495.0
BK1202.DC,20211125,1589.47,1594.94,1589.03,1589.6,1586.58,3.02,0.19,11811720.0,9033823023.0
BK1202.DC,20211126,1587.04,1587.04,1578.25,1582.48,1589.6,-7.12,-0.45,10458783.0,8617430019.0
BK1202.DC,20211129,1569.17,1569.17,1561.28,1565.96,1582.48,-16.52,-1.04,12227803.0,9353928517.0
BK1202.DC,20211130,1565.77,1577.82,1564.8,1569.37,1565.9599999999998,3.41,0.22,11592660.0,8968262375.0
BK1202.DC,20211201,1568.51,1590.02,1568.51,1589.95,1569.3700000000001,20.58,1.31,12440268.0,9495096438.0
BK1202.DC,20211202,1587.76,1597.79,1585.99,1593.26,1589.95,3.31,0.21,12836893.0,10170642081.0
BK1202.DC,20211203,1592.33,1602.43,1587.02,1600.81,1593.26,7.55,0.47,12660373.0,10480990241.0
BK1202.DC,20211206,1607.5,1616.1,1596.29,1596.68,1600.8100000000002,-4.13,-0.26,16955565.0,14374237300.0
BK1202.DC,20211207,1615.2,1624.79,1603.58,1616.16,1596.68,19.48,1.22,20020791.0,16310632539.0
BK1202.DC,20211208,1615.44,1615.44,1603.77,1614.54,1616.1599999999999,-1.62,-0.1,15299270.0,12579034309.0
BK1202.DC,20211209,1612.37,1631.71,1610.91,1630.41,1614.5400000000002,15.87,0.98,19946979.0,15278976393.0
BK1202.DC,20211210,1625.35,1634.86,1621.21,1632.98,1630.41,2.57,0.16,18449857.0,14160569149.0
BK1202.DC,20211213,1634.39,1636.53,1627.61,1630.34,1632.98,-2.64,-0.16,16737708.0,13098567519.0
BK1202.DC,20211214,1628.83,1628.83,1622.57,1625.84,1630.34,-4.5,-0.28,16530768.0,12861855581.0
BK1202.DC,20211215,1627.79,1658.03,1627.79,1648.66,1625.8400000000001,22.82,1.4,18654151.0,12158435892.0
BK1202.DC,20211216,1647.63,1656.8,1641.15,1656.55,1648.6599999999999,7.89,0.48,18172480.0,11255166864.0
BK1202.DC,20211217,1655.2,1679.33,1653.23,1669.06,1656.55,12.51,0.76,20293618.0,11675161959.0
BK1202.DC,20211220,1669.57,1710.13,1669.57,1698.95,1669.06,29.89,1.79,26987877.0,15825827899.0
BK1202.DC,20211221,1710.01,1801.43,1710.01,1801.43,1698.95,102.48,6.03,47058305.0,27666599749.0
BK1202.DC,20211222,1821.06,1821.36,1762.66,1765.4,1801.43,-36.03,-2.0,48412490.0,26559082998.0
BK1202.DC,20211223,1747.78,1758.39,1726.71,1727.52,1765.4,-37.88,-2.15,30359428.0,17342881024.0
BK1202.DC,20211224,1723.91,1723.91,1696.22,1696.22,1727.52,-31.3,-1.81,23528301.0,13726428697.0
BK1202.DC,20211227,1696.96,1719.1,1696.96,1705.29,1696.22,9.07,0.53,21410240.0,14310856469.0
BK1202.DC,20211228,1701.44,1703.43,1686.51,1696.98,1705.29,-8.31,-0.49,20099559.0,13598722617.0
BK1202.DC,20211229,1696.22,1706.23,1687.24,1699.04,1696.98,2.06,0.12,16033261.0,11101528124.0
BK1202.DC,20211230,1698.66,1708.16,1698.66,1705.57,1699.04,6.53,0.38,16452274.0,11510614432.0
BK1202.DC,20211231,1704.72,1727.24,1704.72,1720.47,1705.57,14.9,0.87,17742338.0,13689215815.0
BK1202.DC,20220104,1717.79,1750.85,1711.48,1750.85,1720.4699999999998,30.38,1.77,22583767.0,16880654958.0
BK1202.DC,20220105,1752.71,1770.52,1743.08,1758.35,1750.85,7.5,0.43,27049266.0,20659944280.0
BK1202.DC,20220106,1753.59,1790.0,1753.59,1774.72,1758.3500000000001,16.37,0.93,25416985.0,17384840074.0
BK1202.DC,20220107,1781.47,1823.0,1781.47,1797.93,1774.72,23.21,1.31,38729093.0,26462167207.0
BK1202.DC,20220110,1791.52,1819.48,1787.21,1816.78,1797.93,18.85,1.05,32659520.0,23117662848.0
BK1202.DC,20220111,1816.65,1845.89,1816.65,1826.48,1816.78,9.7,0.53,33126238.0,23803032156.0
BK1202.DC,20220112,1820.97,1821.08,1798.36,1818.08,1826.48,-8.4,-0.46,26184167.0,17601564005.0
BK1202.DC,20220113,1814.02,1854.75,1814.02,1819.68,1818.0800000000002,1.6,0.09,28666975.0,17468149895.0
BK1202.DC,20220114,1817.23,1817.23,1783.71,1785.17,1819.68,-34.51,-1.9,28788195.0,17977996562.0
BK1202.DC,20220117,1785.23,1804.66,1785.23,1794.24,1785.17,9.07,0.51,22358782.0,14700940722.0
BK1202.DC,20220118,1797.02,1807.69,1777.6,1789.9,1794.24,-4.34,-0.24,24678111.0,16775253701.0
BK1202.DC,20220119,1788.09,1813.96,1788.09,1805.81,1789.8999999999999,15.91,0.89,23516841.0,16607871217.0
BK1202.DC,20220120,1809.89,1827.03,1789.82,1789.82,1805.81,-15.99,-0.89,30326685.0,22376679415.0
BK1202.DC,20220121,1782.17,1791.68,1767.27,1784.67,1789.8200000000002,-5.15,-0.29,22692165.0,14774708448.0
BK1202.DC,20220124,1783.04,1804.15,1760.82,1791.76,1784.67,7.09,0.4,20916123.0,14460002598.0
BK1202.DC,20220125,1788.64,1791.42,1734.42,1734.42,1791.76,-57.34,-3.2,23311353.0,15195161460.0
BK1202.DC,20220126,1737.91,1758.34,1729.38,1744.96,1734.42,10.54,0.61,19345817.0,11765032152.0
BK1202.DC,20220127,1738.75,1738.75,1702.44,1702.97,1744.96,-41.99,-2.41,18471653.0,12285915471.0
BK1202.DC,20220128,1706.59,1730.28,1695.38,1717.04,1702.97,14.07,0.83,17860406.0,11806771804.0
BK1202.DC,20220207,1718.36,1747.47,1703.8,1745.03,1717.04,27.99,1.63,21723067.0,14126478632.0
BK1202.DC,20220208,1739.32,1786.66,1739.32,1786.66,1745.03,41.63,2.39,24199131.0,14207984138.0
BK1202.DC,20220209,1791.34,1813.95,1791.34,1799.28,1786.66,12.62,0.71,26173225.0,17539615722.0
BK1202.DC,20220210,1796.14,1814.13,1779.22,1814.13,1799.2800000000002,14.85,0.83,22475952.0,16189701148.0
BK1202.DC,20220211,1829.72,1849.8,1818.42,1821.43,1814.13,7.3,0.4,31192781.0,19941108214.0
BK1202.DC,20220214,1803.69,1806.84,1787.74,1790.49,1821.43,-30.94,-1.7,27758929.0,17127754971.0
BK1202.DC,20220215,1790.16,1790.51,1763.92,1771.59,1790.49,-18.9,-1.06,21827627.0,13395984762.0
BK1202.DC,20220216,1773.63,1797.14,1773.63,1793.85,1771.59,22.26,1.26,20147583.0,12318415548.0
BK1202.DC,20220217,1793.3,1793.3,1772.14,1775.37,1793.85,-18.48,-1.03,21088119.0,13269279063.0
BK1202.DC,20220218,1767.05,1819.92,1767.05,1819.21,1775.3700000000001,43.84,2.47,27564351.0,17798451435.0
BK1202.DC,20220221,1815.94,1844.3,1805.42,1842.47,1819.21,23.26,1.28,26722855.0,15965482158.0
BK1202.DC,20220222,1832.19,1846.16,1817.3,1824.97,1842.47,-17.5,-0.95,25166864.0,16315722633.0
BK1202.DC,20220223,1824.78,1825.39,1808.86,1813.86,1824.9699999999998,-11.11,-0.61,22133324.0,14610674527.0
BK1202.DC,20220224,1808.47,1819.81,1745.53,1762.46,1813.8600000000001,-51.4,-2.83,26617778.0,17076401162.0
BK1202.DC,20220225,1769.69,1785.98,1765.27,1772.0,1762.46,9.54,0.54,18615255.0,13056215232.0
BK1202.DC,20220228,1769.23,1769.23,1743.14,1761.46,1772.0,-10.54,-0.59,16632415.0,11991944734.0
BK1202.DC,20220301,1761.56,1778.79,1760.91,1778.79,1761.46,17.33,0.98,16063333.0,12304166136.0
BK1202.DC,20220302,1781.04,1802.63,1781.04,1796.41,1778.7900000000002,17.62,0.99,19191669.0,13982019116.0
BK1202.DC,20220303,1801.7,1820.71,1801.7,1817.3,1796.4099999999999,20.89,1.16,22652299.0,17374078602.0
BK1202.DC,20220304,1813.74,1813.74,1794.45,1799.6,1817.3,-17.7,-0.97,20546186.0,16511936307.0
BK1202.DC,20220307,1796.98,1815.91,1795.25,1799.18,1799.6000000000001,-0.42,-0.02,23798897.0,17415277199.0
BK1202.DC,20220308,1794.58,1794.58,1745.01,1747.36,1799.1799999999998,-51.82,-2.88,22146369.0,16401696526.0
BK1202.DC,20220309,1751.15,1754.64,1655.23,1706.94,1747.3600000000001,-40.42,-2.31,26066471.0,20075230372.0
BK1202.DC,20220310,1729.85,1750.86,1715.71,1734.16,1706.94,27.22,1.59,18391711.0,12968762521.0
BK1202.DC,20220311,1716.46,1745.96,1696.38,1742.65,1734.16,8.49,0.49,18907602.0,13855418637.0
BK1202.DC,20220314,1730.06,1753.87,1704.02,1704.02,1742.65,-38.63,-2.22,19788510.0,14732568313.0
BK1202.DC,20220315,1694.21,1694.21,1600.57,1600.57,1704.02,-103.45,-6.07,27960733.0,19352120661.0
BK1202.DC,20220316,1617.61,1658.14,1581.07,1654.38,1600.5700000000002,53.81,3.36,26779030.0,19354500449.0
BK1202.DC,20220317,1703.77,1742.15,1703.77,1720.76,1654.38,66.38,4.01,31995215.0,21927152849.0
BK1202.DC,20220318,1710.03,1775.55,1709.97,1774.1,1720.76,53.34,3.1,35935983.0,22760749702.0
BK1202.DC,20220321,1777.76,1810.49,1774.58,1808.53,1774.1,34.43,1.94,35426683.0,21575159739.0
BK1202.DC,20220322,1802.82,1878.04,1791.5,1864.09,1808.53,55.56,3.07,55724232.0,33476637864.0
BK1202.DC,20220323,1853.74,1924.51,1844.32,1903.18,1864.0900000000001,39.09,2.1,64277191.0,37098884637.0
BK1202.DC,20220324,1882.94,1917.95,1880.37,1884.51,1903.18,-18.67,-0.98,49671134.0,27322454131.0
BK1202.DC,20220325,1883.89,1931.31,1860.09,1911.88,1884.5100000000002,27.37,1.45,56155452.0,29603989132.0
BK1202.DC,20220328,1901.84,1976.5,1901.29,1959.04,1911.8799999999999,47.16,2.47,59969519.0,32917917562.0
BK1202.DC,20220329,1951.83,1962.34,1926.93,1934.78,1959.04,-24.26,-1.24,56016347.0,30994940204.0
BK1202.DC,20220330,1943.38,2050.15,1943.38,2034.41,1934.7800000000002,99.63,5.15,69586964.0,43188532681.0
BK1202.DC,20220331,2050.1,2124.33,2048.42,2075.15,2034.41,40.74,2.0,89932029.0,56991658281.0
BK1202.DC,20220401,2062.01,2136.36,2053.34,2128.11,2075.15,52.96,2.55,84817792.0,56442426341.0
BK1202.DC,20220406,2160.05,2223.66,2129.06,2198.91,2128.1099999999997,70.8,3.33,88787628.0,60373535222.0
BK1202.DC,20220407,2154.83,2191.34,2107.67,2109.68,2198.91,-89.23,-4.06,83329247.0,53326982998.0
BK1202.DC,20220408,2101.84,2187.31,2076.0,2170.11,2109.6800000000003,60.43,2.86,87662004.0,55787594657.0
BK1202.DC,20220411,2135.78,2135.78,2071.38,2080.62,2170.1099999999997,-89.49,-4.12,70602872.0,46503458128.0
BK1202.DC,20220412,2061.2,2119.21,2044.85,2061.49,2080.62,-19.13,-0.92,76277656.0,48039525373.0
BK1202.DC,20220413,2022.9,2054.63,1990.78,2014.22,2061.4900000000002,-47.27,-2.29,65607663.0,40259185018.0
BK1202.DC,20220414,2016.17,2092.42,2016.17,2073.04,2014.22,58.82,2.92,64493397.0,41163008345.0
BK1202.DC,20220415,2061.81,2112.88,2035.5,2060.13,2073.04,-12.91,-0.62,68070219.0,44696857639.0
BK1202.DC,20220418,2021.98,2082.32,1995.64,1999.72,2060.13,-60.41,-2.93,59656267.0,38391924121.0
BK1202.DC,20220419,1978.22,2022.17,1954.58,2015.24,1999.72,15.52,0.78,53355398.0,31616211928.0
BK1202.DC,20220420,2005.67,2009.02,1924.82,1940.27,2015.24,-74.97,-3.72,58925856.0,37446794079.0
BK1202.DC,20220421,1924.9,1926.51,1848.92,1857.39,1940.27,-82.88,-4.27,47450488.0,28374237183.0
BK1202.DC,20220422,1838.96,1871.04,1822.4,1846.66,1857.39,-10.73,-0.58,42397022.0,25952863673.0
BK1202.DC,20220425,1817.88,1843.62,1740.71,1740.71,1846.66,-105.95,-5.74,44443645.0,26615502386.0
BK1202.DC,20220426,1751.79,1792.47,1725.41,1733.89,1740.71,-6.82,-0.39,47159449.0,27238438892.0
BK1202.DC,20220427,1704.37,1738.22,1670.18,1738.22,1733.89,4.33,0.25,54147011.0,31944283858.0
BK1202.DC,20220428,1720.4,1775.98,1715.44,1773.35,1738.2199999999998,35.13,2.02,54240641.0,32336637341.0
BK1202.DC,20220429,1774.23,1853.42,1770.58,1843.1,1773.35,69.75,3.93,62907703.0,38737025122.0
BK1202.DC,20220505,1851.92,1879.83,1830.41,1862.23,1843.1,19.13,1.04,59620723.0,37890144358.0
BK1202.DC,20220506,1807.64,1828.93,1777.5,1785.35,1862.23,-76.88,-4.13,49888875.0,29889478735.0
BK1202.DC,20220509,1784.35,1843.4,1784.35,1838.4,1785.3500000000001,53.05,2.97,42312345.0,25234694031.0
BK1202.DC,20220510,1812.58,1868.28,1804.97,1866.4,1838.4,28.0,1.52,52576059.0,32858647905.0
BK1202.DC,20220511,1866.03,1891.3,1845.56,1845.89,1866.4,-20.51,-1.1,57235064.0,36337942734.0
BK1202.DC,20220512,1839.31,1864.9,1810.59,1837.41,1845.89,-8.48,-0.46,48756222.0,31365299478.0
BK1202.DC,20220513,1839.79,1921.66,1822.04,1921.19,1837.41,83.78,4.56,64066535.0,39565354056.0
BK1202.DC,20220516,1972.41,1982.82,1932.32,1957.6,1921.1899999999998,36.41,1.9,66835716.0,41913396226.0
BK1202.DC,20220517,1951.43,1951.43,1883.61,1912.15,1957.6000000000001,-45.45,-2.32,52503564.0,32047585517.0
BK1202.DC,20220518,1904.56,1930.19,1893.77,1909.05,1912.1499999999999,-3.1,-0.16,42707308.0,25761570890.0
BK1202.DC,20220519,1881.09,1961.76,1881.09,1957.49,1909.05,48.44,2.54,54024845.0,31773456897.0
BK1202.DC,20220520,1960.97,1967.09,1933.87,1938.48,1957.49,-19.01,-0.97,55320500.0,34039793018.0
BK1202.DC,20220523,1930.95,1941.4,1914.21,1923.57,1938.48,-14.91,-0.77,41595700.0,26384575787.0
BK1202.DC,20220524,1920.67,1920.67,1859.3,1859.3,1923.57,-64.27,-3.34,46893378.0,26936813147.0
BK1202.DC,20220525,1853.51,1881.86,1842.1,1881.86,1859.3,22.56,1.21,32617489.0,18081651233.0
BK1202.DC,20220526,1880.7,1903.65,1873.12,1882.78,1881.86,0.92,0.05,36191736.0,21814048313.0
BK1202.DC,20220527,1883.04,1898.19,1867.51,1890.51,1882.78,7.73,0.41,34830118.0,21810351557.0
BK1202.DC,20220530,1892.45,1900.9,1868.01,1879.77,1890.51,-10.74,-0.57,34732373.0,23197979896.0
BK1202.DC,20220531,1876.24,1883.99,1853.89,1882.48,1879.77,2.71,0.14,32983920.0,21904754565.0
BK1202.DC,20220601,1878.11,1893.47,1859.74,1881.84,1882.48,-0.64,-0.03,30635412.0,20036966415.0
BK1202.DC,20220602,1878.0,1878.0,1850.71,1851.78,1881.84,-30.06,-1.6,30309440.0,19262766672.0
BK1202.DC,20220606,1848.09,1855.44,1827.37,1855.06,1851.78,3.28,0.18,33372726.0,23357862728.0
BK1202.DC,20220607,1853.62,1878.55,1840.49,1878.5,1855.06,23.44,1.26,34869128.0,22127416971.0
BK1202.DC,20220608,1871.24,1871.24,1827.52,1849.25,1878.5,-29.25,-1.56,30262737.0,19900446676.0
BK1202.DC,20220609,1844.88,1867.84,1840.54,1841.82,1849.25,-7.43,-0.4,30081014.0,20742116976.0
BK1202.DC,20220610,1827.15,1844.27,1825.43,1843.68,1841.8200000000002,1.86,0.1,29787003.0,18788290884.0
BK1202.DC,20220613,1829.77,1830.25,1791.44,1805.94,1843.68,-37.74,-2.05,29064001.0,19817501100.0
BK1202.DC,20220614,1791.4,1826.62,1778.46,1826.51,1805.94,20.57,1.14,29869036.0,18852962091.0
BK1202.DC,20220615,1827.49,1878.46,1822.37,1852.97,1826.51,26.46,1.45,43212612.0,27843913547.0
BK1202.DC,20220616,1853.08,1866.99,1840.18,1848.29,1852.97,-4.68,-0.25,28108868.0,17657271876.0
BK1202.DC,20220617,1833.85,1842.13,1809.36,1828.76,1848.29,-19.53,-1.06,24543436.0,15693448868.0
BK1202.DC,20220620,1831.52,1862.78,1831.52,1856.57,1828.76,27.81,1.52,29774202.0,20817961302.0
BK1202.DC,20220621,1857.38,1900.66,1857.38,1873.66,1856.5700000000002,17.09,0.92,37375323.0,24481781155.0
BK1202.DC,20220622,1868.74,1872.0,1840.72,1841.25,1873.66,-32.41,-1.73,26752044.0,16702333775.0
BK1202.DC,20220623,1842.04,1864.81,1828.17,1864.72,1841.25,23.47,1.27,24492098.0,16285741197.0
BK1202.DC,20220624,1865.26,1866.27,1853.25,1863.17,1864.72,-1.55,-0.08,23943251.0,16240359609.0
BK1202.DC,20220627,1862.8,1878.0,1860.2,1866.7,1863.17,3.53,0.19,25007010.0,17239617676.0
BK1202.DC,20220628,1863.4,1870.02,1858.53,1868.23,1866.7,1.53,0.08,24834039.0,16743110740.0
BK1202.DC,20220629,1867.67,1913.99,1867.67,1901.98,1868.23,33.75,1.81,44429458.0,31609050737.0
BK1202.DC,20220630,1904.89,1917.74,1887.27,1903.1,1901.98,1.12,0.06,36773440.0,26636090934.0
BK1202.DC,20220701,1903.33,1918.74,1888.52,1889.38,1903.1000000000001,-13.72,-0.72,28514440.0,19655257029.0
BK1202.DC,20220704,1886.95,1888.55,1866.75,1878.74,1889.38,-10.64,-0.56,24396309.0,17155863901.0
BK1202.DC,20220705,1878.24,1880.69,1847.37,1860.38,1878.74,-18.36,-0.98,22371753.0,16619579919.0
BK1202.DC,20220706,1856.59,1856.59,1811.58,1821.04,1860.3799999999999,-39.34,-2.11,21377689.0,14469389273.0
BK1202.DC,20220707,1822.01,1841.13,1822.01,1828.04,1821.04,7.0,0.38,16708720.0,11754195824.0
BK1202.DC,20220708,1829.7,1845.61,1823.0,1833.2,1828.04,5.16,0.28,15727306.0,10981888054.0
BK1202.DC,20220711,1831.76,1835.63,1811.98,1819.52,1833.2,-13.68,-0.75,16534534.0,11192614176.0
BK1202.DC,20220712,1820.15,1835.72,1813.51,1827.09,1819.52,7.57,0.42,19011379.0,13131045792.0
BK1202.DC,20220713,1826.62,1870.47,1826.62,1854.89,1827.0900000000001,27.8,1.52,26048170.0,18550034622.0
BK1202.DC,20220714,1848.88,1848.88,1819.46,1825.2,1854.89,-29.69,-1.6,29460084.0,19320798172.0
BK1202.DC,20220715,1816.21,1816.21,1748.71,1748.71,1825.2,-76.49,-4.19,32500005.0,20644739968.0
BK1202.DC,20220718,1746.11,1805.81,1746.11,1802.85,1748.7099999999998,54.14,3.1,26310783.0,16172039635.0
BK1202.DC,20220719,1806.35,1811.83,1797.52,1810.01,1802.85,7.16,0.4,20851839.0,12683229572.0
BK1202.DC,20220720,1811.1,1819.5,1805.4,1810.19,1810.01,0.18,0.01,16939455.0,10407009939.0
BK1202.DC,20220721,1809.11,1817.85,1797.3,1805.48,1810.19,-4.71,-0.26,19618677.0,13152071914.0
BK1202.DC,20220722,1806.79,1820.14,1789.78,1805.08,1805.48,-0.4,-0.02,17401388.0,10957852723.0
BK1202.DC,20220725,1807.86,1842.38,1807.86,1819.85,1805.08,14.77,0.82,22126251.0,14061657604.0
BK1202.DC,20220726,1818.43,1883.36,1818.15,1878.53,1819.85,58.68,3.22,35397954.0,21831117616.0
BK1202.DC,20220727,1878.27,1880.35,1853.25,1861.96,1878.53,-16.57,-0.88,27601025.0,17473309171.0
BK1202.DC,20220728,1866.47,1888.06,1858.85,1871.99,1861.96,10.03,0.54,24711053.0,15518201812.0
BK1202.DC,20220729,1874.97,1874.97,1843.92,1844.88,1871.99,-27.11,-1.45,22516650.0,15048812315.0
BK1202.DC,20220801,1837.98,1837.98,1816.29,1821.86,1844.8799999999999,-23.02,-1.25,18634363.0,13013265731.0
BK1202.DC,20220802,1810.71,1810.71,1733.55,1750.0,1821.86,-71.86,-3.94,24866859.0,14727930534.0
BK1202.DC,20220803,1747.49,1770.68,1720.53,1724.98,1750.0,-25.02,-1.43,19599690.0,12888670788.0
BK1202.DC,20220804,1731.21,1746.55,1719.66,1746.55,1724.98,21.57,1.25,15142308.0,9858653468.0
BK1202.DC,20220805,1747.84,1770.64,1744.04,1770.01,1746.55,23.46,1.34,15152127.0,9886205386.0
BK1202.DC,20220808,1776.24,1808.54,1776.24,1788.36,1770.01,18.35,1.04,19772718.0,12657650853.0
BK1202.DC,20220809,1786.0,1794.87,1770.97,1780.74,1788.36,-7.62,-0.43,16899546.0,10877439170.0
BK1202.DC,20220810,1779.57,1780.12,1764.35,1769.67,1780.74,-11.07,-0.62,13893817.0,9965610358.0
BK1202.DC,20220811,1776.51,1795.82,1776.51,1795.6,1769.6699999999998,25.93,1.47,16317127.0,11243545645.0
BK1202.DC,20220812,1793.45,1812.98,1787.06,1807.53,1795.6,11.93,0.66,17863136.0,10942739311.0
BK1202.DC,20220815,1809.06,1820.16,1795.89,1798.1,1807.53,-9.43,-0.52,19452042.0,11886131732.0
BK1202.DC,20220816,1801.67,1830.82,1801.67,1825.73,1798.1,27.63,1.54,24338596.0,14428029769.0
BK1202.DC,20220817,1825.86,1844.16,1816.36,1836.69,1825.73,10.96,0.6,23585650.0,15246078514.0
BK1202.DC,20220818,1831.58,1831.58,1809.8,1819.85,1836.6899999999998,-16.84,-0.92,20079294.0,11743739686.0
BK1202.DC,20220819,1818.44,1848.43,1818.44,1829.43,1819.8500000000001,9.58,0.53,21579848.0,14318986539.0
BK1202.DC,20220822,1827.57,1850.79,1818.3,1843.31,1829.4299999999998,13.88,0.76,20739329.0,14171332334.0
BK1202.DC,20220823,1844.93,1844.93,1827.46,1837.62,1843.31,-5.69,-0.31,16933057.0,11851740062.0
BK1202.DC,20220824,1836.61,1840.16,1800.56,1802.36,1837.62,-35.26,-1.92,19019608.0,12595773944.0
BK1202.DC,20220825,1812.21,1820.81,1796.28,1818.08,1802.36,15.72,0.87,19834650.0,13245742157.0
BK1202.DC,20220826,1817.24,1818.67,1802.62,1803.49,1818.08,-14.59,-0.8,16375519.0,10874155507.0
BK1202.DC,20220829,1785.38,1812.62,1774.63,1811.62,1803.4899999999998,8.13,0.45,15845328.0,10356600697.0
BK1202.DC,20220830,1813.93,1832.16,1813.93,1826.71,1811.6200000000001,15.09,0.83,18414208.0,11454740050.0
BK1202.DC,20220831,1826.35,1841.58,1807.15,1808.6,1826.7099999999998,-18.11,-0.99,21554886.0,15594530216.0
BK1202.DC,20220901,1808.88,1867.99,1808.88,1842.56,1808.6,33.96,1.88,32726731.0,20092279781.0
BK1202.DC,20220902,1843.34,1847.36,1833.69,1842.32,1842.56,-0.24,-0.01,23490043.0,14645408067.0
BK1202.DC,20220905,1837.53,1876.83,1837.53,1876.83,1842.32,34.51,1.87,26133528.0,15755872443.0
BK1202.DC,20220906,1880.77,1928.31,1880.77,1919.23,1876.83,42.4,2.26,35547813.0,23402947310.0
BK1202.DC,20220907,1912.13,1924.98,1892.69,1920.12,1919.2299999999998,0.89,0.05,29179027.0,18395054266.0
BK1202.DC,20220908,1924.48,1928.87,1898.49,1914.46,1920.1200000000001,-5.66,-0.29,24943973.0,15568073437.0
BK1202.DC,20220909,1917.36,1963.61,1917.36,1957.3,1914.46,42.84,2.24,41966518.0,28181332072.0
BK1202.DC,20220913,1950.92,1950.92,1910.73,1916.41,1957.3000000000002,-40.89,-2.09,35516113.0,23061608227.0
BK1202.DC,20220914,1892.64,1940.69,1892.64,1909.44,1916.41,-6.97,-0.36,29255401.0,19337704884.0
BK1202.DC,20220915,1922.52,1952.34,1900.72,1943.42,1909.44,33.98,1.78,44334397.0,29142456714.0
BK1202.DC,20220916,1933.38,1952.8,1875.24,1875.24,1943.42,-68.18,-3.51,47049013.0,29811973643.0
BK1202.DC,20220919,1858.95,1869.27,1830.19,1861.67,1875.24,-13.57,-0.72,33501608.0,20926858036.0
BK1202.DC,20220920,1867.8,1907.44,1860.49,1866.93,1861.67,5.26,0.28,33930838.0,21211523389.0
BK1202.DC,20220921,1854.38,1911.18,1833.15,1901.87,1866.9299999999998,34.94,1.87,37120183.0,20537836334.0
BK1202.DC,20220922,1889.48,1905.5,1864.69,1870.48,1901.8700000000001,-31.39,-1.65,31770187.0,18551815805.0
BK1202.DC,20220923,1869.24,1909.31,1847.77,1848.83,1870.48,-21.65,-1.16,33794851.0,18718989398.0
BK1202.DC,20220926,1843.01,1871.79,1806.49,1809.95,1848.8300000000002,-38.88,-2.1,33553278.0,18131446172.0
BK1202.DC,20220927,1809.92,1822.15,1772.17,1822.15,1809.95,12.2,0.67,31079360.0,16892430224.0
BK1202.DC,20220928,1812.31,1813.43,1777.04,1777.04,1822.1499999999999,-45.11,-2.48,26632126.0,14369987063.0
BK1202.DC,20220929,1785.23,1786.04,1723.77,1729.78,1777.04,-47.26,-2.66,26542790.0,13976554625.0
BK1202.DC,20220930,1745.82,1771.29,1725.98,1746.23,1729.78,16.45,0.95,29274777.0,16843851050.0
BK1202.DC,20221010,1753.59,1782.56,1732.42,1735.65,1746.23,-10.58,-0.61,30270208.0,18101652632.0
BK1202.DC,20221011,1731.46,1731.46,1699.28,1718.07,1735.6499999999999,-17.58,-1.01,24496892.0,13527684031.0
BK1202.DC,20221012,1716.99,1754.76,1700.4,1754.76,1718.07,36.69,2.14,25381860.0,13615531417.0
BK1202.DC,20221013,1743.12,1749.22,1717.55,1736.76,1754.76,-18.0,-1.03,25563214.0,15064044412.0
BK1202.DC,20221014,1740.05,1770.44,1740.05,1758.09,1736.76,21.33,1.23,26785178.0,15377181892.0
BK1202.DC,20221017,1746.89,1772.74,1727.93,1772.5,1758.09,14.41,0.82,25687429.0,14978190218.0
BK1202.DC,20221018,1772.48,1788.65,1757.81,1764.41,1772.5,-8.09,-0.46,24493193.0,13730078648.0
BK1202.DC,20221019,1759.49,1774.83,1750.81,1752.8,1764.4099999999999,-11.61,-0.66,23685621.0,13162279188.0
BK1202.DC,20221020,1742.89,1750.13,1727.91,1733.77,1752.8,-19.03,-1.09,21624332.0,11453427882.0
BK1202.DC,20221021,1752.91,1762.96,1732.54,1735.92,1733.77,2.15,0.12,24174445.0,14023747548.0
BK1202.DC,20221024,1732.28,1738.4,1677.12,1682.19,1735.92,-53.73,-3.1,27370581.0,15304926081.0
BK1202.DC,20221025,1672.12,1677.15,1640.04,1657.91,1682.19,-24.28,-1.44,21512639.0,11932828090.0
BK1202.DC,20221026,1660.35,1678.11,1656.84,1664.68,1657.91,6.77,0.41,20929425.0,13855515110.0
BK1202.DC,20221027,1666.78,1698.23,1666.78,1687.84,1664.6799999999998,23.16,1.39,21430006.0,12440667311.0
BK1202.DC,20221028,1679.47,1679.47,1616.91,1623.13,1687.8400000000001,-64.71,-3.83,23439250.0,12283692009.0
BK1202.DC,20221031,1611.04,1629.08,1596.24,1613.34,1623.1299999999999,-9.79,-0.6,25765984.0,15796447507.0
BK1202.DC,20221101,1619.76,1640.65,1612.63,1640.65,1613.3400000000001,27.31,1.69,24603744.0,15440129846.0
BK1202.DC,20221102,1637.65,1669.92,1636.6,1663.77,1640.65,23.12,1.41,23694615.0,13771288797.0
BK1202.DC,20221103,1653.76,1665.96,1649.05,1657.5,1663.77,-6.27,-0.38,19562907.0,11312719728.0
BK1202.DC,20221104,1657.39,1685.46,1657.39,1683.07,1657.5,25.57,1.54,23485788.0,13535569483.0
BK1202.DC,20221107,1679.2,1708.25,1679.2,1708.1,1683.07,25.03,1.49,23270906.0,12408258247.0
BK1202.DC,20221108,1709.3,1720.7,1701.84,1712.47,1708.1000000000001,4.37,0.26,22431604.0,13959043833.0
BK1202.DC,20221109,1721.05,1760.55,1721.05,1734.31,1712.47,21.84,1.28,34817358.0,20108634555.0
BK1202.DC,20221110,1724.25,1745.42,1711.02,1740.57,1734.31,6.26,0.36,28709963.0,15481619012.0
BK1202.DC,20221111,1769.48,1850.11,1769.48,1828.95,1740.5700000000002,88.38,5.08,60168931.0,34337763646.0
BK1202.DC,20221114,1881.98,1881.98,1840.33,1855.29,1828.95,26.34,1.44,63655864.0,37978731225.0
BK1202.DC,20221115,1854.87,1899.28,1852.87,1886.63,1855.2900000000002,31.34,1.69,51856328.0,32141564296.0
BK1202.DC,20221116,1883.1,1893.39,1861.01,1867.15,1886.63,-19.48,-1.03,43440600.0,27143756233.0
BK1202.DC,20221117,1861.73,1889.07,1854.8,1876.06,1867.1499999999999,8.91,0.48,33994815.0,20783175186.0
BK1202.DC,20221118,1876.03,1882.46,1855.37,1856.71,1876.06,-19.35,-1.03,31503523.0,19167045196.0
BK1202.DC,20221121,1845.83,1845.83,1809.24,1833.62,1856.7099999999998,-23.09,-1.24,27787315.0,16656502617.0
BK1202.DC,20221122,1848.65,1860.86,1808.27,1814.96,1833.6200000000001,-18.66,-1.02,27813796.0,16926985108.0
BK1202.DC,20221123,1809.42,1815.13,1794.74,1808.2,1814.96,-6.76,-0.37,19296934.0,11243231167.0
BK1202.DC,20221124,1835.41,1864.19,1829.09,1843.5,1808.2,35.3,1.95,38405710.0,22827867798.0
BK1202.DC,20221125,1848.42,1908.8,1848.42,1904.2,1843.5,60.7,3.29,53699933.0,33857301197.0
BK1202.DC,20221128,1872.72,1911.91,1858.68,1911.83,1904.1999999999998,7.63,0.4,44429633.0,25906845871.0
BK1202.DC,20221129,2020.41,2048.67,1971.43,2039.22,1911.83,127.39,6.66,76099174.0,46665573328.0
BK1202.DC,20221130,2063.51,2108.04,2030.52,2033.59,2039.22,-5.63,-0.28,91239513.0,55337484554.0
BK1202.DC,20221201,2044.26,2061.17,2012.53,2033.58,2033.59,-0.01,0.0,80304281.0,45944650096.0
BK1202.DC,20221202,2019.52,2019.71,1977.0,2008.65,2033.5800000000002,-24.93,-1.23,59197984.0,37503449160.0
BK1202.DC,20221205,2020.59,2055.99,2020.59,2029.47,2008.65,20.82,1.04,61085007.0,38594468204.0
BK1202.DC,20221206,2014.03,2025.07,1983.93,2001.61,2029.4699999999998,-27.86,-1.37,48057745.0,28504651168.0
BK1202.DC,20221207,1984.57,1994.9,1957.71,1980.3,2001.61,-21.31,-1.06,42680052.0,25813925644.0
BK1202.DC,20221208,1976.28,2018.6,1972.84,2001.11,1980.3,20.81,1.05,45523121.0,27772559669.0
BK1202.DC,20221209,2006.89,2048.98,2001.4,2024.21,2001.1100000000001,23.1,1.15,57201880.0,36154350073.0
BK1202.DC,20221212,1996.1,2000.74,1959.48,1962.64,2024.21,-61.57,-3.04,39987052.0,23778373946.0
BK1202.DC,20221213,1956.91,1996.15,1948.03,1986.23,1962.64,23.59,1.2,35144521.0,20861448391.0
BK1202.DC,20221214,1975.41,1975.41,1950.36,1955.23,1986.23,-31.0,-1.56,29476430.0,17246173996.0
BK1202.DC,20221215,1951.64,1967.46,1927.77,1967.46,1955.23,12.23,0.63,32132974.0,20171406887.0
BK1202.DC,20221216,1973.78,2009.31,1958.31,1983.84,1967.4599999999998,16.38,0.83,43567708.0,27006106840.0
BK1202.DC,20221219,1985.2,2026.44,1956.48,1984.51,1983.84,0.67,0.03,44296906.0,28106371963.0
BK1202.DC,20221220,1952.9,1952.9,1909.37,1914.07,1984.51,-70.44,-3.55,32648436.0,18447487873.0
BK1202.DC,20221221,1904.78,1928.49,1896.42,1902.82,1914.07,-11.25,-0.59,27250218.0,15825331061.0
BK1202.DC,20221222,1928.33,1949.4,1895.65,1898.93,1902.8200000000002,-3.89,-0.2,30279008.0,17021423910.0
BK1202.DC,20221223,1885.03,1916.17,1885.03,1901.24,1898.93,2.31,0.12,24401742.0,14079719558.0
BK1202.DC,20221226,1894.29,1894.29,1876.8,1886.42,1901.24,-14.82,-0.78,26339922.0,15991993779.0
BK1202.DC,20221227,1888.98,1914.32,1888.09,1900.62,1886.4199999999998,14.2,0.75,28074295.0,17045821814.0
BK1202.DC,20221228,1895.16,1912.14,1876.51,1900.01,1900.62,-0.61,-0.03,28578334.0,17271257955.0
BK1202.DC,20221229,1893.79,1893.79,1854.8,1857.12,1900.01,-42.89,-2.26,28918964.0,16567256005.0
BK1202.DC,20221230,1862.19,1873.51,1853.13,1871.22,1857.1200000000001,14.1,0.76,24371135.0,13887549658.0
BK1202.DC,20230103,1868.27,1892.57,1867.04,1891.19,1871.22,19.97,1.07,27304090.0,17007709095.0
BK1202.DC,20230104,1889.27,1954.87,1886.52,1942.54,1891.19,51.35,2.72,39969186.0,26326482261.0
BK1202.DC,20230105,1945.39,1945.39,1920.09,1929.81,1942.54,-12.73,-0.66,32865289.0,21079218807.0
BK1202.DC,20230106,1950.51,1950.51,1903.43,1907.26,1929.81,-22.55,-1.17,32262289.0,20199143092.0
BK1202.DC,20230109,1909.52,1913.79,1897.39,1898.06,1907.26,-9.2,-0.48,24167902.0,16274644609.0
BK1202.DC,20230110,1901.83,1901.83,1881.42,1883.74,1898.06,-14.32,-0.75,20969405.0,13057595951.0
BK1202.DC,20230111,1890.55,1915.67,1886.36,1888.09,1883.74,4.35,0.23,24112545.0,17081433393.0
BK1202.DC,20230112,1884.29,1884.29,1857.68,1863.95,1888.0900000000001,-24.14,-1.28,22498657.0,14942658481.0
BK1202.DC,20230113,1865.94,1876.64,1863.15,1876.0,1863.95,12.05,0.65,19628716.0,12901196710.0
BK1202.DC,20230116,1872.97,1886.76,1860.6,1885.37,1876.0,9.37,0.5,22565936.0,14445973191.0
BK1202.DC,20230117,1885.24,1889.78,1870.74,1878.65,1885.3700000000001,-6.72,-0.36,18752462.0,11705168161.0
BK1202.DC,20230118,1883.85,1893.67,1877.64,1879.98,1878.65,1.33,0.07,16026261.0,10287036437.0
BK1202.DC,20230119,1875.38,1888.64,1868.63,1887.24,1879.98,7.26,0.39,16975369.0,10787199749.0
BK1202.DC,20230120,1888.69,1908.91,1887.95,1908.91,1887.24,21.67,1.15,19234999.0,11724577757.0
BK1202.DC,20230130,1927.41,1931.2,1915.13,1919.14,1908.91,10.23,0.54,27129369.0,17933152427.0
BK1202.DC,20230131,1910.24,1948.23,1900.44,1948.23,1919.14,29.09,1.52,28457683.0,16645824259.0
BK1202.DC,20230201,1946.69,1949.7,1925.0,1949.7,1948.23,1.47,0.08,25961106.0,16045597092.0
BK1202.DC,20230202,1948.99,1963.3,1934.22,1954.61,1949.6999999999998,4.91,0.25,26670124.0,16776722304.0
BK1202.DC,20230203,1949.83,1949.83,1919.9,1933.7,1954.6100000000001,-20.91,-1.07,22993956.0,13610195873.0
BK1202.DC,20230206,1926.39,1931.31,1917.08,1921.29,1933.7,-12.41,-0.64,21884854.0,14338966338.0
BK1202.DC,20230207,1921.51,1948.01,1921.51,1942.3,1921.29,21.01,1.09,25043542.0,15606251140.0
BK1202.DC,20230208,1939.76,1954.06,1931.39,1932.75,1942.3,-9.55,-0.49,23016074.0,13448399044.0
BK1202.DC,20230209,1930.49,1938.55,1921.08,1938.55,1932.75,5.8,0.3,19385582.0,11820589154.0
BK1202.DC,20230210,1937.12,1956.23,1933.66,1951.58,1938.55,13.03,0.67,21756444.0,12612450590.0
BK1202.DC,20230213,1951.97,1956.81,1939.85,1956.81,1951.58,5.23,0.27,21601217.0,13880236931.0
BK1202.DC,20230214,1959.77,1975.24,1949.3,1954.76,1956.81,-2.05,-0.1,21221972.0,12713315815.0
BK1202.DC,20230215,1952.32,1952.33,1933.05,1935.22,1954.76,-19.54,-1.0,19154090.0,12545781993.0
BK1202.DC,20230216,1936.94,1953.0,1896.2,1905.83,1935.22,-29.39,-1.52,24699562.0,14735161151.0
BK1202.DC,20230217,1905.78,1923.61,1902.03,1903.4,1905.8300000000002,-2.43,-0.13,17809084.0,10380502693.0
BK1202.DC,20230220,1903.28,1924.62,1894.56,1924.61,1903.3999999999999,21.21,1.11,19059992.0,12114160634.0
BK1202.DC,20230221,1946.11,1962.2,1930.66,1945.22,1924.6100000000001,20.61,1.07,27682590.0,16608236421.0
BK1202.DC,20230222,1934.0,1942.82,1928.71,1942.65,1945.22,-2.57,-0.13,20413059.0,11229355037.0
BK1202.DC,20230223,1945.03,1958.79,1937.12,1944.65,1942.65,2.0,0.1,21774584.0,12459521804.0
BK1202.DC,20230224,1944.91,1944.91,1915.84,1930.45,1944.65,-14.2,-0.73,16870542.0,10236710753.0
BK1202.DC,20230227,1933.49,1940.54,1917.71,1920.58,1930.4499999999998,-9.87,-0.51,16011110.0,10038712197.0
BK1202.DC,20230228,1920.32,1939.4,1915.25,1939.39,1920.5800000000002,18.81,0.98,16811589.0,10624181511.0
BK1202.DC,20230301,1938.14,1950.41,1936.54,1950.41,1939.39,11.02,0.57,19704930.0,12103333493.0
BK1202.DC,20230302,1948.71,1952.46,1940.67,1942.57,1950.4099999999999,-7.84,-0.4,17343667.0,12447451289.0
BK1202.DC,20230303,1944.21,1953.27,1940.0,1953.0,1942.57,10.43,0.54,17199570.0,11362353532.0
BK1202.DC,20230306,1951.92,1951.92,1925.44,1928.99,1953.0,-24.01,-1.23,19456075.0,12977838014.0
BK1202.DC,20230307,1928.71,1932.17,1894.21,1894.21,1928.99,-34.78,-1.8,17528539.0,11099517067.0
BK1202.DC,20230308,1892.37,1905.28,1888.77,1905.28,1894.21,11.07,0.58,12910960.0,8392911900.0
BK1202.DC,20230309,1909.3,1909.3,1895.79,1904.25,1905.28,-1.03,-0.05,13930926.0,8516068210.0
BK1202.DC,20230310,1896.52,1896.52,1869.57,1871.31,1904.25,-32.94,-1.73,17092983.0,10247932349.0
BK1202.DC,20230313,1866.48,1877.16,1854.8,1864.34,1871.31,-6.97,-0.37,16245256.0,9705093085.0
BK1202.DC,20230314,1863.05,1863.05,1826.56,1841.39,1864.3400000000001,-22.95,-1.23,16581230.0,9868480852.0
BK1202.DC,20230315,1849.15,1869.52,1849.15,1867.96,1841.39,26.57,1.44,16204570.0,9563148400.0
BK1202.DC,20230316,1860.12,1865.63,1846.11,1846.11,1867.9599999999998,-21.85,-1.17,16381200.0,10275430140.0
BK1202.DC,20230317,1855.1,1870.83,1855.1,1859.67,1846.1100000000001,13.56,0.73,17394125.0,10905948028.0
BK1202.DC,20230320,1867.71,1878.71,1851.07,1851.98,1859.67,-7.69,-0.41,18454844.0,11346335229.0
BK1202.DC,20230321,1855.53,1861.15,1846.99,1859.07,1851.98,7.09,0.38,14498674.0,10460561972.0
BK1202.DC,20230322,1862.16,1872.86,1860.38,1872.86,1859.07,13.79,0.74,15445253.0,10758516694.0
BK1202.DC,20230323,1869.07,1869.74,1854.24,1863.4,1872.8600000000001,-9.46,-0.51,14625738.0,10399977448.0
BK1202.DC,20230324,1865.57,1887.62,1855.04,1880.75,1863.4,17.35,0.93,24363814.0,15922105643.0
BK1202.DC,20230327,1875.05,1875.05,1841.59,1848.37,1880.75,-32.38,-1.72,22155392.0,14291798295.0
BK1202.DC,20230328,1849.22,1849.24,1827.44,1827.72,1848.3700000000001,-20.65,-1.12,17458866.0,11921246149.0
BK1202.DC,20230329,1830.05,1830.24,1810.43,1814.18,1827.72,-13.54,-0.74,17610178.0,11494170157.0
BK1202.DC,20230330,1813.8,1813.81,1791.87,1804.11,1814.1799999999998,-10.07,-0.56,17778901.0,10652520094.0
BK1202.DC,20230331,1807.82,1817.8,1807.82,1813.56,1804.11,9.45,0.52,15984332.0,10753230169.0
BK1202.DC,20230403,1814.58,1844.69,1809.82,1842.76,1813.56,29.2,1.61,22636376.0,14987567967.0
BK1202.DC,20230404,1842.02,1844.65,1819.43,1823.04,1842.76,-19.72,-1.07,19105875.0,12372965676.0
BK1202.DC,20230406,1819.59,1821.82,1806.03,1808.91,1823.0400000000002,-14.13,-0.78,16748097.0,10279861075.0
BK1202.DC,20230407,1812.54,1860.53,1812.54,1860.47,1808.91,51.56,2.85,28434847.0,19593113452.0
BK1202.DC,20230410,1856.37,1856.38,1833.77,1836.88,1860.47,-23.59,-1.27,23804147.0,15017569293.0
BK1202.DC,20230411,1837.58,1857.36,1822.02,1856.86,1836.8799999999999,19.98,1.09,23665017.0,15210176201.0
BK1202.DC,20230412,1859.48,1869.36,1845.34,1861.46,1856.8600000000001,4.6,0.25,20689758.0,12400963555.0
BK1202.DC,20230413,1857.56,1869.95,1851.63,1862.44,1861.46,0.98,0.05,19567501.0,11353784594.0
BK1202.DC,20230414,1866.32,1872.61,1855.76,1858.39,1862.44,-4.05,-0.22,19616675.0,11472021748.0
BK1202.DC,20230417,1855.13,1855.36,1843.47,1853.49,1858.39,-4.9,-0.26,17825820.0,11411945755.0
BK1202.DC,20230418,1854.42,1856.43,1840.42,1841.4,1853.49,-12.09,-0.65,15572382.0,10001290649.0
BK1202.DC,20230419,1837.56,1837.57,1809.91,1812.29,1841.3999999999999,-29.11,-1.58,19880546.0,12276276938.0
BK1202.DC,20230420,1805.97,1805.97,1788.05,1797.46,1812.29,-14.83,-0.82,16969260.0,10201241046.0
BK1202.DC,20230421,1799.14,1812.14,1766.58,1766.7,1797.46,-30.76,-1.71,19794909.0,12255530589.0
BK1202.DC,20230424,1760.44,1761.25,1736.01,1750.15,1766.7,-16.55,-0.94,18817392.0,11048096246.0
BK1202.DC,20230425,1749.5,1749.51,1703.96,1723.47,1750.15,-26.68,-1.52,17577634.0,9482355655.0
BK1202.DC,20230426,1711.58,1737.15,1703.66,1730.56,1723.47,7.09,0.41,14904729.0,8087720818.0
BK1202.DC,20230427,1726.51,1745.4,1720.71,1735.81,1730.56,5.25,0.3,14650729.0,7539687520.0
BK1202.DC,20230428,1735.25,1762.68,1735.25,1762.67,1735.8100000000002,26.86,1.55,18875478.0,9456346274.0
BK1202.DC,20230504,1760.79,1790.42,1760.79,1786.17,1762.67,23.5,1.33,27057105.0,14143270672.0
BK1202.DC,20230505,1785.15,1824.97,1777.38,1824.97,1786.17,38.8,2.17,32814150.0,18644765793.0
BK1202.DC,20230508,1814.17,1818.84,1789.85,1816.54,1824.97,-8.43,-0.46,26889819.0,15668977209.0
BK1202.DC,20230509,1811.49,1842.35,1810.87,1813.34,1816.54,-3.2,-0.18,30795499.0,18367717558.0
BK1202.DC,20230510,1809.63,1817.66,1792.84,1805.01,1813.34,-8.33,-0.46,20903363.0,11889834609.0
BK1202.DC,20230511,1804.21,1829.81,1804.21,1821.92,1805.01,16.91,0.94,19710675.0,9961401762.0
BK1202.DC,20230512,1820.63,1835.81,1808.26,1808.43,1821.92,-13.49,-0.74,19480645.0,9761224233.0
BK1202.DC,20230515,1807.41,1807.42,1772.2,1803.83,1808.4299999999998,-4.6,-0.25,18228153.0,10131505018.0
BK1202.DC,20230516,1803.36,1803.36,1776.46,1779.4,1803.8300000000002,-24.43,-1.35,14927405.0,7620576002.0
BK1202.DC,20230517,1774.09,1786.61,1769.33,1778.21,1779.4,-1.19,-0.07,14314657.0,7467824735.0
BK1202.DC,20230518,1779.96,1782.56,1766.69,1771.81,1778.21,-6.4,-0.36,14662043.0,7739343046.0
BK1202.DC,20230519,1769.83,1769.83,1744.49,1747.18,1771.8100000000002,-24.63,-1.39,20128497.0,9218077047.0
BK1202.DC,20230522,1745.07,1745.07,1722.71,1733.89,1747.18,-13.29,-0.76,19832109.0,8835973743.0
BK1202.DC,20230523,1730.87,1745.63,1718.59,1718.59,1733.8899999999999,-15.3,-0.88,21019818.0,9011608581.0
BK1202.DC,20230524,1714.81,1714.82,1688.12,1688.13,1718.5900000000001,-30.46,-1.77,20469149.0,9760953495.0
BK1202.DC,20230525,1681.02,1687.45,1665.45,1681.21,1688.13,-6.92,-0.41,17029961.0,7866089624.0
BK1202.DC,20230526,1678.71,1694.9,1662.38,1692.95,1681.21,11.74,0.7,21723016.0,7625606850.0
BK1202.DC,20230529,1688.58,1691.97,1668.96,1670.66,1692.95,-22.29,-1.32,22157759.0,7759071995.0
BK1202.DC,20230530,1667.54,1690.93,1649.83,1690.59,1670.6599999999999,19.93,1.19,23400263.0,10423662480.0
BK1202.DC,20230531,1687.01,1700.22,1674.91,1679.19,1690.5900000000001,-11.4,-0.67,20760491.0,8733433469.0
BK1202.DC,20230601,1677.39,1677.8,1658.95,1668.79,1679.19,-10.4,-0.62,18960595.0,8012074607.0
BK1202.DC,20230602,1673.58,1732.33,1673.58,1728.55,1668.79,59.76,3.58,31615162.0,15998390653.0
BK1202.DC,20230605,1720.82,1727.04,1710.23,1725.78,1728.55,-2.77,-0.16,25715164.0,11397643417.0
BK1202.DC,20230606,1726.28,1760.16,1726.28,1729.39,1725.7800000000002,3.61,0.21,31555081.0,15505446303.0
BK1202.DC,20230607,1731.26,1775.63,1731.26,1757.12,1729.3899999999999,27.73,1.6,24785073.0,14392380392.0
BK1202.DC,20230608,1755.5,1797.88,1751.52,1794.11,1757.12,36.99,2.11,28562023.0,17434063403.0
BK1202.DC,20230609,1793.75,1793.8,1771.4,1779.73,1794.1100000000001,-14.38,-0.8,25524704.0,14301527910.0
BK1202.DC,20230612,1773.22,1786.13,1755.16,1776.15,1779.73,-3.58,-0.2,22332277.0,12536416534.0
BK1202.DC,20230613,1777.17,1796.67,1767.99,1772.75,1776.15,-3.4,-0.19,18963358.0,11272954215.0
BK1202.DC,20230614,1778.34,1783.71,1759.26,1762.86,1772.75,-9.89,-0.56,22809793.0,11523141346.0
BK1202.DC,20230615,1762.42,1778.81,1760.09,1774.47,1762.8600000000001,11.61,0.66,22099051.0,11730243696.0
BK1202.DC,20230616,1774.63,1793.94,1774.01,1777.62,1774.4699999999998,3.15,0.18,26025513.0,13426837994.0
BK1202.DC,20230619,1776.88,1776.88,1742.16,1742.42,1777.6200000000001,-35.2,-1.98,25277053.0,13523264742.0
BK1202.DC,20230620,1742.18,1742.18,1708.94,1709.44,1742.42,-32.98,-1.89,20533464.0,10712240381.0
BK1202.DC,20230621,1707.81,1719.49,1689.16,1689.16,1709.44,-20.28,-1.19,22937874.0,9522703548.0
BK1202.DC,20230626,1682.11,1684.56,1654.64,1656.5,1689.16,-32.66,-1.93,27944546.0,10025214294.0
BK1202.DC,20230627,1659.67,1719.1,1657.59,1717.4,1656.5,60.9,3.68,28174354.0,12989633531.0
BK1202.DC,20230628,1720.06,1720.06,1694.82,1710.81,1717.3999999999999,-6.59,-0.38,21144581.0,9275746175.0
BK1202.DC,20230629,1709.15,1709.16,1691.39,1692.89,1710.8100000000002,-17.92,-1.05,18886151.0,7974912084.0
BK1202.DC,20230630,1695.28,1729.16,1695.28,1718.85,1692.8899999999999,25.96,1.53,22288894.0,9419386290.0
BK1202.DC,20230703,1722.01,1741.12,1722.01,1737.31,1718.85,18.46,1.07,19960720.0,9523283102.0
BK1202.DC,20230704,1737.25,1737.25,1717.37,1724.52,1737.31,-12.79,-0.74,26374103.0,10732506464.0
BK1202.DC,20230705,1722.51,1747.13,1718.33,1731.33,1724.52,6.81,0.39,21261033.0,8473407488.0
BK1202.DC,20230706,1729.91,1759.77,1722.81,1752.29,1731.33,20.96,1.21,29680786.0,11180526603.0
BK1202.DC,20230707,1747.13,1772.6,1745.83,1753.07,1752.29,0.78,0.04,37663707.0,12694458939.0
BK1202.DC,20230710,1751.23,1759.36,1745.48,1751.0,1753.07,-2.07,-0.12,25442115.0,9087311967.0
BK1202.DC,20230711,1768.33,1774.51,1750.11,1753.19,1751.0,2.19,0.13,27368675.0,10377171265.0
BK1202.DC,20230712,1748.94,1748.95,1720.96,1723.66,1753.19,-29.53,-1.68,28513324.0,11417525394.0
BK1202.DC,20230713,1725.59,1737.5,1724.55,1734.28,1723.66,10.62,0.62,21173337.0,9089376041.0
BK1202.DC,20230714,1735.03,1744.77,1729.83,1735.2,1734.28,0.92,0.05,19970390.0,8394477526.0
BK1202.DC,20230717,1725.23,1733.4,1711.76,1733.4,1735.2,-1.8,-0.1,19835548.0,8027184833.0
BK1202.DC,20230718,1733.04,1750.52,1721.62,1742.72,1733.4,9.32,0.54,20948314.0,9458779295.0
BK1202.DC,20230719,1739.22,1770.83,1739.22,1769.35,1742.7199999999998,26.63,1.53,26415085.0,12248400111.0
BK1202.DC,20230720,1769.58,1792.35,1766.54,1777.6,1769.35,8.25,0.47,32027906.0,13970128706.0
BK1202.DC,20230721,1775.3,1824.23,1775.3,1820.26,1777.6,42.66,2.4,45140483.0,18224026147.0
BK1202.DC,20230724,1838.15,1840.68,1791.6,1819.23,1820.26,-1.03,-0.06,56073724.0,20859747603.0
BK1202.DC,20230725,1834.66,1909.82,1834.66,1909.82,1819.23,90.59,4.98,68408904.0,34848270828.0
BK1202.DC,20230726,1913.4,1978.98,1908.81,1960.31,1909.82,50.49,2.64,73734292.0,37773248790.0
BK1202.DC,20230727,1926.43,1976.85,1904.91,1940.15,1960.3100000000002,-20.16,-1.03,85210963.0,36274802402.0
BK1202.DC,20230728,1940.53,1984.91,1935.23,1973.25,1940.15,33.1,1.71,82782124.0,37878861297.0
BK1202.DC,20230731,1990.11,2056.54,1990.11,2030.32,1973.25,57.07,2.89,86177705.0,43663883256.0
BK1202.DC,20230801,2022.02,2053.33,2004.81,2023.8,2030.32,-6.52,-0.32,85748668.0,40299938552.0
BK1202.DC,20230802,2020.45,2083.93,2020.45,2051.81,2023.8,28.01,1.38,77864929.0,38400930866.0
BK1202.DC,20230803,2046.07,2084.21,2016.68,2084.2,2051.81,32.39,1.58,81775355.0,40822244654.0
BK1202.DC,20230804,2112.65,2112.65,2060.59,2071.28,2084.2000000000003,-12.92,-0.62,79512998.0,40602804860.0
BK1202.DC,20230807,2041.92,2041.92,1997.01,2005.68,2071.28,-65.6,-3.17,63127596.0,30733734590.0
BK1202.DC,20230808,2006.25,2014.94,1973.93,1977.12,2005.6799999999998,-28.56,-1.42,48510948.0,21914298239.0
BK1202.DC,20230809,1978.27,2000.3,1963.42,1968.79,1977.12,-8.33,-0.42,45830954.0,20730687431.0
BK1202.DC,20230810,1965.6,1990.7,1959.9,1975.86,1968.79,7.07,0.36,37129038.0,17302548530.0
BK1202.DC,20230811,2004.19,2012.96,1962.81,1979.9,1975.8600000000001,4.04,0.2,58216524.0,26596076016.0
BK1202.DC,20230814,1930.58,1950.8,1915.56,1946.61,1979.8999999999999,-33.29,-1.68,46701751.0,21112102352.0
BK1202.DC,20230815,1943.31,1946.89,1912.79,1932.99,1946.61,-13.62,-0.7,38487035.0,16493080645.0
BK1202.DC,20230816,1927.58,1996.97,1921.43,1974.68,1932.99,41.69,2.16,53480590.0,24737035664.0
BK1202.DC,20230817,1961.09,1984.68,1952.72,1974.17,1974.68,-0.51,-0.03,43772254.0,19954993376.0
BK1202.DC,20230818,1973.85,1999.69,1928.96,1928.96,1974.17,-45.21,-2.29,44388943.0,20013711028.0
BK1202.DC,20230821,1925.01,1938.84,1895.49,1895.86,1928.9599999999998,-33.1,-1.72,35270407.0,15752002346.0
BK1202.DC,20230822,1899.0,1915.46,1879.57,1905.0,1895.86,9.14,0.48,34474987.0,15130072397.0
BK1202.DC,20230823,1899.82,1899.82,1867.85,1868.09,1905.0,-36.91,-1.94,32099977.0,14326865494.0
BK1202.DC,20230824,1872.55,1877.29,1834.74,1847.52,1868.09,-20.57,-1.1,30983773.0,14003638113.0
BK1202.DC,20230825,1847.24,1889.7,1847.08,1865.46,1847.52,17.94,0.97,41217136.0,19729851495.0
BK1202.DC,20230828,1992.78,2002.64,1945.43,1953.44,1865.46,87.98,4.72,70576181.0,36836053686.0
BK1202.DC,20230829,1946.06,2025.85,1946.06,2025.85,1953.4399999999998,72.41,3.71,78037343.0,37542045010.0
BK1202.DC,20230830,2017.0,2022.02,1990.83,1998.77,2025.85,-27.08,-1.34,64972234.0,31576376350.0
BK1202.DC,20230831,1993.32,2003.81,1894.83,1895.19,1998.77,-103.58,-5.18,61700299.0,30391029153.0
BK1202.DC,20230901,1919.52,1920.85,1871.69,1875.98,1895.19,-19.21,-1.01,52618446.0,25147862476.0
BK1202.DC,20230904,1894.16,1920.69,1892.31,1896.71,1875.98,20.73,1.11,47982833.0,23590699514.0
BK1202.DC,20230905,1889.21,1889.21,1836.28,1842.36,1896.7099999999998,-54.35,-2.87,42097328.0,19486854340.0
BK1202.DC,20230906,1839.55,1889.15,1827.77,1882.21,1842.3600000000001,39.85,2.16,48715438.0,23245610251.0
BK1202.DC,20230907,1876.56,1910.45,1866.04,1866.04,1882.21,-16.17,-0.86,49548486.0,23255538439.0
BK1202.DC,20230908,1856.72,1856.72,1828.57,1844.94,1866.04,-21.1,-1.13,35689612.0,15671117994.0
BK1202.DC,20230911,1846.53,1846.53,1823.75,1839.5,1844.94,-5.44,-0.29,34156587.0,21436364444.0
BK1202.DC,20230912,1837.81,1843.4,1825.98,1833.73,1839.5,-5.77,-0.31,28340032.0,18941754792.0
BK1202.DC,20230913,1832.51,1849.89,1819.35,1830.75,1833.73,-2.98,-0.16,28601095.0,18016651288.0
BK1202.DC,20230914,1826.84,1828.96,1805.47,1812.9,1830.75,-17.85,-0.98,26305914.0,15746656592.0
BK1202.DC,20230915,1820.73,1830.93,1812.57,1821.77,1812.9,8.87,0.49,25092926.0,17269052822.0
BK1202.DC,20230918,1814.34,1814.34,1798.46,1811.32,1821.77,-10.45,-0.57,26468733.0,16681836385.0
BK1202.DC,20230919,1806.85,1816.17,1799.04,1802.78,1811.32,-8.54,-0.47,21471546.0,13095934747.0
BK1202.DC,20230920,1800.12,1816.03,1794.11,1803.92,1802.78,1.14,0.06,21487613.0,13053210517.0
BK1202.DC,20230921,1803.96,1824.29,1797.81,1800.78,1803.92,-3.14,-0.17,23332235.0,12801888386.0
BK1202.DC,20230922,1796.26,1820.51,1792.76,1820.19,1800.78,19.41,1.08,26588460.0,13920510854.0
BK1202.DC,20230925,1813.21,1813.21,1775.51,1778.04,1820.19,-42.15,-2.32,28737733.0,17437354807.0
BK1202.DC,20230926,1773.43,1778.92,1767.62,1768.03,1778.04,-10.01,-0.56,21040478.0,13295810720.0
BK1202.DC,20230927,1767.64,1775.89,1761.4,1761.51,1768.03,-6.52,-0.37,21391042.0,11635486978.0
BK1202.DC,20230928,1765.7,1775.63,1765.62,1772.68,1761.51,11.17,0.63,20205054.0,11376141736.0
BK1202.DC,20231009,1766.35,1766.35,1721.78,1724.78,1772.68,-47.9,-2.7,26257419.0,13855597242.0
BK1202.DC,20231010,1726.17,1737.49,1715.87,1717.37,1724.78,-7.41,-0.43,19305017.0,12209214811.0
BK1202.DC,20231011,1720.79,1724.19,1708.33,1714.48,1717.3700000000001,-2.89,-0.17,21700504.0,10922987637.0
BK1202.DC,20231012,1718.96,1727.71,1708.84,1723.36,1714.4799999999998,8.88,0.52,20084176.0,14133859391.0
BK1202.DC,20231013,1716.89,1721.09,1702.26,1705.29,1723.36,-18.07,-1.05,18158750.0,12647955296.0
BK1202.DC,20231016,1704.16,1707.08,1682.54,1687.21,1705.29,-18.08,-1.06,18370296.0,11241461728.0
BK1202.DC,20231017,1687.78,1689.95,1675.65,1683.89,1687.21,-3.32,-0.2,20663553.0,13288037913.0
BK1202.DC,20231018,1679.54,1679.54,1652.25,1652.37,1683.8899999999999,-31.52,-1.87,18350998.0,11868070040.0
BK1202.DC,20231019,1647.26,1668.68,1643.53,1648.73,1652.3700000000001,-3.64,-0.22,20040859.0,13121008184.0
BK1202.DC,20231020,1644.16,1685.31,1637.84,1668.48,1648.73,19.75,1.2,27218301.0,13193638121.0
BK1202.DC,20231023,1661.27,1663.62,1630.39,1636.66,1668.48,-31.82,-1.91,31502080.0,14006698835.0
BK1202.DC,20231024,1645.1,1687.82,1645.1,1687.82,1636.6599999999999,51.16,3.13,31697277.0,14182368460.0
BK1202.DC,20231025,1706.55,1716.36,1700.41,1701.48,1687.82,13.66,0.81,30231633.0,14778462069.0
BK1202.DC,20231026,1692.34,1692.34,1669.17,1681.26,1701.48,-20.22,-1.19,28509670.0,13421712289.0
BK1202.DC,20231027,1676.7,1703.8,1676.7,1701.1,1681.26,19.84,1.18,26303631.0,14537602953.0
BK1202.DC,20231030,1696.79,1716.05,1690.12,1712.17,1701.1000000000001,11.07,0.65,37442482.0,18715440959.0
BK1202.DC,20231031,1706.8,1725.95,1691.62,1722.47,1712.17,10.3,0.6,43769646.0,20251551245.0
BK1202.DC,20231101,1716.31,1729.59,1707.35,1714.27,1722.47,-8.2,-0.48,34505616.0,15539105577.0
BK1202.DC,20231102,1707.78,1721.34,1694.89,1707.32,1714.27,-6.95,-0.41,28367213.0,12879945434.0
BK1202.DC,20231103,1704.23,1710.2,1694.89,1696.09,1707.32,-11.23,-0.66,23566206.0,11471065352.0
BK1202.DC,20231106,1702.13,1738.41,1702.13,1738.41,1696.0900000000001,42.32,2.5,34888725.0,17666050969.0
BK1202.DC,20231107,1737.21,1747.0,1729.51,1744.7,1738.41,6.29,0.36,29809717.0,17022534225.0
BK1202.DC,20231108,1744.62,1768.5,1744.62,1756.24,1744.7,11.54,0.66,32042025.0,17574556958.0
BK1202.DC,20231109,1761.51,1779.41,1743.74,1746.84,1756.24,-9.4,-0.54,33567537.0,17360576864.0
BK1202.DC,20231110,1741.49,1741.8,1717.04,1729.47,1746.84,-17.37,-0.99,25326114.0,13031527556.0
BK1202.DC,20231113,1731.85,1741.55,1723.57,1741.55,1729.47,12.08,0.7,25019148.0,13127372297.0
BK1202.DC,20231114,1740.46,1770.53,1740.46,1770.53,1741.55,28.98,1.66,28422442.0,15135884569.0
BK1202.DC,20231115,1784.54,1784.54,1761.06,1764.97,1770.53,-5.56,-0.31,27082815.0,14173059409.0
BK1202.DC,20231116,1760.23,1761.98,1744.59,1756.22,1764.97,-8.75,-0.5,27072264.0,15900446833.0
BK1202.DC,20231117,1748.23,1752.53,1737.1,1747.56,1756.22,-8.66,-0.49,22038178.0,11812245140.0
BK1202.DC,20231120,1759.82,1763.84,1751.94,1760.7,1747.56,13.14,0.75,22545813.0,11902974504.0
BK1202.DC,20231121,1770.22,1823.2,1770.22,1806.0,1760.7,45.3,2.57,52611070.0,25073810718.0
BK1202.DC,20231122,1806.37,1844.16,1806.37,1810.12,1806.0,4.12,0.23,45939307.0,21142672845.0
BK1202.DC,20231123,1803.15,1846.73,1783.13,1837.47,1810.1200000000001,27.35,1.51,52050713.0,24594288649.0
BK1202.DC,20231124,1841.54,1859.92,1831.49,1832.54,1837.47,-4.93,-0.27,51129347.0,24366039663.0
BK1202.DC,20231127,1820.77,1820.77,1784.0,1788.03,1832.54,-44.51,-2.43,42564421.0,22677362043.0
BK1202.DC,20231128,1782.66,1782.66,1765.66,1771.38,1788.0300000000002,-16.65,-0.93,29235941.0,15405869812.0
BK1202.DC,20231129,1768.62,1769.35,1736.15,1738.71,1771.38,-32.67,-1.84,31506610.0,15244381217.0
BK1202.DC,20231130,1738.78,1747.7,1730.82,1738.94,1738.71,0.23,0.01,24658093.0,12556707649.0
BK1202.DC,20231201,1738.45,1763.02,1736.36,1760.29,1738.94,21.35,1.23,29699450.0,13435131363.0
BK1202.DC,20231204,1758.47,1758.58,1740.34,1750.27,1760.29,-10.02,-0.57,26644535.0,13156810418.0
BK1202.DC,20231205,1745.88,1756.14,1729.12,1729.12,1750.27,-21.15,-1.21,25309744.0,12688091392.0
BK1202.DC,20231206,1725.24,1755.47,1724.7,1750.02,1729.12,20.9,1.21,24587820.0,11972081137.0
BK1202.DC,20231207,1747.14,1768.53,1741.05,1761.38,1750.0200000000002,11.36,0.65,30259041.0,13949745029.0
BK1202.DC,20231208,1757.88,1757.88,1717.75,1718.76,1761.3799999999999,-42.62,-2.42,31718753.0,14372513654.0
BK1202.DC,20231211,1711.26,1716.58,1692.54,1715.94,1718.76,-2.82,-0.16,27601189.0,12754301204.0
BK1202.DC,20231212,1718.44,1764.5,1718.44,1764.5,1715.94,48.56,2.83,36826650.0,18328237044.0
BK1202.DC,20231213,1753.56,1760.14,1739.05,1739.39,1764.5,-25.11,-1.42,30238912.0,15413363043.0
BK1202.DC,20231214,1744.06,1759.94,1742.45,1744.3,1739.3899999999999,4.91,0.28,22791741.0,11615183781.0
BK1202.DC,20231215,1764.58,1783.9,1760.48,1763.79,1744.3,19.49,1.12,33816087.0,16587848402.0
BK1202.DC,20231218,1752.03,1781.24,1734.32,1737.09,1763.79,-26.7,-1.51,34569086.0,15633796496.0
BK1202.DC,20231219,1733.89,1740.79,1705.1,1717.61,1737.09,-19.48,-1.12,26470888.0,11749946443.0
BK1202.DC,20231220,1720.24,1720.24,1692.4,1692.4,1717.6100000000001,-25.21,-1.47,21187374.0,10802052452.0
BK1202.DC,20231221,1684.3,1712.36,1678.58,1708.95,1692.4,16.55,0.98,30609899.0,13116567112.0
BK1202.DC,20231222,1706.33,1706.33,1677.51,1680.57,1708.95,-28.38,-1.66,27536141.0,11798116791.0
BK1202.DC,20231225,1676.38,1676.38,1648.2,1654.84,1680.57,-25.73,-1.53,19340148.0,8156134827.0
BK1202.DC,20231226,1653.48,1653.48,1634.25,1634.94,1654.8400000000001,-19.9,-1.2,19537591.0,8353787939.0
BK1202.DC,20231227,1636.01,1648.89,1624.16,1642.32,1634.9399999999998,7.38,0.45,21706876.0,8389082677.0
BK1202.DC,20231228,1639.19,1674.46,1628.59,1670.64,1642.3200000000002,28.32,1.72,24914733.0,10777986599.0
BK1202.DC,20231229,1668.32,1678.85,1662.72,1667.42,1670.64,-3.22,-0.19,21902482.0,9683803682.0
BK1202.DC,20240102,1668.42,1668.49,1655.11,1657.07,1667.4199999999998,-10.35,-0.62,22484497.0,10938730526.0
BK1202.DC,20240103,1657.63,1683.05,1657.63,1671.39,1657.0700000000002,14.32,0.86,23042419.0,10903197909.0
BK1202.DC,20240104,1666.5,1669.34,1650.32,1658.73,1671.39,-12.66,-0.76,21435305.0,9912874983.0
BK1202.DC,20240105,1658.57,1678.65,1649.42,1655.74,1658.73,-2.99,-0.18,25659554.0,11044926749.0
BK1202.DC,20240108,1665.26,1665.26,1630.5,1630.5,1655.74,-25.24,-1.52,27755415.0,11115650413.0
BK1202.DC,20240109,1627.88,1649.66,1626.08,1637.65,1630.5,7.15,0.44,23073445.0,9204310773.0
BK1202.DC,20240110,1633.13,1649.11,1622.19,1635.53,1637.6499999999999,-2.12,-0.13,19973066.0,8128421929.0
BK1202.DC,20240111,1634.34,1653.94,1628.01,1652.65,1635.5300000000002,17.12,1.05,22592062.0,9601713550.0
BK1202.DC,20240112,1648.63,1669.42,1646.1,1646.84,1652.6499999999999,-5.81,-0.35,21294389.0,9007282835.0
BK1202.DC,20240115,1641.24,1662.26,1629.94,1656.96,1646.8400000000001,10.12,0.61,20578527.0,9019060164.0
BK1202.DC,20240116,1656.97,1663.05,1619.97,1638.48,1656.96,-18.48,-1.12,22709089.0,9322455525.0
BK1202.DC,20240117,1634.75,1634.75,1600.18,1600.18,1638.48,-38.3,-2.34,19465393.0,8043146394.0
BK1202.DC,20240118,1591.97,1591.97,1542.27,1585.24,1600.18,-14.94,-0.93,24921043.0,10372916714.0
BK1202.DC,20240119,1583.0,1597.51,1572.32,1577.58,1585.24,-7.66,-0.48,16391394.0,7306234960.0
BK1202.DC,20240122,1571.69,1572.49,1488.63,1498.47,1577.58,-79.11,-5.01,25355058.0,10489137768.0
BK1202.DC,20240123,1495.86,1524.41,1472.96,1519.46,1498.47,20.99,1.4,22646254.0,9456046424.0
BK1202.DC,20240124,1527.61,1586.47,1527.61,1586.47,1519.46,67.01,4.41,32107646.0,13612461777.0
BK1202.DC,20240125,1596.55,1670.62,1596.55,1669.97,1586.47,83.5,5.26,39786392.0,18943591656.0
BK1202.DC,20240126,1679.95,1743.34,1679.95,1725.2,1669.97,55.23,3.31,50887218.0,25596163449.0
BK1202.DC,20240129,1743.27,1743.27,1681.72,1683.33,1725.1999999999998,-41.87,-2.43,48449490.0,24873132961.0
BK1202.DC,20240130,1661.67,1665.82,1616.09,1618.82,1683.33,-64.51,-3.83,37130043.0,18218360051.0
BK1202.DC,20240131,1601.61,1611.91,1540.56,1545.95,1618.8200000000002,-72.87,-4.5,39213142.0,17313337304.0
BK1202.DC,20240201,1530.15,1535.17,1484.65,1503.88,1545.95,-42.07,-2.72,36040924.0,15306081747.0
BK1202.DC,20240202,1506.02,1560.4,1441.46,1483.33,1503.8799999999999,-20.55,-1.37,41032089.0,17982463616.0
BK1202.DC,20240205,1462.9,1462.9,1357.32,1368.78,1483.33,-114.55,-7.72,40521386.0,15728372328.0
BK1202.DC,20240206,1323.48,1392.51,1283.09,1361.85,1368.78,-6.93,-0.51,45057665.0,16381172493.0
BK1202.DC,20240207,1359.89,1359.89,1312.21,1325.72,1361.8500000000001,-36.13,-2.65,43443777.0,16734665570.0
BK1202.DC,20240208,1322.1,1395.84,1319.95,1395.66,1325.72,69.94,5.28,43949476.0,17574212720.0
BK1202.DC,20240219,1407.43,1434.86,1396.92,1434.86,1395.6599999999999,39.2,2.81,41316969.0,17010643517.0
BK1202.DC,20240220,1431.67,1454.31,1416.81,1452.49,1434.86,17.63,1.23,33087730.0,14159284282.0
BK1202.DC,20240221,1442.02,1521.04,1438.49,1484.39,1452.49,31.9,2.2,42315810.0,19161986534.0
BK1202.DC,20240222,1477.06,1498.73,1469.96,1496.08,1484.3899999999999,11.69,0.79,30385371.0,13216017395.0
BK1202.DC,20240223,1497.1,1517.31,1488.98,1516.15,1496.0800000000002,20.07,1.34,29669903.0,12704167862.0
BK1202.DC,20240226,1513.98,1543.19,1501.73,1520.61,1516.1499999999999,4.46,0.29,31077613.0,13380543142.0
BK1202.DC,20240227,1514.92,1559.81,1510.94,1559.81,1520.61,39.2,2.58,31549044.0,13296957906.0
BK1202.DC,20240228,1560.29,1581.91,1487.33,1487.33,1559.81,-72.48,-4.65,43521340.0,18365424760.0
BK1202.DC,20240229,1472.55,1517.35,1472.55,1517.35,1487.33,30.02,2.02,29527253.0,12867474665.0
BK1202.DC,20240301,1521.15,1525.81,1502.96,1517.52,1517.35,0.17,0.01,26172985.0,12424309951.0
BK1202.DC,20240304,1512.75,1512.75,1471.74,1489.75,1517.52,-27.77,-1.83,29943210.0,16143528598.0
BK1202.DC,20240305,1482.01,1486.33,1463.59,1475.5,1489.75,-14.25,-0.96,27669091.0,14920213794.0
BK1202.DC,20240306,1470.45,1492.23,1466.7,1479.83,1475.5,4.33,0.29,22651136.0,11262045452.0
BK1202.DC,20240307,1483.4,1499.12,1474.21,1474.36,1479.83,-5.47,-0.37,24720826.0,11755499778.0
BK1202.DC,20240308,1475.43,1479.56,1458.3,1473.78,1474.36,-0.58,-0.04,22954508.0,10345689328.0
BK1202.DC,20240311,1472.07,1500.13,1469.85,1500.13,1473.7800000000002,26.35,1.79,26666487.0,12771586483.0
BK1202.DC,20240312,1499.05,1561.31,1493.75,1551.84,1500.1299999999999,51.71,3.45,46769327.0,21850989914.0
BK1202.DC,20240313,1542.72,1542.72,1510.47,1520.46,1551.8400000000001,-31.38,-2.02,32727899.0,14921428378.0
BK1202.DC,20240314,1516.34,1541.65,1516.34,1527.24,1520.46,6.78,0.45,29246840.0,13657853166.0
BK1202.DC,20240315,1523.4,1535.12,1517.76,1535.12,1527.2399999999998,7.88,0.52,24982153.0,11362090703.0
BK1202.DC,20240318,1536.75,1544.65,1528.75,1544.65,1535.1200000000001,9.53,0.62,24458658.0,11759826209.0
BK1202.DC,20240319,1539.95,1548.13,1535.61,1535.61,1544.6499999999999,-9.04,-0.59,23407248.0,11332339871.0
BK1202.DC,20240320,1532.99,1545.17,1528.4,1545.17,1535.6100000000001,9.56,0.62,20761505.0,10442633371.0
BK1202.DC,20240321,1544.88,1567.46,1544.88,1555.96,1545.17,10.79,0.7,26261557.0,12563692898.0
BK1202.DC,20240322,1551.98,1551.98,1516.18,1535.82,1555.96,-20.14,-1.29,27923082.0,12380386557.0
BK1202.DC,20240325,1532.44,1566.56,1519.39,1533.61,1535.82,-2.21,-0.14,31726858.0,16098902095.0
BK1202.DC,20240326,1528.51,1568.1,1528.51,1567.66,1533.6100000000001,34.05,2.22,33334664.0,15676833942.0
BK1202.DC,20240327,1562.38,1562.38,1527.05,1527.17,1567.66,-40.49,-2.58,31219277.0,14014852506.0
BK1202.DC,20240328,1520.27,1550.71,1520.27,1535.71,1527.17,8.54,0.56,26365648.0,12361080607.0
BK1202.DC,20240329,1527.1,1533.62,1514.24,1523.71,1535.71,-12.0,-0.78,24840483.0,11471070640.0
BK1202.DC,20240401,1522.76,1548.02,1522.76,1546.83,1523.71,23.12,1.52,24525862.0,11936707714.0
BK1202.DC,20240402,1544.78,1567.91,1537.59,1554.13,1546.8300000000002,7.3,0.47,35049715.0,15763016251.0
BK1202.DC,20240403,1546.68,1548.2,1531.56,1535.03,1554.1299999999999,-19.1,-1.23,24205585.0,10803206107.0
BK1202.DC,20240408,1531.07,1536.68,1505.88,1505.88,1535.0300000000002,-29.15,-1.9,24529470.0,10600265118.0
BK1202.DC,20240409,1506.15,1526.33,1504.55,1526.33,1505.8799999999999,20.45,1.36,20870776.0,9131696396.0
BK1202.DC,20240410,1521.95,1521.95,1471.53,1482.03,1526.33,-44.3,-2.9,25616157.0,11398402195.0
BK1202.DC,20240411,1471.75,1491.93,1469.01,1482.16,1482.03,0.13,0.01,19102415.0,8441265121.0
BK1202.DC,20240412,1479.85,1486.76,1451.75,1452.93,1482.16,-29.23,-1.97,20964405.0,8966560428.0
BK1202.DC,20240415,1442.55,1451.86,1388.76,1413.49,1452.93,-39.44,-2.71,28212452.0,10931738885.0
BK1202.DC,20240416,1400.73,1400.73,1346.88,1347.69,1413.49,-65.8,-4.66,27999667.0,11226845722.0
BK1202.DC,20240417,1346.5,1400.0,1346.5,1400.0,1347.69,52.31,3.88,25829241.0,10763439468.0
BK1202.DC,20240418,1399.14,1404.26,1380.21,1387.75,1400.0,-12.25,-0.88,22032624.0,9952147733.0
BK1202.DC,20240419,1381.25,1398.42,1371.79,1376.27,1387.75,-11.48,-0.83,18718667.0,8318333982.0
BK1202.DC,20240422,1377.33,1386.69,1362.77,1367.32,1376.27,-8.95,-0.65,19492357.0,8956812577.0
BK1202.DC,20240423,1365.1,1376.79,1364.02,1367.67,1367.3200000000002,0.35,0.03,16077360.0,7273945344.0
BK1202.DC,20240424,1367.32,1369.48,1356.88,1369.48,1367.67,1.81,0.13,17703070.0,7236291152.0
BK1202.DC,20240425,1363.53,1389.48,1361.23,1380.48,1369.48,11.0,0.8,18333338.0,7729445786.0
BK1202.DC,20240426,1378.49,1420.85,1368.4,1420.25,1380.48,39.77,2.88,32789700.0,15257932228.0
BK1202.DC,20240429,1420.38,1512.96,1420.38,1512.96,1420.25,92.71,6.53,53141349.0,24464481352.0
BK1202.DC,20240430,1515.87,1515.87,1482.65,1493.92,1512.96,-19.04,-1.26,53449072.0,23756238647.0
BK1202.DC,20240506,1525.06,1547.27,1505.05,1505.94,1493.92,12.02,0.8,52625102.0,23647764585.0
BK1202.DC,20240507,1496.76,1523.41,1488.06,1518.7,1505.94,12.76,0.85,50566889.0,21184655248.0
BK1202.DC,20240508,1505.82,1505.82,1473.69,1474.76,1518.7,-43.94,-2.89,32559456.0,13989809372.0
BK1202.DC,20240509,1478.49,1513.17,1478.49,1497.09,1474.76,22.33,1.51,40152582.0,16919787652.0
BK1202.DC,20240510,1500.45,1554.69,1491.04,1542.6,1497.09,45.51,3.04,60197385.0,26706745384.0
BK1202.DC,20240513,1526.06,1534.82,1509.09,1517.72,1542.6000000000001,-24.88,-1.61,41839895.0,18748079896.0
BK1202.DC,20240514,1512.49,1532.55,1502.63,1518.27,1517.72,0.55,0.04,35396358.0,15747943934.0
BK1202.DC,20240515,1512.37,1566.96,1511.17,1541.93,1518.27,23.66,1.56,52506440.0,25169260818.0
BK1202.DC,20240516,1541.03,1617.04,1541.03,1600.44,1541.93,58.51,3.79,71361538.0,33499621695.0
BK1202.DC,20240517,1620.88,1701.87,1603.89,1701.63,1600.44,101.19,6.32,110210640.0,52858211389.0
BK1202.DC,20240520,1687.8,1701.04,1661.05,1665.49,1701.63,-36.14,-2.12,99208862.0,49626481674.0
BK1202.DC,20240521,1653.66,1685.47,1653.66,1669.46,1665.49,3.97,0.24,72244108.0,34286789077.0
BK1202.DC,20240522,1672.87,1736.5,1672.87,1691.63,1669.46,22.17,1.33,93579975.0,47019639193.0
BK1202.DC,20240523,1662.36,1672.38,1632.36,1652.95,1691.63,-38.68,-2.29,75603340.0,36821302557.0
BK1202.DC,20240524,1641.54,1641.54,1603.91,1605.22,1652.95,-47.73,-2.89,53444522.0,25689667760.0
BK1202.DC,20240527,1601.58,1602.16,1568.27,1602.16,1605.22,-3.06,-0.19,45784134.0,22173700456.0
BK1202.DC,20240528,1617.12,1618.74,1555.0,1557.27,1602.16,-44.89,-2.8,51853652.0,25895436880.0
BK1202.DC,20240529,1555.59,1599.48,1555.59,1566.07,1557.27,8.8,0.57,46735697.0,21215277480.0
BK1202.DC,20240530,1552.38,1552.38,1524.52,1527.52,1566.07,-38.55,-2.46,42086354.0,19666335239.0
BK1202.DC,20240531,1528.5,1533.79,1515.74,1522.36,1527.52,-5.16,-0.34,35726865.0,16497484131.0
BK1202.DC,20240603,1517.19,1517.19,1466.9,1478.94,1522.3600000000001,-43.42,-2.85,37134682.0,16108247500.0
BK1202.DC,20240604,1471.28,1499.13,1451.51,1488.38,1478.94,9.44,0.64,43082612.0,20090180192.0
BK1202.DC,20240605,1476.31,1476.31,1441.28,1442.11,1488.3799999999999,-46.27,-3.11,32579135.0,14135066008.0
BK1202.DC,20240606,1438.84,1446.93,1380.47,1396.22,1442.1100000000001,-45.89,-3.18,35874515.0,15086582420.0
BK1202.DC,20240607,1403.76,1441.78,1403.76,1438.24,1396.22,42.02,3.01,33599367.0,16789351980.0
BK1202.DC,20240611,1432.08,1434.85,1406.47,1421.68,1438.24,-16.56,-1.15,29022835.0,14970145090.0
BK1202.DC,20240612,1418.66,1439.51,1415.02,1435.25,1421.68,13.57,0.95,25394266.0,11955576591.0
BK1202.DC,20240613,1446.29,1447.97,1413.18,1416.83,1435.25,-18.42,-1.28,31597758.0,14754452982.0
BK1202.DC,20240614,1414.08,1449.47,1406.31,1439.01,1416.83,22.18,1.57,37205038.0,16904027969.0
BK1202.DC,20240617,1429.34,1432.95,1418.15,1419.81,1439.01,-19.2,-1.33,28389061.0,13485163100.0
BK1202.DC,20240618,1421.71,1431.89,1418.93,1423.54,1419.81,3.73,0.26,22392170.0,10487082269.0
BK1202.DC,20240619,1425.05,1432.15,1414.46,1415.66,1423.5400000000002,-7.88,-0.55,21524918.0,10435398724.0
BK1202.DC,20240620,1414.4,1414.4,1376.28,1377.73,1415.66,-37.93,-2.68,27632821.0,11928939737.0
BK1202.DC,20240621,1381.86,1394.52,1376.26,1379.01,1377.73,1.28,0.09,19721383.0,8631232294.0
BK1202.DC,20240624,1368.98,1368.98,1326.79,1329.19,1379.01,-49.82,-3.61,27099360.0,10839588952.0
BK1202.DC,20240625,1327.98,1370.33,1323.76,1354.24,1329.19,25.05,1.88,32663856.0,12869693346.0
BK1202.DC,20240626,1348.96,1369.01,1337.55,1368.45,1354.24,14.21,1.05,26163038.0,9871570478.0
BK1202.DC,20240627,1370.7,1379.82,1352.97,1352.97,1368.45,-15.48,-1.13,28194152.0,11338886752.0
BK1202.DC,20240628,1347.06,1368.25,1339.71,1343.36,1352.9699999999998,-9.61,-0.71,27630730.0,11385089708.0
BK1202.DC,20240701,1343.22,1395.42,1343.22,1395.42,1343.3600000000001,52.06,3.88,37311900.0,15781338090.0
BK1202.DC,20240702,1392.34,1422.87,1387.84,1400.29,1395.42,4.87,0.35,35707326.0,14455384629.0
BK1202.DC,20240703,1399.11,1426.24,1389.63,1412.32,1400.29,12.03,0.86,33413586.0,13613920242.0
BK1202.DC,20240704,1407.03,1407.03,1359.27,1362.03,1412.32,-50.29,-3.56,28735919.0,11026806304.0
BK1202.DC,20240705,1359.39,1371.86,1345.52,1363.39,1362.0300000000002,1.36,0.1,21773973.0,8568569922.0
BK1202.DC,20240708,1356.82,1359.39,1316.35,1321.81,1363.3899999999999,-41.58,-3.05,24140487.0,9322721916.0
BK1202.DC,20240709,1319.71,1332.28,1293.42,1329.55,1321.81,7.74,0.59,23796956.0,9228402342.0
BK1202.DC,20240710,1318.49,1326.63,1299.96,1306.03,1329.55,-23.52,-1.77,23769599.0,8711221120.0
BK1202.DC,20240711,1323.47,1343.77,1316.33,1342.77,1306.03,36.74,2.81,24591682.0,9533464870.0
BK1202.DC,20240712,1344.19,1396.32,1344.19,1368.73,1342.77,25.96,1.93,37840826.0,15692402450.0
BK1202.DC,20240715,1361.31,1361.31,1335.34,1339.02,1368.73,-29.71,-2.17,23019266.0,9023186584.0
BK1202.DC,20240716,1337.81,1346.75,1331.17,1340.14,1339.0200000000002,1.12,0.08,20440407.0,8776166104.0
BK1202.DC,20240717,1339.89,1364.71,1339.89,1350.54,1340.1399999999999,10.4,0.78,29266583.0,12924605290.0
BK1202.DC,20240718,1344.79,1350.68,1327.24,1350.68,1350.54,0.14,0.01,23375156.0,10864083703.0
BK1202.DC,20240719,1343.49,1343.49,1321.0,1332.05,1350.68,-18.63,-1.38,23560474.0,10767694349.0
BK1202.DC,20240722,1331.46,1337.76,1320.13,1331.3,1332.05,-0.75,-0.06,18821083.0,8264209153.0
BK1202.DC,20240723,1332.91,1349.13,1320.01,1320.01,1331.3,-11.29,-0.85,20357140.0,8243597748.0
BK1202.DC,20240724,1318.09,1321.68,1293.16,1293.26,1320.01,-26.75,-2.03,23024968.0,8730926594.0
BK1202.DC,20240725,1289.57,1312.87,1289.57,1303.94,1293.26,10.68,0.83,18111952.0,6757374300.0
BK1202.DC,20240726,1306.05,1329.34,1306.05,1320.74,1303.94,16.8,1.29,17566744.0,6802750843.0
BK1202.DC,20240729,1321.9,1326.01,1304.11,1320.91,1320.74,0.17,0.01,19311828.0,7849151053.0
BK1202.DC,20240730,1319.35,1356.79,1319.35,1352.55,1320.9099999999999,31.64,2.4,27910436.0,10807385886.0
BK1202.DC,20240731,1354.06,1394.34,1349.28,1393.94,1352.55,41.39,3.06,34017671.0,13938295999.0
BK1202.DC,20240801,1396.96,1405.88,1379.08,1384.39,1393.94,-9.55,-0.69,27661959.0,11573559820.0
BK1202.DC,20240802,1376.88,1403.93,1376.88,1382.41,1384.39,-1.98,-0.14,27023182.0,10461618912.0
BK1202.DC,20240805,1373.55,1399.49,1361.13,1361.13,1382.41,-21.28,-1.54,31560558.0,12219852757.0
BK1202.DC,20240806,1370.33,1392.33,1364.11,1392.33,1361.1299999999999,31.2,2.29,30013437.0,11626436588.0
BK1202.DC,20240807,1387.71,1387.71,1369.69,1377.96,1392.33,-14.37,-1.03,23043757.0,8771779837.0
BK1202.DC,20240808,1385.63,1421.54,1377.17,1399.18,1377.96,21.22,1.54,37654740.0,14410460081.0
BK1202.DC,20240809,1393.51,1451.51,1393.44,1422.47,1399.18,23.29,1.66,50615133.0,19656063125.0
BK1202.DC,20240812,1415.34,1415.34,1373.26,1376.35,1422.4699999999998,-46.12,-3.24,36346609.0,13308498501.0
BK1202.DC,20240813,1373.81,1377.4,1357.81,1375.53,1376.35,-0.82,-0.06,23301228.0,8210030984.0
BK1202.DC,20240814,1374.2,1382.16,1367.23,1367.55,1375.53,-7.98,-0.58,17129537.0,6147290051.0
BK1202.DC,20240815,1364.65,1394.05,1356.21,1391.58,1367.55,24.03,1.76,28907448.0,10562715112.0
BK1202.DC,20240816,1388.62,1391.81,1371.29,1371.65,1391.5800000000002,-19.93,-1.43,25929254.0,9101186113.0
BK1202.DC,20240819,1365.83,1374.32,1354.64,1360.77,1371.65,-10.88,-0.79,22896232.0,8063165181.0
BK1202.DC,20240820,1361.03,1362.75,1331.83,1335.07,1360.77,-25.7,-1.89,20221084.0,7293508690.0
BK1202.DC,20240821,1332.7,1341.33,1326.86,1336.6,1335.07,1.53,0.11,18927644.0,7041630223.0
BK1202.DC,20240822,1340.4,1353.16,1324.36,1325.15,1336.6000000000001,-11.45,-0.86,20962405.0,8057593466.0
BK1202.DC,20240823,1319.55,1319.95,1302.36,1310.6,1325.1499999999999,-14.55,-1.1,18348082.0,6914698712.0
BK1202.DC,20240826,1308.3,1332.08,1302.71,1325.84,1310.6,15.24,1.16,18396553.0,7033003550.0
BK1202.DC,20240827,1323.45,1323.45,1290.09,1292.84,1325.84,-33.0,-2.49,18747066.0,6968789010.0
BK1202.DC,20240828,1288.26,1300.61,1278.01,1288.39,1292.8400000000001,-4.45,-0.34,16338352.0,5292908744.0
BK1202.DC,20240829,1284.92,1297.89,1281.27,1296.01,1288.39,7.62,0.59,15939551.0,5292252764.0
BK1202.DC,20240830,1296.84,1371.62,1296.84,1347.57,1296.01,51.56,3.98,42473576.0,16938536920.0
BK1202.DC,20240902,1341.4,1352.56,1320.6,1321.62,1347.57,-25.95,-1.93,30926336.0,11193026238.0
BK1202.DC,20240903,1319.86,1342.47,1314.25,1334.78,1321.62,13.16,1.0,25387332.0,9542411451.0
BK1202.DC,20240904,1329.11,1350.64,1321.04,1322.05,1334.78,-12.73,-0.95,25879001.0,9769941650.0
BK1202.DC,20240905,1332.16,1354.66,1332.16,1349.42,1322.0500000000002,27.37,2.07,28445946.0,9964631632.0
BK1202.DC,20240906,1343.53,1349.24,1328.11,1329.22,1349.42,-20.2,-1.5,21795441.0,7530310129.0
BK1202.DC,20240909,1322.71,1335.92,1308.61,1331.43,1329.22,2.21,0.17,16763646.0,6237022859.0
BK1202.DC,20240910,1332.32,1335.45,1304.14,1320.72,1331.43,-10.71,-0.8,18669175.0,7165183089.0
BK1202.DC,20240911,1315.32,1322.25,1308.65,1316.45,1320.72,-4.27,-0.32,15550596.0,6223741827.0
BK1202.DC,20240912,1316.66,1335.07,1316.66,1321.99,1316.45,5.54,0.42,16181971.0,6450265328.0
BK1202.DC,20240913,1327.25,1347.97,1326.45,1339.59,1321.99,17.6,1.33,22350939.0,8598339054.0
BK1202.DC,20240918,1340.79,1375.29,1320.96,1363.24,1339.59,23.65,1.77,33198945.0,12715318277.0
BK1202.DC,20240919,1363.58,1408.93,1363.58,1394.96,1363.24,31.72,2.33,45001277.0,20095738005.0
BK1202.DC,20240920,1382.62,1423.75,1381.83,1418.24,1394.96,23.28,1.67,44955571.0,19840031667.0
BK1202.DC,20240923,1404.45,1424.71,1396.99,1416.73,1418.24,-1.51,-0.11,32660333.0,14455943790.0
BK1202.DC,20240924,1438.84,1453.78,1416.16,1453.7,1416.73,36.97,2.61,50728058.0,23720631572.0
BK1202.DC,20240925,1462.18,1533.8,1462.18,1483.81,1453.7,30.11,2.07,67463149.0,29131878372.0
BK1202.DC,20240926,1477.55,1589.63,1477.55,1589.63,1483.8100000000002,105.82,7.13,87074777.0,37247703018.0
BK1202.DC,20240927,1639.24,1675.51,1623.16,1674.98,1589.63,85.35,5.37,82775333.0,40371807639.0
BK1202.DC,20240930,1787.76,1823.52,1723.07,1818.37,1674.98,143.39,8.56,104689027.0,56784420156.0
BK1202.DC,20241008,1987.98,1987.98,1781.56,1854.17,1818.3700000000001,35.8,1.97,152959955.0,83972089167.0
BK1202.DC,20241009,1794.44,1794.44,1686.83,1687.51,1854.17,-166.66,-8.99,81098249.0,43585167369.0
BK1202.DC,20241010,1665.81,1711.15,1627.01,1670.85,1687.51,-16.66,-0.99,74179121.0,37299656010.0
BK1202.DC,20241011,1660.15,1694.01,1638.29,1656.97,1670.8500000000001,-13.88,-0.83,57668128.0,28598775703.0
BK1202.DC,20241014,1705.57,1725.62,1676.7,1717.7,1656.97,60.73,3.67,65057444.0,34326134062.0
BK1202.DC,20241015,1700.58,1729.74,1684.19,1684.52,1717.7,-33.18,-1.93,58176198.0,29927424946.0
BK1202.DC,20241016,1690.77,1768.43,1690.77,1768.39,1684.52,83.87,4.98,81122710.0,44059995327.0
BK1202.DC,20241017,1779.41,1779.41,1690.7,1691.23,1768.39,-77.16,-4.36,80536772.0,41734288532.0
BK1202.DC,20241018,1675.72,1734.0,1654.01,1713.85,1691.23,22.62,1.34,65077907.0,34434153307.0
BK1202.DC,20241021,1712.23,1722.79,1696.21,1709.69,1713.8500000000001,-4.16,-0.24,55575715.0,32216204618.0
BK1202.DC,20241022,1708.45,1730.5,1708.45,1728.69,1709.69,19.0,1.11,44117529.0,24833256702.0
BK1202.DC,20241023,1726.49,1754.02,1720.77,1738.82,1728.6899999999998,10.13,0.59,48073827.0,25681379771.0
BK1202.DC,20241024,1730.54,1769.63,1730.54,1757.42,1738.8200000000002,18.6,1.07,42460641.0,21615684312.0
BK1202.DC,20241025,1767.78,1812.21,1767.78,1804.74,1757.42,47.32,2.69,51884056.0,26526201255.0
BK1202.DC,20241028,1819.66,1887.66,1819.66,1887.66,1804.74,82.92,4.59,64809064.0,33042574936.0
BK1202.DC,20241029,1899.09,1906.32,1839.49,1839.51,1887.66,-48.15,-2.55,63786774.0,33287737068.0
BK1202.DC,20241030,1839.32,1890.66,1839.32,1870.79,1839.51,31.28,1.7,67420656.0,34294208161.0
BK1202.DC,20241031,1869.68,1960.12,1864.48,1933.34,1870.79,62.55,3.34,87774079.0,45142629803.0
BK1202.DC,20241101,1942.97,1971.61,1884.44,1913.61,1933.34,-19.73,-1.02,89255936.0,50705819216.0
BK1202.DC,20241104,1916.14,1916.14,1869.29,1913.21,1913.6100000000001,-0.4,-0.02,65480548.0,38800991981.0
BK1202.DC,20241105,1912.43,1997.76,1912.43,1994.2,1913.21,80.99,4.23,76208776.0,45145616471.0
BK1202.DC,20241106,2003.1,2054.07,1962.38,2031.14,1994.2,36.94,1.85,97327736.0,55395781602.0
BK1202.DC,20241107,2014.06,2123.52,2011.43,2123.52,2031.1399999999999,92.38,4.55,95236353.0,54212647598.0
BK1202.DC,20241108,2161.22,2161.22,2054.12,2058.74,2123.52,-64.78,-3.05,107513121.0,57431300783.0
BK1202.DC,20241111,2052.84,2075.72,2015.82,2048.22,2058.74,-10.52,-0.51,75090456.0,41859630998.0
BK1202.DC,20241112,2042.38,2062.08,2012.44,2027.97,2048.2200000000003,-20.25,-0.99,66196212.0,37750015204.0
BK1202.DC,20241113,2016.13,2049.54,1988.54,2017.68,2027.97,-10.29,-0.51,63907404.0,33365942059.0
BK1202.DC,20241114,2055.82,2055.82,1959.08,1959.08,2017.6799999999998,-58.6,-2.9,63791581.0,33869600953.0
BK1202.DC,20241115,1945.02,1956.51,1894.14,1895.06,1959.08,-64.02,-3.27,54037111.0,26815219578.0
BK1202.DC,20241118,1920.64,1959.78,1906.82,1914.91,1895.0600000000002,19.85,1.05,65995617.0,30701258345.0
BK1202.DC,20241119,1910.32,1925.25,1868.68,1925.25,1914.91,10.34,0.54,61382223.0,27440600112.0
BK1202.DC,20241120,1914.8,1949.39,1903.46,1948.29,1925.25,23.04,1.2,48921734.0,22925264934.0
BK1202.DC,20241121,1941.16,1960.38,1929.75,1955.92,1948.29,7.63,0.39,43599813.0,21177176513.0
BK1202.DC,20241122,1951.77,1980.79,1908.92,1909.35,1955.9199999999998,-46.57,-2.38,55400079.0,27112541490.0
BK1202.DC,20241125,1909.7,1914.93,1876.18,1909.9,1909.3500000000001,0.55,0.03,45828083.0,21533680532.0
BK1202.DC,20241126,1901.19,1927.33,1901.19,1908.48,1909.9,-1.42,-0.07,37211989.0,18249492373.0
BK1202.DC,20241127,1895.01,1923.9,1854.99,1923.9,1908.48,15.42,0.81,40815892.0,19511084298.0
BK1202.DC,20241128,1928.96,1978.63,1928.96,1957.28,1923.8999999999999,33.38,1.74,54379286.0,26624537332.0
BK1202.DC,20241129,1947.97,1983.71,1931.67,1968.61,1957.28,11.33,0.58,49701133.0,25845957906.0
BK1202.DC,20241202,1969.91,2027.2,1969.29,2026.02,1968.61,57.41,2.92,60678382.0,29901493561.0
BK1202.DC,20241203,2026.75,2063.1,2021.23,2059.48,2026.02,33.46,1.65,65851774.0,32464663848.0
BK1202.DC,20241204,2056.78,2065.16,2014.52,2022.32,2059.48,-37.16,-1.8,60277421.0,28983054811.0
BK1202.DC,20241205,2019.98,2053.78,2014.58,2053.78,2022.3200000000002,31.46,1.56,47559011.0,22199945641.0
BK1202.DC,20241206,2055.19,2098.55,2047.97,2089.83,2053.7799999999997,36.05,1.76,68753355.0,31491069434.0
BK1202.DC,20241209,2088.06,2089.69,2017.56,2033.39,2089.83,-56.44,-2.7,65497312.0,29974930621.0
BK1202.DC,20241210,2127.52,2127.52,2043.4,2045.33,2033.3899999999999,11.94,0.59,81123592.0,39794587383.0
BK1202.DC,20241211,2035.63,2109.71,2035.59,2109.71,2045.33,64.38,3.15,73581828.0,32911017971.0
BK1202.DC,20241212,2105.99,2151.0,2090.83,2151.0,2109.71,41.29,1.96,76260843.0,34406170284.0
BK1202.DC,20241213,2133.47,2133.47,2083.36,2085.61,2151.0,-65.39,-3.04,75207064.0,34989344495.0
BK1202.DC,20241216,2091.29,2100.13,2070.71,2080.95,2085.6099999999997,-4.66,-0.22,56996331.0,26091751773.0
BK1202.DC,20241217,2079.81,2079.81,1995.76,1997.0,2080.95,-83.95,-4.03,56223283.0,24915490479.0
BK1202.DC,20241218,1998.44,2007.39,1977.94,1999.28,1997.0,2.28,0.11,43458124.0,19263221695.0
BK1202.DC,20241219,1974.71,1988.02,1958.71,1976.43,1999.28,-22.85,-1.14,45371060.0,20163849384.0
BK1202.DC,20241220,1970.99,1990.73,1966.22,1974.85,1976.4299999999998,-1.58,-0.08,39595545.0,18310792784.0
BK1202.DC,20241223,1967.76,1967.76,1875.12,1876.39,1974.8500000000001,-98.46,-4.99,44933940.0,19166289321.0
BK1202.DC,20241224,1872.43,1884.87,1856.37,1879.77,1876.3899999999999,3.38,0.18,35154865.0,14840414408.0
BK1202.DC,20241225,1876.14,1876.14,1824.59,1848.42,1879.77,-31.35,-1.67,35807444.0,15719931883.0
BK1202.DC,20241226,1845.55,1863.43,1841.11,1850.09,1848.4199999999998,1.67,0.09,27104862.0,12008102798.0
BK1202.DC,20241227,1851.9,1891.5,1847.06,1877.64,1850.0900000000001,27.55,1.49,32893402.0,14621974408.0
BK1202.DC,20241230,1870.27,1870.27,1830.35,1847.32,1877.6399999999999,-30.32,-1.61,32318474.0,14209705380.0
BK1202.DC,20241231,1848.98,1861.67,1815.5,1816.05,1847.32,-31.27,-1.69,31223584.0,14599020804.0
BK1202.DC,20250102,1818.28,1851.28,1786.51,1799.06,1816.05,-16.99,-0.94,40000133.0,18149137635.0
BK1202.DC,20250103,1804.21,1804.21,1729.07,1732.4,1799.0600000000002,-66.66,-3.71,39102923.0,16037200016.0
BK1202.DC,20250106,1729.0,1732.35,1696.04,1716.95,1732.4,-15.45,-0.89,31197364.0,12519571643.0
BK1202.DC,20250107,1720.6,1743.71,1709.63,1743.71,1716.95,26.76,1.56,26927929.0,11112210589.0
BK1202.DC,20250108,1741.96,1753.31,1704.93,1746.0,1743.71,2.29,0.13,31085387.0,12813180953.0
BK1202.DC,20250109,1739.18,1756.59,1733.45,1746.13,1746.0,0.13,0.01,29656354.0,12074941537.0
BK1202.DC,20250110,1748.56,1748.56,1691.28,1691.28,1746.1299999999999,-54.85,-3.14,31217756.0,12907225906.0
BK1202.DC,20250113,1674.1,1703.33,1653.58,1701.61,1691.28,10.33,0.61,26836152.0,11195474269.0
BK1202.DC,20250114,1706.11,1761.14,1706.11,1759.59,1701.61,57.98,3.41,34467127.0,14561365128.0
BK1202.DC,20250115,1757.24,1771.28,1735.65,1753.65,1759.5900000000001,-5.94,-0.34,29715900.0,12224159856.0
BK1202.DC,20250116,1756.85,1790.04,1749.16,1762.66,1753.65,9.01,0.51,32062134.0,12933001835.0
BK1202.DC,20250117,1750.85,1779.81,1739.55,1767.59,1762.6599999999999,4.93,0.28,35680492.0,16131561295.0
BK1202.DC,20250120,1767.42,1794.24,1737.05,1778.64,1767.5900000000001,11.05,0.63,36816455.0,15964243601.0
BK1202.DC,20250121,1784.78,1822.68,1772.97,1779.76,1778.64,1.12,0.06,52205648.0,24156886100.0
BK1202.DC,20250122,1764.42,1764.42,1725.07,1728.96,1779.76,-50.8,-2.85,38652286.0,16856611446.0
BK1202.DC,20250123,1743.12,1768.5,1733.93,1733.93,1728.96,4.97,0.29,38819778.0,18256236725.0
BK1202.DC,20250124,1727.12,1731.89,1713.83,1724.53,1733.93,-9.4,-0.54,30846742.0,13306589672.0
BK1202.DC,20250127,1718.44,1748.93,1711.24,1711.24,1724.53,-13.29,-0.77,29162912.0,12194539399.0
BK1202.DC,20250205,1715.26,1720.3,1703.38,1715.85,1711.24,4.61,0.27,30514151.0,12808161154.0
BK1202.DC,20250206,1715.63,1729.29,1695.83,1729.29,1715.85,13.44,0.78,34064211.0,14015626544.0
BK1202.DC,20250207,1727.96,1777.79,1724.61,1763.76,1729.29,34.47,1.99,42973788.0,18927714711.0
BK1202.DC,20250210,1766.68,1804.2,1766.68,1804.2,1763.76,40.44,2.29,36947035.0,16352375678.0
BK1202.DC,20250211,1810.72,1810.72,1771.83,1781.75,1804.2,-22.45,-1.24,31459210.0,13967332929.0
BK1202.DC,20250212,1787.42,1819.33,1773.55,1819.33,1781.75,37.58,2.11,43428011.0,20505723844.0
BK1202.DC,20250213,1814.71,1851.99,1812.45,1833.13,1819.3300000000002,13.8,0.76,57762292.0,27906722604.0
BK1202.DC,20250214,1829.62,1834.12,1795.19,1805.07,1833.1299999999999,-28.06,-1.53,42847113.0,18864966297.0
BK1202.DC,20250217,1808.05,1845.41,1803.57,1833.65,1805.0700000000002,28.58,1.58,45033410.0,19592716255.0
BK1202.DC,20250218,1832.33,1832.33,1778.4,1781.63,1833.65,-52.02,-2.84,38776878.0,16822854549.0
BK1202.DC,20250219,1781.92,1801.61,1778.34,1801.61,1781.6299999999999,19.98,1.12,30620402.0,13749165774.0
BK1202.DC,20250220,1800.47,1805.32,1786.31,1799.29,1801.61,-2.32,-0.13,31473351.0,13901552411.0
BK1202.DC,20250221,1802.81,1804.53,1771.52,1788.06,1799.29,-11.23,-0.62,36672811.0,16858979779.0
BK1202.DC,20250224,1785.71,1820.23,1784.84,1808.44,1788.06,20.38,1.14,45830871.0,22159757836.0
BK1202.DC,20250225,1794.45,1819.84,1786.07,1796.67,1808.44,-11.77,-0.65,38166895.0,18208687673.0
BK1202.DC,20250226,1802.66,1837.42,1802.66,1837.42,1796.67,40.75,2.27,45740656.0,21612662565.0
BK1202.DC,20250227,1836.99,1860.0,1823.95,1840.25,1837.42,2.83,0.15,45353643.0,21637773566.0
BK1202.DC,20250228,1835.22,1849.08,1811.95,1813.21,1840.25,-27.04,-1.47,48028381.0,22586231329.0
BK1202.DC,20250303,1815.92,1850.3,1810.31,1818.6,1813.2099999999998,5.39,0.3,42969717.0,20762624081.0
BK1202.DC,20250304,1809.74,1817.14,1798.63,1815.89,1818.6000000000001,-2.71,-0.15,31800279.0,15580746550.0
BK1202.DC,20250305,1811.72,1811.72,1771.21,1791.41,1815.89,-24.48,-1.35,35697164.0,16546324150.0
BK1202.DC,20250306,1796.95,1825.65,1791.89,1825.01,1791.41,33.6,1.88,41217116.0,19415351412.0
BK1202.DC,20250307,1815.06,1815.06,1788.19,1793.66,1825.01,-31.35,-1.72,34975844.0,16192483140.0
BK1202.DC,20250310,1797.77,1805.39,1785.77,1795.36,1793.6599999999999,1.7,0.09,27435555.0,13519809532.0
BK1202.DC,20250311,1782.5,1803.61,1776.48,1803.61,1795.36,8.25,0.46,26818166.0,13640661791.0
BK1202.DC,20250312,1804.04,1806.12,1796.8,1799.04,1803.61,-4.57,-0.25,24797023.0,12384720275.0
BK1202.DC,20250313,1796.0,1796.0,1768.72,1782.27,1799.04,-16.77,-0.93,23754175.0,11073192853.0
BK1202.DC,20250314,1782.96,1815.85,1781.61,1815.85,1782.27,33.58,1.88,34255055.0,15934129528.0
BK1202.DC,20250317,1821.43,1843.38,1821.43,1835.69,1815.8500000000001,19.84,1.09,36286188.0,15815181867.0
BK1202.DC,20250318,1837.69,1837.69,1822.85,1831.37,1835.6899999999998,-4.32,-0.24,29440071.0,12970423066.0
BK1202.DC,20250319,1828.3,1828.3,1814.08,1821.13,1831.3700000000001,-10.24,-0.56,24237342.0,10905023386.0
BK1202.DC,20250320,1819.04,1835.88,1817.46,1825.24,1821.13,4.11,0.23,24005432.0,10440270271.0
BK1202.DC,20250321,1818.99,1822.67,1797.07,1805.83,1825.24,-19.41,-1.06,27850039.0,12523033583.0
BK1202.DC,20250324,1801.74,1801.74,1745.19,1764.3,1805.83,-41.53,-2.3,34273514.0,13985102299.0
BK1202.DC,20250325,1759.8,1771.97,1749.79,1768.55,1764.3,4.25,0.24,24964371.0,10390169109.0
BK1202.DC,20250326,1767.03,1797.64,1767.03,1790.37,1768.55,21.82,1.23,27666076.0,11154754382.0
BK1202.DC,20250327,1787.62,1788.81,1764.92,1778.37,1790.37,-12.0,-0.67,27955049.0,11749438381.0
BK1202.DC,20250328,1775.57,1775.57,1756.48,1767.52,1778.37,-10.85,-0.61,27660167.0,11520406968.0
BK1202.DC,20250331,1761.79,1767.95,1735.83,1744.16,1767.52,-23.36,-1.32,32868933.0,13777437023.0
BK1202.DC,20250401,1741.58,1759.52,1741.58,1751.74,1744.16,7.58,0.43,27673443.0,11829131293.0
BK1202.DC,20250402,1748.27,1753.49,1740.74,1744.89,1751.74,-6.85,-0.39,20591872.0,8787158484.0
BK1202.DC,20250403,1733.22,1772.21,1733.22,1760.39,1744.89,15.5,0.89,27632860.0,12746490888.0
BK1202.DC,20250407,1688.19,1688.19,1590.82,1594.82,1760.3899999999999,-165.57,-9.41,37016873.0,16008861728.0
BK1202.DC,20250408,1577.44,1606.59,1561.98,1596.82,1594.82,2.0,0.13,39662662.0,17066046071.0
BK1202.DC,20250409,1576.11,1659.27,1521.52,1651.76,1596.82,54.94,3.44,48208018.0,21178082815.0
BK1202.DC,20250410,1655.32,1712.56,1654.66,1700.72,1651.76,48.96,2.96,46977117.0,21474009854.0
BK1202.DC,20250411,1686.8,1701.57,1681.11,1692.18,1700.72,-8.54,-0.5,32723461.0,14991430885.0
BK1202.DC,20250414,1696.86,1715.34,1696.86,1706.89,1692.18,14.71,0.87,29484938.0,12805609947.0
BK1202.DC,20250415,1707.75,1707.75,1683.03,1692.03,1706.8899999999999,-14.86,-0.87,23960978.0,10077527073.0
BK1202.DC,20250416,1692.43,1704.3,1665.59,1686.01,1692.03,-6.02,-0.36,28272535.0,11914856403.0
BK1202.DC,20250417,1678.29,1744.27,1678.29,1722.73,1686.01,36.72,2.18,44028032.0,21086769576.0
BK1202.DC,20250418,1721.71,1759.98,1714.73,1757.44,1722.73,34.71,2.01,45608360.0,19644438149.0
BK1202.DC,20250421,1747.59,1757.99,1730.19,1757.99,1757.44,0.55,0.03,38756273.0,16501984072.0
BK1202.DC,20250422,1752.96,1780.4,1752.96,1774.34,1757.99,16.35,0.93,43385240.0,19562651543.0
BK1202.DC,20250423,1770.96,1779.82,1747.97,1752.44,1774.3400000000001,-21.9,-1.23,40170449.0,18004801531.0
BK1202.DC,20250424,1748.93,1780.36,1736.63,1756.52,1752.44,4.08,0.23,40750148.0,17658401694.0
BK1202.DC,20250425,1755.47,1808.97,1755.47,1760.6,1756.52,4.08,0.23,62327829.0,28929315048.0
BK1202.DC,20250428,1746.1,1746.1,1695.29,1695.83,1760.6,-64.77,-3.68,51672001.0,21644132969.0
BK1202.DC,20250429,1690.62,1701.85,1685.23,1697.02,1695.83,1.19,0.07,28242828.0,11716515200.0
BK1202.DC,20250430,1702.97,1723.23,1702.97,1709.79,1697.02,12.77,0.75,36445851.0,14451544956.0
BK1202.DC,20250506,1720.09,1736.97,1720.09,1736.97,1709.79,27.18,1.59,33148594.0,14579371280.0
BK1202.DC,20250507,1768.73,1797.63,1752.0,1759.08,1736.97,22.11,1.27,43662007.0,19116289902.0
BK1202.DC,20250508,1756.36,1771.11,1746.88,1765.0,1759.08,5.92,0.34,35014924.0,14009694771.0
BK1202.DC,20250509,1767.73,1767.73,1741.49,1742.21,1765.0,-22.79,-1.29,30731150.0,13052091163.0
BK1202.DC,20250512,1750.68,1751.56,1738.16,1751.56,1742.21,9.35,0.54,24835889.0,10827639450.0
BK1202.DC,20250513,1762.14,1766.07,1743.73,1747.21,1751.56,-4.35,-0.25,24804512.0,10633978135.0
BK1202.DC,20250514,1747.26,1764.62,1738.45,1759.36,1747.2099999999998,12.15,0.7,30424315.0,12054514446.0
BK1202.DC,20250515,1760.47,1762.96,1746.95,1747.61,1759.36,-11.75,-0.67,26034547.0,10587730233.0
BK1202.DC,20250516,1748.19,1751.16,1736.84,1743.71,1747.6100000000001,-3.9,-0.22,24174974.0,9660061015.0
BK1202.DC,20250519,1751.4,1795.08,1751.4,1788.67,1743.71,44.96,2.58,36879292.0,14171653168.0
BK1202.DC,20250520,1788.13,1790.99,1776.65,1788.4,1788.67,-0.27,-0.02,32685463.0,13261931563.0
BK1202.DC,20250521,1787.89,1791.16,1778.59,1786.78,1788.3999999999999,-1.62,-0.09,28233261.0,11317632575.0
BK1202.DC,20250522,1783.54,1788.21,1759.93,1761.39,1786.7800000000002,-25.39,-1.42,29105864.0,12306469124.0
BK1202.DC,20250523,1760.2,1762.57,1735.31,1735.93,1761.39,-25.46,-1.45,26494894.0,10772091802.0
BK1202.DC,20250526,1735.15,1753.28,1734.32,1747.13,1735.93,11.2,0.65,21447384.0,9171014407.0
BK1202.DC,20250527,1749.42,1764.54,1747.62,1762.62,1747.1299999999999,15.49,0.89,23800451.0,9527410323.0
BK1202.DC,20250528,1764.1,1769.49,1749.65,1752.31,1762.62,-10.31,-0.58,20568793.0,8525560131.0
BK1202.DC,20250529,1751.83,1778.0,1750.22,1776.6,1752.31,24.29,1.39,23589522.0,9777498930.0
BK1202.DC,20250530,1773.82,1784.19,1771.3,1773.93,1776.6000000000001,-2.67,-0.15,23778923.0,10657028546.0
BK1202.DC,20250603,1764.41,1781.36,1763.09,1771.68,1773.93,-2.25,-0.13,24709734.0,11000921997.0
BK1202.DC,20250604,1774.59,1795.78,1774.59,1795.68,1771.68,24.0,1.35,27597948.0,11872911620.0
BK1202.DC,20250605,1795.29,1801.74,1781.36,1793.14,1795.68,-2.54,-0.14,26586736.0,11394213391.0
BK1202.DC,20250606,1794.01,1801.89,1791.91,1801.89,1793.14,8.75,0.49,26193843.0,10568607108.0
BK1202.DC,20250609,1801.9,1806.15,1792.79,1806.15,1801.89,4.26,0.24,26757992.0,11212350862.0
BK1202.DC,20250610,1806.59,1816.58,1781.13,1798.85,1806.1499999999999,-7.3,-0.4,33533314.0,14507309798.0
BK1202.DC,20250611,1799.22,1821.62,1799.22,1817.31,1798.85,18.46,1.03,29727568.0,12900475302.0
BK1202.DC,20250612,1816.66,1816.66,1801.8,1811.58,1817.31,-5.73,-0.32,25599576.0,10998611710.0
BK1202.DC,20250613,1809.67,1809.67,1777.86,1779.75,1811.58,-31.83,-1.76,33360252.0,14009174693.0
BK1202.DC,20250616,1779.33,1817.07,1779.33,1807.93,1779.75,28.18,1.58,32387567.0,15252255250.0
BK1202.DC,20250617,1807.29,1811.87,1800.12,1808.19,1807.93,0.26,0.01,22451520.0,10230061180.0
BK1202.DC,20250618,1804.77,1804.77,1778.51,1783.03,1808.19,-25.16,-1.39,23159060.0,10211080549.0
BK1202.DC,20250619,1781.79,1784.53,1744.97,1747.93,1783.03,-35.1,-1.97,23755818.0,10053599489.0
BK1202.DC,20250620,1746.81,1755.62,1741.43,1743.72,1747.93,-4.21,-0.24,18041285.0,8234296663.0
BK1202.DC,20250623,1731.14,1759.07,1723.93,1758.72,1743.72,15.0,0.86,19092830.0,8188667056.0
BK1202.DC,20250624,1760.56,1785.57,1760.56,1784.63,1758.72,25.91,1.47,22463798.0,9567890113.0
BK1202.DC,20250625,1788.04,1812.08,1781.28,1812.08,1784.6299999999999,27.45,1.54,28503223.0,12318821651.0
BK1202.DC,20250626,1811.59,1820.93,1799.92,1804.99,1812.08,-7.09,-0.39,26700198.0,11714202551.0
BK1202.DC,20250627,1804.32,1826.6,1804.32,1811.59,1804.99,6.6,0.37,27584354.0,11612590457.0
BK1202.DC,20250630,1814.42,1824.11,1812.04,1820.49,1811.59,8.9,0.49,22945085.0,10511489406.0
BK1202.DC,20250701,1822.52,1822.52,1806.3,1819.33,1820.49,-1.16,-0.06,22970435.0,11421767914.0
BK1202.DC,20250702,1817.12,1826.91,1811.16,1825.85,1819.33,6.52,0.36,28465521.0,12160535681.0
BK1202.DC,20250703,1826.24,1841.73,1826.24,1831.83,1825.85,5.98,0.33,24820715.0,10370590009.0
BK1202.DC,20250704,1834.68,1834.8,1818.25,1820.28,1831.83,-11.55,-0.63,27768897.0,11129728754.0
BK1202.DC,20250707,1817.42,1860.54,1817.42,1854.96,1820.28,34.68,1.91,36518236.0,15777227814.0
BK1202.DC,20250708,1855.47,1874.31,1852.53,1874.31,1854.96,19.35,1.04,35110358.0,15172726290.0
BK1202.DC,20250709,1874.53,1884.65,1869.12,1880.15,1874.3100000000002,5.84,0.31,34417653.0,15353905976.0
BK1202.DC,20250710,1877.61,1942.11,1877.61,1935.27,1880.15,55.12,2.93,63620410.0,27270302123.0
BK1202.DC,20250711,1947.95,1955.84,1937.16,1945.16,1935.27,9.89,0.51,58942856.0,25731389324.0
BK1202.DC,20250714,1943.78,1943.78,1916.15,1923.97,1945.16,-21.19,-1.09,52885695.0,21529508758.0
BK1202.DC,20250715,1917.69,1917.69,1874.8,1906.29,1923.97,-17.68,-0.92,58753303.0,24549227476.0
BK1202.DC,20250716,1902.32,1917.81,1895.62,1906.14,1906.2900000000002,-0.15,-0.01,40125688.0,18083887747.0
BK1202.DC,20250717,1903.72,1911.16,1890.9,1899.28,1906.1399999999999,-6.86,-0.36,34126500.0,15075771750.0
BK1202.DC,20250718,1901.32,1901.92,1887.16,1897.0,1899.28,-2.28,-0.12,30637720.0,14728274018.0
BK1202.DC,20250721,1898.4,1919.98,1898.4,1918.04,1897.0,21.04,1.11,36244949.0,16472089909.0
BK1202.DC,20250722,1924.55,1930.39,1904.35,1930.16,1918.0400000000002,12.12,0.63,42498362.0,19755413217.0
BK1202.DC,20250723,1930.52,1952.43,1916.91,1918.16,1930.16,-12.0,-0.62,45852868.0,23247584234.0
BK1202.DC,20250724,1914.24,1947.69,1911.63,1944.81,1918.1599999999999,26.65,1.39,46011521.0,21731719787.0
BK1202.DC,20250725,1947.89,1953.25,1936.51,1946.64,1944.8100000000002,1.83,0.09,42490679.0,23184670232.0
BK1202.DC,20250728,1947.89,1956.63,1934.75,1954.44,1946.64,7.8,0.4,37363891.0,21172192593.0
BK1202.DC,20250729,1952.56,1965.97,1942.2,1965.97,1954.44,11.53,0.59,40407837.0,22374021903.0
BK1202.DC,20250730,1961.03,1972.85,1949.64,1952.53,1965.97,-13.44,-0.68,42515018.0,24650437361.0
BK1202.DC,20250731,1947.52,1947.52,1901.9,1906.34,1952.53,-46.19,-2.37,48143427.0,26937524908.0
BK1202.DC,20250801,1906.36,1915.56,1903.47,1909.38,1906.3400000000001,3.04,0.16,29313333.0,17361989970.0
BK1202.DC,20250804,1903.21,1910.49,1895.22,1910.48,1909.38,1.1,0.06,25067612.0,14356841847.0
BK1202.DC,20250805,1913.45,1934.67,1912.9,1932.75,1910.48,22.27,1.17,28592927.0,18528634765.0
BK1202.DC,20250806,1932.42,1939.04,1919.53,1935.49,1932.75,2.74,0.14,29186165.0,17756707210.0
BK1202.DC,20250807,1934.27,1945.79,1930.07,1945.19,1935.49,9.7,0.5,30861685.0,18691375678.0
BK1202.DC,20250808,1944.88,1953.31,1934.33,1952.49,1945.19,7.3,0.38,28876956.0,18009554659.0
BK1202.DC,20250811,1965.82,1984.23,1965.79,1982.99,1952.49,30.5,1.56,39448977.0,21133841342.0
BK1202.DC,20250812,1987.04,2001.67,1981.86,1999.17,1982.99,16.18,0.82,38488298.0,23205376538.0
BK1202.DC,20250813,2006.05,2011.94,1993.14,2000.89,1999.17,1.72,0.09,39447739.0,23466114649.0
BK1202.DC,20250814,2005.84,2022.62,1981.01,1981.01,2000.89,-19.88,-0.99,49235399.0,28667333989.0
BK1202.DC,20250815,1983.07,2012.69,1983.07,2012.39,1981.01,31.38,1.58,48799300.0,28678080115.0
BK1202.DC,20250818,2021.12,2026.08,2006.94,2015.86,2012.3899999999999,3.47,0.17,56379073.0,32970049303.0
BK1202.DC,20250819,2017.32,2048.49,2017.32,2040.8,2015.86,24.94,1.24,56627887.0,32699559616.0
BK1202.DC,20250820,2037.63,2057.92,2028.44,2057.92,2040.8000000000002,17.12,0.84,48521897.0,27134986597.0
BK1202.DC,20250821,2057.5,2061.84,2046.34,2052.33,2057.92,-5.59,-0.27,42409262.0,22613863840.0
BK1202.DC,20250822,2052.19,2054.99,2035.26,2052.45,2052.33,0.12,0.01,40051047.0,21320295852.0
BK1202.DC,20250825,2060.12,2109.6,2058.48,2092.37,2052.45,39.92,1.94,86460517.0,44087443495.0
BK1202.DC,20250826,2081.83,2092.15,2063.98,2087.18,2092.37,-5.19,-0.25,56945284.0,35678309601.0
BK1202.DC,20250827,2081.18,2082.65,2021.62,2021.62,2087.18,-65.56,-3.14,58959253.0,35045524297.0
BK1202.DC,20250828,2022.82,2041.39,1985.51,2028.71,2021.6200000000001,7.09,0.35,49668215.0,27795403879.0
BK1202.DC,20250829,2041.78,2047.92,2015.13,2017.92,2028.71,-10.79,-0.53,50664253.0,34537617905.0
BK1202.DC,20250901,2019.54,2044.08,2009.51,2032.52,2017.92,14.6,0.72,47664748.0,29356534350.0
BK1202.DC,20250902,2030.79,2033.83,2000.94,2019.23,2032.52,-13.29,-0.65,50405736.0,31599494218.0
BK1202.DC,20250903,2023.19,2028.12,1984.55,1990.08,2019.23,-29.15,-1.44,47004974.0,28430974645.0
BK1202.DC,20250904,1992.51,2009.35,1974.09,1992.34,1990.08,2.26,0.11,45292606.0,25680111811.0
BK1202.DC,20250905,1996.62,2017.47,1976.25,2017.47,1992.34,25.13,1.26,44539051.0,24899812415.0
BK1202.DC,20250908,2022.64,2048.09,2022.64,2042.58,2017.47,25.11,1.24,52360407.0,28464736728.0
BK1202.DC,20250909,2045.23,2078.81,2043.72,2070.21,2042.58,27.63,1.35,60650126.0,32612043306.0
BK1202.DC,20250910,2067.12,2096.19,2067.12,2094.44,2070.21,24.23,1.17,55528415.0,28489045534.0
BK1202.DC,20250911,2089.18,2117.12,2075.76,2116.9,2094.44,22.46,1.07,56307966.0,31277951651.0
BK1202.DC,20250912,2117.57,2163.07,2117.57,2154.24,2116.8999999999996,37.34,1.76,75469033.0,40183314096.0
BK1202.DC,20250915,2156.47,2164.49,2112.44,2162.84,2154.2400000000002,8.6,0.4,79198926.0,37670586241.0
BK1202.DC,20250916,2159.16,2198.47,2159.16,2198.26,2162.84,35.42,1.64,80440379.0,37692339548.0
BK1202.DC,20250917,2194.21,2210.79,2164.43,2206.02,2198.2599999999998,7.76,0.35,76501678.0,38941487838.0
BK1202.DC,20250918,2209.41,2221.78,2141.74,2157.0,2206.02,-49.02,-2.22,82024139.0,45765579973.0
BK1202.DC,20250919,2163.36,2166.76,2109.89,2151.5,2157.0,-5.5,-0.25,73583787.0,39815068451.0
BK1202.DC,20250922,2134.15,2134.49,2098.48,2133.44,2151.5,-18.06,-0.84,61281227.0,35528139180.0
BK1202.DC,20250923,2121.26,2121.26,2039.15,2081.5,2133.44,-51.94,-2.43,66884683.0,37845751112.0
BK1202.DC,20250924,2071.82,2137.17,2066.47,2122.78,2081.5,41.28,1.98,55454195.0,33425753428.0
BK1202.DC,20250925,2121.87,2124.72,2092.42,2097.55,2122.78,-25.23,-1.19,50915870.0,36328824470.0
BK1202.DC,20250926,2090.8,2134.63,2084.37,2096.74,2097.5499999999997,-0.81,-0.04,49799207.0,34455028870.0
BK1202.DC,20250929,2096.32,2118.66,2067.85,2113.14,2096.74,16.4,0.78,46118021.0,30261670900.0
BK1202.DC,20250930,2112.85,2134.71,2104.37,2132.53,2113.1400000000003,19.39,0.92,47694278.0,34295778053.0
BK1202.DC,20251009,2128.49,2128.49,2089.89,2113.37,2132.5299999999997,-19.16,-0.9,54770903.0,36925820847.0
BK1202.DC,20251010,2100.28,2139.79,2100.28,2133.45,2113.37,20.08,0.95,51276330.0,33046328155.0
BK1202.DC,20251013,2075.76,2130.27,2074.81,2129.78,2133.4500000000003,-3.67,-0.17,45928360.0,28850201425.0
BK1202.DC,20251014,2141.79,2174.76,2126.7,2134.03,2129.78,4.25,0.2,57764279.0,36231550501.0
BK1202.DC,20251015,2135.64,2151.58,2125.21,2143.35,2134.0299999999997,9.32,0.44,41703624.0,25121097329.0
BK1202.DC,20251016,2140.0,2156.26,2126.92,2136.25,2143.35,-7.1,-0.33,41455404.0,23601185951.0
BK1202.DC,20251017,2137.08,2151.81,2112.49,2113.95,2136.25,-22.3,-1.04,48191160.0,27825029058.0
BK1202.DC,20251020,2126.05,2142.28,2121.9,2137.47,2113.95,23.52,1.11,44372375.0,25923867324.0
BK1202.DC,20251021,2135.73,2200.17,2133.08,2198.85,2137.47,61.38,2.87,55503648.0,29315640155.0
BK1202.DC,20251022,2201.91,2247.67,2197.67,2234.26,2198.8500000000004,35.41,1.61,61672572.0,36091743486.0
BK1202.DC,20251023,2250.05,2250.05,2204.62,2228.38,2234.26,-5.88,-0.26,55185484.0,32294082102.0
BK1202.DC,20251024,2228.3,2234.55,2193.47,2194.22,2228.3799999999997,-34.16,-1.53,46847290.0,28377721878.0
BK1202.DC,20251027,2199.24,2205.01,2183.76,2189.85,2194.22,-4.37,-0.2,40825112.0,26369272306.0
BK1202.DC,20251028,2193.0,2203.11,2188.27,2194.15,2189.85,4.3,0.2,41908740.0,25891395381.0
BK1202.DC,20251029,2194.58,2200.09,2178.58,2199.29,2194.15,5.14,0.23,55664496.0,29536514692.0
BK1202.DC,20251030,2202.26,2202.26,2170.89,2170.89,2199.29,-28.4,-1.29,50409202.0,27650115579.0
BK1202.DC,20251031,2170.98,2190.52,2170.98,2185.32,2170.8900000000003,14.43,0.66,51809806.0,28389037511.0
BK1202.DC,20251103,2188.97,2199.2,2179.91,2198.07,2185.32,12.75,0.58,47145459.0,26288683269.0
BK1202.DC,20251104,2203.75,2213.76,2191.56,2203.22,2198.0699999999997,5.15,0.23,49392181.0,26040194854.0
BK1202.DC,20251105,2184.86,2223.83,2182.77,2219.55,2203.2200000000003,16.33,0.74,52447932.0,25563303647.0
BK1202.DC,20251106,2226.22,2226.22,2200.87,2214.52,2219.55,-5.03,-0.23,49355115.0,24896130832.0
BK1202.DC,20251107,2214.65,2221.69,2206.0,2206.26,2214.5200000000004,-8.26,-0.37,46114335.0,23180065094.0
BK1202.DC,20251110,2206.08,2232.04,2200.34,2232.04,2206.2599999999998,25.78,1.17,52739675.0,26424707424.0
BK1202.DC,20251111,2233.69,2260.19,2233.69,2256.0,2232.04,23.96,1.07,57409683.0,29089337885.0
BK1202.DC,20251112,2256.56,2261.39,2236.95,2249.98,2256.0,-6.02,-0.27,52341034.0,25204114395.0
BK1202.DC,20251113,2244.27,2274.39,2224.11,2274.39,2249.98,24.41,1.08,58540405.0,27738589464.0
BK1202.DC,20251114,2268.72,2310.16,2268.72,2287.32,2274.3900000000003,12.93,0.57,61270565.0,30801878622.0
BK1202.DC,20251117,2292.86,2318.49,2289.08,2317.52,2287.32,30.2,1.32,58269481.0,28083300982.0
BK1202.DC,20251118,2327.72,2327.72,2248.54,2268.52,2317.52,-49.0,-2.11,83394602.0,38799566568.0
BK1202.DC,20251119,2261.88,2268.0,2213.37,2222.58,2268.52,-45.94,-2.03,68975144.0,33731320247.0
BK1202.DC,20251120,2224.6,2252.71,2188.66,2224.49,2222.58,1.91,0.09,72809682.0,34688145333.0
BK1202.DC,20251121,2199.11,2223.67,2146.18,2146.18,2224.49,-78.31,-3.52,64037695.0,29844232150.0
BK1202.DC,20251124,2148.2,2170.99,2144.11,2155.26,2146.1800000000003,9.08,0.42,50787992.0,25726176053.0
BK1202.DC,20251125,2159.13,2190.31,2148.84,2180.24,2155.2599999999998,24.98,1.16,55352914.0,26546868389.0
BK1202.DC,20251126,2180.74,2201.75,2165.45,2167.49,2180.24,-12.75,-0.58,55157191.0,28839243033.0
BK1202.DC,20251127,2160.96,2181.8,2137.53,2166.93,2167.49,-0.56,-0.03,55127771.0,28979164757.0
BK1202.DC,20251128,2161.54,2191.55,2143.44,2191.55,2166.9300000000003,24.62,1.14,54864222.0,28355232905.0
BK1202.DC,20251201,2193.19,2209.12,2185.15,2190.85,2191.5499999999997,-0.7,-0.03,51163696.0,28079658947.0
BK1202.DC,20251202,2188.93,2201.27,2168.05,2200.83,2190.85,9.98,0.46,51359364.0,25661820576.0
BK1202.DC,20251203,2204.35,2206.27,2170.12,2174.4,2200.83,-26.43,-1.2,52304746.0,25439726018.0
BK1202.DC,20251204,2172.22,2180.93,2139.6,2147.65,2174.4,-26.75,-1.23,47484262.0,22792389689.0
BK1202.DC,20251205,2141.38,2158.02,2119.42,2157.5,2147.65,9.85,0.46,46501060.0,22763555125.0
BK1202.DC,20251208,2153.23,2168.22,2152.2,2162.42,2157.5,4.92,0.23,44727511.0,24012412910.0
BK1202.DC,20251209,2155.48,2155.48,2122.65,2124.44,2162.42,-37.98,-1.76,46446760.0,23025472462.0
BK1202.DC,20251210,2118.2,2174.66,2112.06,2162.18,2124.44,37.74,1.78,67036346.0,31282915092.0
BK1202.DC,20251211,2155.76,2155.76,2096.44,2096.74,2162.18,-65.44,-3.03,58853286.0,27314933625.0
BK1202.DC,20251212,2097.95,2100.72,2075.25,2075.64,2096.74,-21.1,-1.01,43212835.0,22795557934.0
BK1202.DC,20251215,2058.31,2080.06,2055.61,2068.51,2075.6400000000003,-7.13,-0.34,37257195.0,18095580386.0
BK1202.DC,20251216,2068.01,2075.1,2034.64,2045.0,2068.51,-23.51,-1.14,45425275.0,20720586903.0
BK1202.DC,20251217,2035.77,2049.86,2015.45,2046.24,2045.0,1.24,0.06,37662958.0,17132450117.0
BK1202.DC,20251218,2038.91,2066.14,2038.91,2051.38,2046.24,5.14,0.25,33218324.0,16434543068.0
BK1202.DC,20251219,2053.35,2102.47,2053.21,2101.74,2051.3799999999997,50.36,2.45,44104582.0,20396769057.0
BK1202.DC,20251222,2105.06,2112.27,2092.83,2106.44,2101.7400000000002,4.7,0.22,41788789.0,20735696018.0
BK1202.DC,20251223,2106.51,2106.51,2076.26,2080.34,2106.44,-26.1,-1.24,41568360.0,20594057921.0
BK1202.DC,20251224,2080.87,2097.56,2077.69,2095.72,2080.3399999999997,15.38,0.74,32273752.0,17706272950.0
BK1202.DC,20251225,2106.64,2112.14,2097.84,2110.82,2095.7200000000003,15.1,0.72,42102113.0,23108758889.0
BK1202.DC,20251226,2109.64,2131.23,2107.93,2114.66,2110.8199999999997,3.84,0.18,42995722.0,23456531160.0
BK1202.DC,20251229,2117.58,2129.41,2102.82,2108.38,2114.6600000000003,-6.28,-0.3,46176538.0,25505224304.0
BK1202.DC,20251230,2101.66,2102.52,2082.52,2089.38,2108.38,-19.0,-0.9,44369333.0,23363653617.0
BK1202.DC,20251231,2101.72,2111.81,2077.99,2104.75,2089.38,15.37,0.74,43643886.0,25109518107.0
BK1202.DC,20260105,2109.71,2131.89,2109.71,2127.06,2104.75,22.31,1.06,51392047.0,30166450039.0
BK1202.DC,20260106,2130.46,2155.27,2130.46,2150.31,2127.06,23.25,1.09,51131384.0,27744197391.0
BK1202.DC,20260107,2158.73,2173.16,2146.3,2149.9,2150.31,-0.41,-0.02,45776726.0,29386068993.0
BK1202.DC,20260108,2143.3,2192.05,2140.36,2182.37,2149.9,32.47,1.51,67023277.0,35323760274.0
BK1202.DC,20260109,2178.48,2198.71,2170.9,2198.71,2182.37,16.34,0.75,58761743.0,33471226764.0
BK1202.DC,20260112,2198.82,2205.49,2184.88,2195.03,2198.71,-3.68,-0.17,57703399.0,33383482855.0
BK1202.DC,20260113,2193.48,2193.48,2165.52,2167.98,2195.03,-27.05,-1.23,54861694.0,30005686424.0
BK1202.DC,20260114,2162.53,2187.45,2134.33,2154.87,2167.98,-13.11,-0.6,60024258.0,31837370107.0
BK1202.DC,20260115,2150.34,2164.22,2142.47,2154.22,2154.87,-0.65,-0.03,48247450.0,25144190747.0
BK1202.DC,20260116,2163.14,2163.14,2127.52,2137.38,2154.2200000000003,-16.84,-0.78,47377299.0,25229659786.0
BK1202.DC,20260119,2129.25,2167.75,2126.24,2165.01,2137.38,27.63,1.29,53628743.0,26363747779.0
BK1202.DC,20260120,2158.99,2197.4,2157.22,2197.4,2165.01,32.39,1.5,67757139.0,34163336950.0
BK1202.DC,20260121,2184.86,2216.39,2184.86,2210.32,2197.4,12.92,0.59,58939728.0,32678447414.0
BK1202.DC,20260122,2212.67,2233.27,2204.72,2232.47,2210.3199999999997,22.15,1.0,53595804.0,30584560822.0
BK1202.DC,20260123,2234.2,2250.71,2226.28,2250.71,2232.4700000000003,18.24,0.82,52801666.0,28514439629.0
BK1202.DC,20260126,2252.0,2252.0,2204.42,2216.75,2250.71,-33.96,-1.51,55414659.0,28608981965.0
BK1202.DC,20260127,2213.62,2213.62,2166.93,2193.33,2216.75,-23.42,-1.06,45499886.0,23376351442.0
BK1202.DC,20260128,2198.33,2220.64,2188.26,2201.27,2193.33,7.94,0.36,44252460.0,23590222032.0
BK1202.DC,20260129,2196.24,2263.47,2182.58,2245.72,2201.27,44.45,2.02,75827564.0,37822830806.0
BK1202.DC,20260130,2234.06,2243.15,2187.5,2210.84,2245.7200000000003,-34.88,-1.55,61561686.0,30673441914.0
BK1202.DC,20260202,2186.57,2209.73,2150.54,2151.27,2210.84,-59.57,-2.69,51042846.0,24558504941.0
BK1202.DC,20260203,2176.14,2195.27,2166.59,2185.49,2151.27,34.22,1.59,45203710.0,20496130391.0
BK1202.DC,20260204,2185.75,2241.68,2177.64,2240.72,2185.49,55.23,2.53,64555417.0,29927801298.0
BK1202.DC,20260205,2231.86,2259.9,2231.86,2246.27,2240.72,5.55,0.25,50305250.0,24045874080.0
BK1202.DC,20260206,2236.94,2254.89,2224.89,2234.7,2246.27,-11.57,-0.52,39863164.0,19786252115.0
BK1202.DC,20260209,2252.86,2284.33,2249.99,2271.27,2234.7,36.57,1.64,48651188.0,23502835357.0
BK1202.DC,20260210,2274.22,2274.22,2250.44,2256.89,2271.27,-14.38,-0.63,37394296.0,18299650443.0
BK1202.DC,20260211,2254.01,2270.18,2244.35,2259.12,2256.89,2.23,0.1,31059694.0,15159707731.0
BK1202.DC,20260212,2257.95,2267.26,2239.05,2239.97,2259.12,-19.15,-0.85,35221369.0,16900203107.0
BK1202.DC,20260213,2243.76,2255.43,2227.38,2231.02,2239.97,-8.95,-0.4,31897072.0,16175304442.0
BK1202.DC,20260224,2243.36,2258.01,2232.9,2250.8,2231.02,19.78,0.89,31992244.0,16966803307.0
BK1202.DC,20260225,2256.16,2313.37,2256.16,2303.4,2250.8,52.6,2.34,48332728.0,24067982043.0
BK1202.DC,20260226,2306.68,2307.02,2251.38,2256.87,2303.4,-46.53,-2.02,46729867.0,22839796630.0
BK1202.DC,20260227,2256.85,2262.01,2241.05,2260.72,2256.87,3.85,0.17,30286010.0,15774533349.0
BK1202.DC,20260302,2229.03,2232.72,2183.51,2204.63,2260.7200000000003,-56.09,-2.48,38683303.0,19199400177.0
BK1202.DC,20260303,2205.84,2215.04,2144.87,2146.94,2204.63,-57.69,-2.62,39027383.0,18910235852.0
BK1202.DC,20260304,2129.8,2151.33,2113.24,2129.15,2146.94,-17.79,-0.83,30295571.0,14711793439.0
BK1202.DC,20260305,2152.47,2162.38,2140.67,2148.41,2129.1499999999996,19.26,0.9,26197826.0,13613078369.0
BK1202.DC,20260306,2142.22,2186.93,2137.77,2186.64,2148.41,38.23,1.78,27593593.0,13585142000.0
BK1202.DC,20260309,2162.05,2162.2,2129.73,2155.3,2186.6400000000003,-31.34,-1.43,29072098.0,15239827571.0
BK1202.DC,20260310,2168.09,2183.13,2168.09,2182.86,2155.3,27.56,1.28,25406649.0,12947919603.0
BK1202.DC,20260311,2182.58,2187.01,2170.01,2186.01,2182.86,3.15,0.14,25976248.0,13449464669.0
BK1202.DC,20260312,2184.64,2193.71,2171.65,2179.2,2186.0099999999998,-6.81,-0.31,26224068.0,12678587509.0
BK1202.DC,20260313,2177.93,2213.31,2177.66,2181.91,2179.2,2.71,0.12,34453797.0,16970320576.0
BK1202.DC,20260316,2183.35,2209.09,2179.01,2196.7,2181.91,14.79,0.68,30953921.0,15632653110.0
BK1202.DC,20260317,2204.96,2251.07,2204.96,2209.82,2196.7000000000003,13.12,0.6,50051488.0,21800737501.0
BK1202.DC,20260318,2208.37,2208.8,2169.08,2191.98,2209.82,-17.84,-0.81,38416072.0,17886999909.0
BK1202.DC,20260319,2175.75,2181.16,2129.4,2135.63,2191.98,-56.35,-2.57,32518217.0,15190649685.0
BK1202.DC,20260320,2138.84,2152.87,2103.97,2104.06,2135.63,-31.57,-1.48,33060655.0,15248593351.0
BK1202.DC,20260323,2076.49,2076.49,1981.57,1991.47,2104.06,-112.59,-5.35,43227435.0,19409127071.0
BK1202.DC,20260324,2022.74,2064.41,1998.02,2064.41,1991.4699999999998,72.94,3.66,34840406.0,15729592720.0
BK1202.DC,20260325,2069.66,2107.14,2065.87,2106.33,2064.41,41.92,2.03,29874665.0,14083805505.0
BK1202.DC,20260326,2107.3,2130.05,2081.66,2086.3,2106.3300000000004,-20.03,-0.95,27347825.0,13127604911.0
BK1202.DC,20260327,2070.05,2108.06,2067.01,2107.78,2086.3,21.48,1.03,27878644.0,12970364557.0
BK1202.DC,20260330,2087.63,2109.28,2061.24,2108.36,2107.78,0.58,0.03,28142702.0,13237766649.0
BK1202.DC,20260331,2110.47,2140.94,2083.86,2085.34,2108.36,-23.02,-1.09,29334404.0,13539318139.0
BK1202.DC,20260401,2110.95,2112.9,2077.58,2089.43,2085.3399999999997,4.09,0.2,26723330.0,12746422538.0
BK1202.DC,20260402,2085.18,2085.18,2037.88,2047.84,2089.43,-41.59,-1.99,27559199.0,12706716476.0
BK1202.DC,20260403,2048.73,2049.64,1988.63,1997.67,2047.8400000000001,-50.17,-2.45,25146041.0,10716369924.0
BK1202.DC,20260407,1995.82,2021.07,1990.02,2019.68,1997.67,22.01,1.1,21415123.0,9590557015.0
BK1202.DC,20260408,2047.31,2085.02,2047.31,2084.47,2019.6799999999998,64.79,3.21,27785260.0,12960883366.0
BK1202.DC,20260409,2074.95,2074.95,2049.63,2060.26,2084.4700000000003,-24.21,-1.16,24964704.0,12795332067.0
BK1202.DC,20260410,2070.66,2092.79,2070.66,2075.85,2060.2599999999998,15.59,0.76,23268522.0,11617219272.0
BK1202.DC,20260413,2068.69,2100.58,2063.08,2095.33,2075.85,19.48,0.94,29625405.0,14193946127.0
BK1202.DC,20260414,2105.35,2140.58,2099.7,2140.08,2095.33,44.75,2.14,44955302.0,20600274528.0
BK1202.DC,20260415,2143.08,2143.48,2096.56,2099.95,2140.08,-40.13,-1.88,42895658.0,17830082597.0
BK1202.DC,20260416,2099.49,2116.75,2090.49,2114.42,2099.9500000000003,14.47,0.69,29865127.0,12886429455.0
BK1202.DC,20260417,2117.59,2137.13,2104.3,2121.94,2114.42,7.52,0.36,36528939.0,17432730922.0
BK1202.DC,20260420,2118.75,2118.75,2098.66,2114.62,2121.94,-7.32,-0.34,31645202.0,15705086494.0
BK1202.DC,20260421,2116.05,2123.01,2104.16,2116.59,2114.6200000000003,1.97,0.09,29170125.0,14152792636.0
BK1202.DC,20260422,2111.4,2120.69,2103.71,2119.0,2116.59,2.41,0.11,29264540.0,14286567989.0
BK1202.DC,20260423,2118.59,2122.33,2099.9,2107.97,2119.0,-11.03,-0.52,30495239.0,15261112499.0
BK1202.DC,20260424,2103.34,2109.91,2087.3,2101.03,2107.9700000000003,-6.94,-0.33,30378992.0,17533762128.0
BK1202.DC,20260427,2096.22,2112.54,2067.2,2108.06,2101.0299999999997,7.03,0.33,34733651.0,17219472952.0
BK1202.DC,20260428,2102.78,2118.18,2090.86,2101.31,2108.06,-6.75,-0.32,34324475.0,16892779112.0
BK1202.DC,20260429,2099.46,2147.37,2099.46,2143.07,2101.31,41.76,1.99,39303768.0,18404172456.0
BK1202.DC,20260430,2145.38,2176.72,2139.33,2173.19,2143.07,30.12,1.41,43764836.0,23077083122.0
BK1202.DC,20260506,2182.05,2203.16,2169.69,2198.42,2173.19,25.23,1.16,50847297.0,27970169051.0
BK1202.DC,20260507,2197.5,2203.89,2186.6,2191.56,2198.42,-6.86,-0.31,48970990.0,25788353986.0
BK1202.DC,20260508,2190.27,2229.98,2188.18,2224.5,2191.56,32.94,1.5,46694352.0,25154420460.0
BK1202.DC,20260511,2230.05,2268.31,2227.37,2254.92,2224.5,30.42,1.37,56680217.0,31341471851.0
BK1202.DC,20260512,2259.82,2271.24,2238.18,2253.71,2254.92,-1.21,-0.05,48663407.0,29167817567.0
BK1202.DC,20260513,2248.84,2256.97,2223.42,2230.12,2253.71,-23.59,-1.05,44436106.0,27367120641.0
BK1202.DC,20260514,2236.41,2237.6,2180.13,2180.13,2230.12,-49.99,-2.24,39636893.0,23100173242.0
BK1202.DC,20260515,2178.88,2183.37,2144.79,2156.03,2180.13,-24.1,-1.11,42217262.0,26094537394.0
BK1202.DC,20260518,2147.72,2147.72,2125.23,2143.08,2156.0299999999997,-12.95,-0.6,38114333.0,20692641436.0
BK1202.DC,20260519,2146.83,2164.68,2136.89,2158.77,2143.08,15.69,0.73,35225593.0,23361068568.0
BK1202.DC,20260520,2156.52,2156.52,2123.18,2133.41,2158.77,-25.36,-1.17,37364077.0,24573802038.0
BK1202.DC,20260521,2136.81,2141.78,2053.91,2057.66,2133.41,-75.75,-3.55,48287108.0,30308179384.0
BK1202.DC,20260522,2058.83,2084.31,2047.16,2073.89,2057.66,16.23,0.79,37100444.0,26821080581.0
BK1202.DC,20260525,2074.47,2090.84,2068.31,2086.09,2073.8900000000003,12.2,0.59,36621410.0,24472032431.0
BK1202.DC,20260526,2083.39,2083.57,2046.93,2065.29,2086.09,-20.8,-1.0,39993641.0,23595141428.0
BK1202.DC,20260527,2063.63,2068.24,2016.46,2026.6,2065.29,-38.69,-1.87,41495038.0,22654078030.0
BK1202.DC,20260528,2026.69,2055.48,2021.96,2047.76,2026.6,21.16,1.04,37361801.0,20652584216.0
BK1202.DC,20260529,2063.31,2119.28,2055.72,2060.57,2047.7600000000002,12.81,0.63,59914110.0,29239291902.0
BK1202.DC,20260601,2045.58,2097.29,2024.76,2090.49,2060.5699999999997,29.92,1.45,51912472.0,23707286281.0
BK1202.DC,20260602,2090.58,2098.37,2052.79,2063.34,2090.4900000000002,-27.15,-1.3,42131686.0,19740246370.0
BK1202.DC,20260603,2061.59,2061.59,2023.35,2039.1,2063.3399999999997,-24.24,-1.17,45209554.0,22610932353.0
BK1202.DC,20260604,2029.5,2059.78,2001.82,2014.36,2039.1,-24.74,-1.21,43049517.0,20051835295.0
BK1202.DC,20260605,2014.92,2046.23,2013.21,2026.77,2014.36,12.41,0.62,44053772.0,22875581204.0
BK1202.DC,20260608,1994.33,2030.22,1968.36,1994.14,2026.7700000000002,-32.63,-1.61,48120641.0,21510490959.0
