ts_code,trade_date,open,high,low,close,pre_close,change,pct_chg,vol,amount
AGL.SHF,20200102,4307.0,4312.0,4293.0,4293.0,4386.0,-72.0,-1.6415868673050615,64.0,413.79
AGL.SHF,20200103,4315.0,4406.0,4315.0,4382.0,4293.0,72.0,1.6771488469601679,224.0,1461.102
AGL.SHF,20200106,4370.0,4470.0,4357.0,4456.0,4382.0,108.0,2.464628023733455,224.0,1479.915
AGL.SHF,20200107,4449.0,4449.0,4312.0,4368.0,4456.0,-36.0,-0.807899461400359,118.0,773.499
AGL.SHF,20200108,4377.0,4470.0,4377.0,4455.0,4368.0,85.0,1.945970695970696,126.0,842.874
AGL.SHF,20200109,4372.0,4401.0,4257.0,4268.0,4455.0,-191.0,-4.287317620650954,92.0,600.213
AGL.SHF,20200110,4299.0,4299.0,4275.0,4293.0,4268.0,-56.0,-1.3120899718837862,132.0,847.743
AGL.SHF,20200113,4536.0,4536.0,4282.0,4290.0,4293.0,9.0,0.20964360587002098,172.0,1107.672
AGL.SHF,20200114,4281.0,4281.0,4218.0,4219.0,4290.0,-74.0,-1.724941724941725,28.0,177.357
AGL.SHF,20200115,4219.0,4219.0,4219.0,4219.0,4219.0,-3.0,-0.0711068973690448,170.0,1075.845
AGL.SHF,20200116,4252.0,4293.0,4232.0,4267.0,4219.0,23.0,0.5451528798293435,32142.0,205732.704
AGL.SHF,20200117,4276.0,4292.0,4256.0,4280.0,4267.0,13.0,0.3046636981485822,26565.0,170289.8745
AGL.SHF,20200120,4290.0,4310.0,4259.0,4277.0,4280.0,4.0,0.09345794392523366,18865.0,121168.8765
AGL.SHF,20200121,4253.0,4321.0,4253.0,4311.0,4277.0,30.0,0.701426233341127,14224.0,91708.1565
AGL.SHF,20200122,4297.0,4297.0,4211.0,4234.0,4311.0,-64.0,-1.4845743446996056,16440.0,104550.2715
AGL.SHF,20200123,4241.0,4261.0,4231.0,4234.0,4234.0,-5.0,-0.11809163911195086,7088.0,45118.443
AGL.SHF,20200203,4300.0,4317.0,4256.0,4280.0,4234.0,37.0,0.8738781294284366,8372.0,53872.605
AGL.SHF,20200204,4269.0,4288.0,4249.0,4264.0,4280.0,-25.0,-0.5841121495327103,2220.0,14186.82
AGL.SHF,20200205,4254.0,4278.0,4227.0,4264.0,4264.0,4.0,0.09380863039399624,1868.0,11906.304
AGL.SHF,20200206,4249.0,4258.0,4242.0,4254.0,4264.0,5.0,0.11726078799249531,1592.0,10149.522
AGL.SHF,20200207,4273.0,4290.0,4259.0,4269.0,4254.0,19.0,0.4466384579219558,1280.0,8207.079
AGL.SHF,20200210,4278.0,4280.0,4257.0,4257.0,4269.0,-17.0,-0.3982197235886624,7372.0,47208.087
AGL.SHF,20200211,4261.0,4267.0,4254.0,4263.0,4257.0,-6.0,-0.14094432699083861,5502.0,35173.302
AGL.SHF,20200212,4237.0,4243.0,4051.0,4203.0,4263.0,-58.0,-1.3605442176870748,4976.0,31482.795
AGL.SHF,20200213,4217.0,4242.0,4212.0,4240.0,4203.0,23.0,0.5472281703545087,938.0,5960.343
AGL.SHF,20200214,4242.0,4250.0,4230.0,4250.0,4240.0,14.0,0.33018867924528306,186.0,1182.579
AGL.SHF,20200217,4260.0,4284.0,4234.0,4280.0,4250.0,42.0,0.9882352941176471,628.0,4029.372
AGL.SHF,20200218,4299.0,4313.0,4287.0,4307.0,4280.0,9.0,0.2102803738317757,26.0,167.898
AGL.SHF,20200219,4389.0,4398.0,4383.0,4398.0,4307.0,93.0,2.1592755978639424,15.0,98.748
AGL.SHF,20200220,4395.0,4428.0,4395.0,4422.0,4398.0,34.0,0.7730786721236926,4.0,26.5005
AGL.SHF,20200221,4437.0,4472.0,4431.0,4472.0,4422.0,56.0,1.2663952962460425,13.0,86.898
AGL.SHF,20200224,4494.0,4538.0,4487.0,4511.0,4472.0,55.0,1.2298747763864044,29.0,196.1535
AGL.SHF,20200225,4440.0,4463.0,4403.0,4403.0,4511.0,-106.0,-2.349811571713589,32.0,213.3465
AGL.SHF,20200226,4390.0,4390.0,4332.0,4355.0,4403.0,-89.0,-2.0213490801726097,84.0,549.4545
AGL.SHF,20200227,4388.0,4388.0,4340.0,4368.0,4355.0,8.0,0.18369690011481057,61.0,399.333
AGL.SHF,20200228,4264.0,4321.0,4104.0,4105.0,4368.0,-259.0,-5.929487179487179,28.0,176.787
AGL.SHF,20200302,4125.0,4125.0,4038.0,4038.0,4105.0,-171.0,-4.165651644336175,8.0,48.723
AGL.SHF,20200303,4071.0,4071.0,4008.0,4039.0,4038.0,-21.0,-0.5200594353640415,14.0,84.816
AGL.SHF,20200304,4112.0,4113.0,4112.0,4113.0,4039.0,75.0,1.8568952711067097,4.0,24.675
AGL.SHF,20200305,4068.0,4068.0,4068.0,4068.0,4113.0,-44.0,-1.0697787503039144,2.0,12.204
AGL.SHF,20200306,4143.0,4143.0,4087.0,4133.0,4068.0,65.0,1.5978367748279252,18.0,111.285
AGL.SHF,20200309,3895.0,3976.0,3895.0,3970.0,4133.0,-151.0,-3.653520445197193,22.0,130.092
AGL.SHF,20200310,3979.0,4057.0,3979.0,4050.0,3970.0,108.0,2.720403022670025,8.0,48.198
AGL.SHF,20200311,4071.0,4071.0,3900.0,3900.0,4050.0,-116.0,-2.864197530864198,16.0,95.13
AGL.SHF,20200312,3999.0,4029.0,3995.0,3995.0,3900.0,32.0,0.8205128205128205,8.0,48.156
AGL.SHF,20200313,3773.0,3773.0,3772.0,3772.0,3995.0,-241.0,-6.032540675844806,10.0,56.583
AGL.SHF,20200316,3433.0,4107.0,3432.0,3432.0,3772.0,-340.0,-9.013785790031813,6.0,32.916
AGL.SHF,20200317,3201.0,3204.0,3201.0,3201.0,3432.0,-356.0,-10.372960372960373,99.0,475.356
AGL.SHF,20200318,3016.0,3110.0,2930.0,2986.0,3201.0,-215.0,-6.7166510465479545,4401.0,20239.4115
AGL.SHF,20200319,2888.0,2969.0,2850.0,2930.0,2986.0,-135.0,-4.521098459477562,3214.0,14043.9675
AGL.SHF,20200320,2954.0,3116.0,2954.0,3116.0,2930.0,203.0,6.928327645051195,2795.0,12838.089
AGL.SHF,20200323,3087.0,3146.0,3060.0,3111.0,3116.0,49.0,1.5725288831835686,3135.0,14605.2555
AGL.SHF,20200324,3322.0,3322.0,3236.0,3322.0,3111.0,217.0,6.975249116039858,737.0,3635.6355
AGL.SHF,20200325,3500.0,3537.0,3448.0,3532.0,3322.0,244.0,7.344972907886815,2419.0,12672.6405
AGL.SHF,20200326,3517.0,3526.0,3475.0,3506.0,3532.0,14.0,0.39637599093997733,2089.0,10945.779
AGL.SHF,20200327,3526.0,3573.0,3518.0,3561.0,3506.0,68.0,1.939532230462065,1622.0,8650.197
AGL.SHF,20200330,3499.0,3499.0,3350.0,3364.0,3561.0,-191.0,-5.363661892726762,2475.0,12524.085
AGL.SHF,20200331,3366.0,3437.0,3366.0,3430.0,3364.0,57.0,1.694411414982164,835.0,4284.084
AGL.SHF,20200401,3405.0,3423.0,3384.0,3399.0,3430.0,-21.0,-0.6122448979591837,633.0,3229.107
AGL.SHF,20200402,3400.0,3490.0,3398.0,3490.0,3399.0,90.0,2.64783759929391,648.0,3335.442
AGL.SHF,20200403,3542.0,3561.0,3513.0,3545.0,3490.0,114.0,3.2664756446991405,366.0,1942.041
AGL.SHF,20200407,3745.0,3886.0,3708.0,3758.0,3545.0,221.0,6.234132581100141,672.0,3772.917
AGL.SHF,20200408,3685.0,3717.0,3648.0,3695.0,3758.0,-47.0,-1.2506652474720596,1168.0,6448.791
AGL.SHF,20200409,3701.0,3703.0,3671.0,3700.0,3695.0,20.0,0.5412719891745602,1464.0,8109.837
AGL.SHF,20200410,3740.0,3760.0,3713.0,3739.0,3700.0,46.0,1.2432432432432432,2204.0,12383.823
AGL.SHF,20200413,3745.0,3745.0,3661.0,3699.0,3739.0,-46.0,-1.2302754747258626,160.0,889.017
AGL.SHF,20200414,3704.0,3796.0,3704.0,3750.0,3699.0,46.0,1.2435793457691267,46.0,259.599
AGL.SHF,20200415,3800.0,3814.0,3756.0,3756.0,3750.0,-6.0,-0.16,882.0,5013.87
AGL.SHF,20200416,3712.0,3780.0,3686.0,3773.0,3756.0,-16.0,-0.42598509052183176,157.0,876.7605
AGL.SHF,20200417,3757.0,3757.0,3630.0,3683.0,3773.0,-39.0,-1.0336602173336868,389.0,2160.2985
AGL.SHF,20200420,3628.0,3700.0,3628.0,3674.0,3683.0,-28.0,-0.7602497963616617,295.0,1617.147
AGL.SHF,20200421,3681.0,3719.0,3669.0,3689.0,3674.0,35.0,0.9526401741970605,216.0,1197.75
AGL.SHF,20200422,3602.0,3602.0,3538.0,3538.0,3689.0,-158.0,-4.283003523990241,140.0,750.687
AGL.SHF,20200423,3622.0,3717.0,3618.0,3690.0,3538.0,116.0,3.278688524590164,121.0,668.856
AGL.SHF,20200424,3676.0,3720.0,3662.0,3720.0,3690.0,35.0,0.9485094850948509,53.0,292.2285
AGL.SHF,20200427,3718.0,3725.0,3677.0,3677.0,3720.0,2.0,0.053763440860215055,115.0,639.783
AGL.SHF,20200428,3677.0,3678.0,3592.0,3604.0,3677.0,-104.0,-2.8283927114495513,86.0,466.02
AGL.SHF,20200429,3604.0,3673.0,3604.0,3656.0,3604.0,44.0,1.2208657047724751,88.0,483.7365
AGL.SHF,20200430,3673.0,3700.0,3651.0,3700.0,3656.0,36.0,0.9846827133479212,51.0,281.7225
AGL.SHF,20200506,3656.0,3700.0,3651.0,3690.0,3700.0,8.0,0.21621621621621623,100.0,551.484
AGL.SHF,20200507,3660.0,3660.0,3650.0,3650.0,3690.0,-26.0,-0.7046070460704607,6.0,32.88
AGL.SHF,20200508,3761.0,3788.0,3754.0,3783.0,3650.0,130.0,3.5616438356164384,102.0,577.89
AGL.SHF,20200511,3738.0,3779.0,3735.0,3779.0,3783.0,2.0,0.05286809410520751,20.0,112.905
AGL.SHF,20200512,3674.0,3869.0,3658.0,3740.0,3779.0,-23.0,-0.6086266207991532,38.0,212.703
AGL.SHF,20200513,3731.0,3731.0,3731.0,3731.0,3740.0,0.0,0.0,0.0,0.0
AGL.SHF,20200514,3731.0,3731.0,3731.0,3731.0,3731.0,0.0,0.0,0.0,0.0
AGL.SHF,20200515,3800.0,3995.0,3800.0,3995.0,3731.0,264.0,7.075850978290004,104.0,616.8
AGL.SHF,20200518,4044.0,4201.0,3990.0,4201.0,3995.0,311.0,7.784730913642053,575198.0,3522718.215
AGL.SHF,20200519,4207.0,4220.0,4095.0,4144.0,4201.0,62.0,1.4758390859319208,427491.0,2660382.355
AGL.SHF,20200520,4150.0,4293.0,4149.0,4277.0,4144.0,129.0,3.112934362934363,270545.0,1717995.493
AGL.SHF,20200521,4233.0,4274.0,4127.0,4168.0,4277.0,-65.0,-1.5197568389057752,185917.0,1173709.533
AGL.SHF,20200522,4180.0,4196.0,4061.0,4104.0,4168.0,-104.0,-2.495201535508637,182183.0,1123140.4905
AGL.SHF,20200525,4150.0,4197.0,4106.0,4120.0,4104.0,11.0,0.2680311890838206,113628.0,709373.5005
AGL.SHF,20200526,4141.0,4264.0,4132.0,4238.0,4120.0,77.0,1.8689320388349515,85909.0,542053.0005
AGL.SHF,20200527,4248.0,4257.0,4146.0,4174.0,4238.0,-32.0,-0.7550731477111845,77997.0,490663.7715
AGL.SHF,20200528,4144.0,4255.0,4102.0,4240.0,4174.0,47.0,1.1260182079540009,63678.0,400495.455
AGL.SHF,20200529,4209.0,4287.0,4209.0,4251.0,4240.0,59.0,1.3915094339622642,40165.0,255997.2225
AGL.SHF,20200601,4327.0,4515.0,4320.0,4461.0,4251.0,212.0,4.987061867795813,13360.0,87948.78
AGL.SHF,20200602,4425.0,4450.0,4380.0,4424.0,4461.0,36.0,0.8069939475453934,6308.0,41790.636
AGL.SHF,20200603,4422.0,4438.0,4300.0,4332.0,4424.0,-84.0,-1.89873417721519,4348.0,28437.561
AGL.SHF,20200604,4300.0,4306.0,4233.0,4250.0,4332.0,-110.0,-2.5392428439519854,4386.0,28082.568
AGL.SHF,20200605,4308.0,4315.0,4259.0,4273.0,4250.0,5.0,0.1176470588235294,2906.0,18671.301
AGL.SHF,20200608,4181.0,4279.0,4163.0,4257.0,4273.0,-26.0,-0.6084717996723613,3452.0,21792.009
AGL.SHF,20200609,4258.0,4270.0,4208.0,4244.0,4257.0,36.0,0.8456659619450317,2828.0,18012.3
AGL.SHF,20200610,4280.0,4292.0,4260.0,4279.0,4244.0,33.0,0.7775683317624882,4076.0,26159.457
AGL.SHF,20200611,4324.0,4337.0,4056.0,4309.0,4279.0,31.0,0.7244683337228325,2118.0,13683.561
AGL.SHF,20200612,4245.0,4251.0,4190.0,4240.0,4309.0,-67.0,-1.5548851241587376,1002.0,6351.57
AGL.SHF,20200615,4250.0,4268.0,4120.0,4120.0,4240.0,-105.0,-2.4764150943396226,1246.0,7854.27
AGL.SHF,20200616,4105.0,4206.0,4101.0,4169.0,4120.0,-47.0,-1.1407766990291262,1304.0,8120.6715
AGL.SHF,20200617,4186.0,4232.0,4165.0,4212.0,4169.0,61.0,1.4631806188534422,750.0,4726.0425
AGL.SHF,20200618,4213.0,4232.0,4197.0,4213.0,4212.0,13.0,0.30864197530864196,822.0,5198.6325
AGL.SHF,20200619,4205.0,4241.0,4178.0,4235.0,4213.0,19.0,0.4509850462853074,668.0,4211.2125
AGL.SHF,20200622,4276.0,4348.0,4247.0,4319.0,4235.0,117.0,2.7626918536009444,1224.0,7904.8605
AGL.SHF,20200623,4331.0,4336.0,4265.0,4279.0,4319.0,-26.0,-0.6019912016670526,547.0,3525.03
AGL.SHF,20200624,4307.0,4328.0,4290.0,4306.0,4279.0,10.0,0.23369946249123624,690.0,4457.226
AGL.SHF,20200629,4315.0,4322.0,4283.0,4297.0,4306.0,-9.0,-0.20901068276823037,222.0,1432.7595
AGL.SHF,20200630,4272.0,4305.0,4261.0,4300.0,4297.0,-2.0,-0.046544100535257156,388.0,2494.686
AGL.SHF,20200701,4256.0,4400.0,4256.0,4389.0,4300.0,103.0,2.395348837209302,270.0,1757.115
AGL.SHF,20200702,4376.0,4376.0,4290.0,4313.0,4389.0,-25.0,-0.5696058327637276,124.0,802.77
AGL.SHF,20200703,4337.0,4337.0,4321.0,4327.0,4313.0,12.0,0.27822861117551584,86.0,558.297
AGL.SHF,20200706,4325.0,4332.0,4306.0,4332.0,4327.0,5.0,0.11555350127108852,72.0,467.175
AGL.SHF,20200707,4373.0,4374.0,4338.0,4338.0,4332.0,13.0,0.30009233610341646,118.0,772.803
AGL.SHF,20200708,4327.0,4378.0,4327.0,4375.0,4338.0,9.0,0.2074688796680498,102.0,667.806
AGL.SHF,20200709,4434.0,4495.0,4430.0,4476.0,4375.0,112.0,2.56,246.0,1640.181
AGL.SHF,20200710,4476.0,4495.0,4201.0,4413.0,4476.0,-31.0,-0.6925826630920464,424.0,2793.015
AGL.SHF,20200713,4741.0,4741.0,4460.0,4460.0,4413.0,69.0,1.563562202583277,76.0,509.313
AGL.SHF,20200714,4526.0,4526.0,4510.0,4520.0,4460.0,53.0,1.188340807174888,36.0,243.786
AGL.SHF,20200715,4550.0,4570.0,4550.0,4560.0,4520.0,46.0,1.0176991150442478,32.0,219.12
AGL.SHF,20200716,4574.0,4583.0,4532.0,4553.0,4560.0,-10.0,-0.21929824561403508,2812.0,19231.6335
AGL.SHF,20200717,4548.0,4577.0,4477.0,4506.0,4553.0,-53.0,-1.16406764770481,2971.0,20145.198
AGL.SHF,20200720,4522.0,4572.0,4522.0,4552.0,4506.0,32.0,0.7101642254771415,1983.0,13536.5655
AGL.SHF,20200721,4625.0,4815.0,4625.0,4807.0,4552.0,257.0,5.645869947275923,4001.0,28117.6785
AGL.SHF,20200722,4965.0,5059.0,4919.0,5059.0,4807.0,374.0,7.780320366132723,1452.0,10817.8635
AGL.SHF,20200723,5308.0,5394.0,5122.0,5357.0,5059.0,391.0,7.7288001581340176,6630.0,52451.5065
AGL.SHF,20200724,5290.0,5424.0,5276.0,5305.0,5357.0,31.0,0.5786820981892851,4711.0,37711.506
AGL.SHF,20200727,5319.0,5750.0,5314.0,5666.0,5305.0,330.0,6.2205466540999055,2389.0,19635.279
AGL.SHF,20200728,5669.0,5917.0,5615.0,5731.0,5666.0,252.0,4.447582068478644,4225.0,36373.437
AGL.SHF,20200729,5598.0,5774.0,5558.0,5707.0,5731.0,-32.0,-0.558366777176758,2445.0,20688.9795
AGL.SHF,20200730,5711.0,5736.0,5475.0,5521.0,5707.0,-120.0,-2.1026809181706674,1923.0,16351.0305
AGL.SHF,20200731,5426.0,5759.0,5421.0,5662.0,5521.0,-6.0,-0.10867596449918493,2033.0,16859.1855
AGL.SHF,20200803,5679.0,5698.0,5580.0,5669.0,5662.0,141.0,2.4902861179795126,713.0,6067.668
AGL.SHF,20200804,5659.0,5714.0,5632.0,5670.0,5669.0,-3.0,-0.05291938613512083,914.0,7777.551
AGL.SHF,20200805,5680.0,6125.0,5675.0,6124.0,5670.0,452.0,7.971781305114639,1184.0,10603.089
AGL.SHF,20200806,6172.0,6447.0,6143.0,6403.0,6124.0,433.0,7.070542129327237,6754.0,63637.335
AGL.SHF,20200807,6496.0,6772.0,6465.0,6519.0,6403.0,238.0,3.717007652662814,1918.0,18996.102
AGL.SHF,20200810,6600.0,6600.0,6376.0,6575.0,6519.0,-27.0,-0.41417395306028537,1464.0,14278.917
AGL.SHF,20200811,6593.0,6791.0,6450.0,6460.0,6575.0,-42.0,-0.6387832699619772,2160.0,21573.174
AGL.SHF,20200812,6264.0,6306.0,6125.0,6125.0,6460.0,-533.0,-8.25077399380805,296.0,2767.251
AGL.SHF,20200813,5951.0,5999.0,5560.0,5955.0,6125.0,-277.0,-4.522448979591837,746.0,6653.013
AGL.SHF,20200814,6080.0,6147.0,5877.0,6147.0,5955.0,202.0,3.3921074727120066,90.0,824.835
AGL.SHF,20200817,6145.0,6185.0,5957.0,6185.0,6147.0,76.0,1.236375467707825,86.0,794.772
AGL.SHF,20200818,6252.0,6400.0,6203.0,6400.0,6185.0,306.0,4.947453516572352,16904.0,160450.932
AGL.SHF,20200819,6475.0,6495.0,6139.0,6193.0,6400.0,-134.0,-2.09375,18779.0,177005.9535
AGL.SHF,20200820,6243.0,6288.0,5975.0,6043.0,6193.0,-240.0,-3.8753431293395773,24966.0,229421.8215
AGL.SHF,20200821,6044.0,6124.0,5989.0,6023.0,6043.0,-103.0,-1.7044514314082408,14368.0,130655.865
AGL.SHF,20200824,5848.0,5874.0,5698.0,5727.0,6023.0,-335.0,-5.562012286236095,20772.0,180018.717
AGL.SHF,20200825,5890.0,5914.0,5751.0,5787.0,5727.0,10.0,0.17461148943600488,11448.0,99925.455
AGL.SHF,20200826,5784.0,5808.0,5722.0,5771.0,5787.0,-48.0,-0.8294453084499741,9661.0,83637.4965
AGL.SHF,20200827,5771.0,6012.0,5759.0,5994.0,5771.0,223.0,3.8641483278461273,6452.0,57318.0525
AGL.SHF,20200828,5994.0,6148.0,5869.0,6011.0,5994.0,89.0,1.4848181514848182,7604.0,68472.345
AGL.SHF,20200831,6051.0,6217.0,6025.0,6131.0,6011.0,128.0,2.1294293794709698,5382.0,49526.157
AGL.SHF,20200901,6131.0,6343.0,6130.0,6316.0,6131.0,182.0,2.9685206328494536,11145.0,103410.87
AGL.SHF,20200902,6329.0,6336.0,6156.0,6163.0,6316.0,-22.0,-0.3483217226092464,1670.0,15599.088
AGL.SHF,20200903,6163.0,6163.0,5907.0,5916.0,6163.0,-311.0,-5.04624371247769,1340.0,12227.445
AGL.SHF,20200904,5946.0,6044.0,5800.0,5877.0,5916.0,-206.0,-3.4820824881676806,522.0,4659.144
AGL.SHF,20200907,5845.0,6005.0,5801.0,5901.0,5877.0,-49.0,-0.8337587204355963,510.0,4534.989
AGL.SHF,20200908,5901.0,5940.0,5863.0,5918.0,5901.0,-10.0,-0.1694628029147602,428.0,3787.302
AGL.SHF,20200909,5838.0,5890.0,5672.0,5819.0,5918.0,-80.0,-1.3518080432578574,416.0,3621.066
AGL.SHF,20200910,5870.0,5972.0,5870.0,5918.0,5819.0,116.0,1.9934696683278914,374.0,3329.415
AGL.SHF,20200911,5872.0,5872.0,5840.0,5856.0,5918.0,-78.0,-1.3180128421764108,32.0,280.83
AGL.SHF,20200914,5800.0,5861.0,5800.0,5840.0,5856.0,-10.0,-0.17076502732240437,20.0,175.146
AGL.SHF,20200915,5895.0,5960.0,5830.0,5930.0,5840.0,92.0,1.5753424657534247,288.0,2548.155
AGL.SHF,20200916,5938.0,5955.0,5850.0,5896.0,5930.0,-11.0,-0.1854974704890388,3167.0,27991.6035
AGL.SHF,20200917,5895.0,5930.0,5750.0,5772.0,5896.0,-120.0,-2.03527815468114,3395.0,29778.885
AGL.SHF,20200918,5761.0,5851.0,5654.0,5851.0,5772.0,4.0,0.0693000693000693,3366.0,29008.6605
AGL.SHF,20200921,5761.0,5841.0,5717.0,5727.0,5851.0,-18.0,-0.30763971970603315,3074.0,26673.615
AGL.SHF,20200922,5627.0,5662.0,5205.0,5205.0,5727.0,-579.0,-10.110005238344682,6525.0,53242.8015
AGL.SHF,20200923,5216.0,5270.0,4868.0,4943.0,5205.0,-496.0,-9.529298751200768,4851.0,37070.124
AGL.SHF,20200924,4938.0,5009.0,4650.0,4715.0,4943.0,-379.0,-7.667408456402994,8489.0,61835.226
AGL.SHF,20200925,4726.0,4980.0,4718.0,4943.0,4715.0,87.0,1.8451749734888654,3787.0,27532.2885
AGL.SHF,20200928,4899.0,4948.0,4783.0,4831.0,4943.0,-15.0,-0.30345943758850896,4148.0,30330.7095
AGL.SHF,20200929,4889.0,5050.0,4889.0,4988.0,4831.0,114.0,2.3597598840819707,1566.0,11704.0245
AGL.SHF,20200930,5023.0,5088.0,4999.0,5025.0,4988.0,43.0,0.8620689655172413,3382.0,25551.657
AGL.SHF,20201009,5054.0,5111.0,5050.0,5075.0,5025.0,39.0,0.7761194029850746,1474.0,11226.459
AGL.SHF,20201012,5136.0,5419.0,5136.0,5335.0,5075.0,258.0,5.083743842364532,2184.0,17481.666
AGL.SHF,20201013,5335.0,5335.0,5239.0,5271.0,5335.0,-65.0,-1.218369259606373,874.0,6934.119
AGL.SHF,20201014,5200.0,5200.0,5060.0,5060.0,5271.0,-229.0,-4.3445266552836275,120.0,918.888
AGL.SHF,20201015,5180.0,5180.0,4922.0,4922.0,5060.0,-182.0,-3.5968379446640317,346.0,2641.164
AGL.SHF,20201016,5012.0,5170.0,4980.0,5107.0,4922.0,-40.0,-0.8126777732629012,1021.0,7794.9135
AGL.SHF,20201019,5138.0,5245.0,5073.0,5217.0,5107.0,128.0,2.50636381437243,1047.0,8096.295
AGL.SHF,20201020,5250.0,5250.0,5146.0,5174.0,5217.0,19.0,0.3641939812152578,876.0,6803.946
AGL.SHF,20201021,5198.0,5296.0,5176.0,5271.0,5174.0,93.0,1.7974487823734053,694.0,5458.443
AGL.SHF,20201022,5302.0,5341.0,5195.0,5256.0,5271.0,13.0,0.24663251754885224,736.0,5817.4455
AGL.SHF,20201023,5210.0,5232.0,5152.0,5191.0,5256.0,-78.0,-1.4840182648401825,491.0,3823.353
AGL.SHF,20201026,5228.0,5233.0,5057.0,5079.0,5191.0,-112.0,-2.1575804276632633,684.0,5286.0
AGL.SHF,20201027,5080.0,5190.0,5080.0,5180.0,5079.0,28.0,0.5512896239417208,394.0,3045.0
AGL.SHF,20201028,5157.0,5216.0,5126.0,5186.0,5180.0,34.0,0.6563706563706564,567.0,4396.0
AGL.SHF,20201029,5065.0,5065.0,4896.0,4942.0,5186.0,-227.0,-4.377169301966834,972.0,7215.0
AGL.SHF,20201030,4782.0,4976.0,4767.0,4913.0,4942.0,-35.0,-0.708215297450425,578.0,4260.0
AGL.SHF,20201102,4997.0,5095.0,4949.0,5070.0,4913.0,157.0,3.1956035009159374,862.0,6504.0
AGL.SHF,20201103,5096.0,5145.0,5074.0,5117.0,5070.0,87.0,1.7159763313609466,242.0,1858.0
AGL.SHF,20201104,5180.0,5209.0,4996.0,5042.0,5117.0,-75.0,-1.465702560093805,168.0,1292.0
AGL.SHF,20201105,5113.0,5152.0,5057.0,5152.0,5042.0,26.0,0.5156683855612851,734.0,5625.0
AGL.SHF,20201106,5280.0,5358.0,5275.0,5358.0,5152.0,250.0,4.85248447204969,110.0,877.0
AGL.SHF,20201109,5378.0,5410.0,5336.0,5400.0,5358.0,84.0,1.5677491601343785,200.0,1617.0
AGL.SHF,20201110,5080.0,5080.0,5051.0,5078.0,5400.0,-311.0,-5.7592592592592595,12.0,91.0
AGL.SHF,20201111,5073.0,5088.0,5028.0,5088.0,5078.0,17.0,0.334777471445451,106.0,808.0
AGL.SHF,20201112,5060.0,5100.0,5060.0,5070.0,5088.0,-9.0,-0.1768867924528302,32.0,244.0
AGL.SHF,20201113,5077.0,5077.0,5077.0,5077.0,5070.0,-8.0,-0.15779092702169625,2.0,15.0
AGL.SHF,20201116,5200.0,5240.0,5182.0,5182.0,5077.0,105.0,2.068150482568446,328.0,2559.558
AGL.SHF,20201117,5123.0,5213.0,5092.0,5157.0,5182.0,-48.0,-0.9262832883056734,671493.0,5195088.0
AGL.SHF,20201118,5154.0,5185.0,5088.0,5101.0,5157.0,-56.0,-1.0859026565832848,532854.0,4104547.0
AGL.SHF,20201119,5086.0,5172.0,5002.0,5023.0,5101.0,-112.0,-2.1956479121740835,750217.0,5728305.978
AGL.SHF,20201120,5030.0,5069.0,4962.0,5050.0,5023.0,-40.0,-0.7963368504877564,696133.0,5242779.0
AGL.SHF,20201123,5056.0,5122.0,5043.0,5065.0,5050.0,45.0,0.891089108910891,560559.0,4276725.0
AGL.SHF,20201124,5030.0,5049.0,4852.0,4899.0,5065.0,-187.0,-3.6920039486673244,903961.0,6703849.0
AGL.SHF,20201125,4847.0,4913.0,4801.0,4856.0,4899.0,-88.0,-1.7962849561134926,648066.0,4725410.0
AGL.SHF,20201126,4902.0,4920.0,4843.0,4895.0,4856.0,34.0,0.700164744645799,333161.0,2444089.44
AGL.SHF,20201127,4906.0,4930.0,4851.0,4869.0,4895.0,-21.0,-0.4290091930541369,168426.0,1233038.1195
AGL.SHF,20201130,4860.0,4869.0,4585.0,4640.0,4869.0,-240.0,-4.929143561306223,312747.0,2214485.844
AGL.SHF,20201201,4626.0,4805.0,4610.0,4785.0,4640.0,65.0,1.4008620689655173,54073.0,382138.9305
AGL.SHF,20201202,4880.0,5009.0,4880.0,4969.0,4785.0,258.0,5.391849529780565,42670.0,316450.353
AGL.SHF,20201203,4993.0,5025.0,4930.0,5013.0,4969.0,69.0,1.388609378144496,24442.0,182661.678
AGL.SHF,20201204,5041.0,5059.0,4940.0,5055.0,5013.0,73.0,1.4562138440055854,19000.0,142443.0
AGL.SHF,20201207,5044.0,5084.0,4981.0,5006.0,5055.0,8.0,0.1582591493570722,16914.0,127292.394
AGL.SHF,20201208,4938.0,5156.0,4905.0,5140.0,5006.0,123.0,2.457051538154215,22124.0,168892.0
AGL.SHF,20201209,5136.0,5175.0,4580.0,5032.0,5140.0,-57.0,-1.1089494163424125,11058.0,84369.0
AGL.SHF,20201210,5000.0,5076.0,4928.0,4930.0,5032.0,-156.0,-3.100158982511924,15106.0,113211.0
AGL.SHF,20201211,4965.0,5056.0,4936.0,4955.0,4930.0,-41.0,-0.8316430020283976,3520.0,26328.0
AGL.SHF,20201214,4955.0,5050.0,4511.0,4960.0,4955.0,-26.0,-0.5247225025227042,5704.0,42460.0
AGL.SHF,20201215,4960.0,5035.0,4906.0,5026.0,4960.0,64.0,1.2903225806451613,2716.0,20307.0
AGL.SHF,20201216,5079.0,5234.0,5075.0,5223.0,5026.0,204.0,4.058893752487068,23108.0,178533.0
AGL.SHF,20201217,5300.0,5365.0,5176.0,5353.0,5223.0,203.0,3.886655179015891,20979.0,166085.0
AGL.SHF,20201218,5428.0,5448.0,5360.0,5392.0,5353.0,115.0,2.1483280403512053,20934.0,169676.0
AGL.SHF,20201221,5410.0,5794.0,5365.0,5708.0,5392.0,305.0,5.656528189910979,24523.0,204975.0
AGL.SHF,20201222,5573.0,5592.0,5326.0,5383.0,5708.0,-189.0,-3.31114225648213,21167.0,173455.0
AGL.SHF,20201223,5402.0,5472.0,5258.0,5324.0,5383.0,-139.0,-2.5822032323982906,15586.0,125229.0
AGL.SHF,20201224,5324.0,5444.0,5308.0,5405.0,5324.0,49.0,0.9203606311044327,6674.0,53921.0
AGL.SHF,20201225,5380.0,5423.0,5321.0,5402.0,5405.0,16.0,0.2960222016651249,4669.0,37683.0
AGL.SHF,20201228,5406.0,5646.0,5392.0,5558.0,5402.0,178.0,3.295075897815624,13864.0,115715.805
AGL.SHF,20201229,5540.0,5638.0,5466.0,5476.0,5558.0,-88.0,-1.583303346527528,9998.0,83294.574
AGL.SHF,20201230,5476.0,5580.0,5469.0,5547.0,5476.0,-7.0,-0.12783053323593865,4854.0,40191.0
AGL.SHF,20201231,5547.0,5668.0,5513.0,5567.0,5547.0,48.0,0.8653326122228232,3099.0,25921.5555
AGL.SHF,20210104,5667.0,5736.0,5655.0,5685.0,5567.0,109.0,1.9579665888270161,4360.0,37231.224
AGL.SHF,20210105,5710.0,5768.0,5619.0,5712.0,5685.0,20.0,0.3518029903254178,2232.0,19074.0
AGL.SHF,20210106,5735.0,5741.0,5671.0,5695.0,5712.0,-2.0,-0.0350140056022409,1016.0,8683.0
AGL.SHF,20210107,5654.0,5710.0,5548.0,5653.0,5695.0,-44.0,-0.7726075504828798,846.0,7155.0
AGL.SHF,20210108,5642.0,5645.0,5579.0,5593.0,5653.0,-44.0,-0.7783477799398549,1616.0,13597.0
AGL.SHF,20210111,5506.0,5520.0,5048.0,5112.0,5593.0,-497.0,-8.88610763454318,2972.0,23337.0
AGL.SHF,20210112,5112.0,5239.0,5049.0,5235.0,5112.0,1.0,0.019561815336463225,992.0,7672.0
AGL.SHF,20210113,5228.0,5260.0,5102.0,5243.0,5235.0,88.0,1.6809933142311366,1168.0,9138.0
AGL.SHF,20210114,5185.0,5215.0,5181.0,5188.0,5243.0,-27.0,-0.5149723440778181,280.0,2181.0
AGL.SHF,20210115,5222.0,5340.0,5100.0,5160.0,5188.0,-32.0,-0.6168080185042405,2522.0,19989.0
AGL.SHF,20210118,5226.0,5243.0,5069.0,5202.0,5160.0,-75.0,-1.4534883720930232,1198025.0,9240799.0
AGL.SHF,20210119,5180.0,5274.0,5165.0,5224.0,5202.0,82.0,1.5763168012302962,525199.0,4106069.0
AGL.SHF,20210120,5234.0,5295.0,5177.0,5281.0,5224.0,69.0,1.3208269525267995,651221.0,5112212.0
AGL.SHF,20210121,5237.0,5392.0,5182.0,5362.0,5281.0,129.0,2.442719181973111,867845.0,6900893.0
AGL.SHF,20210122,5337.0,5361.0,5222.0,5270.0,5362.0,-31.0,-0.5781424841477061,598429.0,4764746.0
AGL.SHF,20210125,5215.0,5315.0,5160.0,5257.0,5270.0,-51.0,-0.967741935483871,593422.0,4673565.0
AGL.SHF,20210126,5286.0,5328.0,5204.0,5222.0,5257.0,-28.0,-0.5326231691078562,514078.0,4055134.602
AGL.SHF,20210127,5253.0,5289.0,5190.0,5223.0,5222.0,-35.0,-0.6702412868632708,232763.0,1833892.062
AGL.SHF,20210128,5175.0,5255.0,5097.0,5166.0,5223.0,-86.0,-1.646563277809688,208743.0,1620838.6425
AGL.SHF,20210129,5201.0,5451.0,5187.0,5387.0,5166.0,211.0,4.084397986837011,231414.0,1855973.0
AGL.SHF,20210201,5566.0,5855.0,5200.0,5846.0,5387.0,500.0,9.281603861147206,34449.0,290880.0
AGL.SHF,20210202,5965.0,5983.0,5715.0,5775.0,5846.0,146.0,2.497434143003763,22556.0,198108.0
AGL.SHF,20210203,6083.0,6083.0,5414.0,5500.0,5775.0,-355.0,-6.147186147186147,4150.0,34841.0
AGL.SHF,20210204,5500.0,5541.0,5360.0,5428.0,5500.0,-168.0,-3.0545454545454547,3012.0,24606.0
AGL.SHF,20210205,5430.0,5498.0,5335.0,5377.0,5428.0,-69.0,-1.2711864406779663,1450.0,11684.559
AGL.SHF,20210208,5415.0,5550.0,5379.0,5519.0,5377.0,127.0,2.3619118467546962,34235.0,281129.0
AGL.SHF,20210209,5545.0,5610.0,5510.0,5573.0,5519.0,99.0,1.7938032252219607,22585.0,188572.0
AGL.SHF,20210210,5597.0,5624.0,5473.0,5543.0,5573.0,-23.0,-0.41270410909743405,23170.0,192965.0
AGL.SHF,20210218,5541.0,5597.0,5512.0,5532.0,5543.0,-20.0,-0.36081544290095613,12194.0,101518.0
AGL.SHF,20210219,5532.0,5587.0,5420.0,5479.0,5532.0,-71.0,-1.2834417932031816,19228.0,158821.0
AGL.SHF,20210222,5505.0,5722.0,5505.0,5675.0,5479.0,169.0,3.0845044716189087,27098.0,229818.0
AGL.SHF,20210223,5651.0,5836.0,5620.0,5790.0,5675.0,136.0,2.39647577092511,18964.0,163475.0
AGL.SHF,20210224,5765.0,5772.0,5628.0,5684.0,5790.0,-62.0,-1.070811744386874,15388.0,131784.0
AGL.SHF,20210225,5710.0,5817.0,5608.0,5743.0,5684.0,34.0,0.5981703026038001,11823.0,101546.0
AGL.SHF,20210226,5737.0,5777.0,5472.0,5477.0,5743.0,-248.0,-4.318300539787567,17767.0,149233.0
AGL.SHF,20210301,5450.0,5528.0,5379.0,5507.0,5477.0,-92.0,-1.6797516888807742,5247.0,43175.0
AGL.SHF,20210302,5472.0,5515.0,5291.0,5351.0,5507.0,-134.0,-2.4332667514072996,7010.0,56424.0
AGL.SHF,20210303,5411.0,5487.0,5379.0,5460.0,5351.0,94.0,1.7566809942066903,4800.0,39294.0
AGL.SHF,20210304,6002.0,6002.0,5021.0,5326.0,5460.0,-131.0,-2.3992673992673996,3882.0,31578.0
AGL.SHF,20210305,5331.0,5356.0,5107.0,5137.0,5326.0,-285.0,-5.351107773188134,3970.0,30652.0
AGL.SHF,20210308,5169.0,5338.0,5103.0,5249.0,5137.0,102.0,1.9855947050807863,3050.0,23958.0
AGL.SHF,20210309,5185.0,5253.0,5144.0,5253.0,5249.0,17.0,0.32387121356448845,1644.0,12823.0
AGL.SHF,20210310,5288.0,5396.0,5255.0,5297.0,5253.0,98.0,1.8656006091757091,2304.0,18344.0
AGL.SHF,20210311,5297.0,5439.0,5264.0,5400.0,5297.0,93.0,1.7557107796866152,1370.0,11009.0
AGL.SHF,20210312,5276.0,5389.0,5276.0,5282.0,5400.0,-74.0,-1.3703703703703705,1030.0,8248.0
AGL.SHF,20210315,5231.0,5393.0,5180.0,5345.0,5282.0,7.0,0.13252555850056796,1036.0,8261.0
AGL.SHF,20210316,5402.0,5444.0,5376.0,5395.0,5345.0,49.0,0.9167446211412534,2438.0,19811.0
AGL.SHF,20210317,5359.0,5400.0,5320.0,5365.0,5395.0,-52.0,-0.9638554216867471,1263.0,10141.0
AGL.SHF,20210318,5349.0,5517.0,5342.0,5512.0,5365.0,160.0,2.982292637465051,1779.0,14609.0
AGL.SHF,20210319,5424.0,5442.0,5348.0,5410.0,5512.0,-64.0,-1.1611030478955007,941.0,7602.0
AGL.SHF,20210322,5405.0,5437.0,5263.0,5273.0,5410.0,-112.0,-2.0702402957486137,1089.0,8681.0
AGL.SHF,20210323,5273.0,5326.0,5267.0,5292.0,5273.0,-22.0,-0.41721979897591505,2321.0,18426.0
AGL.SHF,20210324,5297.0,5307.0,5160.0,5205.0,5292.0,-87.0,-1.6439909297052153,3872.0,30207.0
AGL.SHF,20210325,5215.0,5241.0,5172.0,5174.0,5205.0,-27.0,-0.5187319884726225,1305.0,10165.0
AGL.SHF,20210326,5085.0,5234.0,5058.0,5220.0,5174.0,28.0,0.5411673753382297,2359.0,18286.0
AGL.SHF,20210329,5204.0,5208.0,5139.0,5169.0,5220.0,2.0,0.03831417624521073,2598.0,20144.0
AGL.SHF,20210330,5172.0,5189.0,5095.0,5095.0,5169.0,-74.0,-1.4316115302766492,1422.0,10940.0
AGL.SHF,20210331,5029.0,5045.0,4945.0,5005.0,5095.0,-124.0,-2.433758586849853,1291.0,9682.653
AGL.SHF,20210401,5002.0,5094.0,4988.0,5072.0,5005.0,72.0,1.4385614385614385,475.0,3601.2855
AGL.SHF,20210402,5111.0,5220.0,5111.0,5220.0,5072.0,166.0,3.2728706624605675,524.0,4094.391
AGL.SHF,20210406,5220.0,5253.0,5155.0,5190.0,5220.0,-19.0,-0.36398467432950193,888.0,6930.783
AGL.SHF,20210407,5213.0,5242.0,5200.0,5226.0,5190.0,23.0,0.4431599229287091,322.0,2518.095
AGL.SHF,20210408,5204.0,5289.0,5190.0,5273.0,5226.0,60.0,1.1481056257175661,538.0,4233.231
AGL.SHF,20210409,5301.0,5336.0,5256.0,5274.0,5273.0,29.0,0.5499715531955244,272.0,2155.851
AGL.SHF,20210412,5242.0,5326.0,5182.0,5242.0,5274.0,-41.0,-0.7773985589685248,782.0,6130.41
AGL.SHF,20210413,5227.0,5499.0,5103.0,5170.0,5242.0,-56.0,-1.06829454406715,334.0,2587.614
AGL.SHF,20210414,5250.0,5311.0,5093.0,5311.0,5170.0,147.0,2.8433268858800775,146.0,1149.087
AGL.SHF,20210415,5300.0,5313.0,5276.0,5310.0,5311.0,64.0,1.2050461306721898,106.0,841.941
AGL.SHF,20210416,5324.0,5419.0,5318.0,5382.0,5310.0,76.0,1.431261770244821,4465.0,36035.061
AGL.SHF,20210419,5469.0,5476.0,5347.0,5390.0,5382.0,10.0,0.18580453363062058,4118.0,33404.718
AGL.SHF,20210420,5382.0,5391.0,5329.0,5377.0,5390.0,-30.0,-0.5565862708719851,3641.0,29283.8475
AGL.SHF,20210421,5356.0,5423.0,5344.0,5419.0,5377.0,58.0,1.0786684024549005,4199.0,33850.773
AGL.SHF,20210422,5417.0,5513.0,5395.0,5488.0,5419.0,114.0,2.103709171433844,3014.0,24744.0825
AGL.SHF,20210423,5460.0,5470.0,5390.0,5416.0,5488.0,-57.0,-1.0386297376093294,1646.0,13432.6425
AGL.SHF,20210426,5465.0,5478.0,5350.0,5365.0,5416.0,-75.0,-1.3847858197932055,1914.0,15497.634
AGL.SHF,20210427,5384.0,5433.0,5384.0,5411.0,5365.0,14.0,0.260950605778192,747.0,6060.525
AGL.SHF,20210428,5431.0,5484.0,5361.0,5378.0,5411.0,-30.0,-0.5544261689151728,1262.0,10232.181
AGL.SHF,20210429,5381.0,5472.0,5348.0,5444.0,5378.0,39.0,0.7251766455931573,1876.0,15278.688
AGL.SHF,20210430,5444.0,5447.0,5322.0,5359.0,5444.0,-70.0,-1.2858192505510653,1016.0,8151.3105
AGL.SHF,20210506,5419.0,5549.0,5402.0,5529.0,5359.0,181.0,3.3774958014554954,311.0,2566.062
AGL.SHF,20210507,5566.0,5700.0,5540.0,5632.0,5529.0,132.0,2.387411828540423,524.0,4431.867
AGL.SHF,20210510,5632.0,5729.0,5598.0,5717.0,5632.0,79.0,1.4026988636363635,308.0,2617.95
AGL.SHF,20210511,5720.0,5726.0,5572.0,5622.0,5717.0,-44.0,-0.7696344236487669,660.0,5595.417
AGL.SHF,20210512,5583.0,5676.0,5575.0,5617.0,5622.0,-34.0,-0.6047669868374245,322.0,2723.568
AGL.SHF,20210513,5658.0,5658.0,5525.0,5525.0,5617.0,-113.0,-2.0117500445077443,178.0,1482.9
AGL.SHF,20210514,5569.0,5610.0,5501.0,5610.0,5525.0,57.0,1.0316742081447963,142.0,1177.848
AGL.SHF,20210517,5610.0,5750.0,5610.0,5705.0,5610.0,176.0,3.1372549019607843,544.0,4585.008
AGL.SHF,20210518,5707.0,5992.0,5685.0,5929.0,5705.0,242.0,4.241893076248904,1097710.0,9634567.224
AGL.SHF,20210519,5940.0,5963.0,5772.0,5838.0,5929.0,-13.0,-0.21926125822229717,954837.0,8382717.3
AGL.SHF,20210520,5769.0,5863.0,5648.0,5738.0,5838.0,-114.0,-1.9527235354573484,1101719.0,9517387.491
AGL.SHF,20210521,5734.0,5784.0,5674.0,5686.0,5738.0,-73.0,-1.2722202858138723,673413.0,5790826.8885
AGL.SHF,20210524,5746.0,5781.0,5592.0,5707.0,5686.0,-25.0,-0.43967639817094617,866327.0,7381181.184
AGL.SHF,20210525,5707.0,5744.0,5624.0,5688.0,5707.0,8.0,0.14017872787804453,538792.0,4594790.76
AGL.SHF,20210526,5648.0,5804.0,5633.0,5754.0,5688.0,69.0,1.2130801687763713,540825.0,4653764.028
AGL.SHF,20210527,5753.0,5766.0,5609.0,5638.0,5754.0,-98.0,-1.70316301703163,335231.0,2855715.2715
AGL.SHF,20210528,5638.0,5688.0,5600.0,5622.0,5638.0,-57.0,-1.0109968073785032,170244.0,1441302.609
AGL.SHF,20210531,5611.0,5728.0,5548.0,5675.0,5622.0,31.0,0.5514051938811811,100660.0,854890.8315
AGL.SHF,20210601,5687.0,5792.0,5668.0,5782.0,5675.0,121.0,2.13215859030837,24351.0,209510.079
AGL.SHF,20210602,5800.0,5840.0,5642.0,5650.0,5782.0,-85.0,-1.4700795572466274,13554.0,116232.585
AGL.SHF,20210603,5690.0,5738.0,5657.0,5665.0,5650.0,-52.0,-0.9203539823008848,21660.0,185024.775
AGL.SHF,20210604,5628.0,5628.0,5488.0,5535.0,5665.0,-159.0,-2.8067078552515445,15234.0,126352.395
AGL.SHF,20210607,5571.0,5619.0,5562.0,5572.0,5535.0,43.0,0.7768744354110207,5120.0,42884.814
AGL.SHF,20210608,5572.0,5672.0,5570.0,5600.0,5572.0,17.0,0.3050969131371142,8914.0,75265.074
AGL.SHF,20210609,5610.0,5628.0,5557.0,5570.0,5600.0,-58.0,-1.0357142857142856,8898.0,74617.185
AGL.SHF,20210610,5570.0,5630.0,5570.0,5589.0,5570.0,-1.0,-0.017953321364452424,1980.0,16609.902
AGL.SHF,20210611,5589.0,5994.0,5589.0,5736.0,5589.0,144.0,2.576489533011272,2832.0,24239.46
AGL.SHF,20210615,5650.0,5650.0,5585.0,5608.0,5736.0,-98.0,-1.708507670850767,1344.0,11313.516
AGL.SHF,20210616,5595.0,5644.0,5564.0,5636.0,5608.0,19.0,0.3388017118402282,3194.0,26883.9255
AGL.SHF,20210617,5636.0,5644.0,5472.0,5486.0,5636.0,-125.0,-2.2178850248403124,4975.0,41341.047
AGL.SHF,20210618,5364.0,5381.0,5295.0,5344.0,5486.0,-195.0,-3.5545023696682465,5948.0,47674.9155
AGL.SHF,20210621,5327.0,5361.0,5247.0,5342.0,5344.0,-1.0,-0.018712574850299403,4806.0,38362.833
AGL.SHF,20210622,5328.0,5367.0,5300.0,5323.0,5342.0,2.0,0.037439161362785474,3147.0,25162.509
AGL.SHF,20210623,5302.0,5368.0,5291.0,5347.0,5323.0,17.0,0.319368777005448,2348.0,18779.508
AGL.SHF,20210624,5351.0,5428.0,5328.0,5346.0,5347.0,14.0,0.2618290630259959,1637.0,13195.7565
AGL.SHF,20210625,5369.0,5410.0,5349.0,5381.0,5346.0,8.0,0.14964459408903852,1926.0,15530.409
AGL.SHF,20210628,5399.0,5412.0,5298.0,5375.0,5381.0,0.0,0.0,2330.0,18786.21
AGL.SHF,20210629,5375.0,5391.0,5333.0,5347.0,5375.0,-28.0,-0.5209302325581395,1136.0,9141.198
AGL.SHF,20210630,5294.0,5320.0,5261.0,5292.0,5347.0,-72.0,-1.346549466990836,1249.0,9922.557
AGL.SHF,20210701,5309.0,5414.0,5309.0,5398.0,5292.0,102.0,1.9274376417233559,777.0,6279.3135
AGL.SHF,20210702,5431.0,5431.0,5363.0,5374.0,5398.0,-13.0,-0.24082993701370878,404.0,3261.297
AGL.SHF,20210705,5434.0,5484.0,5414.0,5472.0,5374.0,91.0,1.6933382954968366,434.0,3551.571
AGL.SHF,20210706,5456.0,5502.0,5399.0,5488.0,5472.0,33.0,0.6030701754385964,90.0,736.86
AGL.SHF,20210707,5493.0,5493.0,5380.0,5438.0,5488.0,-20.0,-0.36443148688046645,232.0,1891.308
AGL.SHF,20210708,5438.0,5438.0,5350.0,5350.0,5438.0,-84.0,-1.5446855461566753,210.0,1706.127
AGL.SHF,20210709,5388.0,5417.0,5338.0,5347.0,5350.0,-69.0,-1.2897196261682242,500.0,4051.491
AGL.SHF,20210712,5365.0,5463.0,5340.0,5371.0,5347.0,-30.0,-0.5610622779128484,576.0,4663.236
AGL.SHF,20210713,5428.0,5437.0,5401.0,5425.0,5371.0,28.0,0.5213181902811395,64.0,519.747
AGL.SHF,20210714,5425.0,5440.0,5365.0,5391.0,5425.0,-23.0,-0.423963133640553,210.0,1701.858
AGL.SHF,20210715,5435.0,5455.0,5400.0,5440.0,5391.0,38.0,0.7048785012057133,76.0,619.152
AGL.SHF,20210716,5415.0,5490.0,5415.0,5432.0,5440.0,-11.0,-0.2022058823529412,4067.0,33319.6455
AGL.SHF,20210719,5417.0,5434.0,5255.0,5265.0,5432.0,-196.0,-3.608247422680412,4478.0,35858.5545
AGL.SHF,20210720,5265.0,5275.0,5207.0,5215.0,5265.0,-123.0,-2.336182336182336,4134.0,32467.911
AGL.SHF,20210721,5224.0,5244.0,5146.0,5225.0,5215.0,-10.0,-0.19175455417066153,3427.0,26730.3255
AGL.SHF,20210722,5210.0,5265.0,5205.0,5257.0,5225.0,58.0,1.1100478468899522,2082.0,16374.657
AGL.SHF,20210723,5217.0,5298.0,5217.0,5281.0,5257.0,38.0,0.7228457295035191,2843.0,22472.2425
AGL.SHF,20210726,5257.0,5310.0,5224.0,5275.0,5281.0,6.0,0.11361484567316796,2351.0,18583.9905
AGL.SHF,20210727,5273.0,5280.0,5230.0,5251.0,5275.0,-18.0,-0.3412322274881517,2174.0,17134.542
AGL.SHF,20210728,5254.0,5280.0,5168.0,5214.0,5251.0,-40.0,-0.7617596648257474,1948.0,15234.6945
AGL.SHF,20210729,5214.0,5314.0,5182.0,5314.0,5214.0,101.0,1.9370924434215575,1786.0,14093.2365
AGL.SHF,20210730,5341.0,5370.0,5321.0,5336.0,5314.0,76.0,1.4301844185171246,2344.0,18790.1865
AGL.SHF,20210802,5325.0,5353.0,5300.0,5330.0,5336.0,-14.0,-0.26236881559220393,708.0,5650.578
AGL.SHF,20210803,5302.0,5341.0,5280.0,5284.0,5330.0,-36.0,-0.6754221388367729,656.0,5217.93
AGL.SHF,20210804,5318.0,5363.0,5318.0,5363.0,5284.0,61.0,1.1544284632853898,120.0,963.438
AGL.SHF,20210805,5401.0,5411.0,5294.0,5308.0,5363.0,-44.0,-0.8204363229535707,634.0,5059.674
AGL.SHF,20210806,5312.0,5312.0,5240.0,5255.0,5308.0,-65.0,-1.2245666917859834,720.0,5678.133
AGL.SHF,20210809,5156.0,5159.0,5008.0,5061.0,5255.0,-196.0,-3.7297811607992384,652.0,4957.974
AGL.SHF,20210810,5061.0,5073.0,4983.0,5027.0,5061.0,-42.0,-0.8298755186721992,574.0,4316.268
AGL.SHF,20210811,4983.0,5028.0,4962.0,5000.0,5027.0,-13.0,-0.258603540879252,1272.0,9508.08
AGL.SHF,20210812,5057.0,5060.0,5040.0,5055.0,5000.0,72.0,1.44,374.0,2832.594
AGL.SHF,20210813,4985.0,5038.0,4985.0,5038.0,5055.0,-11.0,-0.2176063303659743,856.0,6406.842
AGL.SHF,20210816,4551.0,5070.0,4551.0,5032.0,5038.0,43.0,0.8535132989281461,144.0,1091.322
AGL.SHF,20210817,5089.0,5126.0,5078.0,5100.0,5032.0,5.0,0.09936406995230523,7859.0,60181.074
AGL.SHF,20210818,5087.0,5099.0,5044.0,5090.0,5100.0,-15.0,-0.29411764705882354,6206.0,47199.9045
AGL.SHF,20210819,5070.0,5079.0,4946.0,4994.0,5090.0,-76.0,-1.493123772102161,10025.0,75246.5415
AGL.SHF,20210820,5000.0,5034.0,4971.0,5009.0,4994.0,6.0,0.12014417300760913,5533.0,41488.1295
AGL.SHF,20210823,4986.0,5004.0,4898.0,4981.0,5009.0,-17.0,-0.33938909962068275,12926.0,96273.927
AGL.SHF,20210824,5030.0,5077.0,5028.0,5060.0,4981.0,95.0,1.9072475406544869,4134.0,31356.579
AGL.SHF,20210825,5080.0,5109.0,5060.0,5062.0,5060.0,6.0,0.11857707509881424,7030.0,53590.36
AGL.SHF,20210826,5085.0,5096.0,5033.0,5038.0,5062.0,-44.0,-0.869221651521138,4484.0,34131.33
AGL.SHF,20210827,5021.0,5076.0,4998.0,5064.0,5038.0,-10.0,-0.19849146486701072,3571.0,26963.691
AGL.SHF,20210830,5052.0,5158.0,4990.0,5107.0,5064.0,74.0,1.4612954186413902,3431.0,26279.9835
AGL.SHF,20210831,5121.0,5145.0,5090.0,5138.0,5107.0,32.0,0.6265909535931075,1590.0,12196.9395
AGL.SHF,20210901,5116.0,5131.0,5069.0,5086.0,5138.0,-28.0,-0.544959128065395,3177.0,24299.53
AGL.SHF,20210902,5133.0,5152.0,5118.0,5136.0,5086.0,37.0,0.7274872198191112,2428.0,18724.87
AGL.SHF,20210903,5109.0,5109.0,5085.0,5101.0,5136.0,-40.0,-0.778816199376947,380.0,2905.01
AGL.SHF,20210906,5169.0,5263.0,5159.0,5256.0,5101.0,160.0,3.1366398745344046,514.0,4040.47
AGL.SHF,20210907,5238.0,5275.0,5210.0,5211.0,5256.0,-29.0,-0.5517503805175038,566.0,4448.51
AGL.SHF,20210908,5195.0,5204.0,5162.0,5162.0,5211.0,-77.0,-1.4776434465553636,102.0,791.3
AGL.SHF,20210909,5150.0,5163.0,5076.0,5081.0,5162.0,-90.0,-1.743510267338241,344.0,2632.24
AGL.SHF,20210910,5116.0,5149.0,5091.0,5131.0,5081.0,30.0,0.5904349537492619,464.0,3562.66
AGL.SHF,20210913,5094.0,5108.0,5023.0,5023.0,5131.0,-95.0,-1.8514909374390955,40.0,304.83
AGL.SHF,20210914,4964.0,5057.0,4917.0,5057.0,5023.0,-23.0,-0.45789368903045985,38.0,284.66
AGL.SHF,20210915,4867.0,5060.0,4867.0,5025.0,5057.0,31.0,0.6130116669962428,192.0,1448.13
AGL.SHF,20210916,5030.0,5063.0,4980.0,4993.0,5025.0,-53.0,-1.0547263681592038,3105.0,23408.8
AGL.SHF,20210917,4889.0,4914.0,4814.0,4847.0,4993.0,-179.0,-3.585019026637292,5930.0,43171.2
AGL.SHF,20210922,4763.0,4893.0,4763.0,4863.0,4847.0,10.0,0.20631318341242005,1989.0,14481.42
AGL.SHF,20210923,4864.0,4931.0,4798.0,4827.0,4863.0,-26.0,-0.5346493933785729,2609.0,19011.09
AGL.SHF,20210924,4861.0,4861.0,4810.0,4834.0,4827.0,-23.0,-0.47648643049513156,2424.0,17555.85
AGL.SHF,20210927,4792.0,4840.0,4711.0,4824.0,4834.0,-4.0,-0.08274720728175423,1526.0,10950.1
AGL.SHF,20210928,4824.0,4860.0,4744.0,4750.0,4824.0,-33.0,-0.6840796019900498,1965.0,14136.86
AGL.SHF,20210929,4707.0,4802.0,4702.0,4732.0,4750.0,-64.0,-1.3473684210526315,1150.0,8220.75
AGL.SHF,20210930,4693.0,4699.0,4529.0,4529.0,4732.0,-236.0,-4.987320371935756,1396.0,9672.19
AGL.SHF,20211008,4795.0,4815.0,4746.0,4761.0,4529.0,142.0,3.1353499668801064,602.0,4307.77
AGL.SHF,20211011,4886.0,4896.0,4794.0,4798.0,4761.0,28.0,0.5881117412308339,862.0,6253.62
AGL.SHF,20211012,4789.0,4835.0,4774.0,4794.0,4798.0,-42.0,-0.8753647353063776,650.0,4685.12
AGL.SHF,20211013,4805.0,4805.0,4805.0,4805.0,4794.0,0.0,0.0,0.0,0.0
AGL.SHF,20211014,4849.0,4849.0,4849.0,4849.0,4805.0,44.0,0.9157127991675338,10.0,72.74
AGL.SHF,20211015,4900.0,4961.0,4900.0,4961.0,4849.0,112.0,2.3097545885749637,124.0,918.62
AGL.SHF,20211018,4900.0,4961.0,4894.0,4925.0,4961.0,-32.0,-0.6450312437008667,1993.0,14740.91
AGL.SHF,20211019,4925.0,4979.0,4868.0,4977.0,4925.0,47.0,0.9543147208121827,1629.0,12040.26
AGL.SHF,20211020,5001.0,5055.0,4927.0,4986.0,4977.0,59.0,1.1854530841872613,1687.0,12601.93
AGL.SHF,20211021,5022.0,5072.0,4986.0,5003.0,4986.0,23.0,0.4612916165262736,1492.0,11272.12
AGL.SHF,20211022,5003.0,5011.0,4940.0,4995.0,5003.0,-41.0,-0.8195082950229863,713.0,5318.54
AGL.SHF,20211025,5049.0,5096.0,4969.0,4993.0,4995.0,21.0,0.42042042042042044,2017.0,15191.25
AGL.SHF,20211026,4993.0,5030.0,4977.0,4981.0,4993.0,-40.0,-0.8011215701982776,1801.0,13531.63
AGL.SHF,20211027,4981.0,4981.0,4871.0,4899.0,4981.0,-109.0,-2.1883155992772534,1118.0,8216.55
AGL.SHF,20211028,4919.0,4942.0,4884.0,4911.0,4899.0,12.0,0.2449479485609308,1696.0,12461.9
AGL.SHF,20211029,4911.0,4943.0,4790.0,4804.0,4911.0,-94.0,-1.9140704540826714,1253.0,9184.68
AGL.SHF,20211101,4828.0,4877.0,4825.0,4857.0,4804.0,-29.0,-0.6036636136552873,338.0,2462.58
AGL.SHF,20211102,4897.0,4916.0,4885.0,4896.0,4857.0,39.0,0.8029647930821495,634.0,4659.48
AGL.SHF,20211103,4865.0,4866.0,4782.0,4806.0,4896.0,-93.0,-1.8995098039215685,428.0,3091.82
AGL.SHF,20211104,4788.0,4846.0,4734.0,4806.0,4806.0,-9.0,-0.18726591760299627,70.0,502.54
AGL.SHF,20211105,4874.0,4890.0,4853.0,4879.0,4806.0,93.0,1.9350811485642945,74.0,541.61
AGL.SHF,20211108,4882.0,4987.0,4882.0,4969.0,4879.0,90.0,1.8446402951424472,122.0,901.07
AGL.SHF,20211109,4964.0,5002.0,4964.0,4980.0,4969.0,57.0,1.1471120949889315,70.0,523.16
AGL.SHF,20211110,4983.0,5007.0,4909.0,4986.0,4980.0,4.0,0.08032128514056225,568.0,4235.12
AGL.SHF,20211111,5100.0,5100.0,5100.0,5100.0,4986.0,130.0,2.6073004412354592,0.0,0.0
AGL.SHF,20211112,5100.0,5100.0,5100.0,5100.0,5100.0,0.0,0.0,0.0,0.0
AGL.SHF,20211115,4901.0,4901.0,4901.0,4901.0,5100.0,-199.0,-3.9019607843137254,4.0,29.41
AGL.SHF,20211116,5160.0,5176.0,5112.0,5130.0,4901.0,-40.0,-0.8161599673536014,430246.0,3317176.05
AGL.SHF,20211117,5162.0,5215.0,5109.0,5153.0,5130.0,14.0,0.27290448343079926,571511.0,4412027.78
AGL.SHF,20211118,5172.0,5179.0,5093.0,5125.0,5153.0,-21.0,-0.4075295944110227,412359.0,3181986.58
AGL.SHF,20211119,5142.0,5143.0,5063.0,5087.0,5125.0,-57.0,-1.1121951219512194,488803.0,3738504.64
AGL.SHF,20211122,5063.0,5126.0,5039.0,5067.0,5087.0,-31.0,-0.6093965008846078,533144.0,4064093.37
AGL.SHF,20211123,5057.0,5093.0,4912.0,4920.0,5067.0,-161.0,-3.177422537990922,628415.0,4728156.9
AGL.SHF,20211124,4885.0,4885.0,4817.0,4863.0,4920.0,-152.0,-3.089430894308943,528912.0,3847317.52
AGL.SHF,20211125,4821.0,4887.0,4821.0,4874.0,4863.0,25.0,0.5140859551717047,383369.0,2794817.28
AGL.SHF,20211126,4865.0,4875.0,4844.0,4873.0,4874.0,13.0,0.2667213787443578,205617.0,1498981.58
AGL.SHF,20211129,4870.0,4871.0,4745.0,4826.0,4873.0,-34.0,-0.697722142417402,388400.0,2805628.16
AGL.SHF,20211130,4815.0,4822.0,4688.0,4713.0,4826.0,-102.0,-2.113551595524244,130014.0,926331.56
AGL.SHF,20211201,4710.0,4788.0,4650.0,4714.0,4713.0,-35.0,-0.7426267769997879,40595.0,287123.86
AGL.SHF,20211202,4710.0,4715.0,4602.0,4636.0,4714.0,-79.0,-1.6758591429783622,46960.0,330239.95
AGL.SHF,20211203,4636.0,4667.0,4614.0,4640.0,4636.0,-48.0,-1.0353753235547885,14928.0,103964.66
AGL.SHF,20211206,4641.0,4689.0,4591.0,4663.0,4640.0,21.0,0.45258620689655177,21826.0,152459.11
AGL.SHF,20211207,4657.0,4669.0,4617.0,4659.0,4663.0,3.0,0.06433626420759168,10760.0,74940.79
AGL.SHF,20211208,4670.0,4680.0,4620.0,4645.0,4659.0,2.0,0.042927666881305,8970.0,62615.7
AGL.SHF,20211209,4633.0,4648.0,4602.0,4604.0,4645.0,-49.0,-1.054897739504844,8276.0,57481.13
AGL.SHF,20211210,4592.0,4598.0,4463.0,4519.0,4604.0,-111.0,-2.410947002606429,22850.0,156167.33
AGL.SHF,20211213,4539.0,4639.0,4463.0,4628.0,4519.0,72.0,1.5932728479752158,6902.0,47765.79
AGL.SHF,20211214,4628.0,4665.0,4613.0,4646.0,4628.0,33.0,0.7130509939498704,2836.0,19744.04
AGL.SHF,20211215,4629.0,4630.0,4547.0,4596.0,4646.0,-45.0,-0.9685751183814033,1558.0,10736.03
AGL.SHF,20211216,4595.0,4676.0,4550.0,4674.0,4596.0,60.0,1.3054830287206265,12221.0,84754.41
AGL.SHF,20211217,4674.0,4764.0,4674.0,4737.0,4674.0,114.0,2.4390243902439024,11694.0,82923.06
AGL.SHF,20211220,4773.0,4782.0,4698.0,4723.0,4737.0,-4.0,-0.08444162972345366,11698.0,83222.01
AGL.SHF,20211221,4697.0,4752.0,4680.0,4733.0,4723.0,-9.0,-0.1905568494600889,6419.0,45393.57
AGL.SHF,20211222,4797.0,4808.0,4743.0,4754.0,4733.0,40.0,0.8451299387280795,4215.0,30140.58
AGL.SHF,20211223,4776.0,4816.0,4758.0,4808.0,4754.0,41.0,0.8624316365166175,3199.0,23002.43
AGL.SHF,20211224,4801.0,4826.0,4765.0,4808.0,4808.0,15.0,0.3119800332778702,3994.0,28749.38
AGL.SHF,20211227,4808.0,4847.0,4760.0,4777.0,4808.0,-21.0,-0.43677204658901825,3489.0,25078.91
AGL.SHF,20211228,4777.0,4816.0,4740.0,4809.0,4777.0,18.0,0.37680552648105503,3015.0,21649.95
AGL.SHF,20211229,4820.0,4846.0,4768.0,4797.0,4809.0,10.0,0.2079434393844874,2791.0,20082.72
AGL.SHF,20211230,4754.0,4764.0,4713.0,4722.0,4797.0,-75.0,-1.5634771732332706,5090.0,36133.42
AGL.SHF,20211231,4752.0,4818.0,4742.0,4807.0,4722.0,75.0,1.588310038119441,5394.0,38845.94
AGL.SHF,20220104,4765.0,4792.0,4711.0,4714.0,4807.0,-87.0,-1.8098606199292697,2556.0,18124.64
AGL.SHF,20220105,4714.0,4759.0,4700.0,4718.0,4714.0,-9.0,-0.19092066185829445,2404.0,17057.28
AGL.SHF,20220106,4740.0,4770.0,4630.0,4642.0,4718.0,-88.0,-1.8651971174226365,4104.0,28756.79
AGL.SHF,20220107,4572.0,4609.0,4548.0,4553.0,4642.0,-118.0,-2.5420077552778975,2466.0,16919.87
AGL.SHF,20220110,4574.0,4610.0,4566.0,4580.0,4553.0,6.0,0.13178124313639358,1750.0,12028.04
AGL.SHF,20220111,4591.0,4668.0,4584.0,4648.0,4580.0,66.0,1.4410480349344978,988.0,6856.55
AGL.SHF,20220112,4654.0,4690.0,4637.0,4685.0,4648.0,59.0,1.2693631669535284,754.0,5282.88
AGL.SHF,20220113,4688.0,4762.0,4586.0,4754.0,4685.0,84.0,1.7929562433297759,566.0,4032.08
AGL.SHF,20220114,4652.0,4759.0,4652.0,4735.0,4754.0,-14.0,-0.2944888514934792,654.0,4637.1
AGL.SHF,20220117,4289.0,4703.0,4289.0,4695.0,4735.0,-31.0,-0.6546990496304118,586.0,4096.41
AGL.SHF,20220118,4720.0,4735.0,4696.0,4723.0,4695.0,2.0,0.042598509052183174,2998.0,21205.59
AGL.SHF,20220119,4721.0,4874.0,4703.0,4867.0,4723.0,152.0,3.2182934575481688,7907.0,57175.2
AGL.SHF,20220120,4892.0,4988.0,4862.0,4945.0,4867.0,125.0,2.5683172385453052,7513.0,55438.56
AGL.SHF,20220121,4945.0,5072.0,4930.0,5036.0,4945.0,117.0,2.366026289180991,5619.0,42262.89
AGL.SHF,20220124,5021.0,5044.0,4926.0,4940.0,5036.0,-74.0,-1.4694201747418585,3097.0,23090.64
AGL.SHF,20220125,4918.0,4930.0,4851.0,4883.0,4940.0,-87.0,-1.7611336032388663,3231.0,23656.36
AGL.SHF,20220126,4871.0,4934.0,4860.0,4865.0,4883.0,-16.0,-0.32766741757116524,2957.0,21660.98
AGL.SHF,20220127,4886.0,4910.0,4725.0,4738.0,4865.0,-145.0,-2.9804727646454263,3784.0,27310.57
AGL.SHF,20220128,4738.0,4764.0,4647.0,4749.0,4738.0,-62.0,-1.3085690164626425,3145.0,22244.27
AGL.SHF,20220207,4685.0,4720.0,4682.0,4696.0,4749.0,-19.0,-0.40008422825858075,1238.0,8722.18
AGL.SHF,20220208,4731.0,4755.0,4710.0,4730.0,4696.0,34.0,0.7240204429301533,2456.0,17428.57
AGL.SHF,20220209,4726.0,4807.0,4723.0,4788.0,4730.0,58.0,1.226215644820296,2030.0,14546.35
AGL.SHF,20220210,4784.0,4801.0,4757.0,4791.0,4788.0,14.0,0.29239766081871343,2492.0,17860.61
AGL.SHF,20220211,4802.0,4812.0,4720.0,4720.0,4791.0,-58.0,-1.2106032143602588,1072.0,7667.59
AGL.SHF,20220214,4729.0,4883.0,4729.0,4868.0,4720.0,100.0,2.11864406779661,628.0,4565.59
AGL.SHF,20220215,4876.0,4916.0,4876.0,4885.0,4868.0,39.0,0.8011503697617091,446.0,3277.13
AGL.SHF,20220216,4792.0,4802.0,4748.0,4795.0,4885.0,-102.0,-2.0880245649948823,4436.0,31774.79
AGL.SHF,20220217,4794.0,4833.0,4773.0,4807.0,4795.0,32.0,0.6673618352450469,5591.0,40304.97
AGL.SHF,20220218,4831.0,4910.0,4824.0,4887.0,4807.0,82.0,1.7058456417724153,4174.0,30451.38
AGL.SHF,20220221,4881.0,4914.0,4837.0,4847.0,4887.0,-16.0,-0.3273992224268467,4812.0,35190.71
AGL.SHF,20220222,4852.0,4975.0,4852.0,4950.0,4847.0,75.0,1.5473488755931504,4067.0,29894.59
AGL.SHF,20220223,4920.0,4966.0,4907.0,4936.0,4950.0,36.0,0.7272727272727273,5201.0,38516.07
AGL.SHF,20220224,4936.0,5128.0,4922.0,5096.0,4936.0,159.0,3.2212317666126413,3092.0,23271.26
AGL.SHF,20220225,5199.0,5199.0,4935.0,4960.0,5096.0,-57.0,-1.1185243328100472,3300.0,24691.95
AGL.SHF,20220228,4910.0,4983.0,4850.0,4971.0,4960.0,-17.0,-0.342741935483871,1356.0,9987.9
AGL.SHF,20220301,4940.0,4979.0,4914.0,4957.0,4971.0,47.0,0.9454838060752363,1809.0,13408.21
AGL.SHF,20220302,4972.0,5104.0,4967.0,5041.0,4957.0,100.0,2.017349203147065,812.0,6170.27
AGL.SHF,20220303,5037.0,5076.0,5037.0,5073.0,5041.0,8.0,0.1586986708986312,312.0,2367.95
AGL.SHF,20220304,5094.0,5094.0,5019.0,5033.0,5073.0,-26.0,-0.5125172481766214,936.0,7078.87
AGL.SHF,20220307,5041.0,5234.0,5041.0,5130.0,5033.0,89.0,1.7683290284124777,898.0,6953.36
AGL.SHF,20220308,5131.0,5276.0,5060.0,5224.0,5130.0,62.0,1.2085769980506822,836.0,6434.23
AGL.SHF,20220309,5225.0,5377.0,5195.0,5377.0,5224.0,247.0,4.728177641653905,1918.0,15338.02
AGL.SHF,20220310,5218.0,5261.0,5006.0,5113.0,5377.0,-218.0,-4.054305374744281,330.0,2534.2
AGL.SHF,20220311,5152.0,5166.0,5110.0,5126.0,5113.0,7.0,0.13690592607079993,142.0,1096.13
AGL.SHF,20220314,5105.0,5105.0,5030.0,5070.0,5126.0,-76.0,-1.48263753413968,1198.0,9104.76
AGL.SHF,20220315,5010.0,5010.0,4942.0,4963.0,5070.0,-103.0,-2.031558185404339,238.0,1774.26
AGL.SHF,20220316,4958.0,5019.0,4954.0,5000.0,4963.0,11.0,0.2216401370139029,3107.0,23256.91
AGL.SHF,20220317,5019.0,5097.0,4926.0,5085.0,5000.0,95.0,1.9,3957.0,29634.69
AGL.SHF,20220318,5111.0,5142.0,5093.0,5102.0,5085.0,110.0,2.1632251720747298,2461.0,18885.23
AGL.SHF,20220321,5078.0,5093.0,5057.0,5070.0,5102.0,-45.0,-0.8820070560564485,2290.0,17452.41
AGL.SHF,20220322,5084.0,5179.0,5049.0,5147.0,5070.0,67.0,1.321499013806706,2155.0,16546.05
AGL.SHF,20220323,5085.0,5093.0,5033.0,5072.0,5147.0,-46.0,-0.8937244997085682,1368.0,10382.88
AGL.SHF,20220324,5077.0,5157.0,5077.0,5109.0,5072.0,50.0,0.9858044164037855,1209.0,9281.2
AGL.SHF,20220325,5157.0,5248.0,5151.0,5218.0,5109.0,101.0,1.976903503621061,2482.0,19388.34
AGL.SHF,20220328,5218.0,5218.0,5030.0,5140.0,5218.0,-67.0,-1.2840168646991184,924.0,7167.3
AGL.SHF,20220329,5140.0,5143.0,5093.0,5096.0,5140.0,-75.0,-1.4591439688715953,132.0,1012.83
AGL.SHF,20220330,4949.0,5062.0,4939.0,5046.0,5096.0,-69.0,-1.3540031397174255,579.0,4382.93
AGL.SHF,20220331,5044.0,5067.0,4980.0,4998.0,5046.0,-48.0,-0.9512485136741973,172.0,1297.31
AGL.SHF,20220401,5029.0,5052.0,5011.0,5019.0,4998.0,-9.0,-0.18007202881152462,84.0,634.83
AGL.SHF,20220406,4906.0,4962.0,4900.0,4962.0,5019.0,-76.0,-1.5142458657103008,42.0,311.7
AGL.SHF,20220407,4957.0,4984.0,4935.0,4941.0,4962.0,-6.0,-0.12091898428053204,108.0,802.58
AGL.SHF,20220408,4955.0,5020.0,4955.0,5015.0,4941.0,61.0,1.2345679012345678,320.0,2403.71
AGL.SHF,20220411,4993.0,5085.0,4993.0,5067.0,5015.0,60.0,1.1964107676969093,826.0,6273.35
AGL.SHF,20220412,5110.0,5248.0,5099.0,5160.0,5067.0,97.0,1.9143477402802447,248.0,1910.45
AGL.SHF,20220413,5135.0,5135.0,5135.0,5135.0,5160.0,0.0,0.0,0.0,0.0
AGL.SHF,20220414,5215.0,5300.0,5215.0,5300.0,5135.0,165.0,3.213242453748783,26.0,206.1
AGL.SHF,20220415,5165.0,5212.0,5165.0,5210.0,5300.0,-74.0,-1.3962264150943398,48.0,374.08
AGL.SHF,20220418,5220.0,5332.0,5220.0,5270.0,5210.0,63.0,1.2092130518234165,3865.0,30521.31
AGL.SHF,20220419,5298.0,5324.0,5243.0,5252.0,5270.0,-12.0,-0.22770398481973433,2684.0,21315.36
AGL.SHF,20220420,5255.0,5255.0,5124.0,5132.0,5252.0,-162.0,-3.0845392231530844,3008.0,23451.01
AGL.SHF,20220421,5151.0,5179.0,5139.0,5165.0,5132.0,-32.0,-0.6235385814497272,2146.0,16597.33
AGL.SHF,20220422,5121.0,5127.0,5072.0,5088.0,5165.0,-68.0,-1.3165537270087124,1737.0,13295.9
AGL.SHF,20220425,5059.0,5084.0,4964.0,4980.0,5088.0,-123.0,-2.4174528301886795,1311.0,9913.16
AGL.SHF,20220426,4947.0,5002.0,4942.0,4959.0,4980.0,-82.0,-1.6465863453815262,816.0,6073.33
AGL.SHF,20220427,4959.0,4978.0,4933.0,4933.0,4959.0,-28.0,-0.5646299657188949,468.0,3477.4
AGL.SHF,20220428,4941.0,4979.0,4858.0,4896.0,4933.0,-57.0,-1.1554834786134198,739.0,5453.91
AGL.SHF,20220429,4899.0,4956.0,4886.0,4941.0,4896.0,21.0,0.428921568627451,428.0,3164.12
AGL.SHF,20220505,4898.0,4955.0,4898.0,4920.0,4941.0,-8.0,-0.16191054442420563,763.0,5649.58
AGL.SHF,20220506,4941.0,4947.0,4782.0,4811.0,4920.0,-125.0,-2.540650406504065,250.0,1819.28
AGL.SHF,20220509,4819.0,4857.0,4809.0,4814.0,4811.0,-37.0,-0.7690708792350863,1210.0,8746.45
AGL.SHF,20220510,4768.0,4804.0,4757.0,4782.0,4814.0,-36.0,-0.7478188616535106,612.0,4402.23
AGL.SHF,20220511,4782.0,4870.0,4658.0,4733.0,4782.0,-62.0,-1.2965286491007948,636.0,4552.74
AGL.SHF,20220512,4767.0,4767.0,4767.0,4767.0,4733.0,-5.0,-0.10564124234100994,0.0,0.0
AGL.SHF,20220513,4632.0,4632.0,4628.0,4632.0,4767.0,-135.0,-2.8319697923222154,24.0,166.7
AGL.SHF,20220516,4660.0,4660.0,4655.0,4655.0,4632.0,25.0,0.5397236614853195,12.0,83.87
AGL.SHF,20220517,4686.0,4765.0,4677.0,4750.0,4655.0,113.0,2.42749731471536,403220.0,2862663.85
AGL.SHF,20220518,4756.0,4757.0,4700.0,4707.0,4750.0,-26.0,-0.5473684210526315,304091.0,2155799.8
AGL.SHF,20220519,4716.0,4731.0,4675.0,4707.0,4707.0,-19.0,-0.4036541321436159,346753.0,2447255.94
AGL.SHF,20220520,4754.0,4787.0,4748.0,4775.0,4707.0,70.0,1.4871468026343744,366734.0,2624854.3
AGL.SHF,20220523,4741.0,4767.0,4714.0,4757.0,4775.0,-14.0,-0.2931937172774869,340757.0,2422910.53
AGL.SHF,20220524,4761.0,4764.0,4701.0,4731.0,4757.0,-9.0,-0.18919487071683833,233329.0,1653873.83
AGL.SHF,20220525,4750.0,4793.0,4746.0,4763.0,4731.0,38.0,0.8032128514056224,252946.0,1810728.75
AGL.SHF,20220526,4763.0,4763.0,4730.0,4745.0,4763.0,-27.0,-0.5668696199874029,168161.0,1197267.98
AGL.SHF,20220527,4754.0,4799.0,4740.0,4799.0,4745.0,53.0,1.1169652265542678,154105.0,1103602.64
AGL.SHF,20220530,4800.0,4826.0,4747.0,4758.0,4799.0,-16.0,-0.3334027922483851,74636.0,534982.69
AGL.SHF,20220531,4746.0,4747.0,4649.0,4672.0,4758.0,-106.0,-2.2278268179907523,52094.0,366720.15
AGL.SHF,20220601,4638.0,4689.0,4625.0,4639.0,4672.0,-54.0,-1.1558219178082192,15191.0,105924.33
AGL.SHF,20220602,4676.0,4713.0,4654.0,4705.0,4639.0,57.0,1.2287130847165337,11670.0,82044.25
AGL.SHF,20220606,4692.0,4792.0,4686.0,4782.0,4705.0,96.0,2.0403825717322,11172.0,79921.43
AGL.SHF,20220607,4791.0,4807.0,4720.0,4736.0,4782.0,-33.0,-0.6900878293601004,8536.0,60936.45
AGL.SHF,20220608,4732.0,4775.0,4727.0,4770.0,4736.0,11.0,0.23226351351351351,7200.0,51417.2
AGL.SHF,20220609,4757.0,4776.0,4730.0,4739.0,4770.0,-21.0,-0.44025157232704404,10576.0,75358.58
AGL.SHF,20220610,4720.0,4741.0,4648.0,4663.0,4739.0,-87.0,-1.8358303439544206,11890.0,83290.97
AGL.SHF,20220613,4623.0,4753.0,4610.0,4700.0,4663.0,30.0,0.6433626420759168,2386.0,16827.23
AGL.SHF,20220614,4636.0,4665.0,4512.0,4637.0,4700.0,-64.0,-1.3617021276595744,536.0,3702.82
AGL.SHF,20220615,4570.0,4806.0,4570.0,4700.0,4637.0,95.0,2.0487384084537417,316.0,2188.33
AGL.SHF,20220616,4672.0,4717.0,4646.0,4695.0,4700.0,89.0,1.8936170212765957,7768.0,54565.47
AGL.SHF,20220617,4699.0,4760.0,4679.0,4748.0,4695.0,66.0,1.4057507987220448,6554.0,46433.07
AGL.SHF,20220620,4748.0,4757.0,4650.0,4692.0,4748.0,-31.0,-0.6529064869418703,7263.0,51148.45
AGL.SHF,20220621,4683.0,4702.0,4645.0,4646.0,4692.0,-48.0,-1.0230179028132993,4033.0,28300.99
AGL.SHF,20220622,4690.0,4725.0,4612.0,4625.0,4646.0,-53.0,-1.140766250538097,5079.0,35532.09
AGL.SHF,20220623,4645.0,4663.0,4600.0,4623.0,4625.0,-40.0,-0.8648648648648649,7016.0,48823.17
AGL.SHF,20220624,4620.0,4641.0,4464.0,4500.0,4623.0,-139.0,-3.0067056024226693,8452.0,57564.87
AGL.SHF,20220627,4498.0,4619.0,4439.0,4609.0,4500.0,69.0,1.5333333333333332,4547.0,31032.81
AGL.SHF,20220628,4609.0,4621.0,4530.0,4582.0,4609.0,33.0,0.7159904534606205,2846.0,19477.77
AGL.SHF,20220629,4582.0,4586.0,4491.0,4508.0,4582.0,-54.0,-1.1785246617197729,2339.0,15988.46
AGL.SHF,20220630,4523.0,4562.0,4475.0,4485.0,4508.0,-72.0,-1.5971606033717833,10773.0,73068.53
AGL.SHF,20220701,4480.0,4496.0,4334.0,4335.0,4485.0,-186.0,-4.147157190635451,16196.0,108710.18
AGL.SHF,20220704,4281.0,4335.0,4275.0,4304.0,4335.0,-170.0,-3.9215686274509802,2030.0,13108.39
AGL.SHF,20220705,4312.0,4400.0,4301.0,4367.0,4304.0,63.0,1.4637546468401488,458.0,2994.74
AGL.SHF,20220706,4354.0,4354.0,4138.0,4200.0,4367.0,-159.0,-3.6409434394321045,1794.0,11344.01
AGL.SHF,20220707,4214.0,4255.0,4154.0,4228.0,4200.0,13.0,0.30952380952380953,2092.0,13188.62
AGL.SHF,20220708,4230.0,4264.0,4198.0,4204.0,4228.0,2.0,0.04730368968779565,1394.0,8830.64
AGL.SHF,20220711,4187.0,4247.0,4187.0,4211.0,4204.0,-12.0,-0.285442435775452,348.0,2198.41
AGL.SHF,20220712,4217.0,4222.0,4121.0,4179.0,4211.0,-32.0,-0.759914509617668,926.0,5809.04
AGL.SHF,20220713,4081.0,4151.0,4081.0,4150.0,4179.0,-32.0,-0.765733429050012,20.0,123.82
AGL.SHF,20220714,4202.0,4202.0,4191.0,4191.0,4150.0,64.0,1.542168674698795,202.0,1271.36
AGL.SHF,20220715,4050.0,4050.0,4026.0,4026.0,4191.0,-169.0,-4.032450489143403,172.0,1043.14
AGL.SHF,20220718,4073.0,4145.0,4060.0,4135.0,4026.0,85.0,2.111276701440636,11353.0,69977.75
AGL.SHF,20220719,4134.0,4162.0,4081.0,4116.0,4135.0,7.0,0.16928657799274485,10781.0,66667.13
AGL.SHF,20220720,4127.0,4140.0,4108.0,4123.0,4116.0,1.0,0.024295432458697763,5016.0,31018.44
AGL.SHF,20220721,4133.0,4208.0,4101.0,4106.0,4123.0,-16.0,-0.38806694154741694,15005.0,93567.21
AGL.SHF,20220722,4116.0,4180.0,4116.0,4167.0,4106.0,10.0,0.24354603019970775,16729.0,104369.6
AGL.SHF,20220725,4167.0,4198.0,4092.0,4127.0,4167.0,-32.0,-0.7679385649148068,22089.0,137807.05
AGL.SHF,20220726,4127.0,4142.0,4088.0,4133.0,4127.0,-26.0,-0.6299975769323964,6786.0,41931.8
AGL.SHF,20220727,4133.0,4169.0,4124.0,4148.0,4133.0,29.0,0.7016694894749577,7757.0,48311.27
AGL.SHF,20220728,4159.0,4303.0,4120.0,4299.0,4148.0,147.0,3.543876567020251,8985.0,57303.74
AGL.SHF,20220729,4342.0,4453.0,4299.0,4435.0,4299.0,184.0,4.280065131425912,4431.0,29227.25
AGL.SHF,20220801,4402.0,4459.0,4387.0,4426.0,4435.0,29.0,0.6538895152198422,2578.0,17152.07
AGL.SHF,20220802,4450.0,4482.0,4412.0,4437.0,4426.0,2.0,0.045187528242205156,804.0,5373.8
AGL.SHF,20220803,4472.0,4472.0,4350.0,4387.0,4437.0,-68.0,-1.532567049808429,2396.0,15698.46
AGL.SHF,20220804,4424.0,4435.0,4386.0,4405.0,4387.0,38.0,0.8661955778436289,2250.0,14861.92
AGL.SHF,20220805,4427.0,4462.0,4410.0,4451.0,4405.0,48.0,1.0896708286038592,1788.0,11905.61
AGL.SHF,20220808,4331.0,4386.0,4312.0,4381.0,4451.0,-58.0,-1.3030779600089868,974.0,6376.4
AGL.SHF,20220809,4434.0,4522.0,4434.0,4500.0,4381.0,136.0,3.10431408354257,550.0,3703.21
AGL.SHF,20220810,4496.0,4510.0,4380.0,4459.0,4500.0,-29.0,-0.6444444444444445,436.0,2925.82
AGL.SHF,20220811,4267.0,4480.0,4267.0,4480.0,4459.0,7.0,0.15698587127158556,150.0,1006.72
AGL.SHF,20220812,4440.0,4457.0,4438.0,4448.0,4480.0,-26.0,-0.5803571428571429,362.0,2416.89
AGL.SHF,20220815,4560.0,4590.0,4525.0,4530.0,4448.0,80.0,1.7985611510791366,368.0,2512.87
AGL.SHF,20220816,4469.0,4469.0,4413.0,4437.0,4530.0,-89.0,-1.9646799116997793,6150.0,40949.23
AGL.SHF,20220817,4410.0,4445.0,4391.0,4426.0,4437.0,-12.0,-0.2704530087897228,7085.0,47015.96
AGL.SHF,20220818,4392.0,4400.0,4320.0,4323.0,4426.0,-100.0,-2.2593764121102575,7399.0,48238.16
AGL.SHF,20220819,4370.0,4372.0,4262.0,4293.0,4323.0,-53.0,-1.226000462641684,5836.0,37665.75
AGL.SHF,20220822,4277.0,4288.0,4230.0,4242.0,4293.0,-60.0,-1.397624039133473,5275.0,33632.92
AGL.SHF,20220823,4211.0,4297.0,4208.0,4261.0,4242.0,11.0,0.2593116454502593,5849.0,37409.82
AGL.SHF,20220824,4250.0,4316.0,4242.0,4298.0,4261.0,35.0,0.8214034264257217,4897.0,31506.6
AGL.SHF,20220825,4295.0,4332.0,4273.0,4321.0,4298.0,32.0,0.7445323406235459,4083.0,26388.48
AGL.SHF,20220826,4310.0,4318.0,4296.0,4306.0,4321.0,-2.0,-0.04628558204119417,4229.0,27305.36
AGL.SHF,20220829,4306.0,4354.0,4217.0,4227.0,4306.0,-77.0,-1.7882025081281931,5076.0,32438.77
AGL.SHF,20220830,4242.0,4276.0,4234.0,4239.0,4227.0,-21.0,-0.49680624556423,16287.0,103648.9
AGL.SHF,20220831,4222.0,4243.0,4190.0,4192.0,4239.0,-50.0,-1.179523472517103,2750.0,17347.01
AGL.SHF,20220901,4133.0,4163.0,4095.0,4116.0,4192.0,-89.0,-2.1230916030534353,3427.0,21146.73
AGL.SHF,20220902,4105.0,4164.0,4102.0,4151.0,4116.0,38.0,0.923226433430515,2856.0,17788.66
AGL.SHF,20220905,4172.0,4197.0,4166.0,4188.0,4151.0,36.0,0.8672609009877139,530.0,3323.51
AGL.SHF,20220906,4194.0,4225.0,4175.0,4221.0,4188.0,41.0,0.9789875835721109,1828.0,11568.86
AGL.SHF,20220907,4189.0,4197.0,4137.0,4178.0,4221.0,-41.0,-0.9713338071547027,1668.0,10389.38
AGL.SHF,20220908,4195.0,4250.0,4171.0,4245.0,4178.0,93.0,2.225945428434658,582.0,3690.83
AGL.SHF,20220909,4228.0,4387.0,4228.0,4320.0,4245.0,93.0,2.1908127208480566,970.0,6191.76
AGL.SHF,20220913,4440.0,4450.0,4438.0,4449.0,4320.0,194.0,4.490740740740741,70.0,466.28
AGL.SHF,20220914,4380.0,4390.0,4376.0,4390.0,4449.0,-50.0,-1.1238480557428634,208.0,1367.98
AGL.SHF,20220915,4420.0,4430.0,4352.0,4390.0,4390.0,6.0,0.1366742596810934,200.0,1319.07
AGL.SHF,20220916,4443.0,4443.0,4342.0,4356.0,4390.0,-56.0,-1.275626423690205,5913.0,38806.98
AGL.SHF,20220919,4360.0,4440.0,4348.0,4402.0,4356.0,27.0,0.6198347107438017,3967.0,26209.65
AGL.SHF,20220920,4397.0,4459.0,4385.0,4423.0,4402.0,19.0,0.4316219900045434,2874.0,19076.68
AGL.SHF,20220921,4395.0,4450.0,4365.0,4437.0,4423.0,12.0,0.27130906624463036,13747.0,90726.5
AGL.SHF,20220922,4489.0,4504.0,4428.0,4473.0,4437.0,74.0,1.6677935542032907,5101.0,34171.76
AGL.SHF,20220923,4541.0,4550.0,4490.0,4534.0,4473.0,68.0,1.520232506147999,12829.0,87302.68
AGL.SHF,20220926,4421.0,4468.0,4340.0,4361.0,4534.0,-175.0,-3.859726510807234,12723.0,84321.21
AGL.SHF,20220927,4399.0,4418.0,4310.0,4352.0,4361.0,-66.0,-1.5134143545058474,1838.0,12018.71
AGL.SHF,20220928,4366.0,4376.0,4272.0,4278.0,4352.0,-81.0,-1.8612132352941175,2647.0,17192.76
AGL.SHF,20220929,4314.0,4412.0,4302.0,4381.0,4278.0,51.0,1.1921458625525947,1099.0,7199.02
AGL.SHF,20220930,4354.0,4788.0,4340.0,4373.0,4381.0,6.0,0.13695503309746632,3160.0,20815.84
AGL.SHF,20221010,4581.0,4581.0,4511.0,4539.0,4373.0,148.0,3.384404299108164,1012.0,6881.26
AGL.SHF,20221011,4566.0,4566.0,4500.0,4521.0,4539.0,-12.0,-0.2643754130865829,1246.0,8463.56
AGL.SHF,20221012,4516.0,4588.0,4428.0,4527.0,4521.0,-1.0,-0.022119000221190004,994.0,6671.54
AGL.SHF,20221013,4474.0,4474.0,4333.0,4440.0,4527.0,-34.0,-0.751049259995582,268.0,1783.65
AGL.SHF,20221014,4390.0,4448.0,4390.0,4442.0,4440.0,6.0,0.13513513513513514,142.0,946.96
AGL.SHF,20221017,4406.0,4406.0,4309.0,4309.0,4442.0,-136.0,-3.061683926159388,206.0,1340.51
AGL.SHF,20221018,4430.0,4430.0,4387.0,4424.0,4309.0,53.0,1.2299837549315387,2668.0,17626.5
AGL.SHF,20221019,4424.0,4428.0,4379.0,4386.0,4424.0,-18.0,-0.406871609403255,6190.0,40883.59
AGL.SHF,20221020,4374.0,4396.0,4355.0,4365.0,4386.0,-38.0,-0.8663930688554491,2470.0,16211.63
AGL.SHF,20221021,4374.0,4437.0,4369.0,4383.0,4365.0,8.0,0.18327605956471935,17280.0,113576.87
AGL.SHF,20221024,4378.0,4559.0,4376.0,4542.0,4383.0,161.0,3.6732831394022356,8892.0,59795.32
AGL.SHF,20221025,4542.0,4573.0,4523.0,4566.0,4542.0,83.0,1.8273888154997797,4492.0,30642.81
AGL.SHF,20221026,4525.0,4620.0,4521.0,4618.0,4566.0,71.0,1.5549715286903198,2100.0,14447.99
AGL.SHF,20221027,4566.0,4597.0,4561.0,4563.0,4618.0,-23.0,-0.498051104374188,649.0,4452.41
AGL.SHF,20221028,4563.0,4600.0,4563.0,4575.0,4563.0,2.0,0.04383081306158229,887.0,6095.82
AGL.SHF,20221031,4546.0,4569.0,4451.0,4451.0,4575.0,-130.0,-2.841530054644809,789.0,5349.28
AGL.SHF,20221101,4518.0,4636.0,4492.0,4625.0,4451.0,106.0,2.3814873062233204,1012.0,6964.26
AGL.SHF,20221102,4650.0,4675.0,4605.0,4628.0,4625.0,41.0,0.8864864864864865,1806.0,12555.22
AGL.SHF,20221103,4650.0,4680.0,4563.0,4567.0,4628.0,-67.0,-1.4477095937770095,700.0,4831.13
AGL.SHF,20221104,4516.0,4620.0,4510.0,4615.0,4567.0,14.0,0.30654696737464415,2002.0,13809.15
AGL.SHF,20221107,4696.0,4754.0,4692.0,4732.0,4615.0,134.0,2.903575297941495,504.0,3573.56
AGL.SHF,20221108,4742.0,4834.0,4733.0,4787.0,4732.0,61.0,1.2890955198647505,344.0,2471.26
AGL.SHF,20221109,4815.0,4966.0,4815.0,4934.0,4787.0,145.0,3.029036975141007,624.0,4610.62
AGL.SHF,20221110,4907.0,4927.0,4887.0,4910.0,4934.0,-15.0,-0.30401297122010534,366.0,2693.66
AGL.SHF,20221111,4910.0,4990.0,4910.0,4985.0,4910.0,79.0,1.6089613034623216,396.0,2922.88
AGL.SHF,20221114,4890.0,4890.0,4855.0,4855.0,4985.0,-65.0,-1.3039117352056169,300.0,2195.25
AGL.SHF,20221115,4970.0,4970.0,4960.0,4960.0,4855.0,82.0,1.6889804325437692,78.0,581.43
AGL.SHF,20221116,4943.0,4990.0,4870.0,4916.0,4960.0,-31.0,-0.625,818276.0,6041597.3
AGL.SHF,20221117,4970.0,4976.0,4867.0,4909.0,4916.0,-13.0,-0.26444263628966636,721039.0,5317744.79
AGL.SHF,20221118,4880.0,4887.0,4815.0,4857.0,4909.0,-59.0,-1.2018741087797924,604000.0,4393778.37
AGL.SHF,20221121,4855.0,4871.0,4784.0,4802.0,4857.0,-47.0,-0.9676755198682314,603243.0,4366162.57
AGL.SHF,20221122,4790.0,4863.0,4781.0,4834.0,4802.0,9.0,0.1874219075385256,505523.0,3659116.46
AGL.SHF,20221123,4849.0,4868.0,4815.0,4859.0,4834.0,34.0,0.703351261894911,403144.0,2925351.81
AGL.SHF,20221124,4861.0,4971.0,4843.0,4942.0,4859.0,105.0,2.160938464704672,561144.0,4128908.38
AGL.SHF,20221125,4946.0,4956.0,4915.0,4935.0,4942.0,30.0,0.6070416835289356,319733.0,2367606.8
AGL.SHF,20221128,4928.0,4952.0,4897.0,4921.0,4935.0,-15.0,-0.303951367781155,362225.0,2673426.23
AGL.SHF,20221129,4939.0,4991.0,4887.0,4914.0,4921.0,-6.0,-0.12192643771591138,384672.0,2842321.19
AGL.SHF,20221130,4915.0,4946.0,4902.0,4915.0,4914.0,-10.0,-0.20350020350020348,119964.0,885609.26
AGL.SHF,20221201,4939.0,5377.0,4934.0,5090.0,4915.0,169.0,3.438453713123093,47164.0,354507.17
AGL.SHF,20221202,5089.0,5225.0,5065.0,5210.0,5090.0,200.0,3.9292730844793713,30944.0,238646.81
AGL.SHF,20221205,5167.0,5345.0,5130.0,5222.0,5210.0,81.0,1.5547024952015356,31066.0,244318.11
AGL.SHF,20221206,5204.0,5215.0,5086.0,5089.0,5222.0,-153.0,-2.929911911145155,18570.0,142959.05
AGL.SHF,20221207,5113.0,5130.0,5056.0,5081.0,5089.0,-51.0,-1.002161524857536,16882.0,129053.23
AGL.SHF,20221208,5095.0,5178.0,5081.0,5145.0,5081.0,49.0,0.9643770911237945,10696.0,82227.91
AGL.SHF,20221209,5147.0,5266.0,5145.0,5242.0,5145.0,117.0,2.2740524781341107,13296.0,104227.06
AGL.SHF,20221212,5238.0,5346.0,5233.0,5301.0,5242.0,76.0,1.4498283098054179,20844.0,164948.88
AGL.SHF,20221213,5272.0,5386.0,5248.0,5318.0,5301.0,43.0,0.8111677042067534,3492.0,27787.94
AGL.SHF,20221214,5318.0,5428.0,5304.0,5402.0,5318.0,97.0,1.8239939827002634,1832.0,14757.72
AGL.SHF,20221215,5350.0,5495.0,5241.0,5276.0,5402.0,-94.0,-1.7400962606442059,988.0,7853.89
AGL.SHF,20221216,5270.0,5295.0,5161.0,5199.0,5276.0,-136.0,-2.577710386656558,36824.0,289143.11
AGL.SHF,20221219,5187.0,5265.0,5166.0,5216.0,5199.0,-18.0,-0.3462204270051933,30537.0,239134.56
AGL.SHF,20221220,5216.0,5248.0,5165.0,5212.0,5216.0,-8.0,-0.15337423312883436,25558.0,199601.34
AGL.SHF,20221221,5310.0,5425.0,5276.0,5360.0,5212.0,154.0,2.954719877206447,24448.0,196055.68
AGL.SHF,20221222,5360.0,5401.0,5301.0,5312.0,5360.0,-34.0,-0.6343283582089552,14689.0,118274.43
AGL.SHF,20221223,5322.0,5340.0,5236.0,5287.0,5312.0,-80.0,-1.5060240963855422,18643.0,147609.64
AGL.SHF,20221226,5296.0,5337.0,5277.0,5323.0,5287.0,45.0,0.8511443162473993,11252.0,89530.75
AGL.SHF,20221227,5323.0,5394.0,5300.0,5382.0,5323.0,78.0,1.4653390944955853,8282.0,66205.4
AGL.SHF,20221228,5377.0,5392.0,5324.0,5354.0,5382.0,25.0,0.4645113340765515,7494.0,60211.41
AGL.SHF,20221229,5347.0,5348.0,5256.0,5284.0,5354.0,-72.0,-1.3447889428464699,24774.0,198274.49
AGL.SHF,20221230,5301.0,5369.0,5301.0,5360.0,5284.0,25.0,0.47312641937925815,18622.0,148383.66
AGL.SHF,20230103,5364.0,5402.0,5306.0,5390.0,5360.0,78.0,1.4552238805970148,1164.0,9345.64
AGL.SHF,20230104,5369.0,5401.0,5311.0,5336.0,5390.0,-16.0,-0.29684601113172543,1068.0,8556.01
AGL.SHF,20230105,5348.0,5372.0,5205.0,5205.0,5336.0,-135.0,-2.5299850074962515,3178.0,25258.75
AGL.SHF,20230106,5184.0,5201.0,5125.0,5153.0,5205.0,-145.0,-2.785782901056676,2530.0,19533.8
AGL.SHF,20230109,5154.0,5264.0,5148.0,5248.0,5153.0,101.0,1.9600232874053949,740.0,5799.17
AGL.SHF,20230110,5245.0,5245.0,5152.0,5177.0,5248.0,-47.0,-0.8955792682926829,1202.0,9352.35
AGL.SHF,20230111,5161.0,5249.0,5158.0,5235.0,5177.0,48.0,0.9271779022599961,1324.0,10337.78
AGL.SHF,20230112,5160.0,5190.0,5159.0,5185.0,5235.0,-20.0,-0.38204393505253104,186.0,1445.76
AGL.SHF,20230113,5220.0,5220.0,5160.0,5160.0,5185.0,-21.0,-0.40501446480231434,168.0,1306.09
AGL.SHF,20230116,5160.0,5322.0,5160.0,5290.0,5160.0,108.0,2.0930232558139537,1218.0,9533.19
AGL.SHF,20230117,5261.0,5323.0,5240.0,5275.0,5290.0,26.0,0.4914933837429111,83622.0,663004.42
AGL.SHF,20230118,5285.0,5304.0,5242.0,5273.0,5275.0,-12.0,-0.2274881516587678,76711.0,606770.55
AGL.SHF,20230119,5285.0,5312.0,5116.0,5140.0,5273.0,-133.0,-2.522283330172577,100817.0,788344.87
AGL.SHF,20230120,5146.0,5284.0,5091.0,5278.0,5140.0,65.0,1.264591439688716,64569.0,502910.16
AGL.SHF,20230130,5246.0,5246.0,5176.0,5208.0,5278.0,16.0,0.30314513073133764,17050.0,133001.658
AGL.SHF,20230131,5193.0,5218.0,5142.0,5159.0,5208.0,-41.0,-0.7872503840245775,31531.0,245473.704
AGL.SHF,20230201,5109.0,5204.0,5109.0,5190.0,5159.0,0.0,0.0,9329.0,72374.04
AGL.SHF,20230202,5181.0,5313.0,5141.0,5270.0,5190.0,99.0,1.907514450867052,6588.0,51846.12
AGL.SHF,20230203,5318.0,5360.0,5154.0,5167.0,5270.0,-79.0,-1.4990512333965844,10104.0,79238.29
AGL.SHF,20230206,5166.0,5172.0,4977.0,5003.0,5167.0,-225.0,-4.354557770466422,7726.0,58639.28
AGL.SHF,20230207,4997.0,5003.0,4956.0,4980.0,5003.0,-79.0,-1.5790525684589247,2014.0,15038.28
AGL.SHF,20230208,4972.0,4988.0,4934.0,4961.0,4980.0,-16.0,-0.321285140562249,3526.0,26246.37
AGL.SHF,20230209,4972.0,4992.0,4948.0,4973.0,4961.0,11.0,0.22172949002217296,2360.0,17601.09
AGL.SHF,20230210,4972.0,5008.0,4660.0,4901.0,4973.0,-71.0,-1.4277096320128695,5104.0,37709.77
AGL.SHF,20230213,4901.0,4954.0,4882.0,4906.0,4901.0,-19.0,-0.38767598449296065,5244.0,38555.12
AGL.SHF,20230214,4910.0,4914.0,4905.0,4911.0,4906.0,10.0,0.20383204239706482,124.0,913.16
AGL.SHF,20230215,4927.0,4927.0,4844.0,4844.0,4911.0,-65.0,-1.3235593565465282,152.0,1117.43
AGL.SHF,20230216,4865.0,4918.0,4853.0,4894.0,4844.0,-10.0,-0.20644095788604458,12722.0,93254.05
AGL.SHF,20230217,4892.0,4911.0,4847.0,4856.0,4894.0,-30.0,-0.6129955046996322,13759.0,100684.68
AGL.SHF,20230220,4856.0,4954.0,4853.0,4937.0,4856.0,59.0,1.21499176276771,17696.0,129988.9
AGL.SHF,20230221,4929.0,4960.0,4927.0,4938.0,4937.0,41.0,0.8304638444399434,13101.0,97146.88
AGL.SHF,20230222,4948.0,4989.0,4942.0,4960.0,4938.0,17.0,0.3442689347914135,20642.0,153814.06
AGL.SHF,20230223,4971.0,4987.0,4925.0,4932.0,4960.0,-35.0,-0.7056451612903225,8570.0,63676.18
AGL.SHF,20230224,4932.0,4952.0,4907.0,4918.0,4932.0,-35.0,-0.7096512570965126,9222.0,68130.82
AGL.SHF,20230227,4903.0,4911.0,4828.0,4848.0,4918.0,-77.0,-1.56567710451403,5965.0,43588.64
AGL.SHF,20230228,4850.0,4870.0,4831.0,4831.0,4848.0,-40.0,-0.825082508250825,5900.0,42947.01
AGL.SHF,20230301,4827.0,4915.0,4827.0,4905.0,4831.0,53.0,1.0970813496170566,8441.0,61396.86
AGL.SHF,20230302,4905.0,4909.0,4857.0,4864.0,4905.0,15.0,0.3058103975535168,11466.0,84329.6
AGL.SHF,20230303,4859.0,4908.0,4858.0,4900.0,4864.0,-3.0,-0.061677631578947366,1432.0,10518.45
AGL.SHF,20230306,4910.0,4960.0,4895.0,4954.0,4900.0,58.0,1.183673469387755,2018.0,14983.62
AGL.SHF,20230307,4950.0,4953.0,4920.0,4924.0,4954.0,-25.0,-0.5046427129592248,3230.0,23890.58
AGL.SHF,20230308,4891.0,4895.0,4733.0,4756.0,4924.0,-174.0,-3.5337124289195776,1068.0,7675.28
AGL.SHF,20230309,4761.0,4786.0,4750.0,4758.0,4756.0,-33.0,-0.693860386879731,782.0,5583.36
AGL.SHF,20230310,4767.0,4797.0,4631.0,4745.0,4758.0,-14.0,-0.2942412778478352,1650.0,11785.98
AGL.SHF,20230313,4880.0,4903.0,4851.0,4871.0,4745.0,109.0,2.297154899894626,506.0,3704.06
AGL.SHF,20230314,4871.0,5071.0,4871.0,5018.0,4871.0,138.0,2.8330938205707246,1972.0,14735.2
AGL.SHF,20230315,5018.0,5030.0,5008.0,5020.0,5018.0,39.0,0.7772020725388601,170.0,1281.17
AGL.SHF,20230316,5131.0,5131.0,5016.0,5021.0,5020.0,-6.0,-0.1195219123505976,21776.0,165233.38
AGL.SHF,20230317,5051.0,5063.0,4946.0,5039.0,5021.0,-19.0,-0.37841067516430993,16035.0,120484.83
AGL.SHF,20230320,5048.0,5156.0,5034.0,5128.0,5039.0,119.0,2.3615796785076406,23538.0,179814.58
AGL.SHF,20230321,5105.0,5154.0,5059.0,5114.0,5128.0,22.0,0.4290171606864275,15151.0,116079.6
AGL.SHF,20230322,5122.0,5132.0,5067.0,5130.0,5114.0,23.0,0.449745795854517,11607.0,88731.54
AGL.SHF,20230323,5090.0,5212.0,5090.0,5170.0,5130.0,74.0,1.442495126705653,15556.0,120406.83
AGL.SHF,20230324,5159.0,5230.0,5144.0,5199.0,5170.0,39.0,0.7543520309477757,11912.0,92716.45
AGL.SHF,20230327,5271.0,5286.0,5160.0,5180.0,5199.0,-8.0,-0.15387574533564147,17682.0,138494.57
AGL.SHF,20230328,5159.0,5196.0,5149.0,5167.0,5180.0,-54.0,-1.0424710424710426,4637.0,35971.28
AGL.SHF,20230329,5180.0,5235.0,5172.0,5202.0,5167.0,31.0,0.5999612928198181,4495.0,35110.82
AGL.SHF,20230330,5217.0,5280.0,5207.0,5280.0,5202.0,73.0,1.4033064206074588,1727.0,13591.61
AGL.SHF,20230331,5292.0,5338.0,5250.0,5338.0,5280.0,92.0,1.7424242424242427,1452.0,11547.71
AGL.SHF,20230403,5344.0,5358.0,5267.0,5282.0,5338.0,-19.0,-0.35593855376545525,828.0,6596.45
AGL.SHF,20230404,5314.0,5354.0,5314.0,5338.0,5282.0,27.0,0.5111700113593336,17530.0,139742.78
AGL.SHF,20230406,5475.0,5546.0,5464.0,5542.0,5338.0,228.0,4.2712626451854625,418.0,3463.5
AGL.SHF,20230407,5542.0,5586.0,5496.0,5583.0,5542.0,60.0,1.0826416456153014,19504.0,162152.1
AGL.SHF,20230410,5563.0,5563.0,5499.0,5510.0,5583.0,-32.0,-0.5731685473759627,224.0,1856.73
AGL.SHF,20230411,5507.0,5579.0,5507.0,5565.0,5510.0,40.0,0.7259528130671506,312.0,2594.3
AGL.SHF,20230412,5554.0,5696.0,5545.0,5663.0,5565.0,120.0,2.15633423180593,762.0,6464.93
AGL.SHF,20230413,5663.0,5684.0,5650.0,5675.0,5663.0,19.0,0.33551121313791277,686.0,5838.08
AGL.SHF,20230414,5675.0,5799.0,5675.0,5780.0,5675.0,107.0,1.8854625550660795,1548.0,13421.1
AGL.SHF,20230417,5780.0,5780.0,5608.0,5680.0,5780.0,-99.0,-1.7128027681660898,422.0,3625.29
AGL.SHF,20230418,5678.0,5680.0,5577.0,5622.0,5680.0,-68.0,-1.1971830985915493,18961.0,159770.08
AGL.SHF,20230419,5622.0,5671.0,5571.0,5606.0,5622.0,-11.0,-0.19565990750622553,21988.0,185431.46
AGL.SHF,20230420,5613.0,5680.0,5603.0,5657.0,5606.0,35.0,0.6243310738494471,20799.0,176122.83
AGL.SHF,20230421,5671.0,5689.0,5604.0,5604.0,5657.0,-41.0,-0.7247657769135585,21144.0,179073.26
AGL.SHF,20230424,5635.0,5668.0,5557.0,5576.0,5604.0,-70.0,-1.2491077801570307,28765.0,241868.88
AGL.SHF,20230425,5599.0,5671.0,5569.0,5631.0,5576.0,26.0,0.4662840746054519,29709.0,250004.5
AGL.SHF,20230426,5598.0,5636.0,5548.0,5612.0,5631.0,2.0,0.03551767004084532,4525.0,37994.7
AGL.SHF,20230427,5597.0,5658.0,5589.0,5630.0,5612.0,33.0,0.5880256593014969,14838.0,124760.0
AGL.SHF,20230428,5619.0,5622.0,5534.0,5618.0,5630.0,13.0,0.23090586145648315,3507.0,29423.56
AGL.SHF,20230504,5752.0,5796.0,5740.0,5755.0,5618.0,162.0,2.8835884656461372,461.0,3988.61
AGL.SHF,20230505,5755.0,5852.0,5755.0,5839.0,5755.0,71.0,1.2337098175499566,480.0,4173.11
AGL.SHF,20230508,5771.0,5773.0,5702.0,5767.0,5839.0,-28.0,-0.47953416680938515,360.0,3105.35
AGL.SHF,20230509,5765.0,5765.0,5727.0,5735.0,5767.0,-15.0,-0.2601005722212589,282.0,2431.03
AGL.SHF,20230510,5735.0,5770.0,5700.0,5770.0,5735.0,23.0,0.40104620749782044,610.0,5256.48
AGL.SHF,20230511,5770.0,5780.0,5707.0,5737.0,5770.0,-7.0,-0.12131715771230502,334.0,2890.23
AGL.SHF,20230512,5634.0,5640.0,5442.0,5442.0,5737.0,-326.0,-5.682412410667596,150.0,1231.99
AGL.SHF,20230515,5450.0,5485.0,5425.0,5446.0,5442.0,-29.0,-0.5328923190003675,106.0,865.27
AGL.SHF,20230516,5448.0,5476.0,5369.0,5388.0,5446.0,-57.0,-1.046639735585751,534840.0,4356710.25
AGL.SHF,20230517,5430.0,5444.0,5377.0,5400.0,5388.0,-30.0,-0.5567928730512249,509416.0,4130986.7
AGL.SHF,20230518,5403.0,5435.0,5370.0,5401.0,5400.0,-5.0,-0.0925925925925926,440466.0,3571312.85
AGL.SHF,20230519,5385.0,5451.0,5363.0,5435.0,5401.0,30.0,0.5554526939455656,523851.0,4242391.8
AGL.SHF,20230522,5419.0,5494.0,5394.0,5445.0,5435.0,47.0,0.8647654093836247,541907.0,4426803.86
AGL.SHF,20230523,5452.0,5472.0,5398.0,5405.0,5445.0,-40.0,-0.7346189164370982,315214.0,2570406.39
AGL.SHF,20230524,5375.0,5436.0,5352.0,5381.0,5405.0,-55.0,-1.0175763182238668,236265.0,1914834.61
AGL.SHF,20230525,5406.0,5406.0,5274.0,5319.0,5381.0,-84.0,-1.561048132317413,198508.0,1588129.73
AGL.SHF,20230526,5295.0,5318.0,5257.0,5318.0,5319.0,-15.0,-0.2820078962210942,129351.0,1026259.45
AGL.SHF,20230529,5330.0,5380.0,5314.0,5376.0,5318.0,87.0,1.6359533659270402,105831.0,848914.85
AGL.SHF,20230530,5361.0,5365.0,5311.0,5339.0,5376.0,-8.0,-0.1488095238095238,48998.0,392800.19
AGL.SHF,20230531,5343.0,5450.0,5331.0,5433.0,5339.0,89.0,1.6669788349878252,54349.0,437872.88
AGL.SHF,20230601,5414.0,5479.0,5390.0,5467.0,5433.0,96.0,1.7669795692987302,25237.0,205819.13
AGL.SHF,20230602,5467.0,5561.0,5460.0,5531.0,5467.0,95.0,1.7376989207975122,13878.0,114916.8
AGL.SHF,20230605,5531.0,5534.0,5442.0,5442.0,5531.0,-78.0,-1.4102332308804917,9216.0,75783.36
AGL.SHF,20230606,5451.0,5504.0,5438.0,5473.0,5442.0,-9.0,-0.16538037486218302,9994.0,82034.16
AGL.SHF,20230607,5485.0,5510.0,5456.0,5477.0,5473.0,5.0,0.09135757354284671,4308.0,35457.89
AGL.SHF,20230608,5515.0,5573.0,5479.0,5522.0,5477.0,35.0,0.6390359685959467,19156.0,158553.99
AGL.SHF,20230609,5572.0,5698.0,5558.0,5692.0,5522.0,175.0,3.1691416153567546,8728.0,73718.78
AGL.SHF,20230612,5685.0,5723.0,5633.0,5660.0,5692.0,30.0,0.5270555165144062,13042.0,110653.93
AGL.SHF,20230613,5749.0,5749.0,5602.0,5677.0,5660.0,21.0,0.3710247349823322,1178.0,10000.11
AGL.SHF,20230614,5677.0,5687.0,5471.0,5623.0,5677.0,-36.0,-0.6341377488109917,842.0,7099.07
AGL.SHF,20230615,5635.0,5666.0,5516.0,5520.0,5623.0,-100.0,-1.7784101013693758,922.0,7702.61
AGL.SHF,20230616,5514.0,5621.0,5514.0,5606.0,5520.0,17.0,0.30797101449275366,19448.0,162672.99
AGL.SHF,20230619,5634.0,5653.0,5589.0,5629.0,5606.0,53.0,0.945415626114877,12563.0,105963.13
AGL.SHF,20230620,5629.0,5637.0,5596.0,5618.0,5629.0,-5.0,-0.08882572392965003,8377.0,70600.15
AGL.SHF,20230621,5558.0,5571.0,5474.0,5475.0,5618.0,-143.0,-2.5453898184407264,16602.0,137097.83
AGL.SHF,20230626,5413.0,5457.0,5399.0,5418.0,5475.0,-87.0,-1.5890410958904109,11054.0,90041.5
AGL.SHF,20230627,5434.0,5480.0,5412.0,5468.0,5418.0,38.0,0.7013658176448875,5532.0,45203.66
AGL.SHF,20230628,5468.0,5488.0,5427.0,5439.0,5468.0,-8.0,-0.1463057790782736,5803.0,47478.06
AGL.SHF,20230629,5424.0,5470.0,5418.0,5444.0,5439.0,-10.0,-0.18385732671446958,3916.0,31972.24
AGL.SHF,20230630,5420.0,5466.0,5395.0,5426.0,5444.0,-17.0,-0.31227038941954444,5469.0,44504.75
AGL.SHF,20230703,5417.0,5509.0,5417.0,5490.0,5426.0,65.0,1.1979358643568006,1251.0,10266.37
AGL.SHF,20230704,5503.0,5527.0,5492.0,5504.0,5490.0,33.0,0.6010928961748634,15788.0,130321.42
AGL.SHF,20230705,5504.0,5515.0,5479.0,5484.0,5504.0,-18.0,-0.32703488372093026,5750.0,47465.23
AGL.SHF,20230706,5506.0,5564.0,5506.0,5560.0,5484.0,57.0,1.0393873085339167,1618.0,13481.33
AGL.SHF,20230707,5476.0,5504.0,5457.0,5463.0,5560.0,-91.0,-1.6366906474820146,1030.0,8471.63
AGL.SHF,20230710,5485.0,5541.0,5481.0,5531.0,5463.0,48.0,0.8786381109280615,606.0,5013.61
AGL.SHF,20230711,5490.0,5574.0,5489.0,5574.0,5531.0,59.0,1.066714879768577,1078.0,8980.09
AGL.SHF,20230712,5555.0,5585.0,5530.0,5554.0,5574.0,1.0,0.01794043774668102,1072.0,8924.64
AGL.SHF,20230713,5605.0,5732.0,5605.0,5732.0,5554.0,182.0,3.276917536910335,162.0,1386.17
AGL.SHF,20230714,5757.0,5805.0,5757.0,5780.0,5732.0,76.0,1.3258897418004187,92.0,798.89
AGL.SHF,20230717,5780.0,5802.0,5772.0,5802.0,5780.0,13.0,0.2249134948096886,68.0,589.97
AGL.SHF,20230718,5783.0,5840.0,5763.0,5818.0,5802.0,27.0,0.4653567735263702,143907.0,1251537.98
AGL.SHF,20230719,5811.0,5923.0,5805.0,5906.0,5818.0,109.0,1.873496046751461,184741.0,1629244.45
AGL.SHF,20230720,5927.0,5963.0,5896.0,5911.0,5906.0,32.0,0.5418218760582458,113071.0,1005443.0
AGL.SHF,20230721,5900.0,5902.0,5818.0,5845.0,5911.0,-83.0,-1.4041617323633904,106055.0,932428.05
AGL.SHF,20230724,5828.0,5850.0,5811.0,5829.0,5845.0,-32.0,-0.5474764756201882,59843.0,523228.35
AGL.SHF,20230725,5820.0,5831.0,5776.0,5803.0,5829.0,-25.0,-0.4288900325956425,79368.0,690464.02
AGL.SHF,20230726,5803.0,5844.0,5796.0,5843.0,5803.0,44.0,0.7582285024987077,42587.0,371791.65
AGL.SHF,20230727,5834.0,5909.0,5805.0,5874.0,5843.0,54.0,0.924182782817046,47186.0,414769.9
AGL.SHF,20230728,5859.0,5859.0,5720.0,5731.0,5874.0,-129.0,-2.19611848825332,58480.0,505132.82
AGL.SHF,20230731,5761.0,5769.0,5730.0,5736.0,5731.0,-22.0,-0.3838771593090211,22548.0,194432.87
AGL.SHF,20230801,5770.0,5839.0,5770.0,5811.0,5736.0,63.0,1.0983263598326358,6843.0,59638.95
AGL.SHF,20230802,5749.0,5796.0,5745.0,5765.0,5811.0,-45.0,-0.7743933918430563,5644.0,48830.25
AGL.SHF,20230803,5756.0,5758.0,5624.0,5626.0,5765.0,-141.0,-2.445793581960104,7676.0,65356.22
AGL.SHF,20230804,5614.0,5663.0,5603.0,5610.0,5626.0,-66.0,-1.1731247778172769,3168.0,26770.52
AGL.SHF,20230807,5638.0,5772.0,5631.0,5638.0,5610.0,5.0,0.08912655971479501,2850.0,24201.8
AGL.SHF,20230808,5638.0,5661.0,5590.0,5604.0,5638.0,-57.0,-1.0109968073785032,11628.0,98207.23
AGL.SHF,20230809,5555.0,5583.0,5535.0,5576.0,5604.0,-54.0,-0.9635974304068522,2738.0,22854.62
AGL.SHF,20230810,5548.0,5586.0,5528.0,5548.0,5576.0,-16.0,-0.2869440459110474,4358.0,36269.58
AGL.SHF,20230811,5548.0,5620.0,5548.0,5590.0,5548.0,42.0,0.7570295602018745,758.0,6348.82
AGL.SHF,20230814,5427.0,5663.0,5427.0,5580.0,5590.0,-3.0,-0.05366726296958855,388.0,3250.34
AGL.SHF,20230815,5594.0,5610.0,5575.0,5606.0,5580.0,22.0,0.39426523297491045,422.0,3541.34
AGL.SHF,20230816,5600.0,5637.0,5594.0,5629.0,5606.0,38.0,0.6778451658936854,12122.0,102173.38
AGL.SHF,20230817,5627.0,5649.0,5585.0,5620.0,5629.0,1.0,0.017765144785930005,11113.0,93654.2
AGL.SHF,20230818,5645.0,5683.0,5586.0,5593.0,5620.0,-25.0,-0.4448398576512456,14986.0,126699.28
AGL.SHF,20230821,5589.0,5632.0,5577.0,5617.0,5593.0,-19.0,-0.33971035222599677,14879.0,125025.73
AGL.SHF,20230822,5693.0,5706.0,5621.0,5682.0,5617.0,81.0,1.4420509168595335,14445.0,122653.79
AGL.SHF,20230823,5683.0,5783.0,5669.0,5771.0,5682.0,111.0,1.9535374868004225,12974.0,111347.31
AGL.SHF,20230824,5805.0,5884.0,5792.0,5838.0,5771.0,117.0,2.027378270663663,18146.0,159196.24
AGL.SHF,20230825,5844.0,5859.0,5802.0,5820.0,5838.0,-28.0,-0.4796163069544364,17508.0,153059.84
AGL.SHF,20230828,5837.0,5870.0,5796.0,5837.0,5820.0,9.0,0.15463917525773196,12357.0,108189.34
AGL.SHF,20230829,5837.0,5878.0,5816.0,5859.0,5837.0,23.0,0.39403803323625153,5457.0,47902.7
AGL.SHF,20230830,5859.0,5942.0,5848.0,5928.0,5859.0,76.0,1.2971496842464585,4731.0,41965.29
AGL.SHF,20230831,5962.0,6007.0,5900.0,5910.0,5928.0,-3.0,-0.05060728744939271,13803.0,123181.48
AGL.SHF,20230901,5910.0,5938.0,5890.0,5929.0,5910.0,-20.0,-0.338409475465313,10872.0,96385.62
AGL.SHF,20230904,5965.0,5975.0,5854.0,5880.0,5929.0,-30.0,-0.505987518974532,1600.0,14129.48
AGL.SHF,20230905,5860.0,5871.0,5821.0,5827.0,5880.0,-60.0,-1.0204081632653061,758.0,6650.2
AGL.SHF,20230906,5835.0,5847.0,5800.0,5808.0,5827.0,-40.0,-0.6864595846919512,336.0,2932.66
AGL.SHF,20230907,5774.0,5781.0,5745.0,5745.0,5808.0,-73.0,-1.2568870523415978,340.0,2941.16
AGL.SHF,20230908,5719.0,5789.0,5719.0,5764.0,5745.0,-2.0,-0.034812880765883375,712.0,6156.73
AGL.SHF,20230911,5740.0,5807.0,5735.0,5805.0,5764.0,41.0,0.7113115891741846,830.0,7193.46
AGL.SHF,20230912,5809.0,5830.0,5773.0,5790.0,5805.0,13.0,0.2239448751076658,1452.0,12644.51
AGL.SHF,20230913,5782.0,5782.0,5782.0,5782.0,5790.0,-23.0,-0.3972366148531951,4.0,34.69
AGL.SHF,20230914,5840.0,5920.0,5840.0,5910.0,5782.0,128.0,2.213766862677274,94.0,832.22
AGL.SHF,20230915,5910.0,5970.0,5889.0,5900.0,5910.0,-2.0,-0.0338409475465313,230.0,2049.92
AGL.SHF,20230918,5899.0,5915.0,5797.0,5821.0,5900.0,-110.0,-1.864406779661017,60164.0,529049.68
AGL.SHF,20230919,5815.0,5889.0,5800.0,5856.0,5821.0,-6.0,-0.10307507301151005,41618.0,364610.41
AGL.SHF,20230920,5879.0,5905.0,5846.0,5903.0,5856.0,63.0,1.0758196721311475,28469.0,250748.56
AGL.SHF,20230921,5921.0,5942.0,5835.0,5873.0,5903.0,2.0,0.0338810774182619,35432.0,313070.88
AGL.SHF,20230922,5817.0,5949.0,5815.0,5946.0,5873.0,56.0,0.9535160905840285,63460.0,559122.24
AGL.SHF,20230925,5944.0,5966.0,5910.0,5927.0,5946.0,54.0,0.9081735620585267,26385.0,234820.13
AGL.SHF,20230926,5914.0,5926.0,5824.0,5827.0,5927.0,-106.0,-1.7884258478150834,34047.0,300565.87
AGL.SHF,20230927,5851.0,5864.0,5790.0,5833.0,5827.0,-52.0,-0.8923974600995366,21059.0,184170.58
AGL.SHF,20230928,5809.0,5817.0,5755.0,5770.0,5833.0,-60.0,-1.0286302074404252,17114.0,148558.24
AGL.SHF,20231009,5679.0,5751.0,5628.0,5652.0,5770.0,-135.0,-2.3396880415944543,6429.0,54619.17
AGL.SHF,20231010,5628.0,5696.0,5618.0,5627.0,5652.0,-36.0,-0.6369426751592357,7942.0,67347.83
AGL.SHF,20231011,5627.0,5649.0,5591.0,5640.0,5627.0,-13.0,-0.23102896747822996,9816.0,82826.29
AGL.SHF,20231012,5640.0,5760.0,5566.0,5687.0,5640.0,62.0,1.099290780141844,760.0,6441.79
AGL.SHF,20231013,5624.0,5701.0,5624.0,5701.0,5687.0,51.0,0.8967821346931599,358.0,3049.78
AGL.SHF,20231016,5780.0,5830.0,5663.0,5804.0,5701.0,125.0,2.192597789861428,288.0,2497.87
AGL.SHF,20231017,5814.0,5830.0,5775.0,5789.0,5804.0,-12.0,-0.20675396278428668,4477.0,38971.41
AGL.SHF,20231018,5815.0,5869.0,5802.0,5850.0,5789.0,47.0,0.8118846087407152,5432.0,47589.37
AGL.SHF,20231019,5872.0,5873.0,5796.0,5827.0,5850.0,-13.0,-0.2222222222222222,5413.0,47342.68
AGL.SHF,20231020,5820.0,5857.0,5784.0,5826.0,5827.0,-4.0,-0.06864595846919512,5136.0,44874.75
AGL.SHF,20231023,5857.0,5900.0,5807.0,5837.0,5826.0,13.0,0.22313765877102643,7044.0,61857.55
AGL.SHF,20231024,5820.0,5844.0,5797.0,5832.0,5837.0,-22.0,-0.3769059448346753,6462.0,56424.52
AGL.SHF,20231025,5802.0,5828.0,5788.0,5810.0,5832.0,-11.0,-0.1886145404663923,8684.0,75695.34
AGL.SHF,20231026,5796.0,5851.0,5789.0,5851.0,5810.0,40.0,0.6884681583476765,4899.0,42750.98
AGL.SHF,20231027,5820.0,5863.0,5796.0,5862.0,5851.0,45.0,0.7690992992650828,3314.0,28971.62
AGL.SHF,20231030,5844.0,5900.0,5824.0,5866.0,5862.0,38.0,0.6482429205049471,4607.0,40496.45
AGL.SHF,20231031,5904.0,5923.0,5848.0,5881.0,5866.0,21.0,0.35799522673031026,2090.0,18438.7
AGL.SHF,20231101,5842.0,5876.0,5754.0,5759.0,5881.0,-122.0,-2.07447712973984,624.0,5417.21
AGL.SHF,20231102,5785.0,5825.0,5760.0,5820.0,5759.0,33.0,0.5730161486369161,620.0,5402.96
AGL.SHF,20231103,5821.0,5825.0,5785.0,5798.0,5820.0,-11.0,-0.18900343642611683,356.0,3097.19
AGL.SHF,20231106,5854.0,5896.0,5836.0,5853.0,5798.0,54.0,0.9313556398758192,1232.0,10839.53
AGL.SHF,20231107,5850.0,5854.0,5802.0,5808.0,5853.0,-57.0,-0.9738595592004101,400.0,3495.88
AGL.SHF,20231108,5770.0,5772.0,5712.0,5741.0,5808.0,-85.0,-1.4634986225895317,552.0,4756.25
AGL.SHF,20231109,5798.0,5800.0,5715.0,5715.0,5741.0,-29.0,-0.5051384776171399,478.0,4130.7
AGL.SHF,20231110,5736.0,5768.0,5730.0,5768.0,5715.0,7.0,0.12248468941382328,152.0,1311.57
AGL.SHF,20231113,5768.0,5768.0,5658.0,5670.0,5768.0,-82.0,-1.4216366158113731,336.0,2856.38
AGL.SHF,20231114,5726.0,5766.0,5712.0,5712.0,5670.0,45.0,0.7936507936507936,994.0,8532.77
AGL.SHF,20231115,5712.0,5849.0,5712.0,5849.0,5712.0,127.0,2.223389355742297,3000.0,26100.86
AGL.SHF,20231116,5879.0,5887.0,5829.0,5879.0,5849.0,76.0,1.2993674132330313,120181.0,1055911.59
AGL.SHF,20231117,5885.0,5925.0,5865.0,5895.0,5879.0,38.0,0.6463684300051029,132490.0,1172599.23
AGL.SHF,20231120,5922.0,5925.0,5843.0,5853.0,5895.0,-47.0,-0.7972858354537744,89685.0,790291.34
AGL.SHF,20231121,5823.0,5863.0,5800.0,5859.0,5853.0,-15.0,-0.2562788313685289,76655.0,670347.57
AGL.SHF,20231122,5846.0,5900.0,5841.0,5879.0,5859.0,50.0,0.8533879501621436,63442.0,559171.72
AGL.SHF,20231123,5882.0,5890.0,5830.0,5861.0,5879.0,-14.0,-0.23813573737030105,61189.0,537468.49
AGL.SHF,20231124,5858.0,5876.0,5845.0,5858.0,5861.0,3.0,0.05118580447022693,37768.0,331888.02
AGL.SHF,20231127,5855.0,6262.0,5853.0,6096.0,5858.0,238.0,4.0628200751109596,108038.0,977113.48
AGL.SHF,20231128,6109.0,6178.0,6076.0,6122.0,6096.0,93.0,1.5255905511811023,40492.0,372166.68
AGL.SHF,20231129,6126.0,6231.0,6095.0,6112.0,6122.0,-15.0,-0.24501796798431885,39987.0,369357.54
AGL.SHF,20231130,6115.0,6176.0,6102.0,6167.0,6112.0,10.0,0.16361256544502617,47734.0,439251.15
AGL.SHF,20231201,6168.0,6225.0,6134.0,6169.0,6167.0,35.0,0.5675368898978433,12788.0,118436.17
AGL.SHF,20231204,6163.0,6326.0,6135.0,6197.0,6169.0,23.0,0.37283190144269734,14504.0,134987.97
AGL.SHF,20231205,6166.0,6205.0,5984.0,5998.0,6197.0,-206.0,-3.3241891237695658,10966.0,99596.26
AGL.SHF,20231206,5980.0,6027.0,5946.0,5986.0,5998.0,-68.0,-1.1337112370790263,6948.0,62305.85
AGL.SHF,20231207,5981.0,6024.0,5926.0,5963.0,5986.0,-15.0,-0.2505846976277982,5828.0,52134.59
AGL.SHF,20231208,5975.0,6029.0,5938.0,6013.0,5963.0,50.0,0.8385041086701325,5230.0,46933.43
AGL.SHF,20231211,5992.0,6032.0,5832.0,5864.0,6013.0,-118.0,-1.962414768002661,1106.0,9757.42
AGL.SHF,20231212,5855.0,5917.0,5823.0,5860.0,5864.0,-21.0,-0.3581173260572988,408.0,3583.76
AGL.SHF,20231213,5836.0,5840.0,5672.0,5830.0,5860.0,-25.0,-0.42662116040955633,304.0,2589.39
AGL.SHF,20231214,5820.0,6010.0,5820.0,6010.0,5830.0,332.0,5.694682675814752,400.0,3548.13
AGL.SHF,20231215,6026.0,6038.0,5975.0,5975.0,6010.0,62.0,1.0316139767054908,1024.0,9253.03
AGL.SHF,20231218,6015.0,6035.0,5958.0,5995.0,5975.0,-25.0,-0.41841004184100417,5787.0,52000.92
AGL.SHF,20231219,5999.0,6003.0,5970.0,5995.0,5995.0,5.0,0.08340283569641367,2830.0,25420.72
AGL.SHF,20231220,6004.0,6036.0,5999.0,6021.0,5995.0,33.0,0.5504587155963303,3735.0,33713.12
AGL.SHF,20231221,6013.0,6080.0,6001.0,6064.0,6021.0,47.0,0.7806012290317222,4257.0,38616.53
AGL.SHF,20231222,6050.0,6120.0,6036.0,6087.0,6064.0,40.0,0.6596306068601583,4580.0,41751.99
AGL.SHF,20231225,6090.0,6127.0,6032.0,6054.0,6087.0,-23.0,-0.3778544438968293,12182.0,110901.97
AGL.SHF,20231226,6049.0,6103.0,6047.0,6101.0,6054.0,32.0,0.5285761480013214,5801.0,52718.45
AGL.SHF,20231227,6101.0,6106.0,6052.0,6088.0,6101.0,30.0,0.49172266841501394,2561.0,23372.16
AGL.SHF,20231228,6078.0,6114.0,6048.0,6067.0,6088.0,-17.0,-0.2792378449408673,2511.0,22886.28
AGL.SHF,20231229,6050.0,6072.0,5943.0,5990.0,6067.0,-86.0,-1.4175045327179825,2463.0,22152.68
AGL.SHF,20240102,5973.0,6038.0,5961.0,6032.0,5990.0,36.0,0.6010016694490818,800.0,7193.06
AGL.SHF,20240103,6016.0,6027.0,5969.0,5971.0,6032.0,-23.0,-0.3812997347480106,538.0,4833.26
AGL.SHF,20240104,5932.0,5932.0,5850.0,5850.0,5971.0,-139.0,-2.3279182716462907,698.0,6149.42
AGL.SHF,20240105,5866.0,5912.0,5830.0,5888.0,5850.0,15.0,0.2564102564102564,344.0,3036.66
AGL.SHF,20240108,5888.0,5948.0,5845.0,5898.0,5888.0,13.0,0.22078804347826086,2690.0,23758.08
AGL.SHF,20240109,5904.0,5971.0,5895.0,5906.0,5898.0,18.0,0.3051881993896236,1020.0,9046.47
AGL.SHF,20240110,5906.0,5906.0,5906.0,5906.0,5906.0,-6.0,-0.1015916017609211,2.0,17.72
AGL.SHF,20240111,5906.0,5906.0,5850.0,5901.0,5906.0,-5.0,-0.08465966813410092,104.0,917.73
AGL.SHF,20240112,5901.0,5901.0,5894.0,5897.0,5901.0,15.0,0.2541942043721403,120.0,1061.03
AGL.SHF,20240115,5968.0,5990.0,5900.0,5980.0,5897.0,86.0,1.4583686620315415,266.0,2379.22
AGL.SHF,20240116,5971.0,5979.0,5942.0,5956.0,5980.0,-9.0,-0.15050167224080266,126654.0,1132901.03
AGL.SHF,20240117,5949.0,5971.0,5899.0,5901.0,5956.0,-62.0,-1.0409670920080591,214621.0,1912497.73
AGL.SHF,20240118,5915.0,5923.0,5860.0,5903.0,5901.0,-37.0,-0.6270123707846128,126549.0,1118425.45
AGL.SHF,20240119,5899.0,5922.0,5873.0,5911.0,5903.0,20.0,0.338810774182619,72967.0,645455.87
AGL.SHF,20240122,5925.0,5932.0,5776.0,5780.0,5911.0,-117.0,-1.9793605142953814,99002.0,870549.13
AGL.SHF,20240123,5789.0,5834.0,5763.0,5827.0,5780.0,-35.0,-0.6055363321799307,80105.0,696256.29
AGL.SHF,20240124,5818.0,5857.0,5815.0,5853.0,5827.0,59.0,1.0125278874206283,37854.0,331296.65
AGL.SHF,20240125,5892.0,5903.0,5860.0,5892.0,5853.0,58.0,0.9909448146249786,74845.0,660893.92
AGL.SHF,20240126,5897.0,5922.0,5878.0,5918.0,5892.0,32.0,0.5431093007467752,30810.0,272967.8
AGL.SHF,20240129,5911.0,5934.0,5887.0,5930.0,5918.0,24.0,0.4055424129773572,27733.0,245980.15
AGL.SHF,20240130,5940.0,5975.0,5908.0,5965.0,5930.0,52.0,0.8768971332209106,17195.0,153337.32
AGL.SHF,20240131,5959.0,5977.0,5935.0,5941.0,5965.0,-4.0,-0.06705783738474434,19268.0,172099.51
AGL.SHF,20240201,5953.0,5975.0,5910.0,5920.0,5941.0,-34.0,-0.572294226561185,6696.0,59632.32
AGL.SHF,20240202,5887.0,5950.0,5854.0,5940.0,5920.0,3.0,0.05067567567567568,6934.0,61578.32
AGL.SHF,20240205,5832.0,5944.0,5772.0,5858.0,5940.0,-62.0,-1.043771043771044,958.0,8418.24
AGL.SHF,20240206,5838.0,5855.0,5780.0,5827.0,5858.0,-31.0,-0.5291908501194947,328.0,2873.38
AGL.SHF,20240207,5825.0,5945.0,5748.0,5748.0,5827.0,-92.0,-1.578857044791488,108.0,940.28
AGL.SHF,20240208,5701.0,5820.0,5701.0,5800.0,5748.0,-4.0,-0.06958942240779402,10.0,86.31
AGL.SHF,20240219,5978.0,5978.0,5910.0,5955.0,5800.0,201.0,3.46551724137931,674.0,6018.11
AGL.SHF,20240220,5952.0,5956.0,5917.0,5932.0,5955.0,-27.0,-0.4534005037783375,2366.0,21065.85
AGL.SHF,20240221,5953.0,5964.0,5939.0,5954.0,5932.0,19.0,0.3202966958867161,3108.0,27755.46
AGL.SHF,20240222,5949.0,5958.0,5917.0,5942.0,5954.0,-11.0,-0.18474974806852534,2298.0,20468.66
AGL.SHF,20240223,5945.0,5947.0,5873.0,5884.0,5942.0,-54.0,-0.9087849209020532,11188.0,99439.51
AGL.SHF,20240226,5900.0,5949.0,5886.0,5914.0,5884.0,-11.0,-0.18694765465669613,4386.0,38905.14
AGL.SHF,20240227,5881.0,5890.0,5865.0,5883.0,5914.0,-30.0,-0.5072708826513358,1986.0,17508.96
AGL.SHF,20240228,5896.0,5903.0,5858.0,5860.0,5883.0,-17.0,-0.28896821349651536,1535.0,13534.6
AGL.SHF,20240229,5854.0,5888.0,5853.0,5885.0,5860.0,7.0,0.11945392491467575,14101.0,124017.2355
AGL.SHF,20240301,5850.0,5919.0,5842.0,5913.0,5885.0,50.0,0.8496176720475787,795.0,7018.1
AGL.SHF,20240304,5915.0,5990.0,5889.0,5976.0,5913.0,91.0,1.5389819042787078,1182.0,10564.17
AGL.SHF,20240305,5980.0,6116.0,5980.0,6108.0,5976.0,150.0,2.5100401606425704,1446.0,13176.98
AGL.SHF,20240306,6116.0,6177.0,6080.0,6104.0,6108.0,29.0,0.47478716437459073,922.0,8447.7
AGL.SHF,20240307,6109.0,6165.0,6106.0,6127.0,6104.0,19.0,0.3112712975098296,360.0,3313.85
AGL.SHF,20240308,6135.0,6176.0,6128.0,6158.0,6127.0,22.0,0.3590664272890485,700.0,6458.01
AGL.SHF,20240311,6152.0,6152.0,6133.0,6133.0,6158.0,-17.0,-0.2760636570315037,4.0,36.86
AGL.SHF,20240312,6133.0,6214.0,5960.0,6165.0,6133.0,23.0,0.37502038154247513,242.0,2224.67
AGL.SHF,20240313,6131.0,6131.0,6131.0,6131.0,6165.0,3.0,0.04866180048661801,4.0,36.79
AGL.SHF,20240314,6165.0,6165.0,6165.0,6165.0,6131.0,34.0,0.5545587995433046,2.0,18.5
AGL.SHF,20240315,6290.0,6310.0,6166.0,6310.0,6165.0,145.0,2.3519870235198703,22.0,207.01
AGL.SHF,20240318,6342.0,6420.0,6302.0,6325.0,6310.0,10.0,0.15847860538827258,23465.0,223588.96
AGL.SHF,20240319,6356.0,6378.0,6289.0,6301.0,6325.0,-51.0,-0.8063241106719368,12349.0,117298.79
AGL.SHF,20240320,6300.0,6338.0,6267.0,6324.0,6301.0,-8.0,-0.12696397397238532,6887.0,65177.36
AGL.SHF,20240321,6312.0,6508.0,6297.0,6493.0,6324.0,184.0,2.90955091714105,19672.0,189889.16
AGL.SHF,20240322,6452.0,6465.0,6294.0,6312.0,6493.0,-123.0,-1.8943477591252118,23601.0,224899.56
AGL.SHF,20240325,6347.0,6417.0,6330.0,6353.0,6312.0,1.0,0.015842839036755384,30642.0,292664.0
AGL.SHF,20240326,6371.0,6384.0,6336.0,6346.0,6353.0,-21.0,-0.33055249488430666,11643.0,111150.35
AGL.SHF,20240327,6372.0,6397.0,6302.0,6336.0,6346.0,-28.0,-0.44122281752284903,7203.0,68616.77
AGL.SHF,20240328,6341.0,6384.0,6325.0,6379.0,6336.0,29.0,0.4577020202020202,6426.0,61370.22
AGL.SHF,20240329,6389.0,6554.0,6352.0,6543.0,6379.0,177.0,2.774729581439097,4819.0,46459.82
AGL.SHF,20240401,6475.0,6521.0,6434.0,6486.0,6543.0,59.0,0.9017270365275868,2519.0,24440.26
AGL.SHF,20240402,6480.0,6556.0,6408.0,6554.0,6486.0,86.0,1.3259327782917052,1884.0,18314.66
AGL.SHF,20240403,6584.0,6787.0,6541.0,6784.0,6554.0,304.0,4.638388770216661,2024.0,20403.46
AGL.SHF,20240408,6869.0,7190.0,6796.0,7114.0,6784.0,394.0,5.807783018867925,10640.0,110680.07
AGL.SHF,20240409,7113.0,7284.0,7030.0,7165.0,7114.0,231.0,3.247118358166995,640.0,6880.74
AGL.SHF,20240410,7165.0,7218.0,7165.0,7187.0,7165.0,20.0,0.2791346824842987,942.0,10167.94
AGL.SHF,20240411,7110.0,7201.0,7110.0,7160.0,7187.0,-35.0,-0.4869903993321274,920.0,9902.26
AGL.SHF,20240412,7160.0,7400.0,7160.0,7400.0,7160.0,225.0,3.1424581005586596,8734.0,94069.26
AGL.SHF,20240415,7535.0,7535.0,7345.0,7348.0,7400.0,168.0,2.27027027027027,162.0,1808.62
AGL.SHF,20240416,7463.0,7508.0,7316.0,7368.0,7348.0,-130.0,-1.7691888949373977,16035.0,178488.49
AGL.SHF,20240417,7367.0,7411.0,7293.0,7383.0,7368.0,-37.0,-0.502171552660152,7401.0,81639.38
AGL.SHF,20240418,7396.0,7494.0,7311.0,7438.0,7383.0,85.0,1.1512935121224435,8334.0,92585.28
AGL.SHF,20240419,7446.0,7543.0,7331.0,7424.0,7438.0,18.0,0.24200053777897285,12543.0,139423.18
AGL.SHF,20240422,7402.0,7469.0,7150.0,7173.0,7424.0,-237.0,-3.1923491379310347,14367.0,157420.46
AGL.SHF,20240423,7101.0,7140.0,6954.0,6995.0,7173.0,-309.0,-4.307820995399415,16791.0,177285.41
AGL.SHF,20240424,7025.0,7137.0,6996.0,7100.0,6995.0,62.0,0.8863473909935669,26860.0,284990.06
AGL.SHF,20240425,7099.0,7106.0,6997.0,7077.0,7100.0,4.0,0.056338028169014086,7088.0,75198.74
AGL.SHF,20240426,7113.0,7170.0,7049.0,7167.0,7077.0,95.0,1.3423767132965945,3440.0,36698.07
AGL.SHF,20240429,7151.0,7165.0,7031.0,7081.0,7167.0,-31.0,-0.43253802148737264,1434.0,15265.58
AGL.SHF,20240430,7081.0,7104.0,6970.0,7012.0,7081.0,-84.0,-1.1862731252647931,6725.0,71347.85
AGL.SHF,20240506,6957.0,7058.0,6937.0,7050.0,7012.0,-22.0,-0.31374786081003997,340.0,3571.71
AGL.SHF,20240507,7083.0,7158.0,7078.0,7089.0,7050.0,86.0,1.2198581560283688,440.0,4692.08
AGL.SHF,20240508,7111.0,7149.0,7045.0,7097.0,7089.0,-12.0,-0.16927634363097757,1216.0,12946.0
AGL.SHF,20240509,7098.0,7178.0,7098.0,7151.0,7097.0,54.0,0.7608848809356066,188.0,2009.6
AGL.SHF,20240510,7186.0,7353.0,7168.0,7353.0,7151.0,227.0,3.1743812054258145,40.0,437.52
AGL.SHF,20240513,7292.0,7292.0,7292.0,7292.0,7353.0,0.0,0.0,0.0,0.0
AGL.SHF,20240514,7292.0,7380.0,7020.0,7312.0,7292.0,20.0,0.27427317608337903,828.0,9090.59
AGL.SHF,20240515,7321.0,7321.0,7321.0,7321.0,7312.0,2.0,0.02735229759299781,6.0,65.89
AGL.SHF,20240516,7460.0,7645.0,7352.0,7566.0,7321.0,215.0,2.9367572735965033,346718.0,3902810.19
AGL.SHF,20240517,7572.0,7636.0,7542.0,7636.0,7566.0,132.0,1.7446471054718478,131592.0,1497870.22
AGL.SHF,20240520,7750.0,8195.0,7720.0,8195.0,7636.0,607.0,7.9491880565741235,197516.0,2332911.35
AGL.SHF,20240521,8098.0,8730.0,8081.0,8220.0,8195.0,346.0,4.22208663819402,326591.0,4066006.08
AGL.SHF,20240522,8299.0,8492.0,8233.0,8329.0,8220.0,30.0,0.36496350364963503,198100.0,2484340.41
AGL.SHF,20240523,8329.0,8329.0,7851.0,7936.0,8329.0,-424.0,-5.090647136510985,170184.0,2065995.24
AGL.SHF,20240524,7970.0,8058.0,7820.0,7976.0,7936.0,-117.0,-1.4742943548387097,105132.0,1253090.01
AGL.SHF,20240527,7983.0,8138.0,7912.0,8059.0,7976.0,113.0,1.4167502507522567,101226.0,1219122.72
AGL.SHF,20240528,8090.0,8420.0,8090.0,8268.0,8059.0,239.0,2.9656284898870826,91708.0,1139951.5
AGL.SHF,20240529,8337.0,8520.0,8269.0,8515.0,8268.0,229.0,2.769714562167392,64781.0,816806.97
AGL.SHF,20240530,8399.0,8498.0,8168.0,8250.0,8515.0,-155.0,-1.8203170874926602,47763.0,598173.06
AGL.SHF,20240531,8232.0,8360.0,8090.0,8222.0,8250.0,-127.0,-1.5393939393939393,31180.0,384463.02
AGL.SHF,20240603,8300.0,8369.0,7811.0,7944.0,8222.0,-276.0,-3.356847482364388,16892.0,203634.29
AGL.SHF,20240604,8036.0,8098.0,7919.0,8071.0,7944.0,35.0,0.44058408862034243,7512.0,90425.42
AGL.SHF,20240605,7906.0,7906.0,7724.0,7766.0,8071.0,-258.0,-3.1966299095527195,8386.0,98037.29
AGL.SHF,20240606,7798.0,8065.0,7750.0,8024.0,7766.0,231.0,2.974504249291785,5378.0,64113.82
AGL.SHF,20240607,7988.0,8307.0,7930.0,8181.0,8024.0,234.0,2.9162512462612162,14652.0,177905.05
AGL.SHF,20240611,7895.0,7949.0,7615.0,7670.0,8181.0,-424.0,-5.182740496271849,2542.0,29327.06
AGL.SHF,20240612,7670.0,7866.0,7655.0,7750.0,7670.0,59.0,0.7692307692307693,1402.0,16252.83
AGL.SHF,20240613,7915.0,7915.0,7620.0,7670.0,7750.0,-58.0,-0.7483870967741936,480.0,5532.0
AGL.SHF,20240614,7590.0,7590.0,7590.0,7590.0,7670.0,-93.0,-1.21251629726206,82.0,933.57
AGL.SHF,20240617,7590.0,7745.0,7590.0,7647.0,7590.0,57.0,0.7509881422924901,176.0,2028.76
AGL.SHF,20240618,7707.0,7815.0,7670.0,7736.0,7647.0,22.0,0.2876945207270825,7678.0,89249.44
AGL.SHF,20240619,7663.0,7802.0,7634.0,7759.0,7736.0,10.0,0.12926577042399173,6150.0,71507.48
AGL.SHF,20240620,7770.0,8046.0,7760.0,7997.0,7759.0,246.0,3.1705116638742106,10806.0,128408.08
AGL.SHF,20240621,7972.0,8169.0,7968.0,8020.0,7997.0,98.0,1.225459547330249,8916.0,108006.73
AGL.SHF,20240624,7973.0,8023.0,7770.0,7802.0,8020.0,-273.0,-3.403990024937656,25382.0,298591.86
AGL.SHF,20240625,7800.0,7852.0,7735.0,7802.0,7802.0,-40.0,-0.5126890540886951,12599.0,147527.84
AGL.SHF,20240626,7802.0,7802.0,7590.0,7650.0,7802.0,-156.0,-1.9994873109459113,6676.0,76744.93
AGL.SHF,20240627,7640.0,7650.0,7561.0,7610.0,7650.0,-53.0,-0.6928104575163399,2173.0,24789.56
AGL.SHF,20240628,7700.0,7760.0,7617.0,7751.0,7610.0,146.0,1.9185282522996057,1455.0,16779.35
AGL.SHF,20240701,7816.0,7828.0,7662.0,7717.0,7751.0,29.0,0.3741452715778609,573.0,6641.84
AGL.SHF,20240702,7745.0,7802.0,7729.0,7778.0,7717.0,51.0,0.6608785797589737,704.0,8211.13
AGL.SHF,20240703,7812.0,7946.0,7794.0,7946.0,7778.0,171.0,2.1985086140395986,350.0,4117.47
AGL.SHF,20240704,8035.0,8087.0,7963.0,8006.0,7946.0,164.0,2.0639315378806944,410.0,4949.06
AGL.SHF,20240705,7995.0,8093.0,7995.0,8059.0,8006.0,12.0,0.1498875843117662,162.0,1958.98
AGL.SHF,20240708,8099.0,8276.0,8065.0,8112.0,8059.0,51.0,0.6328328576746495,514.0,6290.96
AGL.SHF,20240709,8131.0,8150.0,8110.0,8150.0,8112.0,-9.0,-0.11094674556213018,46.0,561.02
AGL.SHF,20240710,8120.0,8120.0,8120.0,8120.0,8150.0,-10.0,-0.1226993865030675,22.0,267.96
AGL.SHF,20240711,8150.0,8150.0,8145.0,8150.0,8120.0,30.0,0.3694581280788177,10.0,122.23
AGL.SHF,20240712,8201.0,8201.0,7830.0,7830.0,8150.0,-318.0,-3.9018404907975457,26.0,318.36
AGL.SHF,20240715,8050.0,8130.0,8050.0,8125.0,7830.0,-38.0,-0.48531289910600256,280.0,3404.4
AGL.SHF,20240716,8054.0,8135.0,8025.0,8108.0,8125.0,15.0,0.1846153846153846,743047.0,9013465.23
AGL.SHF,20240717,8063.0,8231.0,8050.0,8082.0,8108.0,-4.0,-0.049333991119881605,1130846.0,13818793.69
AGL.SHF,20240718,8096.0,8124.0,7876.0,7974.0,8082.0,-172.0,-2.1281860925513487,1032533.0,12346301.64
AGL.SHF,20240719,7939.0,7950.0,7653.0,7679.0,7974.0,-292.0,-3.6619011788312013,987974.0,11582601.26
AGL.SHF,20240722,7618.0,7708.0,7574.0,7602.0,7679.0,-213.0,-2.7737986717020444,769188.0,8816326.43
AGL.SHF,20240723,7547.0,7695.0,7525.0,7536.0,7602.0,-105.0,-1.3812154696132597,681327.0,7771922.71
AGL.SHF,20240724,7606.0,7691.0,7576.0,7688.0,7536.0,84.0,1.1146496815286624,604616.0,6914674.41
AGL.SHF,20240725,7698.0,7712.0,7192.0,7220.0,7688.0,-404.0,-5.254942767950052,1000591.0,11167006.46
AGL.SHF,20240726,7160.0,7298.0,7143.0,7234.0,7220.0,-206.0,-2.853185595567867,614829.0,6656548.98
AGL.SHF,20240729,7270.0,7322.0,7194.0,7295.0,7234.0,78.0,1.07824163671551,244968.0,2666035.52
AGL.SHF,20240730,7295.0,7302.0,7105.0,7255.0,7295.0,0.0,0.0,156831.0,1696310.93
AGL.SHF,20240731,7240.0,7464.0,7206.0,7423.0,7255.0,213.0,2.935906271536871,102675.0,1127310.86
AGL.SHF,20240801,7422.0,7529.0,7406.0,7484.0,7423.0,165.0,2.222820961875253,24624.0,275934.43
AGL.SHF,20240802,7495.0,7525.0,7270.0,7454.0,7484.0,-16.0,-0.2137894174238375,21078.0,233960.87
AGL.SHF,20240805,7520.0,7520.0,7144.0,7204.0,7454.0,-195.0,-2.61604507646901,23354.0,254568.26
AGL.SHF,20240806,6860.0,7069.0,6792.0,6858.0,7204.0,-408.0,-5.6635202665186,17944.0,186637.69
AGL.SHF,20240807,6830.0,6969.0,6830.0,6917.0,6858.0,-17.0,-0.2478856809565471,12616.0,130702.86
AGL.SHF,20240808,6921.0,6967.0,6843.0,6894.0,6917.0,-12.0,-0.17348561515107705,27428.0,284495.15
AGL.SHF,20240809,6908.0,7112.0,6908.0,7050.0,6894.0,136.0,1.9727299100667246,15322.0,158955.26
AGL.SHF,20240812,7050.0,7191.0,6994.0,7191.0,7050.0,275.0,3.900709219858156,2844.0,30081.58
AGL.SHF,20240813,7191.0,7200.0,7101.0,7115.0,7191.0,64.0,0.8900013906271728,1346.0,14502.4
AGL.SHF,20240814,7001.0,7130.0,7001.0,7087.0,7115.0,-95.0,-1.3352073085031624,114.0,1215.74
AGL.SHF,20240815,7087.0,7100.0,7001.0,7100.0,7087.0,-9.0,-0.12699308593198813,150.0,1583.15
AGL.SHF,20240816,7188.0,7312.0,7119.0,7260.0,7100.0,200.0,2.8169014084507045,38019.0,412870.37
AGL.SHF,20240819,7298.0,7450.0,7228.0,7423.0,7260.0,184.0,2.5344352617079893,34784.0,383273.39
AGL.SHF,20240820,7407.0,7535.0,7385.0,7521.0,7423.0,176.0,2.3710090260002694,26715.0,299087.38
AGL.SHF,20240821,7609.0,7617.0,7467.0,7529.0,7521.0,66.0,0.8775428799361786,25137.0,284156.05
AGL.SHF,20240822,7540.0,7563.0,7440.0,7481.0,7529.0,-55.0,-0.7305086996945145,20861.0,234489.43
AGL.SHF,20240823,7521.0,7535.0,7354.0,7456.0,7481.0,-37.0,-0.49458628525598186,26031.0,289748.6
AGL.SHF,20240826,7472.0,7635.0,7422.0,7629.0,7456.0,209.0,2.8031115879828326,62557.0,709048.6
AGL.SHF,20240827,7620.0,7648.0,7570.0,7619.0,7629.0,63.0,0.8257963035784506,16863.0,192447.98
AGL.SHF,20240828,7608.0,7640.0,7470.0,7491.0,7619.0,-117.0,-1.5356345977162356,7792.0,88533.59
AGL.SHF,20240829,7475.0,7531.0,7407.0,7504.0,7491.0,-70.0,-0.934454678948071,4969.0,55739.36
AGL.SHF,20240830,7479.0,7521.0,7423.0,7485.0,7504.0,7.0,0.09328358208955223,3952.0,44302.03
AGL.SHF,20240902,7465.0,7465.0,7187.0,7190.0,7485.0,-283.0,-3.7808951235804944,2206.0,24180.68
AGL.SHF,20240903,7229.0,7239.0,7157.0,7193.0,7190.0,-114.0,-1.5855354659248957,902.0,9750.7
AGL.SHF,20240904,7185.0,7191.0,7042.0,7042.0,7193.0,-164.0,-2.279994439037954,460.0,4891.17
AGL.SHF,20240905,7074.0,7144.0,7067.0,7067.0,7042.0,-21.0,-0.2982107355864811,276.0,2940.4
AGL.SHF,20240906,7165.0,7234.0,7142.0,7201.0,7067.0,99.0,1.4008773171076836,548.0,5912.36
AGL.SHF,20240909,7206.0,7206.0,6857.0,6922.0,7201.0,-270.0,-3.7494792389945837,1070.0,11125.68
AGL.SHF,20240910,6973.0,7005.0,6945.0,7001.0,6922.0,70.0,1.0112684195319273,726.0,7612.16
AGL.SHF,20240911,7001.0,7110.0,6997.0,7110.0,7001.0,120.0,1.7140408513069563,146.0,1543.49
AGL.SHF,20240912,7100.0,7100.0,7060.0,7060.0,7110.0,13.0,0.1828410689170183,62.0,660.15
AGL.SHF,20240913,7348.0,7348.0,7348.0,7348.0,7060.0,250.0,3.5410764872521248,60.0,661.32
AGL.SHF,20240918,7348.0,7437.0,7348.0,7410.0,7348.0,62.0,0.8437670114316821,262.0,2908.44
AGL.SHF,20240919,7439.0,7494.0,7230.0,7465.0,7410.0,36.0,0.4858299595141701,66863.0,738583.46
AGL.SHF,20240920,7464.0,7547.0,7407.0,7529.0,7465.0,165.0,2.2103148024112524,44859.0,503065.05
AGL.SHF,20240923,7587.0,7587.0,7408.0,7461.0,7529.0,-15.0,-0.19922964537123122,49907.0,560311.12
AGL.SHF,20240924,7458.0,7609.0,7392.0,7516.0,7461.0,32.0,0.42889693070633966,74812.0,841572.22
AGL.SHF,20240925,7530.0,7900.0,7511.0,7762.0,7516.0,263.0,3.4992017030335285,48280.0,558988.89
AGL.SHF,20240926,7769.0,7869.0,7743.0,7829.0,7762.0,111.0,1.4300438031435196,20465.0,239739.77
AGL.SHF,20240927,7899.0,7930.0,7767.0,7836.0,7829.0,27.0,0.34487163111508495,15422.0,181349.84
AGL.SHF,20240930,7889.0,7912.0,7685.0,7755.0,7836.0,-84.0,-1.0719754977029097,10993.0,128611.07
AGL.SHF,20241008,7797.0,7890.0,7621.0,7657.0,7755.0,-142.0,-1.8310767246937458,8100.0,94800.51
AGL.SHF,20241009,7657.0,7679.0,7433.0,7498.0,7657.0,-304.0,-3.970223325062035,1230.0,13946.37
AGL.SHF,20241010,7498.0,7550.0,7490.0,7532.0,7498.0,-27.0,-0.3600960256068285,15856.0,178350.39
AGL.SHF,20241011,7355.0,7695.0,7355.0,7676.0,7532.0,178.0,2.3632501327668614,1574.0,18016.44
AGL.SHF,20241014,7676.0,7762.0,7601.0,7761.0,7676.0,131.0,1.706618030224075,7556.0,87057.36
AGL.SHF,20241015,7737.0,7740.0,7650.0,7692.0,7761.0,11.0,0.14173431258858393,490.0,5660.82
AGL.SHF,20241016,7648.0,7886.0,7648.0,7879.0,7692.0,179.0,2.3270930837233488,9910.0,116048.96
AGL.SHF,20241017,7902.0,8008.0,7759.0,7805.0,7879.0,-1.0,-0.012691965985531158,14651.0,173678.26
AGL.SHF,20241018,7856.0,7987.0,7742.0,7886.0,7805.0,-16.0,-0.20499679692504805,15379.0,181698.46
AGL.SHF,20241021,7930.0,8367.0,7922.0,8331.0,7886.0,455.0,5.769718488460563,22748.0,278692.14
AGL.SHF,20241022,8342.0,8404.0,8182.0,8315.0,8331.0,148.0,1.7764974192773977,12143.0,151062.11
AGL.SHF,20241023,8363.0,8429.0,8292.0,8334.0,8315.0,41.0,0.49308478653036686,11423.0,143204.92
AGL.SHF,20241024,8304.0,8304.0,8080.0,8221.0,8334.0,-136.0,-1.6318694504439644,14101.0,172511.41
AGL.SHF,20241025,8210.0,8258.0,8071.0,8123.0,8221.0,-32.0,-0.3892470502371974,27969.0,341480.35
AGL.SHF,20241028,8111.0,8224.0,8073.0,8198.0,8123.0,59.0,0.7263326357257172,8704.0,106191.14
AGL.SHF,20241029,8177.0,8306.0,8159.0,8265.0,8198.0,132.0,1.6101488167845819,3031.0,37412.31
AGL.SHF,20241030,8270.0,8351.0,8241.0,8304.0,8265.0,76.0,0.9195402298850575,3438.0,42862.36
AGL.SHF,20241031,8268.0,8268.0,8105.0,8161.0,8304.0,-150.0,-1.8063583815028903,1504.0,18417.34
AGL.SHF,20241101,8091.0,8091.0,7929.0,7956.0,8161.0,-207.0,-2.5364538659478004,576.0,6912.97
AGL.SHF,20241104,7994.0,8052.0,7888.0,7988.0,7956.0,-13.0,-0.16339869281045752,510.0,6080.69
AGL.SHF,20241105,8006.0,8006.0,7919.0,7976.0,7988.0,28.0,0.35052578868302453,324.0,3866.12
AGL.SHF,20241106,7976.0,8052.0,7730.0,7766.0,7976.0,-188.0,-2.3570712136409226,424.0,5053.84
AGL.SHF,20241107,7766.0,7766.0,7620.0,7690.0,7766.0,-256.0,-3.296420293587433,632.0,7310.16
AGL.SHF,20241108,7711.0,7831.0,7701.0,7743.0,7690.0,32.0,0.41612483745123535,564.0,6573.94
AGL.SHF,20241111,7770.0,7860.0,7733.0,7772.0,7743.0,2.0,0.02582978173834431,530.0,6182.12
AGL.SHF,20241112,7708.0,7708.0,7667.0,7667.0,7772.0,-109.0,-1.402470406587751,448.0,5166.54
AGL.SHF,20241113,7680.0,7680.0,7678.0,7678.0,7667.0,-10.0,-0.1304291117777488,260.0,2994.96
AGL.SHF,20241114,7505.0,7510.0,7505.0,7510.0,7678.0,-169.0,-2.201094034904923,4.0,45.05
AGL.SHF,20241115,7439.0,7608.0,7382.0,7545.0,7510.0,38.0,0.5059920106524634,220.0,2480.74
AGL.SHF,20241118,7608.0,7672.0,7536.0,7660.0,7545.0,98.0,1.2988734261100068,216973.0,2480618.13
AGL.SHF,20241119,7700.0,7826.0,7682.0,7792.0,7660.0,171.0,2.2323759791122715,149072.0,1732367.4
AGL.SHF,20241120,7812.0,7825.0,7711.0,7733.0,7792.0,-14.0,-0.17967145790554415,127504.0,1484533.37
AGL.SHF,20241121,7721.0,7810.0,7700.0,7808.0,7733.0,46.0,0.5948532264321739,118540.0,1380334.81
AGL.SHF,20241122,7780.0,7799.0,7689.0,7776.0,7808.0,14.0,0.17930327868852458,147725.0,1717300.1
AGL.SHF,20241125,7830.0,7848.0,7582.0,7631.0,7776.0,-118.0,-1.5174897119341564,187151.0,2172440.03
AGL.SHF,20241126,7651.0,7658.0,7538.0,7578.0,7631.0,-160.0,-2.0967107849561,90759.0,1032406.48
AGL.SHF,20241127,7640.0,7650.0,7560.0,7643.0,7578.0,60.0,0.791765637371338,57433.0,655513.24
AGL.SHF,20241128,7608.0,7645.0,7437.0,7504.0,7643.0,-105.0,-1.3738060970822976,61654.0,696698.8
AGL.SHF,20241129,7541.0,7680.0,7512.0,7660.0,7504.0,127.0,1.6924307036247335,47592.0,541280.43
AGL.SHF,20241202,7667.0,7710.0,7538.0,7558.0,7660.0,-24.0,-0.3133159268929504,16609.0,189701.45
AGL.SHF,20241203,7608.0,7777.0,7487.0,7768.0,7558.0,154.0,2.0375760783276,13476.0,154887.04
AGL.SHF,20241204,7759.0,7816.0,7732.0,7775.0,7768.0,113.0,1.4546858908341915,11340.0,132255.23
AGL.SHF,20241205,7708.0,7868.0,7666.0,7799.0,7775.0,24.0,0.30868167202572344,8692.0,101686.46
AGL.SHF,20241206,7828.0,7834.0,7700.0,7780.0,7799.0,-19.0,-0.24362097704833954,6084.0,70828.74
AGL.SHF,20241209,7775.0,7808.0,7675.0,7770.0,7780.0,9.0,0.11568123393316196,13610.0,158133.3
AGL.SHF,20241210,7870.0,7954.0,7821.0,7881.0,7770.0,136.0,1.7503217503217503,6746.0,79881.86
AGL.SHF,20241211,7894.0,7938.0,7855.0,7878.0,7881.0,-16.0,-0.20301992132978047,674.0,8001.6
AGL.SHF,20241212,7888.0,7983.0,7824.0,7977.0,7878.0,63.0,0.7996953541507997,1376.0,16362.95
AGL.SHF,20241213,7920.0,7939.0,7746.0,7759.0,7977.0,-168.0,-2.1060549078600976,998.0,11690.45
AGL.SHF,20241216,7759.0,7759.0,7675.0,7712.0,7759.0,-97.0,-1.250161103234953,124.0,1432.1
AGL.SHF,20241217,7733.0,7762.0,7698.0,7705.0,7712.0,-4.0,-0.05186721991701245,8046.0,93305.3
AGL.SHF,20241218,7679.0,7730.0,7637.0,7685.0,7705.0,-45.0,-0.5840363400389358,12478.0,143810.1735
AGL.SHF,20241219,7677.0,7695.0,7437.0,7487.0,7685.0,-196.0,-2.5504229017566686,22740.0,257034.72
AGL.SHF,20241220,7436.0,7466.0,7351.0,7428.0,7487.0,-107.0,-1.429143849338854,17543.0,194795.44
AGL.SHF,20241223,7399.0,7582.0,7395.0,7569.0,7428.0,167.0,2.2482498653742593,15909.0,178894.59
AGL.SHF,20241224,7550.0,7578.0,7507.0,7568.0,7569.0,72.0,0.9512485136741973,9555.0,108101.04
AGL.SHF,20241225,7537.0,7606.0,7532.0,7565.0,7568.0,23.0,0.30391120507399577,27259.0,309370.52
AGL.SHF,20241226,8000.0,8000.0,7545.0,7569.0,7565.0,3.0,0.03965631196298744,9285.0,105945.48
AGL.SHF,20241227,7576.0,7622.0,7545.0,7589.0,7569.0,-17.0,-0.2246003435064077,3597.0,40976.88
AGL.SHF,20241230,7551.0,7574.0,7482.0,7553.0,7589.0,-41.0,-0.5402556331532481,3269.0,36894.02
AGL.SHF,20241231,7562.0,7565.0,7430.0,7500.0,7553.0,-24.0,-0.31775453462200454,2508.0,28137.4725
AGL.SHF,20250102,7502.0,7610.0,7502.0,7599.0,7500.0,120.0,1.6,1339.0,15248.4
AGL.SHF,20250103,7618.0,7658.0,7585.0,7622.0,7599.0,31.0,0.40794841426503486,2068.0,23651.73
AGL.SHF,20250106,7662.0,7696.0,7589.0,7602.0,7622.0,-22.0,-0.2886381527158226,1224.0,14042.32
AGL.SHF,20250107,7748.0,7760.0,7612.0,7719.0,7602.0,71.0,0.9339647461194422,1778.0,20541.77
AGL.SHF,20250108,7751.0,7768.0,7704.0,7740.0,7719.0,38.0,0.4922917476357041,1774.0,20549.82
AGL.SHF,20250109,7740.0,7760.0,7707.0,7730.0,7740.0,8.0,0.10335917312661498,730.0,8460.36
AGL.SHF,20250110,7800.0,7800.0,7776.0,7790.0,7730.0,64.0,0.8279430789133247,190.0,2220.97
AGL.SHF,20250113,7740.0,7780.0,7736.0,7760.0,7790.0,-32.0,-0.41078305519897307,602.0,6996.7
AGL.SHF,20250114,7600.0,7600.0,7580.0,7580.0,7760.0,-168.0,-2.1649484536082473,116.0,1321.39
AGL.SHF,20250115,7580.0,7652.0,7580.0,7652.0,7580.0,58.0,0.7651715039577837,252.0,2874.53
AGL.SHF,20250116,7684.0,7858.0,7667.0,7850.0,7652.0,227.0,2.9665446941975953,212068.0,2473425.5
AGL.SHF,20250117,7848.0,7898.0,7782.0,7813.0,7850.0,38.0,0.4840764331210191,134257.0,1580904.5
AGL.SHF,20250120,7788.0,7802.0,7686.0,7750.0,7813.0,-100.0,-1.2799180852425445,139772.0,1622548.69
AGL.SHF,20250121,7711.0,7804.0,7676.0,7763.0,7750.0,24.0,0.3096774193548387,117181.0,1359381.36
AGL.SHF,20250122,7755.0,7843.0,7726.0,7790.0,7763.0,57.0,0.7342522220790931,66013.0,770437.41
AGL.SHF,20250123,7790.0,7799.0,7700.0,7703.0,7790.0,-77.0,-0.9884467265725289,53417.0,620525.39
AGL.SHF,20250124,7648.0,7775.0,7595.0,7759.0,7703.0,15.0,0.19472932623653122,48740.0,560938.22
AGL.SHF,20250127,7771.0,7803.0,7627.0,7694.0,7759.0,22.0,0.2835416935172058,26719.0,309050.54
AGL.SHF,20250205,7951.0,8160.0,7951.0,8081.0,7694.0,370.0,4.808942032752794,10402.0,125647.4
AGL.SHF,20250206,8092.0,8094.0,8018.0,8026.0,8081.0,-26.0,-0.3217423586189828,5416.0,65504.49
AGL.SHF,20250207,7999.0,8068.0,7961.0,8031.0,8026.0,-32.0,-0.398704211313232,4560.0,54883.63
AGL.SHF,20250210,8025.0,8120.0,7986.0,8043.0,8031.0,20.0,0.24903498941601293,8462.0,102009.66
AGL.SHF,20250211,8055.0,8160.0,7911.0,7965.0,8043.0,-71.0,-0.8827551908491856,820.0,9867.43
AGL.SHF,20250212,7885.0,7970.0,7885.0,7950.0,7965.0,-72.0,-0.903954802259887,966.0,11511.32
AGL.SHF,20250213,7999.0,8028.0,7887.0,8014.0,7950.0,70.0,0.8805031446540881,376.0,4504.77
AGL.SHF,20250214,8014.0,8333.0,8014.0,8229.0,8014.0,242.0,3.019715497878712,114.0,1375.51
AGL.SHF,20250217,8230.0,8252.0,7970.0,7970.0,8229.0,-73.0,-0.8871065743103658,624.0,7540.8
AGL.SHF,20250218,8011.0,8091.0,7979.0,8064.0,7970.0,-9.0,-0.11292346298619825,15689.0,188900.12
AGL.SHF,20250219,8094.0,8147.0,8048.0,8117.0,8064.0,91.0,1.128472222222222,14846.0,180329.2
AGL.SHF,20250220,8123.0,8151.0,8051.0,8134.0,8117.0,37.0,0.4558334359985216,9443.0,114804.3
AGL.SHF,20250221,8160.0,8171.0,8055.0,8088.0,8134.0,-17.0,-0.2089992623555446,18849.0,229514.79
AGL.SHF,20250224,8083.0,8122.0,7996.0,8077.0,8088.0,-40.0,-0.4945598417408506,29352.0,354672.17
AGL.SHF,20250225,8075.0,8081.0,7976.0,8007.0,8077.0,-48.0,-0.5942800544756717,12971.0,156475.31
AGL.SHF,20250226,7947.0,7995.0,7859.0,7898.0,8007.0,-144.0,-1.798426376920195,5635.0,66974.49
AGL.SHF,20250227,7910.0,7942.0,7859.0,7890.0,7898.0,-33.0,-0.4178272980501393,2409.0,28573.5
AGL.SHF,20250228,7902.0,7933.0,7826.0,7851.0,7890.0,-56.0,-0.7097591888466414,1808.0,21345.17
AGL.SHF,20250303,7841.0,7908.0,7806.0,7878.0,7851.0,8.0,0.10189784740797352,840.0,9911.22
AGL.SHF,20250304,7950.0,7960.0,7916.0,7933.0,7878.0,67.0,0.8504696623508504,422.0,5025.52
AGL.SHF,20250305,7974.0,7989.0,7875.0,7978.0,7933.0,39.0,0.4916172948443212,344.0,4105.47
AGL.SHF,20250306,7998.0,8071.0,7942.0,8044.0,7978.0,88.0,1.1030333416896465,658.0,7907.75
AGL.SHF,20250307,8012.0,8050.0,8000.0,8038.0,8044.0,27.0,0.33565390353058183,494.0,5953.55
AGL.SHF,20250310,8014.0,8062.0,7979.0,8051.0,8038.0,17.0,0.21149539686489177,580.0,6992.7
AGL.SHF,20250311,8179.0,8179.0,7924.0,7990.0,8051.0,-47.0,-0.5837784126195504,446.0,5340.97
AGL.SHF,20250312,8040.0,8096.0,8040.0,8096.0,7990.0,113.0,1.4142678347934918,470.0,5689.51
AGL.SHF,20250313,8122.0,8167.0,8122.0,8130.0,8096.0,60.0,0.7411067193675889,486.0,5928.43
AGL.SHF,20250314,8130.0,8337.0,8130.0,8321.0,8130.0,189.0,2.3247232472324724,286.0,3512.65
AGL.SHF,20250317,8330.0,8330.0,8300.0,8300.0,8321.0,113.0,1.3580098545847856,280.0,3489.1
AGL.SHF,20250318,8295.0,8360.0,8250.0,8350.0,8300.0,28.0,0.3373493975903614,338100.0,4215681.32
AGL.SHF,20250319,8402.0,8419.0,8334.0,8356.0,8350.0,44.0,0.5269461077844312,254277.0,3191259.36
AGL.SHF,20250320,8325.0,8370.0,8283.0,8331.0,8356.0,-35.0,-0.41886069889899474,180859.0,2257954.81
AGL.SHF,20250321,8270.0,8302.0,8150.0,8186.0,8331.0,-137.0,-1.644460448925699,184017.0,2274794.59
AGL.SHF,20250324,8160.0,8233.0,8125.0,8226.0,8186.0,-15.0,-0.1832396774981676,120816.0,1483033.19
AGL.SHF,20250325,8200.0,8236.0,8177.0,8228.0,8226.0,45.0,0.5470459518599562,85439.0,1051701.51
AGL.SHF,20250326,8280.0,8362.0,8259.0,8345.0,8228.0,139.0,1.689353427321342,72820.0,909390.9
AGL.SHF,20250327,8374.0,8374.0,8305.0,8346.0,8345.0,21.0,0.2516476932294788,45415.0,568312.77
AGL.SHF,20250328,8419.0,8517.0,8352.0,8487.0,8346.0,145.0,1.737359213994728,67860.0,859065.92
AGL.SHF,20250331,8472.0,8491.0,8400.0,8483.0,8487.0,44.0,0.5184399670083657,36578.0,463774.56
AGL.SHF,20250401,8450.0,8463.0,8322.0,8412.0,8483.0,-40.0,-0.4715312978898974,12577.0,158560.79
AGL.SHF,20250402,8412.0,8426.0,8344.0,8386.0,8412.0,-18.0,-0.21398002853067047,5814.0,73180.67
AGL.SHF,20250403,8405.0,8442.0,8254.0,8282.0,8386.0,-109.0,-1.2997853565466253,10786.0,134935.99
AGL.SHF,20250407,7506.0,7839.0,7506.0,7609.0,8282.0,-731.0,-8.82637044192224,11980.0,137149.56
AGL.SHF,20250408,7626.0,7728.0,7610.0,7681.0,7609.0,49.0,0.6439742410303588,5812.0,66826.47
AGL.SHF,20250409,7709.0,7750.0,7630.0,7750.0,7681.0,85.0,1.1066267413097253,1872.0,21622.55
AGL.SHF,20250410,7750.0,7958.0,7738.0,7953.0,7750.0,253.0,3.2645161290322577,340.0,4038.77
AGL.SHF,20250411,7953.0,8450.0,7904.0,7970.0,7953.0,51.0,0.6412674462466994,1014.0,12100.83
AGL.SHF,20250414,7970.0,8180.0,7970.0,8081.0,7970.0,126.0,1.5809284818067755,624.0,7532.5
AGL.SHF,20250415,8081.0,8193.0,8081.0,8130.0,8081.0,83.0,1.027100606360599,118.0,1438.61
AGL.SHF,20250416,8160.0,8238.0,8113.0,8227.0,8130.0,119.0,1.4637146371463714,15589.0,191346.26
AGL.SHF,20250417,8276.0,8276.0,8103.0,8156.0,8227.0,-26.0,-0.31603257566549164,18423.0,226427.72
AGL.SHF,20250418,8145.0,8177.0,8065.0,8147.0,8156.0,-46.0,-0.5640019617459539,16511.0,201368.44
AGL.SHF,20250421,8122.0,8246.0,8116.0,8236.0,8147.0,106.0,1.3010924266601203,12982.0,159547.87
AGL.SHF,20250422,8266.0,8277.0,8139.0,8177.0,8236.0,-16.0,-0.19426906265177268,18728.0,229957.55
AGL.SHF,20250423,8155.0,8293.0,8125.0,8194.0,8177.0,9.0,0.1100648159471689,24483.0,301586.58
AGL.SHF,20250424,8197.0,8366.0,8172.0,8295.0,8194.0,83.0,1.0129362948498901,36132.0,449159.81
AGL.SHF,20250425,8300.0,8340.0,8246.0,8274.0,8295.0,-13.0,-0.15672091621458709,11032.0,137221.71
AGL.SHF,20250428,8252.0,8253.0,8165.0,8165.0,8274.0,-127.0,-1.5349286922890983,6181.0,76002.0
AGL.SHF,20250429,8192.0,8252.0,8176.0,8208.0,8165.0,11.0,0.13472137170851195,2488.0,30661.26
AGL.SHF,20250430,8246.0,8292.0,8174.0,8194.0,8208.0,-21.0,-0.25584795321637427,1885.0,23259.04
AGL.SHF,20250506,8156.0,8272.0,8156.0,8227.0,8194.0,1.0,0.0122040517451794,537.0,6632.53
AGL.SHF,20250507,8241.0,8268.0,8186.0,8249.0,8227.0,15.0,0.1823264859608606,1096.0,13528.01
AGL.SHF,20250508,8218.0,8238.0,8077.0,8108.0,8249.0,-120.0,-1.4547217844587224,2036.0,24929.27
AGL.SHF,20250509,8108.0,8190.0,8108.0,8160.0,8108.0,-2.0,-0.024666995559940803,386.0,4714.58
AGL.SHF,20250512,8142.0,8158.0,8142.0,8158.0,8160.0,16.0,0.19607843137254902,416.0,5090.52
AGL.SHF,20250513,8150.0,8163.0,8134.0,8140.0,8158.0,-17.0,-0.20838440794312332,320.0,3914.59
AGL.SHF,20250514,8152.0,8152.0,8152.0,8152.0,8140.0,-3.0,-0.036855036855036855,10.0,122.28
AGL.SHF,20250515,8099.0,8099.0,7985.0,7986.0,8152.0,-166.0,-2.0363101079489696,144.0,1732.78
AGL.SHF,20250516,8038.0,8140.0,8037.0,8083.0,7986.0,45.0,0.5634861006761833,142079.0,1722877.43
AGL.SHF,20250519,8013.0,8134.0,8001.0,8115.0,8083.0,31.0,0.3835209699369046,116721.0,1413177.88
AGL.SHF,20250520,8116.0,8118.0,8059.0,8059.0,8115.0,-12.0,-0.14787430683918668,64699.0,784919.99
AGL.SHF,20250521,8129.0,8259.0,8112.0,8251.0,8059.0,164.0,2.0349919344831866,107662.0,1323484.99
AGL.SHF,20250522,8249.0,8318.0,8227.0,8278.0,8251.0,83.0,1.005938674100109,77053.0,956458.26
AGL.SHF,20250523,8205.0,8265.0,8183.0,8243.0,8278.0,-32.0,-0.3865668035757429,68161.0,840649.82
AGL.SHF,20250526,8235.0,8283.0,8212.0,8263.0,8243.0,41.0,0.49739172631323547,78945.0,977346.68
AGL.SHF,20250527,8257.0,8295.0,8185.0,8201.0,8263.0,-52.0,-0.6293113881156964,50563.0,624622.82
AGL.SHF,20250528,8157.0,8250.0,8157.0,8211.0,8201.0,-24.0,-0.29264723814169,34469.0,424641.62
AGL.SHF,20250529,8214.0,8230.0,8158.0,8210.0,8211.0,-3.0,-0.03653635367190354,32177.0,395882.87
AGL.SHF,20250530,8238.0,8244.0,8166.0,8216.0,8210.0,14.0,0.1705237515225335,29078.0,357843.95
AGL.SHF,20250603,8450.0,8506.0,8398.0,8443.0,8216.0,239.0,2.9089581304771177,10477.0,132667.89
AGL.SHF,20250604,8483.0,8498.0,8435.0,8451.0,8443.0,10.0,0.11844131232974062,8146.0,103395.68
AGL.SHF,20250605,8438.0,8476.0,8437.0,8461.0,8451.0,0.0,0.0,5074.0,64390.37
AGL.SHF,20250606,8650.0,8837.0,8646.0,8830.0,8461.0,370.0,4.373005554898948,11684.0,153491.42
AGL.SHF,20250609,8830.0,8900.0,8771.0,8894.0,8830.0,137.0,1.551528878822197,12700.0,168074.94
AGL.SHF,20250610,8894.0,8996.0,8846.0,8889.0,8894.0,67.0,0.7533168428153811,5204.0,69420.21
AGL.SHF,20250611,8880.0,8939.0,8840.0,8881.0,8889.0,-12.0,-0.13499831252109348,2086.0,27800.84
AGL.SHF,20250612,8881.0,8881.0,8784.0,8795.0,8881.0,-89.0,-1.0021393987163607,1022.0,13535.24
AGL.SHF,20250613,8795.0,8903.0,8779.0,8792.0,8795.0,-37.0,-0.42069357589539513,432.0,5707.65
AGL.SHF,20250616,8800.0,8850.0,8780.0,8850.0,8792.0,42.0,0.47770700636942676,338.0,4461.86
AGL.SHF,20250617,8839.0,8864.0,8794.0,8854.0,8850.0,40.0,0.4519774011299435,6017.0,79644.08
AGL.SHF,20250618,8938.0,9065.0,8900.0,9034.0,8854.0,210.0,2.371809351705444,12041.0,162341.78
AGL.SHF,20250619,9008.0,9015.0,8774.0,8805.0,9034.0,-183.0,-2.025680761567412,11533.0,153826.43
AGL.SHF,20250620,8792.0,8810.0,8631.0,8655.0,8805.0,-236.0,-2.6802952867688816,13736.0,179516.78
AGL.SHF,20250623,8688.0,8769.0,8685.0,8759.0,8655.0,47.0,0.5430387059503178,10644.0,139311.14
AGL.SHF,20250624,8759.0,8801.0,8712.0,8730.0,8759.0,5.0,0.057084142025345355,32422.0,425402.27
AGL.SHF,20250625,8709.0,8722.0,8553.0,8715.0,8730.0,-32.0,-0.3665521191294387,12791.0,166338.23
AGL.SHF,20250626,8688.0,8794.0,8657.0,8790.0,8715.0,121.0,1.3884107860011474,4554.0,59722.45
AGL.SHF,20250627,8780.0,8843.0,8755.0,8784.0,8790.0,42.0,0.477815699658703,2057.0,27150.459
AGL.SHF,20250630,8731.0,8798.0,8651.0,8753.0,8784.0,-46.0,-0.5236794171220401,2009.0,26233.54
AGL.SHF,20250701,8734.0,8800.0,8699.0,8800.0,8753.0,95.0,1.085342168399406,593.0,7764.2
AGL.SHF,20250702,8802.0,8809.0,8734.0,8734.0,8800.0,6.0,0.06818181818181819,320.0,4210.59
AGL.SHF,20250703,8776.0,8956.0,8776.0,8945.0,8734.0,173.0,1.9807648271124343,1246.0,16527.85
AGL.SHF,20250704,8883.0,8934.0,8871.0,8910.0,8945.0,67.0,0.7490217998882057,312.0,4169.75
AGL.SHF,20250707,8919.0,8941.0,8840.0,8863.0,8910.0,-46.0,-0.5162738496071829,660.0,8792.99
AGL.SHF,20250708,8818.0,8979.0,8808.0,8918.0,8863.0,37.0,0.4174658693444658,1878.0,25098.73
AGL.SHF,20250709,8918.0,8918.0,8650.0,8890.0,8918.0,-19.0,-0.2130522538685804,746.0,9938.47
AGL.SHF,20250710,8834.0,8874.0,8834.0,8874.0,8890.0,-7.0,-0.07874015748031496,612.0,8136.94
AGL.SHF,20250711,8939.0,9038.0,8939.0,9038.0,8874.0,175.0,1.9720531890917288,526.0,7102.6
AGL.SHF,20250714,9098.0,9184.0,9098.0,9172.0,9038.0,170.0,1.880947112192963,1374.0,18798.68
AGL.SHF,20250715,9140.0,9189.0,9129.0,9189.0,9172.0,68.0,0.7413868294810292,162.0,2222.81
AGL.SHF,20250716,9183.0,9183.0,9082.0,9125.0,9189.0,-31.0,-0.3373598868211993,103121.0,1412878.49
AGL.SHF,20250717,9112.0,9163.0,9057.0,9140.0,9125.0,6.0,0.06575342465753425,102682.0,1405154.12
AGL.SHF,20250718,9081.0,9255.0,9068.0,9246.0,9140.0,123.0,1.3457330415754925,90514.0,1243660.28
AGL.SHF,20250721,9246.0,9265.0,9186.0,9242.0,9246.0,83.0,0.8976854856154013,69946.0,967819.81
AGL.SHF,20250722,9273.0,9411.0,9273.0,9366.0,9242.0,142.0,1.536463968837914,85020.0,1193089.68
AGL.SHF,20250723,9401.0,9499.0,9366.0,9467.0,9366.0,112.0,1.195814648729447,89639.0,1269145.27
AGL.SHF,20250724,9488.0,9493.0,9261.0,9359.0,9467.0,-79.0,-0.8344776592373507,104717.0,1473553.84
AGL.SHF,20250725,9301.0,9418.0,9263.0,9368.0,9359.0,-13.0,-0.13890372903087936,87783.0,1230700.09
AGL.SHF,20250728,9325.0,9354.0,9100.0,9190.0,9368.0,-156.0,-1.6652433817250214,83459.0,1153249.43
AGL.SHF,20250729,9175.0,9198.0,9128.0,9171.0,9190.0,-41.0,-0.44613710554951036,33825.0,465194.3
AGL.SHF,20250730,9161.0,9229.0,9152.0,9166.0,9171.0,-2.0,-0.02180787264202377,32014.0,440987.57
AGL.SHF,20250731,9129.0,9129.0,8944.0,8991.0,9166.0,-192.0,-2.0946977962033606,38191.0,517240.35
AGL.SHF,20250801,8931.0,8944.0,8866.0,8898.0,8991.0,-131.0,-1.4570125681236792,7648.0,102130.84
AGL.SHF,20250804,8969.0,9900.0,8869.0,9022.0,8898.0,120.0,1.3486176668914363,6736.0,90800.56
AGL.SHF,20250805,9022.0,9081.0,9015.0,9054.0,9022.0,68.0,0.7537131456439814,13144.0,178050.88
AGL.SHF,20250806,9077.0,9176.0,9075.0,9161.0,9054.0,131.0,1.4468743096973713,5146.0,70607.48
AGL.SHF,20250807,9150.0,9238.0,9131.0,9235.0,9161.0,88.0,0.9605938216351927,4170.0,57448.4
AGL.SHF,20250808,9261.0,9290.0,9219.0,9262.0,9235.0,78.0,0.844612885760693,9084.0,126101.19
AGL.SHF,20250811,9232.0,9550.0,9176.0,9196.0,9262.0,-58.0,-0.626214640466422,1322.0,18283.9
AGL.SHF,20250812,9147.0,9184.0,9142.0,9170.0,9196.0,-50.0,-0.5437146585471945,368.0,5053.2
AGL.SHF,20250813,9186.0,9276.0,9131.0,9276.0,9170.0,122.0,1.3304252998909487,2044.0,28137.97
AGL.SHF,20250814,9276.0,9330.0,9276.0,9323.0,9276.0,146.0,1.5739542906425183,530.0,7389.65
AGL.SHF,20250815,9229.0,9229.0,9155.0,9181.0,9323.0,-114.0,-1.2227823661911401,102.0,1406.52
AGL.SHF,20250818,9166.0,9252.0,9145.0,9247.0,9181.0,49.0,0.5337109247358676,6680.0,92219.96
AGL.SHF,20250819,9253.0,9265.0,9150.0,9176.0,9247.0,-27.0,-0.291986590245485,5502.0,75885.01
AGL.SHF,20250820,9194.0,9206.0,9022.0,9033.0,9176.0,-161.0,-1.7545771578029643,14816.0,201828.35
AGL.SHF,20250821,9106.0,9181.0,9106.0,9146.0,9033.0,65.0,0.7195837484778036,8992.0,123380.52
AGL.SHF,20250822,9167.0,9244.0,9165.0,9176.0,9146.0,29.0,0.3170785042641592,8441.0,116585.97
AGL.SHF,20250825,9150.0,9399.0,9142.0,9382.0,9176.0,175.0,1.9071490845684393,33779.0,472797.69
AGL.SHF,20250826,9331.0,9377.0,9304.0,9345.0,9382.0,14.0,0.14922191430398635,12780.0,178926.45
AGL.SHF,20250827,9327.0,9342.0,9281.0,9299.0,9345.0,-34.0,-0.36383092562867847,2837.0,39635.42
AGL.SHF,20250828,9278.0,9370.0,9246.0,9363.0,9299.0,50.0,0.5376922249704269,5814.0,81387.74
AGL.SHF,20250829,9376.0,9393.0,9335.0,9373.0,9363.0,41.0,0.4378938374452633,2427.0,34126.22
AGL.SHF,20250901,9393.0,9786.0,9379.0,9761.0,9373.0,387.0,4.128880827909954,2403.0,34697.1
AGL.SHF,20250902,9769.0,9896.0,9769.0,9812.0,9761.0,186.0,1.905542464911382,1350.0,19897.42
AGL.SHF,20250903,9743.0,9843.0,9673.0,9808.0,9812.0,-17.0,-0.1732572360375051,1488.0,21854.48
AGL.SHF,20250904,9843.0,9946.0,9686.0,9760.0,9808.0,-31.0,-0.316068515497553,2650.0,38899.42
AGL.SHF,20250905,9759.0,9808.0,9687.0,9790.0,9760.0,4.0,0.040983606557377046,948.0,13879.33
AGL.SHF,20250908,9826.0,9905.0,9708.0,9811.0,9790.0,51.0,0.5209397344228804,1938.0,28426.36
AGL.SHF,20250909,9855.0,9873.0,9824.0,9827.0,9811.0,49.0,0.49943940474977067,294.0,4341.38
AGL.SHF,20250910,9772.0,9805.0,9732.0,9799.0,9827.0,-45.0,-0.4579220514907906,384.0,5632.94
AGL.SHF,20250911,9780.0,9830.0,9767.0,9780.0,9799.0,1.0,0.01020512297173181,210.0,3082.29
AGL.SHF,20250912,9780.0,10007.0,9780.0,9960.0,9780.0,175.0,1.7893660531697342,132.0,1953.32
AGL.SHF,20250915,9960.0,10341.0,9432.0,9799.0,9960.0,-66.0,-0.6626506024096386,614.0,9170.32
AGL.SHF,20250916,10020.0,10152.0,10002.0,10108.0,9799.0,80.0,0.8164098377385447,387860.0,5866938.49
AGL.SHF,20250917,10128.0,10146.0,9890.0,9906.0,10108.0,-178.0,-1.7609814008705975,457876.0,6877807.94
AGL.SHF,20250918,9902.0,9982.0,9773.0,9808.0,9906.0,-206.0,-2.0795477488390874,301538.0,4470040.2
AGL.SHF,20250919,9885.0,9998.0,9826.0,9940.0,9808.0,58.0,0.5913539967373572,169285.0,2514698.41
AGL.SHF,20250922,9929.0,10301.0,9929.0,10283.0,9940.0,380.0,3.8229376257545273,205265.0,3121134.4
AGL.SHF,20250923,10270.0,10350.0,10188.0,10306.0,10283.0,170.0,1.6532140425945734,167616.0,2583051.01
AGL.SHF,20250924,10388.0,10433.0,10259.0,10354.0,10306.0,81.0,0.7859499320784009,175883.0,2732170.47
AGL.SHF,20250925,10378.0,10421.0,10295.0,10370.0,10354.0,14.0,0.13521344407958277,88640.0,1377207.62
AGL.SHF,20250926,10464.0,10605.0,10389.0,10594.0,10370.0,236.0,2.2757955641272902,80181.0,1260917.64
AGL.SHF,20250929,10631.0,10975.0,10602.0,10912.0,10594.0,429.0,4.049461959599773,86000.0,1390199.06
AGL.SHF,20250930,10872.0,11139.0,10750.0,10750.0,10912.0,-26.0,-0.23826979472140764,52919.0,865344.71
AGL.SHF,20251009,11176.0,11304.0,11050.0,11140.0,10750.0,239.0,2.223255813953488,1103.0,18519.26
AGL.SHF,20251010,11323.0,11450.0,10938.0,11031.0,11140.0,-162.0,-1.4542190305206462,2516.0,41854.75
AGL.SHF,20251013,11157.0,11537.0,10920.0,11537.0,11031.0,447.0,4.052216480826761,1550.0,26183.49
AGL.SHF,20251014,11404.0,12000.0,11350.0,11431.0,11537.0,170.0,1.473519979197365,396.0,6958.26
AGL.SHF,20251015,11402.0,12991.0,11368.0,12000.0,11431.0,286.0,2.5019683317295076,2434.0,44544.92
AGL.SHF,20251016,11961.0,12281.0,11823.0,12004.0,12000.0,315.0,2.625,40578.0,730703.9745
AGL.SHF,20251017,12022.0,12347.0,12015.0,12231.0,12004.0,227.0,1.8910363212262578,42614.0,780799.6035
AGL.SHF,20251020,12079.0,12079.0,11581.0,11730.0,12231.0,-485.0,-3.9653339874090427,51556.0,911365.81
AGL.SHF,20251021,11935.0,11970.0,11685.0,11798.0,11730.0,14.0,0.11935208866155159,23856.0,424027.4
AGL.SHF,20251022,11390.0,11459.0,11213.0,11400.0,11798.0,-449.0,-3.8057297847092726,26113.0,443918.6265
AGL.SHF,20251023,11209.0,11496.0,11209.0,11469.0,11400.0,136.0,1.1929824561403508,13812.0,235518.25
AGL.SHF,20251024,11509.0,11572.0,11281.0,11307.0,11469.0,-60.0,-0.5231493591420351,12418.0,212989.95
AGL.SHF,20251027,11289.0,11514.0,11289.0,11398.0,11307.0,-36.0,-0.3183868400106129,36068.0,617960.3565
AGL.SHF,20251028,11314.0,11314.0,11007.0,11054.0,11398.0,-368.0,-3.228636602912792,17274.0,289306.42
AGL.SHF,20251029,11014.0,11340.0,11014.0,11331.0,11054.0,166.0,1.5017188348109283,4923.0,82644.53
AGL.SHF,20251030,11440.0,11440.0,11125.0,11247.0,11331.0,56.0,0.4942193981113759,3317.0,56106.88
AGL.SHF,20251031,11239.0,11529.0,11238.0,11430.0,11247.0,154.0,1.369254023295101,2083.0,35666.64
AGL.SHF,20251103,11447.0,11477.0,11258.0,11450.0,11430.0,35.0,0.30621172353455817,1165.0,19918.45
AGL.SHF,20251104,11443.0,11479.0,11197.0,11245.0,11450.0,-153.0,-1.3362445414847162,1974.0,33507.73
AGL.SHF,20251105,11252.0,11310.0,11112.0,11279.0,11245.0,-37.0,-0.329035126722988,310.0,5212.0
AGL.SHF,20251106,11270.0,11435.0,11270.0,11428.0,11279.0,220.0,1.9505275290362623,772.0,13147.07
AGL.SHF,20251107,11458.0,11494.0,11324.0,11481.0,11428.0,128.0,1.12005600280014,682.0,11705.86
AGL.SHF,20251110,11461.0,11761.0,11396.0,11750.0,11481.0,308.0,2.6826931451964113,1414.0,24674.33
AGL.SHF,20251111,11817.0,12080.0,11765.0,11920.0,11750.0,287.0,2.4425531914893615,258.0,4609.62
AGL.SHF,20251112,11955.0,12035.0,11940.0,12030.0,11920.0,119.0,0.9983221476510068,206.0,3695.09
AGL.SHF,20251113,12030.0,12550.0,12030.0,12540.0,12030.0,582.0,4.837905236907731,154.0,2836.9
AGL.SHF,20251114,12485.0,12536.0,12370.0,12370.0,12540.0,90.0,0.7177033492822966,100.0,1865.58
AGL.SHF,20251117,11990.0,12016.0,11880.0,11920.0,12370.0,-517.0,-4.17946645109135,210.0,3768.56
AGL.SHF,20251118,11941.0,12009.0,11683.0,11687.0,11920.0,-303.0,-2.541946308724832,361112.0,6431343.98
AGL.SHF,20251119,11769.0,12163.0,11750.0,12141.0,11687.0,268.0,2.293146230854796,332666.0,5961660.37
AGL.SHF,20251120,12287.0,12296.0,11912.0,12046.0,12141.0,99.0,0.815418828762046,363600.0,6613791.44
AGL.SHF,20251121,12030.0,12140.0,11674.0,11696.0,12046.0,-430.0,-3.569649676241076,349883.0,6270668.06
AGL.SHF,20251124,11700.0,11975.0,11700.0,11810.0,11696.0,-138.0,-1.179890560875513,268401.0,4755070.47
AGL.SHF,20251125,11862.0,12219.0,11843.0,12130.0,11810.0,320.0,2.7095681625740897,146623.0,2642341.38
AGL.SHF,20251126,12060.0,12266.0,11946.0,12220.0,12130.0,206.0,1.6982687551525144,122982.0,2235987.56
AGL.SHF,20251127,12255.0,12523.0,12152.0,12511.0,12220.0,391.0,3.199672667757774,103921.0,1920203.83
AGL.SHF,20251128,12500.0,12735.0,12371.0,12724.0,12511.0,406.0,3.2451442730397253,68399.0,1287841.05
AGL.SHF,20251201,12717.0,13789.0,12668.0,13282.0,12724.0,730.0,5.737189563030493,43548.0,858458.62
AGL.SHF,20251202,13296.0,13772.0,13296.0,13417.0,13282.0,276.0,2.078000301159464,25782.0,520331.238
AGL.SHF,20251203,13451.0,13856.0,13426.0,13575.0,13417.0,121.0,0.90184094805098,23526.0,480760.698
AGL.SHF,20251204,13672.0,13815.0,13318.0,13414.0,13575.0,-209.0,-1.5395948434622468,19662.0,401027.904
AGL.SHF,20251205,13390.0,13738.0,13230.0,13669.0,13414.0,72.0,0.5367526464887431,14580.0,294410.607
AGL.SHF,20251208,13605.0,13888.0,13473.0,13691.0,13669.0,230.0,1.682639549345234,18050.0,369727.611
AGL.SHF,20251209,13691.0,13731.0,13511.0,13600.0,13691.0,-55.0,-0.40172376013439487,2524.0,51563.619
AGL.SHF,20251210,13694.0,14402.0,13694.0,14369.0,13600.0,750.0,5.514705882352941,10560.0,218564.526
AGL.SHF,20251211,14349.0,14644.0,14066.0,14473.0,14369.0,675.0,4.697612916695664,1996.0,43013.973
AGL.SHF,20251212,14500.0,14982.0,14485.0,14900.0,14473.0,534.0,3.689628964278311,1294.0,28787.943
AGL.SHF,20251215,14939.0,15200.0,13881.0,14810.0,14900.0,-21.0,-0.14093959731543623,522.0,11680.377
AGL.SHF,20251216,14900.0,14950.0,14448.0,14654.0,14810.0,-75.0,-0.5064145847400405,38080.0,843090.9345
AGL.SHF,20251217,14693.0,15537.0,14609.0,15497.0,14654.0,738.0,5.036167599290296,43177.0,973229.304
AGL.SHF,20251218,15404.0,15645.0,15210.0,15505.0,15497.0,479.0,3.0909208233851713,32939.0,762289.245
AGL.SHF,20251219,15427.0,15500.0,15028.0,15359.0,15505.0,-69.0,-0.44501773621412444,40261.0,921696.2715
AGL.SHF,20251222,15363.0,16275.0,15326.0,16195.0,15359.0,933.0,6.074614232697441,49059.0,1163447.1405
AGL.SHF,20251223,16130.0,16559.0,16076.0,16437.0,16195.0,627.0,3.8715652979314603,28203.0,689983.7805
AGL.SHF,20251224,16492.0,17665.0,16405.0,17610.0,16437.0,1301.0,7.915069659913609,51967.0,1323337.1385
AGL.SHF,20251225,17701.0,17701.0,16749.0,17381.0,17610.0,405.0,2.2998296422487225,79798.0,2054189.25
AGL.SHF,20251226,17384.0,18656.0,17330.0,18328.0,17381.0,1167.0,6.714228180196767,39905.0,1078822.19
AGL.SHF,20251229,18293.0,20073.0,17680.0,18285.0,18328.0,262.0,1.4295067656045395,26844.0,760205.73
AGL.SHF,20251230,17902.0,18683.0,17266.0,18225.0,18285.0,-654.0,-3.5767022149302705,13339.0,359728.97
AGL.SHF,20251231,18500.0,19026.0,16862.0,16867.0,18225.0,-1111.0,-6.096021947873799,7752.0,213203.21
AGL.SHF,20260105,18150.0,18450.0,18114.0,18420.0,16867.0,85.0,0.5039426098298452,1542.0,42303.82
AGL.SHF,20260106,18171.0,19868.0,18171.0,19590.0,18420.0,1301.0,7.062975027144408,1600.0,45090.14
AGL.SHF,20260107,19587.0,20162.0,19130.0,19298.0,19590.0,511.0,2.6084737110770804,1002.0,29470.26
AGL.SHF,20260108,19298.0,19426.0,18386.0,18535.0,19298.0,-1072.0,-5.554979790651881,382.0,10829.4
AGL.SHF,20260109,18280.0,18888.0,17950.0,18839.0,18535.0,-60.0,-0.3237118964121931,74.0,2070.87
AGL.SHF,20260112,19277.0,21069.0,19177.0,21069.0,18839.0,2413.0,12.808535484898348,192.0,5936.72
AGL.SHF,20260113,21415.0,21598.0,21048.0,21202.0,21069.0,589.0,2.7955764393184297,152.0,4831.81
AGL.SHF,20260114,21680.0,23000.0,21680.0,22906.0,21202.0,1714.0,8.08414300537685,220.0,7456.38
AGL.SHF,20260115,23460.0,23500.0,22200.0,22200.0,22906.0,-395.0,-1.724439011612678,128.0,4368.86
AGL.SHF,20260116,23139.0,23180.0,22066.0,22555.0,22200.0,-283.0,-1.2747747747747749,103970.0,3529394.83
AGL.SHF,20260119,22470.0,23701.0,21532.0,23240.0,22555.0,610.0,2.7045001108401685,106308.0,3560965.64
AGL.SHF,20260120,23120.0,23598.0,22817.0,23112.0,23240.0,781.0,3.3605851979345958,52935.0,1841100.92
AGL.SHF,20260121,23630.0,23764.0,22690.0,23180.0,23112.0,-6.0,-0.02596053997923157,60910.0,2108712.9
AGL.SHF,20260122,23100.0,23441.0,22480.0,23370.0,23180.0,290.0,1.2510785159620361,50752.0,1753580.42
AGL.SHF,20260123,23119.0,25114.0,23119.0,24994.0,23370.0,1960.0,8.386820710312366,62807.0,2285457.2
AGL.SHF,20260126,25200.0,27954.0,24823.0,27250.0,24994.0,2991.0,11.96687204929183,96084.0,3823326.72
AGL.SHF,20260127,28000.0,30112.0,27300.0,28647.0,27250.0,2120.0,7.779816513761467,64214.0,2737572.19
AGL.SHF,20260128,28819.0,30155.0,27560.0,30121.0,28647.0,1700.0,5.934303766537508,47169.0,2051231.07
AGL.SHF,20260129,29810.0,33337.0,29288.0,32060.0,30121.0,3069.0,10.188904750838287,27181.0,1259048.35
AGL.SHF,20260130,32056.0,33488.0,28000.0,28200.0,32060.0,-2680.0,-8.359326263256396,30270.0,1405413.2
AGL.SHF,20260202,26510.0,27501.0,25690.0,25690.0,28200.0,-5262.0,-18.659574468085104,3968.0,158420.03
AGL.SHF,20260203,21337.0,22607.0,21292.0,21820.0,25690.0,-4796.0,-18.668742701440248,6424.0,208883.15
AGL.SHF,20260204,22459.0,24222.0,22290.0,24222.0,21820.0,2545.0,11.663611365719524,4102.0,142598.84
AGL.SHF,20260205,24113.0,25433.0,19383.0,21171.0,24222.0,-2004.0,-8.273470398810998,5208.0,177860.55
AGL.SHF,20260206,20989.0,21295.0,18441.0,19574.0,21171.0,-3193.0,-15.081951726418213,3286.0,99337.93
AGL.SHF,20260209,19816.0,21572.0,19494.0,21313.0,19574.0,1160.0,5.926228670685604,2408.0,75036.42
AGL.SHF,20260210,20935.0,21534.0,20600.0,20680.0,21313.0,-94.0,-0.4410453713695866,458.0,14400.32
AGL.SHF,20260211,20681.0,21120.0,20449.0,21120.0,20680.0,159.0,0.7688588007736944,860.0,26744.19
AGL.SHF,20260212,21471.0,21940.0,20629.0,20860.0,21120.0,129.0,0.6107954545454546,322.0,10249.56
AGL.SHF,20260213,20979.0,21189.0,19600.0,21189.0,20860.0,-31.0,-0.1486097794822627,340.0,10235.82
AGL.SHF,20260224,23979.0,24480.0,21800.0,23018.0,21189.0,2948.0,13.912879324177641,1522.0,53131.64
AGL.SHF,20260225,22510.0,23488.0,22008.0,23200.0,23018.0,868.0,3.7709618559388307,10229.0,348296.78
AGL.SHF,20260226,23210.0,23618.0,22500.0,22748.0,23200.0,49.0,0.21120689655172412,4401.0,151374.3
AGL.SHF,20260227,22201.0,23315.0,22017.0,23220.0,22748.0,290.0,1.2748373483383155,2988.0,101563.63
AGL.SHF,20260302,23187.0,24700.0,23187.0,24690.0,23220.0,2030.0,8.742463393626185,2129.0,77209.84
AGL.SHF,20260303,24699.0,24699.0,21470.0,21881.0,24690.0,-2296.0,-9.299311462130417,2334.0,80603.73
AGL.SHF,20260304,21679.0,22230.0,20740.0,22118.0,21881.0,-905.0,-4.13600840912207,1720.0,56145.04
AGL.SHF,20260305,22182.0,22470.0,21138.0,21992.0,22118.0,231.0,1.044398227687856,2922.0,96788.13
AGL.SHF,20260306,22001.0,22291.0,21634.0,22150.0,21992.0,68.0,0.30920334667151694,770.0,25408.64
AGL.SHF,20260309,21900.0,22443.0,21302.0,22168.0,22150.0,170.0,0.7674943566591422,1542.0,50690.54
AGL.SHF,20260310,22363.0,23479.0,22203.0,23361.0,22168.0,1446.0,6.522915914832191,462.0,16077.2
AGL.SHF,20260311,23278.0,23566.0,22637.0,22639.0,23361.0,-560.0,-2.3971576559222636,394.0,13570.24
AGL.SHF,20260312,21900.0,22429.0,21900.0,22366.0,22639.0,-595.0,-2.6282079597155352,594.0,19730.54
AGL.SHF,20260313,22458.0,22460.0,21135.0,21135.0,22366.0,-1009.0,-4.511311812572655,238.0,7867.43
AGL.SHF,20260316,21453.0,21453.0,20000.0,20500.0,21135.0,-1537.0,-7.272297137449728,256.0,7843.77
AGL.SHF,20260317,20369.0,20850.0,20234.0,20371.0,20500.0,-288.0,-1.404878048780488,74236.0,2287050.66
AGL.SHF,20260318,20436.0,20533.0,19637.0,19997.0,20371.0,-541.0,-2.6557360954297775,68139.0,2053287.36
AGL.SHF,20260319,19501.0,19501.0,17728.0,18023.0,19997.0,-2066.0,-10.33154973245987,95017.0,2678087.13
AGL.SHF,20260320,16410.0,18638.0,16097.0,17714.0,18023.0,-1076.0,-5.970149253731343,139648.0,3656355.51
AGL.SHF,20260323,17782.0,18011.0,15185.0,15498.0,17714.0,-1957.0,-11.047758834819916,136668.0,3419735.64
AGL.SHF,20260324,16939.0,18161.0,16444.0,17195.0,15498.0,514.0,3.3165569750935604,124882.0,3179684.01
AGL.SHF,20260325,16980.0,18605.0,16790.0,18174.0,17195.0,1200.0,6.9787728990985745,110528.0,2943704.0
AGL.SHF,20260326,18048.0,18260.0,17302.0,17519.0,18174.0,-236.0,-1.2985583801034446,54014.0,1449396.34
AGL.SHF,20260327,16700.0,17746.0,16700.0,17558.0,17519.0,-331.0,-1.889377247559792,40213.0,1043089.24
AGL.SHF,20260330,17061.0,18000.0,17022.0,17756.0,17558.0,464.0,2.642670007973573,41513.0,1095301.18
AGL.SHF,20260331,18032.0,18639.0,17665.0,18137.0,17756.0,548.0,3.0862806938499663,24551.0,666177.87
AGL.SHF,20260401,18267.0,19339.0,18179.0,18931.0,18137.0,842.0,4.642443623532007,8959.0,251261.091
AGL.SHF,20260402,18820.0,19000.0,17368.0,17653.0,18931.0,-1044.0,-5.514764143468385,8140.0,222877.494
AGL.SHF,20260403,17589.0,18335.0,17316.0,17860.0,17653.0,-393.0,-2.226250495666459,4968.0,133490.33
AGL.SHF,20260407,18259.0,18259.0,17777.0,17910.0,17860.0,-3.0,-0.0167973124300112,3824.0,103262.766
AGL.SHF,20260408,17792.0,19050.0,17299.0,18965.0,17910.0,963.0,5.376884422110552,6440.0,178817.361
AGL.SHF,20260409,18965.0,19049.0,18035.0,18111.0,18965.0,-400.0,-2.1091484313208544,1582.0,43427.235
AGL.SHF,20260410,18122.0,18805.0,18122.0,18550.0,18111.0,250.0,1.3803765667274033,2658.0,73991.829
AGL.SHF,20260413,18571.0,18845.0,18300.0,18396.0,18550.0,-162.0,-0.8733153638814016,432.0,11957.301
AGL.SHF,20260414,18359.0,18985.0,18295.0,18985.0,18396.0,533.0,2.8973689932594042,1098.0,30843.354
AGL.SHF,20260415,18985.0,20748.0,18985.0,19540.0,18985.0,814.0,4.28759547010798,556.0,16491.453
AGL.SHF,20260416,19465.0,20034.0,19455.0,19924.0,19558.0,257.0,1.314040290418243,23218.0,689599.0575
AGL.SHF,20260417,19670.0,19835.0,19344.0,19568.0,19924.0,-232.0,-1.1644248142943185,23402.0,687331.7205
AGL.SHF,20260420,20197.0,20537.0,19713.0,19843.0,19568.0,263.0,1.3440310711365495,28914.0,875417.331
AGL.SHF,20260421,19797.0,20022.0,19525.0,19642.0,19843.0,-542.0,-2.7314418182734466,13008.0,386591.64
AGL.SHF,20260422,19626.0,19644.0,18998.0,19578.0,19642.0,-235.0,-1.196415843600448,18737.0,543127.932
AGL.SHF,20260423,19410.0,19589.0,18846.0,18970.0,19578.0,-354.0,-1.8081520073551947,17449.0,502938.198
AGL.SHF,20260424,19143.0,19147.0,18366.0,18452.0,18970.0,-763.0,-4.022140221402214,35077.0,986910.498
AGL.SHF,20260427,18675.0,18967.0,18577.0,18800.0,18452.0,43.0,0.2330370691523954,18781.0,528447.1125
AGL.SHF,20260428,18745.0,18745.0,17933.0,18041.0,18800.0,-717.0,-3.8138297872340425,7261.0,201064.716
AGL.SHF,20260429,18105.0,18215.0,17772.0,18078.0,18041.0,-382.0,-2.117399257247381,3385.0,91334.0805
AGL.SHF,20260430,17759.0,18122.0,17547.0,18000.0,18078.0,12.0,0.06637902422834385,3838.0,102716.859
AGL.SHF,20260506,18404.0,18860.0,18315.0,18839.0,18000.0,997.0,5.538888888888889,1022.0,28527.639
AGL.SHF,20260507,19000.0,19485.0,18999.0,19470.0,18839.0,861.0,4.570306279526514,1210.0,34981.521
AGL.SHF,20260508,19981.0,20100.0,19500.0,19776.0,19470.0,503.0,2.583461736004109,1898.0,56362.8
AGL.SHF,20260511,19980.0,20050.0,19112.0,19896.0,19776.0,99.0,0.5006067961165049,598.0,17822.46
AGL.SHF,20260512,20561.0,21558.0,20561.0,20678.0,19896.0,810.0,4.071170084439083,1626.0,50988.351
AGL.SHF,20260513,20678.0,21800.0,20582.0,21231.0,20678.0,326.0,1.5765547925331271,250.0,7941.87
AGL.SHF,20260514,21301.0,21555.0,21300.0,21330.0,21231.0,152.0,0.7159342470915171,138.0,4433.052
AGL.SHF,20260515,21020.0,21740.0,19195.0,19299.0,21330.0,-2116.0,-9.920300046882327,106.0,3164.586
AGL.SHF,20260518,18981.0,19018.0,18135.0,18576.0,19199.0,-1688.0,-8.792124589822386,574867.0,16067806.185
AGL.SHF,20260519,18860.0,19136.0,18441.0,18670.0,18576.0,37.0,0.1991817398794143,385582.0,10882489.608
AGL.SHF,20260520,18618.0,18630.0,17800.0,18443.0,18670.0,-372.0,-1.9925013390465989,345111.0,9385039.887
AGL.SHF,20260521,18498.0,18842.0,18163.0,18275.0,18443.0,146.0,0.7916282600444613,278440.0,7725453.681
AGL.SHF,20260522,18230.0,18855.0,18123.0,18643.0,18275.0,147.0,0.8043775649794801,193088.0,5372627.6415
AGL.SHF,20260525,18598.0,19227.0,18343.0,18945.0,18643.0,396.0,2.1241216542401973,176722.0,4974518.424
AGL.SHF,20260526,18945.0,19167.0,18434.0,18616.0,18945.0,-149.0,-0.7864871997888625,103332.0,2913497.5635
AGL.SHF,20260527,18521.0,18867.0,18086.0,18197.0,18616.0,-600.0,-3.223033949290933,86874.0,2415669.759
AGL.SHF,20260528,18035.0,18218.0,17412.0,17735.0,18197.0,-802.0,-4.4073198878936095,78401.0,2102242.092
AGL.SHF,20260529,17974.0,18520.0,17750.0,18275.0,17735.0,400.0,2.255427121511136,59219.0,1612460.2065
AGL.SHF,20260601,18160.0,18403.0,18000.0,18118.0,18275.0,-34.0,-0.18604651162790697,8919.0,243399.357
AGL.SHF,20260602,18183.0,18487.0,17800.0,18449.0,18118.0,256.0,1.4129594878021856,8390.0,228739.548
AGL.SHF,20260603,18263.0,18422.0,17877.0,17960.0,18449.0,-215.0,-1.1653748170632556,5106.0,138734.229
AGL.SHF,20260604,17889.0,17984.0,17610.0,17698.0,17960.0,-415.0,-2.3106904231625833,4610.0,123004.029
AGL.SHF,20260605,18011.0,18176.0,17143.0,17480.0,17698.0,-308.0,-1.740309639507289,5536.0,147109.551
