ts_code,trade_date,open,high,low,close,pre_close,change,pct_chg,vol,amount
AUL.SHF,20200102,346.22,346.22,346.22,346.22,349.0,0.0,0.0,0.0,0.0
AUL.SHF,20200103,346.22,346.22,346.22,346.22,346.22,0.0,0.0,0.0,0.0
AUL.SHF,20200106,346.22,346.22,346.22,346.22,346.22,0.0,0.0,0.0,0.0
AUL.SHF,20200107,346.22,346.22,346.22,346.22,346.22,0.0,0.0,0.0,0.0
AUL.SHF,20200108,346.22,346.22,346.22,346.22,346.22,0.0,0.0,0.0,0.0
AUL.SHF,20200109,346.22,346.22,346.22,346.22,346.22,0.0,0.0,0.0,0.0
AUL.SHF,20200110,346.22,346.22,346.22,346.22,346.22,0.0,0.0,0.0,0.0
AUL.SHF,20200113,346.22,346.22,346.22,346.22,346.22,0.0,0.0,0.0,0.0
AUL.SHF,20200114,346.22,346.22,346.22,346.22,346.22,0.0,0.0,0.0,0.0
AUL.SHF,20200115,346.22,346.22,346.22,346.22,346.22,0.0,0.0,0.0,0.0
AUL.SHF,20200116,345.9,347.56,345.2,346.16,346.22,1.22,0.35237710126509153,3560.0,123302.912
AUL.SHF,20200117,346.74,346.96,344.92,346.08,346.16,-0.26,-0.07510977582620754,3771.0,130406.982
AUL.SHF,20200120,346.6,347.16,345.64,346.9,346.08,1.1,0.31784558483587616,2459.0,85205.392
AUL.SHF,20200121,347.02,350.38,347.0,350.02,346.9,3.52,1.01470164312482,1950.0,67952.684
AUL.SHF,20200122,348.56,348.56,344.46,346.04,350.02,-2.42,-0.6913890634820867,2386.0,82597.882
AUL.SHF,20200123,340.0,348.0,340.0,347.3,346.04,1.14,0.3294416830424228,2181.0,75605.342
AUL.SHF,20200203,354.3,357.68,354.3,355.92,347.3,9.28,2.672041462712352,725.0,25833.674
AUL.SHF,20200204,355.42,356.26,353.6,354.34,355.92,-1.98,-0.5563047875927174,203.0,7210.448
AUL.SHF,20200205,350.3,352.1,349.8,351.98,354.34,-3.2,-0.9030874301518317,117.0,4105.026
AUL.SHF,20200206,350.76,350.76,348.36,349.0,351.98,-1.84,-0.5227569748281152,120.0,4192.098
AUL.SHF,20200207,351.48,351.7,349.9,350.52,349.0,1.18,0.33810888252148996,282.0,9892.194
AUL.SHF,20200210,353.96,353.96,351.66,351.94,350.52,1.16,0.3309368937578455,24.0,846.12
AUL.SHF,20200211,352.0,352.0,350.98,350.98,351.94,-1.56,-0.4432573734159232,24.0,843.198
AUL.SHF,20200212,351.08,351.84,346.26,351.6,350.98,0.28,0.07977662544874352,69.0,2420.004
AUL.SHF,20200213,352.5,353.0,352.5,353.0,351.6,2.28,0.6484641638225255,9.0,317.55
AUL.SHF,20200214,352.82,352.82,352.82,352.82,353.0,0.0,0.0,0.0,0.0
AUL.SHF,20200217,352.82,356.0,352.82,356.0,352.82,3.18,0.9013094495776884,18.0,638.892
AUL.SHF,20200218,357.4,357.4,357.4,357.4,356.0,-0.14,-0.03932584269662922,2.0,71.48
AUL.SHF,20200219,364.8,365.48,361.46,361.46,357.4,4.06,1.135982092893117,5.0,181.846
AUL.SHF,20200220,365.82,365.82,365.82,365.82,361.46,2.14,0.5920433796270681,1.0,36.582
AUL.SHF,20200221,365.82,365.82,365.82,365.82,365.82,0.0,0.0,0.0,0.0
AUL.SHF,20200224,381.0,381.0,378.06,378.06,365.82,12.24,3.3459078235197643,6.0,227.718
AUL.SHF,20200225,376.12,376.56,374.34,374.34,378.06,-5.18,-1.370152885785325,8.0,300.334
AUL.SHF,20200226,375.4,375.4,375.4,375.4,374.34,0.0,0.0,0.0,0.0
AUL.SHF,20200227,375.4,375.4,375.4,375.4,375.4,0.0,0.0,0.0,0.0
AUL.SHF,20200228,373.5,379.22,359.3,379.22,375.4,3.82,1.0175812466702185,6.0,219.7
AUL.SHF,20200302,366.16,366.16,366.16,366.16,379.22,0.0,0.0,0.0,0.0
AUL.SHF,20200303,366.16,366.16,366.16,366.16,366.16,0.0,0.0,0.0,0.0
AUL.SHF,20200304,366.16,366.16,366.16,366.16,366.16,0.0,0.0,0.0,0.0
AUL.SHF,20200305,366.16,366.16,366.16,366.16,366.16,0.0,0.0,0.0,0.0
AUL.SHF,20200306,366.16,366.16,366.16,366.16,366.16,0.0,0.0,0.0,0.0
AUL.SHF,20200309,366.16,366.16,366.16,366.16,366.16,0.0,0.0,0.0,0.0
AUL.SHF,20200310,366.16,366.16,366.16,366.16,366.16,0.0,0.0,0.0,0.0
AUL.SHF,20200311,366.16,366.16,366.16,366.16,366.16,0.0,0.0,0.0,0.0
AUL.SHF,20200312,366.16,366.16,366.16,366.16,366.16,0.0,0.0,0.0,0.0
AUL.SHF,20200313,366.16,366.16,366.16,366.16,366.16,0.0,0.0,0.0,0.0
AUL.SHF,20200316,366.16,366.16,366.16,366.16,366.16,0.0,0.0,0.0,0.0
AUL.SHF,20200317,339.0,339.88,329.38,330.2,366.16,-15.6,-4.260432597771466,1459.0,48658.81
AUL.SHF,20200318,341.74,343.96,335.92,338.24,330.2,4.74,1.4354936402180498,1269.0,43155.578
AUL.SHF,20200319,334.64,336.08,329.84,335.48,338.24,-4.58,-1.3540681173131504,726.0,24181.056
AUL.SHF,20200320,334.6,340.26,334.34,338.22,335.48,5.16,1.538094670323119,650.0,21831.446
AUL.SHF,20200323,340.0,340.0,335.88,338.72,338.22,2.86,0.8456034533735437,508.0,17169.37
AUL.SHF,20200324,351.62,358.22,351.62,356.5,338.72,18.54,5.473547472838923,1087.0,38740.044
AUL.SHF,20200325,373.62,373.62,361.78,362.66,356.5,6.28,1.7615708274894812,3339.0,65858.158
AUL.SHF,20200326,362.66,363.46,360.5,361.56,362.66,-2.9,-0.7996470523355208,761.0,27539.828
AUL.SHF,20200327,362.68,366.86,362.68,366.02,361.56,4.14,1.1450381679389312,297.0,10833.456
AUL.SHF,20200330,366.68,366.68,362.8,363.04,366.02,-1.72,-0.4699196765204088,168.0,6123.572
AUL.SHF,20200331,362.98,364.0,362.0,362.0,363.04,-2.48,-0.6831203173204055,262.0,9516.754
AUL.SHF,20200401,356.68,358.0,356.68,357.44,362.0,-5.78,-1.596685082872928,12.0,428.676
AUL.SHF,20200402,357.58,357.58,357.58,357.58,357.44,0.36,0.10071620411817368,3.0,107.274
AUL.SHF,20200403,362.96,362.96,362.2,362.2,357.58,4.62,1.292018569271212,9.0,326.268
AUL.SHF,20200407,375.0,375.0,370.14,371.6,362.2,9.08,2.506902263942573,60.0,2237.748
AUL.SHF,20200408,368.7,368.82,368.6,368.8,371.6,-4.14,-1.1141011840688912,180.0,6638.388
AUL.SHF,20200409,368.4,370.0,368.4,370.0,368.8,1.22,0.33080260303687636,96.0,3544.578
AUL.SHF,20200410,372.5,373.0,372.5,372.6,370.0,3.38,0.9135135135135135,21.0,783.03
AUL.SHF,20200413,372.0,372.0,372.0,372.0,372.6,-0.86,-0.2308105206655931,15.0,558.0
AUL.SHF,20200414,374.0,377.8,374.0,377.6,372.0,5.6,1.5053763440860215,216.0,8126.022
AUL.SHF,20200415,376.6,376.6,376.0,376.0,377.6,-0.2,-0.05296610169491525,30.0,1129.08
AUL.SHF,20200416,375.26,380.0,375.26,378.94,376.0,1.24,0.32978723404255317,17.0,642.826
AUL.SHF,20200417,374.58,375.0,370.3,370.82,378.94,-7.3,-1.9264263471789729,25.0,930.858
AUL.SHF,20200420,366.5,371.12,366.5,370.38,370.82,-1.96,-0.5285583301871528,35.0,1291.202
AUL.SHF,20200421,372.38,373.56,372.38,373.56,370.38,4.66,1.258167287650521,19.0,708.148
AUL.SHF,20200422,373.66,379.24,373.66,375.52,373.56,2.82,0.7548988114359139,59.0,2219.088
AUL.SHF,20200423,378.24,380.16,376.92,378.3,375.52,2.2,0.5858542820622071,26.0,985.416
AUL.SHF,20200424,382.02,382.02,379.9,381.0,378.3,2.0,0.528680941052075,61.0,419.122
AUL.SHF,20200427,380.64,381.56,379.5,381.44,381.0,0.42,0.11023622047244094,5.0,190.458
AUL.SHF,20200428,374.0,381.04,368.26,377.7,381.44,-3.2,-0.8389261744966443,9.0,338.792
AUL.SHF,20200429,376.8,378.98,376.8,378.98,377.7,2.56,0.6777866031241727,2.0,75.578
AUL.SHF,20200430,387.78,387.78,379.5,379.5,378.98,1.62,0.42746319066969235,4.0,153.478
AUL.SHF,20200506,374.12,375.04,374.12,375.04,379.5,-8.64,-2.2766798418972334,9.0,336.984
AUL.SHF,20200507,377.3,377.4,377.3,377.4,375.04,2.98,0.7945819112627986,6.0,226.41
AUL.SHF,20200508,377.34,377.34,377.34,377.34,377.4,0.0,0.0,0.0,0.0
AUL.SHF,20200511,377.34,377.34,377.34,377.34,377.34,0.0,0.0,0.0,0.0
AUL.SHF,20200512,394.54,394.54,371.72,371.72,377.34,-5.62,-1.4893729792759847,6.0,229.878
AUL.SHF,20200513,383.12,383.12,383.12,383.12,371.72,0.0,0.0,0.0,0.0
AUL.SHF,20200514,383.12,383.12,383.12,383.12,383.12,0.0,0.0,0.0,0.0
AUL.SHF,20200515,383.12,383.12,383.12,383.12,383.12,0.0,0.0,0.0,0.0
AUL.SHF,20200518,392.32,400.58,390.2,399.36,383.12,11.54,3.0121110879097928,90551.0,3578009.788
AUL.SHF,20200519,396.62,397.0,391.52,392.74,399.36,-2.38,-0.5959535256410255,59230.0,2333111.224
AUL.SHF,20200520,393.94,397.82,393.46,396.7,392.74,2.8,0.7129398584305138,34463.0,1363703.344
AUL.SHF,20200521,395.68,397.5,392.7,393.16,396.7,-2.54,-0.6402823292160323,28088.0,1109795.754
AUL.SHF,20200522,393.1,393.54,388.56,392.6,393.16,-2.5,-0.635873435751348,28972.0,1132795.046
AUL.SHF,20200525,393.3,393.9,390.6,391.66,392.6,0.68,0.17320427916454406,19992.0,669291.194
AUL.SHF,20200526,391.38,394.32,390.72,393.02,391.66,0.9,0.229791145381198,13316.0,522573.888
AUL.SHF,20200527,392.26,392.72,388.42,389.12,393.02,-3.32,-0.8447407256628162,8806.0,343731.332
AUL.SHF,20200528,386.88,392.5,385.86,391.52,389.12,1.2,0.30838815789473684,7364.0,286608.076
AUL.SHF,20200529,391.62,392.66,389.0,391.44,391.52,2.24,0.5721291377196568,5824.0,227963.272
AUL.SHF,20200601,392.64,396.5,392.64,395.6,391.44,4.18,1.0678520335172696,1760.0,69483.486
AUL.SHF,20200602,394.16,397.28,393.5,395.42,395.6,0.64,0.16177957532861476,708.0,27965.502
AUL.SHF,20200603,395.24,395.98,391.4,391.58,395.42,-3.4,-0.8598452278589854,660.0,25927.008
AUL.SHF,20200604,389.4,393.0,386.82,387.9,391.58,-4.92,-1.2564482353542061,534.0,20738.298
AUL.SHF,20200605,392.68,392.68,388.0,388.6,387.9,0.26,0.06702758442897655,261.0,10171.542
AUL.SHF,20200608,383.3,384.78,381.02,384.78,388.6,-4.92,-1.2660833762223367,294.0,11275.83
AUL.SHF,20200609,384.76,386.36,382.9,384.0,384.78,0.48,0.12474660845158272,402.0,15451.272
AUL.SHF,20200610,387.42,389.6,387.42,388.8,384.0,4.44,1.1562500000000002,129.0,5010.252
AUL.SHF,20200611,389.0,393.0,389.0,393.0,388.8,4.62,1.1882716049382716,93.0,3650.4
AUL.SHF,20200612,391.92,391.92,391.74,391.74,393.0,-0.76,-0.19338422391857507,6.0,235.098
AUL.SHF,20200615,391.0,392.0,391.0,392.0,391.74,0.18,0.04594884362076888,54.0,2112.0
AUL.SHF,20200616,388.24,392.58,386.96,391.76,392.0,-1.22,-0.3112244897959184,9.0,351.3
AUL.SHF,20200617,389.62,392.06,389.62,391.64,391.76,1.32,0.33694098427608743,6.0,234.808
AUL.SHF,20200618,390.58,393.0,390.58,391.36,391.64,0.02,0.005106730671024411,16.0,626.494
AUL.SHF,20200619,390.94,392.74,390.4,392.2,391.36,0.66,0.16864268192968113,24.0,939.68
AUL.SHF,20200622,392.2,397.18,392.2,396.34,392.2,4.82,1.2289648138704745,12.0,474.328
AUL.SHF,20200623,395.42,395.42,393.58,393.58,396.34,-1.68,-0.4238784881667256,2.0,78.9
AUL.SHF,20200624,395.24,397.4,395.22,396.12,393.58,1.62,0.4116062808069516,7.0,276.982
AUL.SHF,20200629,397.76,399.22,394.7,398.0,396.12,2.32,0.5856811067353327,24.0,953.78
AUL.SHF,20200630,394.42,398.04,389.18,395.0,398.0,-2.4,-0.6030150753768844,10.0,392.928
AUL.SHF,20200701,400.1,400.14,400.1,400.14,395.0,7.22,1.8278481012658228,6.0,240.072
AUL.SHF,20200702,400.12,400.12,400.12,400.12,400.14,0.0,0.0,0.0,0.0
AUL.SHF,20200703,400.12,400.12,400.12,400.12,400.12,0.0,0.0,0.0,0.0
AUL.SHF,20200706,400.12,400.12,400.12,400.12,400.12,0.0,0.0,0.0,0.0
AUL.SHF,20200707,400.12,400.12,400.12,400.12,400.12,0.0,0.0,0.0,0.0
AUL.SHF,20200708,400.12,400.12,400.12,400.12,400.12,0.0,0.0,0.0,0.0
AUL.SHF,20200709,400.12,400.12,400.12,400.12,400.12,0.0,0.0,0.0,0.0
AUL.SHF,20200710,400.12,400.12,400.12,400.12,400.12,0.0,0.0,0.0,0.0
AUL.SHF,20200713,400.12,400.12,400.12,400.12,400.12,0.0,0.0,0.0,0.0
AUL.SHF,20200714,400.12,400.12,400.12,400.12,400.12,0.0,0.0,0.0,0.0
AUL.SHF,20200715,400.12,400.12,400.12,400.12,400.12,0.0,0.0,0.0,0.0
AUL.SHF,20200716,400.44,402.3,399.88,400.64,400.12,-1.22,-0.3049085274417675,1134.0,45482.574
AUL.SHF,20200717,399.88,400.76,396.66,397.88,400.64,-3.2,-0.7987220447284347,1372.0,54667.968
AUL.SHF,20200720,399.26,400.02,398.5,399.86,397.88,1.42,0.3568915250829396,1876.0,74897.258
AUL.SHF,20200721,400.96,402.78,399.96,401.68,399.86,2.46,0.6152153253638774,2221.0,89008.148
AUL.SHF,20200722,406.18,415.52,403.66,411.28,401.68,10.54,2.6239792869946226,4349.0,178173.248
AUL.SHF,20200723,410.86,414.42,407.04,413.24,411.28,3.56,0.8655903520715815,2170.0,89264.306
AUL.SHF,20200724,413.16,418.28,412.56,417.42,413.24,6.08,1.4712999709611847,1409.0,58574.856
AUL.SHF,20200727,419.76,430.0,419.0,425.38,417.42,9.68,2.319007234919266,7317.0,147865.686
AUL.SHF,20200728,425.86,435.52,423.52,426.9,425.38,3.22,0.7569702383751,2843.0,121783.21
AUL.SHF,20200729,426.56,428.9,422.12,427.34,426.9,-1.02,-0.23893183415319746,619.0,26408.41
AUL.SHF,20200730,428.64,429.52,424.46,425.84,427.34,-0.78,-0.18252445359666777,586.0,25031.29
AUL.SHF,20200731,423.62,430.0,420.8,430.0,425.84,2.86,0.6716137516438099,487.0,20684.96
AUL.SHF,20200803,426.6,429.4,426.6,427.7,430.0,2.96,0.6883720930232557,179.0,7667.908
AUL.SHF,20200804,427.4,429.54,426.98,427.94,427.7,-0.42,-0.09819967266775777,282.0,12091.236
AUL.SHF,20200805,430.48,440.0,430.48,440.0,427.94,11.24,2.626536430340702,87.0,3804.972
AUL.SHF,20200806,440.5,442.0,440.5,442.0,440.0,4.66,1.059090909090909,6.0,264.75
AUL.SHF,20200807,444.98,450.4,444.44,444.44,442.0,3.2,0.7239819004524887,27.0,1206.51
AUL.SHF,20200810,440.2,440.3,440.2,440.3,444.44,-6.54,-1.4715147151471515,6.0,264.15
AUL.SHF,20200811,441.1,441.1,432.5,432.5,440.3,-7.74,-1.7578923461276403,84.0,3694.434
AUL.SHF,20200812,419.0,419.0,413.4,413.4,432.5,-26.4,-6.104046242774566,12.0,497.76
AUL.SHF,20200813,420.0,420.0,420.0,420.0,413.4,5.2,1.257861635220126,15.0,630.0
AUL.SHF,20200814,420.0,420.0,420.0,420.0,420.0,0.0,0.0,0.0,0.0
AUL.SHF,20200817,420.0,420.0,420.0,420.0,420.0,0.0,0.0,0.0,0.0
AUL.SHF,20200818,424.5,432.6,424.3,432.0,420.0,10.8,2.5714285714285716,150.0,6405.412
AUL.SHF,20200819,434.06,435.18,426.82,427.8,432.0,0.78,0.18055555555555558,97.0,4185.23
AUL.SHF,20200820,428.5,429.26,416.32,417.72,427.8,-13.74,-3.2117812061711075,216.0,9113.552
AUL.SHF,20200821,415.8,418.8,415.5,416.14,417.72,-5.78,-1.383702001340611,26.0,1084.55
AUL.SHF,20200824,414.56,417.48,412.84,415.6,416.14,-1.52,-0.3652616907771423,136.0,5645.478
AUL.SHF,20200825,418.34,418.84,414.1,415.06,415.6,-0.04,-0.009624639076034648,112.0,4578.548
AUL.SHF,20200826,414.82,415.48,413.88,414.66,415.06,-1.56,-0.37584927480364283,41.0,1698.902
AUL.SHF,20200827,417.48,419.74,412.14,416.9,414.66,2.54,0.6125500409974436,297.0,12336.216
AUL.SHF,20200828,417.08,421.14,411.76,416.7,416.9,1.34,0.32142000479731353,64.0,2668.158
AUL.SHF,20200831,417.9,421.0,417.9,418.16,416.7,1.28,0.30717542596592273,19.0,796.202
AUL.SHF,20200901,419.5,419.54,419.5,419.54,418.16,0.5,0.11957145590204706,18.0,755.112
AUL.SHF,20200902,423.52,423.52,419.06,419.06,419.54,-0.44,-0.1048767697954903,12.0,505.674
AUL.SHF,20200903,421.38,421.38,421.38,421.38,419.06,0.0,0.0,0.0,0.0
AUL.SHF,20200904,414.24,414.96,414.24,414.96,421.38,-6.42,-1.5235654278798234,6.0,248.76
AUL.SHF,20200907,414.6,414.6,414.6,414.6,414.96,0.0,0.0,0.0,0.0
AUL.SHF,20200908,414.6,414.6,414.6,414.6,414.6,0.0,0.0,0.0,0.0
AUL.SHF,20200909,414.6,414.6,414.6,414.6,414.6,0.0,0.0,0.0,0.0
AUL.SHF,20200910,414.6,414.6,414.6,414.6,414.6,0.0,0.0,0.0,0.0
AUL.SHF,20200911,414.6,414.6,414.6,414.6,414.6,0.0,0.0,0.0,0.0
AUL.SHF,20200914,414.6,414.6,414.6,414.6,414.6,0.0,0.0,0.0,0.0
AUL.SHF,20200915,417.08,417.08,417.08,417.08,414.6,2.48,0.5981669078630004,9.0,375.372
AUL.SHF,20200916,419.32,419.32,415.7,417.34,417.08,-1.22,-0.2925098302483936,525.0,21876.646
AUL.SHF,20200917,417.86,418.74,412.94,414.14,417.34,-2.54,-0.6086164757751474,355.0,14779.212
AUL.SHF,20200918,413.14,415.9,411.62,415.5,414.14,-0.8,-0.19317139131694597,413.0,17116.716
AUL.SHF,20200921,414.72,417.9,414.58,415.8,415.5,1.36,0.32731648616125153,426.0,17725.404
AUL.SHF,20200922,411.98,413.2,394.16,406.9,415.8,-9.18,-2.207792207792208,1671.0,68008.298
AUL.SHF,20200923,407.98,408.64,398.88,399.96,406.9,-7.02,-1.7252396166134185,692.0,27973.35
AUL.SHF,20200924,400.8,402.86,386.02,396.04,399.96,-8.18,-2.045204520452045,2902.0,40774.944
AUL.SHF,20200925,396.04,399.98,395.58,399.74,396.04,2.34,0.5908494091505908,1136.0,45138.626
AUL.SHF,20200928,399.38,399.6,397.0,398.3,399.74,0.96,0.24015610146595284,774.0,30814.64
AUL.SHF,20200929,398.3,403.5,398.3,403.0,398.3,4.88,1.225207130303791,293.0,11765.034
AUL.SHF,20200930,403.02,405.96,401.08,401.08,403.0,-0.44,-0.10918114143920596,295.0,11908.864
AUL.SHF,20201009,401.72,404.5,401.72,404.1,401.08,0.42,0.1047172633888501,180.0,7260.108
AUL.SHF,20201012,405.3,410.1,404.0,408.18,404.1,4.86,1.2026726057906458,132.0,5377.002
AUL.SHF,20201013,406.2,406.2,406.2,406.2,408.18,-1.14,-0.27928854916948403,3.0,121.86
AUL.SHF,20201014,400.0,400.0,400.0,400.0,406.2,-6.2,-1.5263417035942886,3.0,120.0
AUL.SHF,20201015,400.0,400.0,400.0,400.0,400.0,0.0,0.0,0.0,0.0
AUL.SHF,20201016,406.58,406.98,404.62,404.62,400.0,0.44,0.11,11.0,446.656
AUL.SHF,20201019,406.38,406.38,398.28,403.58,404.62,-2.46,-0.6079778557659038,8.0,323.006
AUL.SHF,20201020,403.74,403.74,403.74,403.74,403.58,0.0,0.0,0.0,0.0
AUL.SHF,20201021,403.0,405.26,403.0,405.26,403.74,1.52,0.3764799128151781,2.0,80.826
AUL.SHF,20201022,404.92,404.98,403.0,403.0,405.26,-1.12,-0.2763657898632977,4.0,161.592
AUL.SHF,20201023,401.48,402.08,401.48,402.08,403.0,-1.9,-0.4714640198511166,3.0,120.564
AUL.SHF,20201026,401.88,401.88,401.88,401.88,402.08,0.0,0.0,5.0,201.0
AUL.SHF,20201027,402.04,403.4,400.34,403.4,401.88,1.52,0.37822235493182044,11.0,442.0
AUL.SHF,20201028,403.0,403.0,403.0,403.0,403.4,0.82,0.20327218641546851,1.0,40.0
AUL.SHF,20201029,400.24,401.32,396.0,401.08,403.0,-1.92,-0.47642679900744417,11.0,439.0
AUL.SHF,20201030,395.6,399.4,395.6,396.5,401.08,-2.68,-0.6681958711479008,36.0,1433.0
AUL.SHF,20201102,398.16,398.16,398.16,398.16,396.5,0.0,0.0,0.0,0.0
AUL.SHF,20201103,390.94,398.98,390.94,398.98,398.16,0.82,0.20594735784609197,30.0,1185.0
AUL.SHF,20201104,394.94,394.94,394.94,394.94,398.98,0.0,0.0,0.0,0.0
AUL.SHF,20201105,394.94,394.94,394.94,394.94,394.94,0.0,0.0,0.0,0.0
AUL.SHF,20201106,395.64,395.64,395.64,395.64,394.94,0.7,0.1772421127259837,0.0,0.0
AUL.SHF,20201109,395.64,395.64,395.64,395.64,395.64,0.0,0.0,0.0,0.0
AUL.SHF,20201110,395.64,395.64,395.64,395.64,395.64,0.0,0.0,0.0,0.0
AUL.SHF,20201111,395.64,395.64,395.64,395.64,395.64,0.0,0.0,0.0,0.0
AUL.SHF,20201112,395.64,395.64,395.64,395.64,395.64,0.0,0.0,0.0,0.0
AUL.SHF,20201113,395.64,395.64,395.64,395.64,395.64,0.0,0.0,0.0,0.0
AUL.SHF,20201116,395.64,395.64,395.64,395.64,395.64,0.0,0.0,0.0,0.0
AUL.SHF,20201117,394.7,398.26,393.72,396.18,395.64,-2.02,-0.5105651602466889,104315.0,4133664.0
AUL.SHF,20201118,396.04,397.26,392.72,393.64,396.18,-2.62,-0.6613155636326923,87655.0,3462922.0
AUL.SHF,20201119,392.04,395.36,390.4,392.0,393.64,-3.06,-0.7773600243877655,96342.0,3787076.56
AUL.SHF,20201120,392.0,392.7,390.26,392.18,392.0,-0.9,-0.2295918367346939,92438.0,3621271.0
AUL.SHF,20201123,392.18,394.18,391.6,392.8,392.18,1.06,0.2702840532408588,80667.0,3168091.0
AUL.SHF,20201124,392.08,392.12,382.02,383.32,392.8,-9.4,-2.393075356415479,141810.0,5379752.0
AUL.SHF,20201125,380.04,380.74,378.0,379.24,383.32,-7.24,-1.8887613482208077,94687.0,3592930.0
AUL.SHF,20201126,380.54,381.08,378.16,380.22,379.24,0.78,0.20567450690855393,50264.0,1909272.176
AUL.SHF,20201127,380.6,382.22,379.2,380.62,380.22,0.78,0.20514439008994792,31373.0,1193215.64
AUL.SHF,20201130,380.04,380.04,367.86,371.22,380.62,-9.1,-2.390836004413851,30806.0,1150917.544
AUL.SHF,20201201,369.12,373.76,364.6,372.66,371.22,-0.94,-0.25321911534938846,4099.0,152333.786
AUL.SHF,20201202,376.08,377.96,375.08,377.58,372.66,5.96,1.5993130467450223,2991.0,112715.736
AUL.SHF,20201203,379.9,382.12,377.26,381.92,377.58,5.08,1.3454102441866627,1224.0,46522.212
AUL.SHF,20201204,382.1,383.0,378.32,382.26,381.92,2.18,0.5708001675743611,1110.0,42371.0
AUL.SHF,20201207,381.66,382.7,379.84,382.0,382.26,0.28,0.07324857426882227,423.0,16142.874
AUL.SHF,20201208,381.84,387.8,380.44,387.0,382.0,5.38,1.4083769633507854,1698.0,65371.0
AUL.SHF,20201209,386.9,388.86,383.7,384.68,387.0,-0.3,-0.07751937984496124,549.0,21166.0
AUL.SHF,20201210,384.24,385.46,377.8,381.0,384.68,-4.52,-1.1750025995632731,456.0,17403.0
AUL.SHF,20201211,381.0,381.0,378.24,379.36,381.0,-2.28,-0.5984251968503936,57.0,2167.0
AUL.SHF,20201214,380.78,380.78,379.86,379.86,379.36,-0.28,-0.07380851961197808,15.0,571.0
AUL.SHF,20201215,399.4,399.4,381.5,382.12,379.86,1.54,0.40541252040225345,39.0,1516.0
AUL.SHF,20201216,384.92,388.0,384.92,387.6,382.12,5.36,1.402700722286193,106.0,4101.0
AUL.SHF,20201217,387.56,390.68,385.6,390.06,387.6,3.22,0.8307533539731682,214.0,8332.0
AUL.SHF,20201218,392.46,394.78,391.02,392.48,390.06,3.14,0.8050043583038508,250.0,9805.0
AUL.SHF,20201221,392.82,398.86,390.44,396.46,392.48,4.28,1.0905014268242967,45.0,1775.0
AUL.SHF,20201222,392.94,398.88,389.1,389.1,396.46,-5.36,-1.35196488927004,58.0,2275.0
AUL.SHF,20201223,389.2,390.4,387.84,388.92,389.1,-3.26,-0.8378308918015933,22.0,857.0
AUL.SHF,20201224,388.74,391.1,386.72,390.0,388.92,0.66,0.1697007096575131,81.0,3156.0
AUL.SHF,20201225,388.9,392.34,388.6,392.2,390.0,2.54,0.6512820512820513,42.0,1370.0
AUL.SHF,20201228,392.0,395.6,390.72,390.72,392.2,-0.62,-0.1580826109127996,143.0,5641.612
AUL.SHF,20201229,392.26,393.7,390.96,391.02,390.72,-3.48,-0.8906633906633906,55.0,2160.522
AUL.SHF,20201230,391.2,395.96,391.0,392.38,391.02,-0.44,-0.11252621349291597,45.0,1770.0
AUL.SHF,20201231,396.02,399.0,392.38,394.6,392.38,1.34,0.34150568326622155,18.0,712.458
AUL.SHF,20210104,395.8,395.8,395.8,395.8,394.6,0.0,0.0,0.0,0.0
AUL.SHF,20210105,395.8,400.24,395.8,400.24,395.8,4.44,1.12177867609904,6.0,239.0
AUL.SHF,20210106,398.02,398.02,398.02,398.02,400.24,0.0,0.0,0.0,0.0
AUL.SHF,20210107,398.02,398.02,398.02,398.02,398.02,0.0,0.0,0.0,0.0
AUL.SHF,20210108,396.6,396.6,396.6,396.6,398.02,-1.42,-0.3567659916587106,3.0,119.0
AUL.SHF,20210111,396.6,396.6,396.6,396.6,396.6,0.0,0.0,0.0,0.0
AUL.SHF,20210112,385.0,385.0,385.0,385.0,396.6,-11.6,-2.9248613212304586,3.0,116.0
AUL.SHF,20210113,385.0,385.0,385.0,385.0,385.0,0.0,0.0,0.0,0.0
AUL.SHF,20210114,385.0,385.0,385.0,385.0,385.0,0.0,0.0,0.0,0.0
AUL.SHF,20210115,385.0,385.0,385.0,385.0,385.0,0.0,0.0,0.0,0.0
AUL.SHF,20210118,386.78,387.6,381.28,385.3,385.0,-1.48,-0.38441558441558443,46329.0,1781748.0
AUL.SHF,20210119,385.18,387.06,384.82,386.12,385.3,1.54,0.3996885543732157,15961.0,615789.0
AUL.SHF,20210120,385.44,388.04,384.0,387.3,386.12,1.5,0.3884802652025277,24271.0,936366.0
AUL.SHF,20210121,385.28,391.4,383.52,390.98,387.3,5.2,1.3426284533953008,32774.0,1273272.0
AUL.SHF,20210122,389.66,390.2,387.94,388.9,390.98,0.4,0.10230702337715485,20479.0,796648.0
AUL.SHF,20210125,386.1,390.0,384.96,387.2,388.9,-1.8,-0.4628439187451787,23284.0,901663.0
AUL.SHF,20210126,389.0,390.44,386.38,387.88,387.2,0.64,0.1652892561983471,8426.0,327492.306
AUL.SHF,20210127,387.86,388.3,384.2,385.36,387.88,-3.3,-0.8507785913169021,5575.0,215063.22
AUL.SHF,20210128,383.98,386.72,382.88,383.48,385.36,-2.28,-0.5916545567780775,3957.0,152014.44
AUL.SHF,20210129,383.74,387.4,381.8,384.24,383.48,0.08,0.02086158339417962,5345.0,205771.0
AUL.SHF,20210201,387.4,389.92,382.68,388.96,384.24,4.0,1.0410160316468873,2359.0,91073.0
AUL.SHF,20210202,389.14,390.04,385.1,385.3,388.96,-0.76,-0.195392842451666,750.0,29021.0
AUL.SHF,20210203,381.88,382.9,380.0,380.7,385.3,-6.24,-1.6195172592784843,366.0,13949.0
AUL.SHF,20210204,379.9,380.0,379.5,380.0,380.7,-1.12,-0.29419490412398214,42.0,1595.0
AUL.SHF,20210205,379.84,379.84,379.84,379.84,380.0,0.0,0.0,0.0,0.0
AUL.SHF,20210208,377.08,379.48,376.72,379.12,379.84,3.88,1.0214827295703455,32.0,1208.0
AUL.SHF,20210209,380.4,383.94,380.4,383.94,379.12,6.36,1.677569107406626,28.0,1070.0
AUL.SHF,20210210,382.88,382.88,381.34,382.0,383.94,-0.26,-0.06771891441371049,4.0,153.0
AUL.SHF,20210218,372.46,373.04,371.02,372.78,382.0,-9.26,-2.4240837696335076,17.0,634.0
AUL.SHF,20210219,373.98,374.3,369.96,370.44,372.78,-2.2,-0.5901604163313484,47.0,1744.0
AUL.SHF,20210222,371.34,375.5,371.34,375.5,370.44,4.54,1.2255695929165316,38.0,1009.0
AUL.SHF,20210223,376.72,380.82,376.4,380.82,375.5,7.3,1.944074567243675,40.0,1514.0
AUL.SHF,20210224,379.38,379.38,376.82,378.74,380.82,0.24,0.06302190011028833,6.0,227.0
AUL.SHF,20210225,377.76,378.0,373.64,373.64,378.74,-4.12,-1.0878175001320167,12.0,451.0
AUL.SHF,20210226,366.66,372.82,366.66,369.84,373.64,-5.86,-1.5683545658923028,45.0,1664.0
AUL.SHF,20210301,369.7,369.7,369.7,369.7,369.84,0.0,0.0,0.0,0.0
AUL.SHF,20210302,364.18,364.18,364.18,364.18,369.7,-5.52,-1.4931025155531512,0.0,0.0
AUL.SHF,20210303,364.18,364.18,364.18,364.18,364.18,0.0,0.0,0.0,0.0
AUL.SHF,20210304,363.0,363.0,363.0,363.0,364.18,-1.18,-0.324015596682959,0.0,0.0
AUL.SHF,20210305,358.36,358.36,358.36,358.36,363.0,-4.64,-1.2782369146005508,0.0,0.0
AUL.SHF,20210308,358.36,358.36,358.36,358.36,358.36,0.0,0.0,0.0,0.0
AUL.SHF,20210309,352.82,352.82,352.82,352.82,358.36,-5.54,-1.545931465565353,3.0,106.0
AUL.SHF,20210310,355.08,358.66,355.08,358.66,352.82,5.84,1.6552349640043083,6.0,214.0
AUL.SHF,20210311,365.0,365.0,365.0,365.0,358.66,8.14,2.269558913734456,6.0,219.0
AUL.SHF,20210312,365.0,365.0,365.0,365.0,365.0,0.0,0.0,0.0,0.0
AUL.SHF,20210315,365.0,365.0,365.0,365.0,365.0,0.0,0.0,0.0,0.0
AUL.SHF,20210316,364.36,365.32,362.34,363.78,365.0,2.8,0.7671232876712328,14025.0,510672.0
AUL.SHF,20210317,364.18,366.68,363.66,365.28,363.78,1.18,0.3243718731101215,13049.0,476003.0
AUL.SHF,20210318,363.92,369.06,362.7,368.36,365.28,3.58,0.9800700832238284,14010.0,513239.0
AUL.SHF,20210319,364.32,367.52,362.08,366.3,368.36,-0.02,-0.00542947116950809,16784.0,611681.0
AUL.SHF,20210322,366.04,367.3,363.84,364.36,366.3,-0.08,-0.02184002184002184,11223.0,410408.0
AUL.SHF,20210323,364.7,366.58,363.86,365.7,364.36,0.02,0.0054890767372927874,8621.0,314851.0
AUL.SHF,20210324,365.8,366.4,363.24,365.2,365.7,0.0,0.0,7973.0,290640.0
AUL.SHF,20210325,365.9,367.66,364.8,366.96,365.2,2.44,0.6681270536692223,7157.0,167578.0
AUL.SHF,20210326,366.38,369.38,364.08,364.84,366.96,-1.36,-0.37061260082842823,3740.0,136786.0
AUL.SHF,20210329,364.6,367.0,364.28,364.54,364.84,-1.18,-0.32342944852538097,1413.0,51589.0
AUL.SHF,20210330,364.54,365.5,359.58,359.58,364.54,-5.52,-1.514237120754924,635.0,23018.0
AUL.SHF,20210331,356.08,356.8,354.1,354.3,359.58,-8.18,-2.274876244507481,1066.0,37882.592
AUL.SHF,20210401,355.6,363.32,355.6,363.24,354.3,7.88,2.2241038667795654,274.0,9893.692
AUL.SHF,20210402,365.16,368.28,364.04,368.28,363.24,7.2,1.9821605550049552,180.0,6600.072
AUL.SHF,20210406,366.16,367.0,366.08,367.0,368.28,0.34,0.09232106006299556,315.0,11557.86
AUL.SHF,20210407,366.28,367.56,366.0,367.38,367.0,0.48,0.1307901907356948,141.0,5171.322
AUL.SHF,20210408,366.0,368.54,365.9,367.64,367.38,0.88,0.23953399749578097,231.0,8460.204
AUL.SHF,20210409,370.52,370.52,369.0,369.1,367.64,2.86,0.7779349363507779,12.0,443.316
AUL.SHF,20210412,366.9,366.9,366.9,366.9,369.1,-2.52,-0.6827418043890544,3.0,110.07
AUL.SHF,20210413,366.9,366.9,366.9,366.9,366.9,0.0,0.0,0.0,0.0
AUL.SHF,20210414,366.9,366.9,366.9,366.9,366.9,0.0,0.0,0.0,0.0
AUL.SHF,20210415,368.0,368.0,365.0,367.0,366.9,0.1,0.027255382938130283,90.0,3305.7
AUL.SHF,20210416,367.8,372.16,367.78,371.56,367.0,4.7,1.2806539509536785,29.0,1076.322
AUL.SHF,20210419,373.42,376.22,373.14,375.06,371.56,3.92,1.0550113036925395,58.0,2168.074
AUL.SHF,20210420,372.08,372.58,370.2,370.2,375.06,-3.6,-0.9598464245720685,25.0,930.292
AUL.SHF,20210421,372.1,372.1,372.1,372.1,370.2,0.0,0.0,0.0,0.0
AUL.SHF,20210422,374.1,376.44,373.86,374.5,372.1,2.4,0.6449879064767534,17.0,637.472
AUL.SHF,20210423,372.26,373.16,372.26,373.16,374.5,-1.82,-0.48598130841121495,2.0,74.542
AUL.SHF,20210426,377.3,377.3,371.1,371.34,373.16,-1.36,-0.3644549255011255,32.0,1048.396
AUL.SHF,20210427,371.04,374.0,370.96,372.44,371.34,-1.98,-0.5332040717401842,23.0,855.35
AUL.SHF,20210428,372.44,374.34,372.44,373.22,372.44,1.34,0.35978949629470525,7.0,261.22
AUL.SHF,20210429,372.42,375.5,372.42,373.16,373.22,0.0,0.0,23.0,859.744
AUL.SHF,20210430,370.1,370.1,368.18,369.22,373.16,-4.58,-1.2273555579376139,8.0,295.468
AUL.SHF,20210506,369.32,369.32,369.32,369.32,369.22,0.0,0.0,0.0,0.0
AUL.SHF,20210507,375.1,375.1,375.1,375.1,369.32,5.78,1.5650384490414817,3.0,112.53
AUL.SHF,20210510,375.1,375.1,375.1,375.1,375.1,0.0,0.0,0.0,0.0
AUL.SHF,20210511,380.0,380.0,380.0,380.0,375.1,4.9,1.3063183151159692,0.0,0.0
AUL.SHF,20210512,380.0,380.0,380.0,380.0,380.0,0.0,0.0,0.0,0.0
AUL.SHF,20210513,380.0,380.0,380.0,380.0,380.0,0.0,0.0,0.0,0.0
AUL.SHF,20210514,380.0,380.0,380.0,380.0,380.0,0.0,0.0,0.0,0.0
AUL.SHF,20210517,380.0,380.0,380.0,380.0,380.0,0.0,0.0,0.0,0.0
AUL.SHF,20210518,385.82,391.64,385.6,389.96,380.0,4.28,1.1263157894736844,153390.0,5974168.118
AUL.SHF,20210519,390.0,390.54,387.72,390.3,389.96,0.84,0.21540670838034673,131065.0,5098931.262
AUL.SHF,20210520,390.3,393.98,388.0,390.4,390.3,1.38,0.35357417371252875,186338.0,7290393.516
AUL.SHF,20210521,390.18,393.0,389.54,390.4,390.4,-0.84,-0.21516393442622953,113414.0,4432547.262
AUL.SHF,20210524,393.52,393.88,389.16,391.66,390.4,0.84,0.21516393442622953,139920.0,5478073.394
AUL.SHF,20210525,391.26,391.38,387.82,389.82,391.66,-1.68,-0.42894347137823624,121975.0,4752888.086
AUL.SHF,20210526,389.86,394.88,388.96,393.4,389.82,3.74,0.9594171668975425,111268.0,4364717.418
AUL.SHF,20210527,394.0,394.16,389.78,390.96,393.4,-1.3,-0.33045246568378245,59720.0,2339709.256
AUL.SHF,20210528,390.62,391.12,388.0,388.32,390.96,-3.44,-0.8798854102721507,29785.0,1160553.8
AUL.SHF,20210531,389.1,391.78,388.6,390.7,388.32,1.06,0.27297074577667907,11574.0,451807.59
AUL.SHF,20210601,390.74,393.1,389.84,392.68,390.7,2.32,0.5938059892500639,1449.0,56739.858
AUL.SHF,20210602,391.84,392.8,384.76,386.1,392.68,-5.46,-1.3904451461750025,2943.0,114499.92
AUL.SHF,20210603,387.3,388.62,384.22,384.54,386.1,-4.5,-1.1655011655011653,1716.0,66466.074
AUL.SHF,20210604,377.7,381.28,372.82,380.92,384.54,-6.4,-1.6643262079367556,1377.0,51810.33
AUL.SHF,20210607,383.5,384.3,382.26,383.6,380.92,7.36,1.9321642339598866,822.0,31527.924
AUL.SHF,20210608,384.28,387.96,379.02,385.26,383.6,1.72,0.4483837330552659,444.0,17110.128
AUL.SHF,20210609,385.28,388.1,384.12,385.56,385.26,0.2,0.05191299382235374,1185.0,45729.594
AUL.SHF,20210610,385.5,386.16,384.08,386.16,385.56,0.26,0.06743438115987135,60.0,2313.762
AUL.SHF,20210611,388.0,388.0,386.0,386.0,386.16,0.38,0.09840480629790758,9.0,348.6
AUL.SHF,20210615,385.0,385.0,380.0,380.0,386.0,-7.32,-1.8963730569948187,12.0,460.5
AUL.SHF,20210616,381.6,381.6,378.72,379.68,380.0,-0.78,-0.20526315789473684,36.0,1368.544
AUL.SHF,20210617,380.44,381.12,373.58,374.66,379.68,-5.48,-1.4433206911083019,38.0,1431.708
AUL.SHF,20210618,369.3,372.42,368.98,371.52,374.66,-5.24,-1.3986013986013985,57.0,2114.876
AUL.SHF,20210621,369.68,371.52,368.28,371.52,371.52,0.5,0.13458225667527995,66.0,2438.962
AUL.SHF,20210622,372.04,372.8,371.66,372.62,371.52,3.1,0.8344099913867356,25.0,930.444
AUL.SHF,20210623,372.34,372.6,372.2,372.2,372.62,0.04,0.010734796843969727,6.0,223.404
AUL.SHF,20210624,371.42,373.98,370.6,371.04,372.2,-1.3,-0.3492745835572273,33.0,1228.218
AUL.SHF,20210625,372.24,373.2,369.74,369.74,371.04,-2.44,-0.6576110392410521,49.0,1823.724
AUL.SHF,20210628,372.68,372.68,369.52,370.48,369.74,-1.7,-0.45978254989992967,27.0,1001.63
AUL.SHF,20210629,369.62,369.86,368.58,369.48,370.48,-1.48,-0.3994817534009933,15.0,553.898
AUL.SHF,20210630,365.74,368.12,360.16,365.8,369.48,-3.46,-0.9364512287539244,95.0,3466.06
AUL.SHF,20210701,368.68,368.68,368.68,368.68,365.8,3.84,1.0497539639147073,3.0,110.604
AUL.SHF,20210702,367.2,368.72,367.2,368.72,368.68,0.04,0.010849517196484757,12.0,441.576
AUL.SHF,20210705,373.0,373.0,373.0,373.0,368.72,5.02,1.3614666955955737,3.0,111.9
AUL.SHF,20210706,374.0,374.0,373.12,373.14,373.0,0.14,0.03753351206434317,21.0,783.852
AUL.SHF,20210707,373.26,373.26,373.26,373.26,373.14,0.0,0.0,0.0,0.0
AUL.SHF,20210708,373.26,373.26,373.26,373.26,373.26,0.0,0.0,0.0,0.0
AUL.SHF,20210709,377.0,377.0,377.0,377.0,373.26,3.74,1.0019825322831273,6.0,226.2
AUL.SHF,20210712,377.0,377.0,377.0,377.0,377.0,0.0,0.0,0.0,0.0
AUL.SHF,20210713,365.0,370.0,365.0,370.0,377.0,-7.0,-1.8567639257294428,30.0,1102.5
AUL.SHF,20210714,367.5,367.5,367.5,367.5,370.0,0.0,0.0,0.0,0.0
AUL.SHF,20210715,367.5,367.5,367.5,367.5,367.5,0.0,0.0,0.0,0.0
AUL.SHF,20210716,379.86,381.6,378.68,380.06,367.5,0.32,0.0870748299319728,6617.0,251610.142
AUL.SHF,20210719,380.14,380.82,376.44,376.48,380.06,-3.76,-0.9893174761879703,12371.0,468604.154
AUL.SHF,20210720,377.26,379.92,376.76,379.16,376.48,0.38,0.10093497662558436,9220.0,349012.378
AUL.SHF,20210721,380.44,380.88,376.24,377.94,379.16,-0.58,-0.1529697225445722,9309.0,352050.358
AUL.SHF,20210722,375.6,376.36,374.32,375.12,377.94,-3.06,-0.8096523257659947,8251.0,309703.0
AUL.SHF,20210723,375.06,376.98,374.0,376.7,375.12,1.36,0.36255065045852,5461.0,205006.516
AUL.SHF,20210726,376.64,378.16,374.8,377.76,376.7,2.36,0.6264932306875497,5774.0,217533.426
AUL.SHF,20210727,376.88,377.28,374.1,374.62,377.76,-2.12,-0.5612028801355359,2314.0,86956.754
AUL.SHF,20210728,377.38,379.02,376.2,378.34,374.62,2.56,0.6833591372590893,3541.0,133797.134
AUL.SHF,20210729,377.16,380.06,375.84,379.78,378.34,1.94,0.5127662948670508,1133.0,42855.462
AUL.SHF,20210730,380.2,381.3,379.56,380.5,379.78,2.26,0.5950813628943072,1004.0,38205.406
AUL.SHF,20210802,379.96,380.42,376.18,376.66,380.5,-3.86,-1.014454664914586,430.0,16251.468
AUL.SHF,20210803,376.7,378.0,376.4,376.4,376.66,-1.54,-0.4088567939255562,327.0,12340.218
AUL.SHF,20210804,377.22,377.78,377.22,377.78,376.4,0.42,0.11158342189160468,141.0,5321.4
AUL.SHF,20210805,380.28,381.0,375.58,376.9,377.78,-0.5,-0.13235216263433747,1824.0,68743.248
AUL.SHF,20210806,376.8,376.8,375.0,375.0,376.9,-1.88,-0.4988060493499602,21.0,788.268
AUL.SHF,20210809,369.62,370.42,362.22,364.32,375.0,-11.04,-2.944,195.0,7132.11
AUL.SHF,20210810,363.88,363.88,361.3,363.4,364.32,-2.34,-0.642292490118577,108.0,3916.902
AUL.SHF,20210811,360.8,363.0,360.8,362.1,363.4,-0.56,-0.1541001651073198,27.0,976.116
AUL.SHF,20210812,365.58,365.58,365.58,365.58,362.1,4.06,1.1212372272852802,3.0,109.674
AUL.SHF,20210813,366.74,366.74,366.74,366.74,365.58,1.16,0.3173040100661962,3.0,110.022
AUL.SHF,20210816,366.74,366.74,366.74,366.74,366.74,0.0,0.0,0.0,0.0
AUL.SHF,20210817,372.78,373.96,372.28,373.54,366.74,3.44,0.9379942193379506,34.0,1268.712
AUL.SHF,20210818,372.92,374.38,371.98,374.38,373.54,1.24,0.3319590940729239,23.0,858.584
AUL.SHF,20210819,373.06,373.06,371.52,371.74,374.38,-1.54,-0.4113467599764945,16.0,595.798
AUL.SHF,20210820,373.6,374.02,372.12,372.88,371.74,0.52,0.13988271372464625,9.0,335.88
AUL.SHF,20210823,371.72,373.66,371.18,371.18,372.88,-2.02,-0.5417292426517915,7.0,260.828
AUL.SHF,20210824,376.82,376.82,375.32,376.04,371.18,3.44,0.9267740718788728,5.0,187.972
AUL.SHF,20210825,374.46,374.78,374.26,374.26,376.04,-1.68,-0.4467609828741623,9.0,337.11
AUL.SHF,20210826,373.22,373.42,372.32,372.72,374.26,-1.84,-0.49163683001122216,13.0,484.8
AUL.SHF,20210827,374.68,378.72,374.68,377.32,372.72,4.4,1.1805108392358876,33.0,1244.696
AUL.SHF,20210830,379.36,379.36,377.88,377.88,377.32,0.7,0.18551892293013886,3.0,113.574
AUL.SHF,20210831,379.0,381.9,376.46,381.9,377.88,3.32,0.878585794432095,10.0,379.458
AUL.SHF,20210901,380.26,380.26,377.48,377.48,381.9,-1.96,-0.513223356899712,39.0,1477.18
AUL.SHF,20210902,378.76,378.76,378.76,378.76,377.48,0.0,0.0,0.0,0.0
AUL.SHF,20210903,378.76,378.76,378.76,378.76,378.76,0.0,0.0,0.0,0.0
AUL.SHF,20210906,378.76,378.76,378.76,378.76,378.76,0.0,0.0,0.0,0.0
AUL.SHF,20210907,378.76,378.76,378.76,378.76,378.76,0.0,0.0,0.0,0.0
AUL.SHF,20210908,378.76,378.76,378.76,378.76,378.76,0.0,0.0,0.0,0.0
AUL.SHF,20210909,378.76,378.76,378.76,378.76,378.76,0.0,0.0,0.0,0.0
AUL.SHF,20210910,365.48,371.0,365.48,371.0,378.76,-7.76,-2.048790791002218,42.0,1546.61
AUL.SHF,20210913,368.24,368.24,368.24,368.24,371.0,0.0,0.0,0.0,0.0
AUL.SHF,20210914,368.24,368.24,368.24,368.24,368.24,0.0,0.0,0.0,0.0
AUL.SHF,20210915,368.24,368.24,368.24,368.24,368.24,0.0,0.0,0.0,0.0
AUL.SHF,20210916,373.42,373.78,370.42,371.14,368.24,-2.92,-0.7929611123180534,7524.0,280311.85
AUL.SHF,20210917,366.74,367.72,364.0,367.38,371.14,-5.16,-1.3903109338793986,8787.0,321615.24
AUL.SHF,20210922,370.82,372.56,370.82,371.9,367.38,5.9,1.6059665741194404,4406.0,163726.64
AUL.SHF,20210923,370.82,372.9,367.76,368.62,371.9,-2.96,-0.7959128798063996,5504.0,203655.11
AUL.SHF,20210924,368.56,368.56,364.56,366.2,368.62,-3.8,-1.0308719006022462,9031.0,330446.95
AUL.SHF,20210927,365.02,367.56,363.76,367.04,366.2,1.14,0.3113052976515565,5420.0,198269.73
AUL.SHF,20210928,366.9,367.24,363.5,363.5,367.04,-2.3,-0.6266346992153443,2033.0,74390.0
AUL.SHF,20210929,361.94,364.7,361.92,363.26,363.5,-2.64,-0.7262723521320495,1189.0,43183.15
AUL.SHF,20210930,363.38,365.06,355.88,365.06,363.26,1.88,0.517535649397126,1031.0,37348.05
AUL.SHF,20211008,367.1,367.1,366.06,366.2,365.06,3.96,1.0847531912562318,1018.0,37348.98
AUL.SHF,20211011,370.0,370.58,364.06,364.06,366.2,-2.82,-0.7700709994538504,795.0,29095.49
AUL.SHF,20211012,364.52,366.84,364.14,366.2,364.06,0.22,0.0604295995165632,498.0,18171.76
AUL.SHF,20211013,365.82,365.82,365.8,365.8,366.2,0.92,0.2512288367012562,6.0,219.49
AUL.SHF,20211014,365.8,365.8,365.8,365.8,365.8,0.0,0.0,0.0,0.0
AUL.SHF,20211015,365.8,365.8,365.8,365.8,365.8,0.0,0.0,0.0,0.0
AUL.SHF,20211018,368.46,369.46,367.62,367.84,365.8,-4.84,-1.323127392017496,19.0,700.69
AUL.SHF,20211019,368.78,368.78,368.78,368.78,367.84,0.0,0.0,0.0,0.0
AUL.SHF,20211020,368.46,368.46,364.4,365.88,368.78,-2.9,-0.7863767015564836,5.0,183.18
AUL.SHF,20211021,368.52,369.04,367.54,368.36,365.88,2.0,0.5466273095003826,7.0,257.96
AUL.SHF,20211022,369.22,369.38,368.2,368.74,368.36,0.24,0.06515365403409708,5.0,184.43
AUL.SHF,20211025,371.16,371.16,368.6,370.4,368.74,1.54,0.41763844443239134,23.0,851.28
AUL.SHF,20211026,371.5,372.4,370.86,370.86,370.4,0.74,0.19978401727861772,25.0,928.38
AUL.SHF,20211027,367.18,369.1,366.74,367.54,370.86,-3.8,-1.024645418756404,16.0,588.11
AUL.SHF,20211028,369.86,380.12,368.08,370.86,367.54,3.3,0.8978614572563529,9.0,334.29
AUL.SHF,20211029,367.3,372.92,362.94,366.0,370.86,-5.42,-1.461467939384134,42.0,1548.43
AUL.SHF,20211101,365.44,365.44,365.44,365.44,366.0,-3.22,-0.8797814207650273,3.0,109.63
AUL.SHF,20211102,370.6,370.6,370.2,370.2,365.44,4.76,1.302539404553415,9.0,333.3
AUL.SHF,20211103,369.7,369.7,369.7,369.7,370.2,-0.62,-0.16747703943814155,0.0,0.0
AUL.SHF,20211104,369.7,369.7,369.7,369.7,369.7,0.0,0.0,0.0,0.0
AUL.SHF,20211105,369.7,369.7,369.7,369.7,369.7,0.0,0.0,0.0,0.0
AUL.SHF,20211108,371.5,371.9,371.5,371.9,369.7,2.2,0.5950770895320531,12.0,446.16
AUL.SHF,20211109,374.0,374.0,374.0,374.0,371.9,2.2,0.5915568701263781,0.0,0.0
AUL.SHF,20211110,375.28,375.98,370.06,374.32,374.0,0.32,0.08556149732620322,51.0,1903.3
AUL.SHF,20211111,373.18,373.18,373.18,373.18,374.32,0.0,0.0,0.0,0.0
AUL.SHF,20211112,373.18,373.18,373.18,373.18,373.18,0.0,0.0,0.0,0.0
AUL.SHF,20211115,375.0,375.0,375.0,375.0,373.18,1.82,0.48770030548260895,0.0,0.0
AUL.SHF,20211116,383.18,385.18,382.92,384.02,375.0,1.0,0.26666666666666666,98838.0,3795827.97
AUL.SHF,20211117,386.0,387.54,381.2,382.26,384.02,-1.78,-0.4635175251288996,139112.0,5339692.23
AUL.SHF,20211118,383.8,384.92,382.76,383.54,382.26,-0.3,-0.07848061528802386,88262.0,3388293.82
AUL.SHF,20211119,384.08,384.46,381.8,382.74,383.54,-1.14,-0.297231058038275,91448.0,3505263.79
AUL.SHF,20211122,383.46,384.72,378.8,379.14,382.74,-4.16,-1.0868997230495898,117269.0,4479152.1
AUL.SHF,20211123,378.48,379.06,371.58,371.78,379.14,-10.16,-2.679748905417524,144230.0,5405878.15
AUL.SHF,20211124,370.02,370.28,367.88,369.76,371.78,-5.04,-1.3556404325138522,109728.0,4051386.15
AUL.SHF,20211125,368.26,370.2,367.42,369.78,369.76,0.56,0.15144958892254437,81274.0,2997552.12
AUL.SHF,20211126,369.72,371.96,368.42,371.58,369.78,2.76,0.7463897452539348,37085.0,1371814.05
AUL.SHF,20211129,372.18,373.56,368.16,370.22,371.58,0.32,0.08611873620754616,36720.0,1363317.02
AUL.SHF,20211130,370.18,370.18,367.08,367.88,370.22,-3.38,-0.9129706660904325,15692.0,578097.14
AUL.SHF,20211201,367.84,370.26,364.0,366.98,367.88,-1.42,-0.38599543329346525,5504.0,201591.98
AUL.SHF,20211202,366.98,367.44,364.68,365.24,366.98,-1.02,-0.2779443021418061,9069.0,332542.42
AUL.SHF,20211203,365.26,365.4,362.36,364.28,365.24,-2.4,-0.6571021793888949,777.0,28279.58
AUL.SHF,20211206,363.74,367.16,363.38,366.88,364.28,2.94,0.8070714834742506,897.0,32858.88
AUL.SHF,20211207,365.86,366.36,365.44,366.02,366.88,-0.28,-0.07631923244657654,345.0,12622.1
AUL.SHF,20211208,366.08,366.98,364.28,366.72,366.02,0.88,0.2404240205453254,687.0,25160.42
AUL.SHF,20211209,365.0,366.28,364.08,365.04,366.72,-1.18,-0.32177137870855144,825.0,30133.86
AUL.SHF,20211210,364.52,365.88,347.4,364.12,365.04,-1.12,-0.30681569143107607,951.0,34638.1
AUL.SHF,20211213,366.0,367.0,366.0,366.28,364.12,2.06,0.5657475557508513,105.0,3850.01
AUL.SHF,20211214,367.8,367.8,367.8,367.8,366.28,1.14,0.3112373047941465,3.0,110.34
AUL.SHF,20211215,367.8,367.8,367.8,367.8,367.8,0.0,0.0,0.0,0.0
AUL.SHF,20211216,364.24,367.62,364.0,367.5,367.8,2.82,0.7667210440456769,44.0,1609.84
AUL.SHF,20211217,367.9,371.3,367.86,371.3,367.5,5.44,1.4802721088435375,119.0,4389.29
AUL.SHF,20211220,373.14,373.14,370.72,370.72,371.3,1.88,0.5063291139240506,30.0,1115.74
AUL.SHF,20211221,369.58,369.58,367.72,367.8,370.72,-4.1,-1.1059559775571859,39.0,1436.69
AUL.SHF,20211222,369.72,369.78,366.9,367.38,367.8,-1.0,-0.2718868950516585,28.0,1030.19
AUL.SHF,20211223,368.24,371.74,368.24,370.62,367.38,2.7,0.7349338559529642,37.0,1369.8
AUL.SHF,20211224,371.28,372.36,371.14,371.14,370.62,0.94,0.25362905401759217,12.0,445.75
AUL.SHF,20211227,371.92,372.3,371.16,372.26,371.14,0.8,0.21555208277199983,41.0,1524.8
AUL.SHF,20211228,372.1,372.9,370.54,372.5,372.26,0.6,0.16117767151990545,72.0,2676.03
AUL.SHF,20211229,372.4,373.56,370.06,371.44,372.5,-0.22,-0.05906040268456376,38.0,1410.29
AUL.SHF,20211230,368.06,370.82,368.06,368.06,371.44,-3.06,-0.8238208055136765,16.0,590.45
AUL.SHF,20211231,368.28,374.5,368.28,373.2,368.06,4.18,1.1356843992827257,33.0,1225.56
AUL.SHF,20220104,371.38,371.38,371.38,371.38,373.2,0.0,0.0,0.0,0.0
AUL.SHF,20220105,371.38,371.38,371.38,371.38,371.38,0.0,0.0,0.0,0.0
AUL.SHF,20220106,371.38,371.38,371.38,371.38,371.38,0.0,0.0,0.0,0.0
AUL.SHF,20220107,371.38,371.38,371.38,371.38,371.38,0.0,0.0,0.0,0.0
AUL.SHF,20220110,370.0,370.0,370.0,370.0,371.38,-1.38,-0.3715870536916366,0.0,0.0
AUL.SHF,20220111,370.0,370.0,370.0,370.0,370.0,0.0,0.0,0.0,0.0
AUL.SHF,20220112,370.0,370.0,370.0,370.0,370.0,0.0,0.0,0.0,0.0
AUL.SHF,20220113,370.0,370.0,370.0,370.0,370.0,0.0,0.0,0.0,0.0
AUL.SHF,20220114,370.0,370.0,370.0,370.0,370.0,0.0,0.0,0.0,0.0
AUL.SHF,20220117,370.0,370.0,370.0,370.0,370.0,0.0,0.0,0.0,0.0
AUL.SHF,20220118,372.42,373.04,371.36,371.76,370.0,-1.46,-0.39459459459459456,28301.0,1053770.9
AUL.SHF,20220119,371.58,373.0,370.26,371.46,371.76,-0.88,-0.23671185711211534,46807.0,1740182.75
AUL.SHF,20220120,372.02,377.22,372.0,376.8,371.46,5.04,1.3568082700694557,32548.0,1221022.84
AUL.SHF,20220121,376.8,378.12,375.82,376.46,376.8,1.32,0.35031847133757965,17656.0,665815.68
AUL.SHF,20220124,375.38,377.04,374.74,375.54,376.46,-1.56,-0.41438665462466134,17683.0,664320.06
AUL.SHF,20220125,375.48,376.7,374.06,376.32,375.54,0.64,0.1704212600521915,14347.0,538873.1
AUL.SHF,20220126,376.32,378.48,375.72,376.66,376.32,1.08,0.2869897959183674,8699.0,327819.33
AUL.SHF,20220127,376.66,376.9,369.68,369.96,376.66,-6.88,-1.8265810014336537,10301.0,384599.0
AUL.SHF,20220128,370.0,370.78,368.0,368.52,369.96,-4.84,-1.3082495404908638,8604.0,318103.45
AUL.SHF,20220207,371.58,371.74,370.22,370.86,368.52,1.16,0.3147726039292304,1985.0,73647.19
AUL.SHF,20220208,371.4,373.6,371.4,373.2,370.86,2.2,0.5932157687537076,924.0,34422.58
AUL.SHF,20220209,374.0,374.76,366.88,374.52,373.2,2.0,0.5359056806002144,201.0,7518.63
AUL.SHF,20220210,374.8,376.0,373.68,375.3,374.52,1.24,0.33109046245861373,306.0,11480.48
AUL.SHF,20220211,374.5,374.5,372.5,374.18,375.3,-0.98,-0.2611244337863043,213.0,7963.84
AUL.SHF,20220214,374.3,381.1,374.3,380.5,374.18,6.62,1.769201988347854,12.0,454.92
AUL.SHF,20220215,380.5,380.5,380.5,380.5,380.5,1.4,0.36793692509855447,3.0,114.15
AUL.SHF,20220216,376.84,378.16,376.6,378.0,380.5,-4.24,-1.1143232588699081,37.0,1396.31
AUL.SHF,20220217,378.1,382.0,377.62,381.48,378.0,4.1,1.0846560846560847,34.0,1294.81
AUL.SHF,20220218,383.28,386.54,383.28,384.24,381.48,3.42,0.8965083359547026,25.0,962.28
AUL.SHF,20220221,386.0,386.58,383.68,383.68,384.24,-1.22,-0.31750988965230065,15.0,577.6
AUL.SHF,20220222,386.74,388.9,386.74,388.9,383.68,3.84,1.0008340283569641,13.0,504.09
AUL.SHF,20220223,386.48,386.74,384.04,386.06,388.9,-1.7,-0.4371303677037799,19.0,732.84
AUL.SHF,20220224,389.02,396.8,386.96,394.1,386.06,8.4,2.175827591566078,30.0,1176.13
AUL.SHF,20220225,399.2,399.2,385.58,389.56,394.1,-2.48,-0.6292819081451408,37.0,1445.12
AUL.SHF,20220228,382.44,388.88,382.18,387.0,389.56,-3.56,-0.9138515247972071,63.0,2429.19
AUL.SHF,20220301,385.58,385.58,385.58,385.58,387.0,0.0,0.0,0.0,0.0
AUL.SHF,20220302,400.4,400.4,391.6,393.5,385.58,7.92,2.0540484464961875,15.0,593.37
AUL.SHF,20220303,392.44,392.44,392.44,392.44,393.5,-3.14,-0.7979669631512072,0.0,0.0
AUL.SHF,20220304,392.44,392.44,392.44,392.44,392.44,0.0,0.0,0.0,0.0
AUL.SHF,20220307,394.66,394.66,394.66,394.66,392.44,2.22,0.5656915706859649,0.0,0.0
AUL.SHF,20220308,394.66,394.66,394.66,394.66,394.66,0.0,0.0,0.0,0.0
AUL.SHF,20220309,418.28,418.28,416.0,416.3,394.66,21.64,5.483200729742056,108.0,4511.27
AUL.SHF,20220310,409.0,409.0,401.02,401.5,416.3,-16.2,-3.8914244535190967,48.0,1942.37
AUL.SHF,20220311,404.66,404.66,404.66,404.66,401.5,0.0,0.0,0.0,0.0
AUL.SHF,20220314,404.66,404.66,404.66,404.66,404.66,0.0,0.0,0.0,0.0
AUL.SHF,20220315,404.66,404.66,404.66,404.66,404.66,0.0,0.0,0.0,0.0
AUL.SHF,20220316,391.88,393.9,389.78,390.14,404.66,-7.36,-1.8188108535560719,12162.0,476692.74
AUL.SHF,20220317,391.26,395.52,387.56,394.62,390.14,2.68,0.6869328958835291,9501.0,371955.15
AUL.SHF,20220318,395.96,397.66,394.54,395.1,394.62,3.62,0.9173381987735035,7650.0,303249.67
AUL.SHF,20220321,395.86,396.24,393.02,393.9,395.1,-2.5,-0.6327512022272842,4991.0,197107.88
AUL.SHF,20220322,394.1,397.2,392.56,396.58,393.9,1.66,0.42142675806042146,4690.0,185452.29
AUL.SHF,20220323,394.72,395.16,392.24,393.78,396.58,-1.64,-0.4135357304957386,4131.0,162663.97
AUL.SHF,20220324,395.44,399.9,395.34,398.06,393.78,4.3,1.0919802935649348,3737.0,148630.21
AUL.SHF,20220325,399.5,402.42,398.88,399.98,398.06,2.26,0.5677536049841732,6516.0,261282.13
AUL.SHF,20220328,400.0,402.12,396.76,397.08,399.98,-3.9,-0.9750487524376218,1955.0,78122.42
AUL.SHF,20220329,397.88,398.18,394.36,395.02,397.08,-4.58,-1.1534199657499749,1500.0,59257.43
AUL.SHF,20220330,389.46,394.88,388.26,393.9,395.02,-1.14,-0.2885929826337907,1876.0,73757.48
AUL.SHF,20220331,395.02,396.38,383.66,392.0,393.9,-1.16,-0.2944909875602945,1186.0,46749.97
AUL.SHF,20220401,394.64,396.2,394.36,395.36,392.0,1.18,0.30102040816326525,237.0,9371.85
AUL.SHF,20220406,393.1,394.6,393.1,393.6,395.36,-1.82,-0.46033994334277617,84.0,3309.75
AUL.SHF,20220407,393.72,394.24,393.6,393.92,393.6,-0.08,-0.02032520325203252,72.0,2835.76
AUL.SHF,20220408,396.0,406.88,395.0,395.0,393.92,1.16,0.2944760357432981,75.0,2969.42
AUL.SHF,20220411,398.4,400.2,397.36,397.6,395.0,1.68,0.4253164556962025,363.0,14458.46
AUL.SHF,20220412,401.0,401.42,399.6,399.8,397.6,1.5,0.3772635814889336,45.0,1802.75
AUL.SHF,20220413,400.6,400.6,400.6,400.6,399.8,0.0,0.0,0.0,0.0
AUL.SHF,20220414,400.6,400.6,400.6,400.6,400.6,0.0,0.0,0.0,0.0
AUL.SHF,20220415,400.6,400.6,400.6,400.6,400.6,0.0,0.0,0.0,0.0
AUL.SHF,20220418,405.28,406.24,404.76,406.24,400.6,2.54,0.6340489266100848,8.0,324.74
AUL.SHF,20220419,407.76,407.76,402.9,404.0,406.24,-1.92,-0.47262701851122485,6.0,242.76
AUL.SHF,20220420,398.38,399.72,398.38,399.72,404.0,-4.88,-1.2079207920792079,3.0,119.78
AUL.SHF,20220421,401.3,402.3,399.72,402.3,399.72,3.04,0.7605323726608626,13.0,521.36
AUL.SHF,20220422,399.42,406.68,399.42,406.68,402.3,5.64,1.4019388516032811,3.0,120.9
AUL.SHF,20220425,400.78,402.54,400.78,401.08,406.68,-1.92,-0.47211566833874297,3.0,120.44
AUL.SHF,20220426,397.52,398.5,396.72,398.5,401.08,-2.96,-0.7380073800738007,6.0,238.61
AUL.SHF,20220427,401.74,401.74,400.0,400.74,398.5,3.06,0.7678795483061481,3.0,120.25
AUL.SHF,20220428,397.0,400.02,397.0,397.9,400.74,-2.92,-0.7286519938114489,10.0,398.07
AUL.SHF,20220429,401.56,401.7,401.28,401.6,397.9,3.54,0.889670771550641,5.0,200.74
AUL.SHF,20220505,401.48,401.48,401.48,401.48,401.6,0.0,0.0,0.0,0.0
AUL.SHF,20220506,401.48,401.48,401.48,401.48,401.48,0.0,0.0,0.0,0.0
AUL.SHF,20220509,413.3,413.3,413.3,413.3,401.48,11.82,2.944106804822158,3.0,123.99
AUL.SHF,20220510,411.56,411.56,411.56,411.56,413.3,-1.74,-0.4210016936849746,0.0,0.0
AUL.SHF,20220511,400.18,408.0,400.18,404.0,411.56,-7.56,-1.8369132082806878,12.0,484.85
AUL.SHF,20220512,404.04,404.04,404.04,404.04,404.0,0.0,0.0,0.0,0.0
AUL.SHF,20220513,404.04,404.04,404.04,404.04,404.04,0.0,0.0,0.0,0.0
AUL.SHF,20220516,404.04,404.04,404.04,404.04,404.04,0.0,0.0,0.0,0.0
AUL.SHF,20220517,396.1,398.44,394.56,397.98,404.04,1.6,0.396000396000396,97417.0,3864482.85
AUL.SHF,20220518,396.98,396.98,393.04,393.32,397.98,-3.36,-0.8442635308306949,94759.0,3741097.51
AUL.SHF,20220519,393.48,396.36,393.3,394.96,393.32,0.16,0.040679345062544496,84776.0,3348152.24
AUL.SHF,20220520,398.42,398.94,396.48,397.18,394.96,2.24,0.5671460401053272,97174.0,3862803.09
AUL.SHF,20220523,396.7,399.08,394.82,397.16,397.18,-0.34,-0.08560350470819277,85395.0,3389171.69
AUL.SHF,20220524,397.6,398.48,395.8,398.08,397.16,1.2,0.3021452311411018,65760.0,2611644.59
AUL.SHF,20220525,399.08,400.0,398.46,398.84,398.08,1.7,0.4270498392282958,70105.0,2798962.82
AUL.SHF,20220526,399.22,400.58,397.8,400.36,398.84,1.12,0.28081436164878154,60911.0,2431113.46
AUL.SHF,20220527,399.98,402.34,399.78,402.14,400.36,3.02,0.7543211110000999,43290.0,1736895.88
AUL.SHF,20220530,399.9,401.22,398.16,398.74,402.14,-2.48,-0.616700651514398,27449.0,1096788.56
AUL.SHF,20220531,397.88,399.14,396.56,397.78,398.74,-1.78,-0.44640617946531574,11908.0,473893.68
AUL.SHF,20220601,397.42,398.22,394.42,395.04,397.78,-2.92,-0.734074111317814,1559.0,61676.34
AUL.SHF,20220602,396.0,398.56,395.9,398.0,395.04,2.4,0.6075334143377885,2013.0,79949.86
AUL.SHF,20220606,396.08,397.5,396.08,396.7,398.0,-0.46,-0.1155778894472362,1386.0,54973.3
AUL.SHF,20220607,396.12,396.48,394.3,394.78,396.7,-1.84,-0.46382656919586596,2400.0,94838.12
AUL.SHF,20220608,395.76,397.18,395.52,396.7,394.78,1.56,0.3951567961902832,417.0,16525.61
AUL.SHF,20220609,397.32,398.4,397.02,397.42,396.7,1.14,0.2873708091756995,537.0,21365.84
AUL.SHF,20220610,397.42,398.4,395.96,395.96,397.42,-1.9,-0.4780836394746112,891.0,35427.92
AUL.SHF,20220613,403.96,404.5,396.3,404.5,395.96,6.9,1.7426002626527932,57.0,2280.44
AUL.SHF,20220614,400.06,400.06,400.06,400.06,404.5,0.0,0.0,0.0,0.0
AUL.SHF,20220615,400.06,400.06,400.06,400.06,400.06,0.0,0.0,0.0,0.0
AUL.SHF,20220616,395.24,396.54,394.14,395.58,400.06,1.54,0.38494225866120085,41.0,1619.45
AUL.SHF,20220617,394.7,398.72,394.7,398.68,395.58,3.7,0.9353354567976138,31.0,1233.13
AUL.SHF,20220620,399.16,399.86,396.8,397.48,398.68,-0.3,-0.07524831945419885,20.0,795.69
AUL.SHF,20220621,397.2,397.28,396.5,396.5,397.48,-1.34,-0.33712388044681496,24.0,952.8
AUL.SHF,20220622,396.5,396.5,395.4,395.4,396.5,-1.6,-0.403530895334174,15.0,593.79
AUL.SHF,20220623,398.14,398.14,395.82,397.86,395.4,2.0,0.5058168942842691,20.0,794.3
AUL.SHF,20220624,397.56,397.56,393.0,393.62,397.86,-3.52,-0.8847333232795456,16.0,632.47
AUL.SHF,20220627,392.74,394.44,392.74,394.44,393.62,-0.84,-0.21340379045780195,14.0,551.25
AUL.SHF,20220628,394.04,394.6,394.04,394.4,394.44,0.66,0.16732582902342563,5.0,197.21
AUL.SHF,20220629,395.2,395.34,393.36,393.36,394.4,-1.04,-0.26369168356997974,14.0,552.18
AUL.SHF,20220630,396.3,396.3,389.5,389.5,393.36,-4.9,-1.245678259101078,10.0,393.11
AUL.SHF,20220701,390.62,390.62,390.62,390.62,389.5,-2.48,-0.6367137355584083,3.0,117.19
AUL.SHF,20220704,390.62,390.62,390.62,390.62,390.62,0.0,0.0,0.0,0.0
AUL.SHF,20220705,390.0,390.5,390.0,390.5,390.62,-0.12,-0.03072039322103323,12.0,468.39
AUL.SHF,20220706,390.32,390.32,390.32,390.32,390.5,0.0,0.0,0.0,0.0
AUL.SHF,20220707,390.32,390.32,390.32,390.32,390.32,0.0,0.0,0.0,0.0
AUL.SHF,20220708,386.28,386.28,386.28,386.28,390.32,-4.04,-1.0350481656077066,0.0,0.0
AUL.SHF,20220711,387.32,387.32,387.32,387.32,386.28,1.04,0.2692347519933727,3.0,116.2
AUL.SHF,20220712,370.0,370.0,370.0,370.0,387.32,-17.32,-4.471754621501601,3.0,111.0
AUL.SHF,20220713,370.0,370.0,370.0,370.0,370.0,0.0,0.0,0.0,0.0
AUL.SHF,20220714,375.0,375.0,375.0,375.0,370.0,5.0,1.3513513513513513,3.0,112.5
AUL.SHF,20220715,375.0,375.0,375.0,375.0,375.0,0.0,0.0,0.0,0.0
AUL.SHF,20220718,372.2,374.46,370.8,373.76,375.0,1.08,0.28800000000000003,32486.0,1211146.1
AUL.SHF,20220719,373.88,374.8,371.98,372.7,373.76,-0.12,-0.03210616438356164,22969.0,857400.6
AUL.SHF,20220720,372.6,373.78,372.22,372.46,372.7,-0.82,-0.2200160987389321,18306.0,683073.36
AUL.SHF,20220721,372.9,374.02,368.8,369.08,372.46,-4.06,-1.0900499382484026,19978.0,742402.32
AUL.SHF,20220722,372.56,375.26,370.84,374.84,369.08,3.24,0.8778584588707056,28550.0,1066554.04
AUL.SHF,20220725,375.86,378.46,374.8,376.1,374.84,2.54,0.6776224522462918,23807.0,896894.78
AUL.SHF,20220726,376.1,376.58,374.08,376.14,376.1,-0.58,-0.15421430470619515,7769.0,291533.98
AUL.SHF,20220727,375.06,375.82,374.7,375.48,376.14,0.24,0.0638060296698038,7438.0,279157.02
AUL.SHF,20220728,374.82,379.42,374.08,379.42,375.48,4.12,1.0972621710876744,6620.0,249660.08
AUL.SHF,20220729,380.38,384.8,379.72,384.2,379.42,7.08,1.8660060091718937,4206.0,160930.29
AUL.SHF,20220801,382.78,384.64,382.4,384.14,384.2,1.52,0.3956272774596564,969.0,37194.7
AUL.SHF,20220802,386.36,389.12,381.4,387.22,384.14,3.38,0.8798875410006769,600.0,23250.56
AUL.SHF,20220803,388.64,389.22,382.68,385.6,387.22,-1.9,-0.4906771344455348,597.0,23031.31
AUL.SHF,20220804,386.56,386.68,383.2,386.22,385.6,0.44,0.11410788381742737,597.0,23015.69
AUL.SHF,20220805,387.44,390.0,386.8,389.4,386.22,3.88,1.0046087722023715,525.0,20432.53
AUL.SHF,20220808,385.98,387.54,385.28,386.94,389.4,-2.24,-0.5752439650744736,426.0,16468.66
AUL.SHF,20220809,388.34,389.14,386.86,387.44,386.94,0.86,0.2222566806223187,792.0,30762.5
AUL.SHF,20220810,389.9,390.84,388.2,389.4,387.44,1.0,0.25810448069378483,216.0,8421.38
AUL.SHF,20220811,388.0,389.3,388.0,389.3,389.4,-0.56,-0.1438109912686184,42.0,1633.36
AUL.SHF,20220812,387.9,387.9,387.9,387.9,389.3,-0.98,-0.25173388132545593,6.0,232.74
AUL.SHF,20220815,387.9,387.9,387.9,387.9,387.9,0.0,0.0,0.0,0.0
AUL.SHF,20220816,389.98,390.74,389.32,390.66,387.9,-1.08,-0.2784222737819026,14.0,546.15
AUL.SHF,20220817,389.7,389.94,389.48,389.92,390.66,-0.18,-0.04607587160190446,11.0,428.67
AUL.SHF,20220818,389.06,389.06,387.62,388.08,389.92,-1.6,-0.4103405826836274,16.0,621.35
AUL.SHF,20220819,388.6,388.62,386.98,386.98,388.08,-1.36,-0.3504432075860648,27.0,1046.27
AUL.SHF,20220822,387.8,388.18,386.08,386.08,386.98,-1.42,-0.36694402811514804,27.0,1044.04
AUL.SHF,20220823,385.52,388.02,385.48,387.06,386.08,0.38,0.09842519685039369,52.0,2009.11
AUL.SHF,20220824,386.8,389.4,386.58,389.4,387.06,3.04,0.7854079470883066,21.0,814.96
AUL.SHF,20220825,390.2,390.54,390.14,390.42,389.4,2.36,0.6060606060606061,14.0,546.51
AUL.SHF,20220826,390.8,391.02,389.94,390.74,390.42,0.38,0.0973310793504431,22.0,858.84
AUL.SHF,20220829,388.7,388.88,387.18,387.82,390.74,-2.56,-0.6551671188002252,19.0,736.77
AUL.SHF,20220830,389.82,390.44,389.52,389.6,387.82,1.84,0.4744469083595482,9.0,350.77
AUL.SHF,20220831,389.1,390.0,387.24,390.0,389.6,0.26,0.06673511293634497,15.0,582.36
AUL.SHF,20220901,386.0,386.0,386.0,386.0,390.0,-2.24,-0.5743589743589744,3.0,115.8
AUL.SHF,20220902,375.4,375.4,375.4,375.4,386.0,-10.6,-2.7461139896373057,3.0,112.62
AUL.SHF,20220905,386.0,386.0,386.0,386.0,375.4,10.6,2.823654768247203,0.0,0.0
AUL.SHF,20220906,387.5,387.8,387.5,387.8,386.0,1.8,0.4663212435233161,21.0,814.13
AUL.SHF,20220907,387.68,387.68,387.68,387.68,387.8,0.0,0.0,0.0,0.0
AUL.SHF,20220908,387.68,387.68,387.68,387.68,387.68,0.0,0.0,0.0,0.0
AUL.SHF,20220909,387.68,387.68,387.68,387.68,387.68,0.0,0.0,0.0,0.0
AUL.SHF,20220913,389.0,389.0,389.0,389.0,387.68,1.32,0.3404869995872885,0.0,0.0
AUL.SHF,20220914,389.0,389.0,389.0,389.0,389.0,0.0,0.0,0.0,0.0
AUL.SHF,20220915,389.0,389.0,389.0,389.0,389.0,0.0,0.0,0.0,0.0
AUL.SHF,20220916,386.5,386.5,382.6,383.16,389.0,-3.52,-0.9048843187660669,18143.0,697968.61
AUL.SHF,20220919,383.36,385.46,383.0,384.18,383.16,-0.52,-0.1357135400354943,14034.0,538649.88
AUL.SHF,20220920,384.12,386.4,383.64,385.3,384.18,1.5,0.39044198032172417,4981.0,191732.81
AUL.SHF,20220921,384.74,386.76,383.78,386.12,385.3,1.2,0.31144562678432386,3449.0,132735.99
AUL.SHF,20220922,386.56,386.7,383.8,385.44,386.12,0.6,0.1553921060810111,3773.0,145405.81
AUL.SHF,20220923,388.06,388.06,385.98,387.16,385.44,1.78,0.4618098796180988,4343.0,168021.77
AUL.SHF,20220926,384.42,385.9,381.0,383.78,387.16,-3.08,-0.7955367290009298,7415.0,284914.77
AUL.SHF,20220927,385.58,385.58,382.08,384.52,383.78,0.28,0.07295846578769088,2385.0,91565.72
AUL.SHF,20220928,384.9,385.6,383.72,385.6,384.52,1.68,0.43690835327161137,1395.0,53691.11
AUL.SHF,20220929,387.04,389.32,386.44,389.04,385.6,4.16,1.0788381742738589,1720.0,66763.96
AUL.SHF,20220930,387.18,397.86,387.0,391.0,389.04,2.84,0.7300020563438205,912.0,35521.1
AUL.SHF,20221010,396.3,396.3,393.04,393.12,391.0,3.64,0.9309462915601023,670.0,26405.71
AUL.SHF,20221011,393.12,393.12,392.22,392.62,393.12,-1.48,-0.3764753764753765,1875.0,73687.13
AUL.SHF,20221012,392.24,393.42,391.7,392.4,392.62,-0.58,-0.1477255361418165,69.0,2708.26
AUL.SHF,20221013,392.5,392.5,392.5,392.5,392.4,0.0,0.0,0.0,0.0
AUL.SHF,20221014,392.5,392.5,392.5,392.5,392.5,0.0,0.0,0.0,0.0
AUL.SHF,20221017,392.5,392.5,392.5,392.5,392.5,0.0,0.0,0.0,0.0
AUL.SHF,20221018,391.92,391.92,390.66,390.66,392.5,1.02,0.25987261146496815,3.0,117.45
AUL.SHF,20221019,390.7,390.74,389.82,389.82,390.66,-1.68,-0.43004146828444173,8.0,312.2
AUL.SHF,20221020,389.4,389.64,388.3,388.3,389.82,-1.94,-0.4976655892463188,24.0,934.43
AUL.SHF,20221021,388.9,389.6,385.6,385.6,388.3,-3.74,-0.9631728045325779,18.0,699.4
AUL.SHF,20221024,389.98,389.98,388.38,389.38,385.6,0.84,0.21784232365145226,17.0,661.49
AUL.SHF,20221025,393.44,394.54,393.44,394.04,389.38,4.94,1.2686835482048386,80.0,3149.41
AUL.SHF,20221026,394.04,395.64,393.44,394.26,394.04,0.6,0.15226880519744185,82.0,3237.15
AUL.SHF,20221027,392.76,393.28,390.2,393.28,394.26,-1.48,-0.3753868005884442,6.0,235.51
AUL.SHF,20221028,393.58,394.76,393.12,393.58,393.28,1.06,0.26952807160292924,15.0,590.86
AUL.SHF,20221031,391.02,393.5,390.5,390.5,393.58,-3.4,-0.8638650337923675,3.0,117.5
AUL.SHF,20221101,391.66,391.66,391.66,391.66,390.5,0.0,0.0,0.0,0.0
AUL.SHF,20221102,391.72,391.72,391.72,391.72,391.66,0.06,0.015319409692079865,0.0,0.0
AUL.SHF,20221103,390.8,390.8,390.7,390.7,391.72,-1.02,-0.2603900745430409,63.0,2461.71
AUL.SHF,20221104,390.74,390.74,390.74,390.74,390.7,0.0,0.0,0.0,0.0
AUL.SHF,20221107,391.5,391.5,391.5,391.5,390.74,0.76,0.19450273839381685,0.0,0.0
AUL.SHF,20221108,403.42,403.42,403.42,403.42,391.5,11.92,3.044699872286079,3.0,121.03
AUL.SHF,20221109,403.42,403.42,403.42,403.42,403.42,0.0,0.0,0.0,0.0
AUL.SHF,20221110,403.42,403.42,403.42,403.42,403.42,0.0,0.0,0.0,0.0
AUL.SHF,20221111,403.42,403.42,403.42,403.42,403.42,0.0,0.0,0.0,0.0
AUL.SHF,20221114,403.42,403.42,403.42,403.42,403.42,0.0,0.0,0.0,0.0
AUL.SHF,20221115,403.42,403.42,403.42,403.42,403.42,0.0,0.0,0.0,0.0
AUL.SHF,20221116,405.66,407.36,404.4,406.74,403.42,1.62,0.40156660552278023,47235.0,1917441.52
AUL.SHF,20221117,408.44,408.56,406.52,407.28,406.74,1.36,0.3343659340118995,30071.0,1225148.52
AUL.SHF,20221118,407.62,407.9,406.4,406.82,407.28,-0.58,-0.14240817128265568,25532.0,1039143.29
AUL.SHF,20221121,405.56,406.46,403.62,404.74,406.82,-2.24,-0.5506120643036233,26726.0,1081792.34
AUL.SHF,20221122,403.98,405.06,403.44,404.16,404.74,-0.6,-0.1482433166971389,23690.0,957614.57
AUL.SHF,20221123,404.52,404.86,403.54,404.2,404.16,-0.02,-0.004948535233570863,17229.0,696355.35
AUL.SHF,20221124,404.32,406.72,402.5,405.82,404.2,1.66,0.4106877783275606,24436.0,990068.7
AUL.SHF,20221125,406.7,407.5,406.18,406.9,405.82,1.74,0.4287615198856636,10335.0,420474.04
AUL.SHF,20221128,406.9,409.04,406.1,407.46,406.9,0.62,0.1523715900712706,16988.0,692055.71
AUL.SHF,20221129,407.66,408.4,405.38,406.1,407.46,-1.26,-0.30923280812840526,15496.0,629966.63
AUL.SHF,20221130,406.38,406.86,404.58,406.08,406.1,-0.44,-0.10834769761142575,10716.0,434435.04
AUL.SHF,20221201,404.28,406.7,401.56,406.66,406.08,1.26,0.31028368794326244,9477.0,383351.33
AUL.SHF,20221202,407.08,409.76,407.08,409.44,406.66,4.94,1.2147740126887325,3219.0,131537.89
AUL.SHF,20221205,408.36,408.5,405.44,405.44,409.44,-3.18,-0.7766705744431419,4053.0,165413.69
AUL.SHF,20221206,404.02,404.14,401.14,401.32,405.44,-6.8,-1.6771902131018153,1242.0,49943.26
AUL.SHF,20221207,403.08,403.08,400.52,400.74,401.32,-1.36,-0.3388816904216087,1104.0,44311.9
AUL.SHF,20221208,400.94,402.28,400.74,401.64,400.74,0.28,0.06987073913260469,7656.0,306982.59
AUL.SHF,20221209,402.08,403.28,401.52,402.78,401.64,1.82,0.4531421173189921,348.0,14010.54
AUL.SHF,20221212,403.8,405.58,402.0,403.1,402.78,0.5,0.12413724613933165,657.0,26520.02
AUL.SHF,20221213,403.1,403.1,401.6,402.9,403.1,-0.74,-0.18357727611014635,501.0,20193.74
AUL.SHF,20221214,407.26,407.76,394.22,406.2,402.9,3.14,0.7793497145693721,153.0,6213.31
AUL.SHF,20221215,405.0,405.0,403.0,403.8,406.2,-2.28,-0.5612998522895125,36.0,1455.13
AUL.SHF,20221216,401.92,402.92,401.3,402.9,403.8,-1.82,-0.4507181773155027,64.0,2572.85
AUL.SHF,20221219,403.34,405.56,403.12,405.1,402.9,3.1,0.7694216927277241,84.0,3397.84
AUL.SHF,20221220,404.3,405.34,403.5,405.1,405.1,0.6,0.14811157738829916,95.0,3842.59
AUL.SHF,20221221,406.3,409.28,406.02,408.18,405.1,3.7,0.913354727227845,130.0,5302.87
AUL.SHF,20221222,409.36,409.78,407.48,408.56,408.18,0.66,0.16169337057180658,115.0,4702.34
AUL.SHF,20221223,409.72,410.44,405.32,406.24,408.56,-2.64,-0.6461719208928921,133.0,5423.66
AUL.SHF,20221226,407.04,407.2,406.0,406.68,406.24,-1.1,-0.27077589602205593,42.0,1708.41
AUL.SHF,20221227,406.72,408.96,406.34,408.96,406.68,2.2,0.5409658699714764,126.0,5134.58
AUL.SHF,20221228,408.64,411.44,408.22,408.22,408.96,0.72,0.17605633802816903,55.0,2253.76
AUL.SHF,20221229,408.22,411.04,407.2,409.64,408.22,-0.12,-0.029395913967958452,11.0,449.77
AUL.SHF,20221230,410.02,411.8,407.12,409.42,409.64,0.56,0.1367053998632946,14.0,572.68
AUL.SHF,20230103,413.0,413.0,413.0,413.0,409.42,3.96,0.967221923696937,3.0,123.9
AUL.SHF,20230104,403.88,411.74,403.88,411.4,413.0,-1.6,-0.387409200968523,54.0,2205.73
AUL.SHF,20230105,412.0,412.0,412.0,412.0,411.4,3.54,0.8604764219737483,3.0,123.6
AUL.SHF,20230106,409.0,409.0,409.0,409.0,412.0,-3.0,-0.7281553398058253,3.0,122.7
AUL.SHF,20230109,411.3,411.3,411.3,411.3,409.0,2.3,0.5623471882640586,0.0,0.0
AUL.SHF,20230110,411.3,411.3,411.3,411.3,411.3,0.0,0.0,0.0,0.0
AUL.SHF,20230111,424.18,424.18,414.1,414.1,411.3,2.8,0.6807682956479455,12.0,502.97
AUL.SHF,20230112,419.14,419.14,419.14,419.14,414.1,0.0,0.0,0.0,0.0
AUL.SHF,20230113,419.14,419.14,419.14,419.14,419.14,0.0,0.0,0.0,0.0
AUL.SHF,20230116,419.14,419.14,419.14,419.14,419.14,0.0,0.0,0.0,0.0
AUL.SHF,20230117,417.2,418.6,416.86,417.98,419.14,1.74,0.41513575416328674,6793.0,283928.73
AUL.SHF,20230118,418.26,419.86,416.16,417.14,417.98,-0.82,-0.19618163548495143,15443.0,645688.33
AUL.SHF,20230119,418.96,420.34,416.78,418.6,417.14,0.5,0.1198638346837992,13742.0,575364.96
AUL.SHF,20230120,418.9,423.16,418.88,422.48,418.6,3.8,0.9077878643096035,8331.0,351176.57
AUL.SHF,20230130,420.88,421.88,420.16,421.72,422.48,0.2,0.04733951903048665,6196.0,260757.84
AUL.SHF,20230131,420.9,421.52,417.4,418.34,421.72,-2.5,-0.5928103955230958,20031.0,842640.162
AUL.SHF,20230201,416.96,421.14,416.96,420.48,418.34,-0.18,-0.04302720275374098,1676.0,70240.59
AUL.SHF,20230202,420.48,424.5,419.7,423.8,420.48,4.72,1.1225266362252664,2409.0,101514.77
AUL.SHF,20230203,424.78,424.86,417.5,418.86,423.8,-2.52,-0.5946201038225578,945.0,39639.76
AUL.SHF,20230206,418.4,418.4,412.7,413.36,418.86,-6.1,-1.4563338585684953,1356.0,56206.18
AUL.SHF,20230207,412.56,412.94,411.48,411.8,413.36,-2.68,-0.6483452680472228,453.0,18669.25
AUL.SHF,20230208,411.08,412.86,410.98,411.1,411.8,-1.02,-0.2476930548810102,564.0,23212.51
AUL.SHF,20230209,411.56,412.48,410.68,412.36,411.1,0.8,0.19459985405010946,378.0,15567.5
AUL.SHF,20230210,412.36,413.78,408.98,410.3,412.36,-1.52,-0.36860995246871664,672.0,27659.05
AUL.SHF,20230213,411.96,426.9,411.96,415.0,410.3,3.42,0.8335364367535949,27.0,1126.78
AUL.SHF,20230214,412.0,412.0,412.0,412.0,415.0,-5.32,-1.2819277108433735,6.0,247.2
AUL.SHF,20230215,411.1,411.1,411.1,411.1,412.0,-0.9,-0.2184466019417476,3.0,123.33
AUL.SHF,20230216,410.56,412.12,410.36,412.12,411.1,-0.26,-0.06324495256628558,25.0,1027.75
AUL.SHF,20230217,411.94,413.0,411.1,411.5,412.12,0.42,0.10191206444724837,60.0,2468.39
AUL.SHF,20230220,412.54,413.96,412.54,413.96,411.5,2.58,0.6269744835965979,2.0,82.65
AUL.SHF,20230221,413.7,414.3,413.56,413.68,413.96,0.44,0.10629046284665186,9.0,372.45
AUL.SHF,20230222,414.06,414.06,413.5,413.78,413.68,-0.04,-0.009669309611293753,10.0,413.74
AUL.SHF,20230223,414.7,414.78,412.32,412.94,413.78,-0.8,-0.1933394557494321,16.0,661.01
AUL.SHF,20230224,412.84,413.4,410.42,413.4,412.94,0.28,0.06780646098706836,67.0,2761.5
AUL.SHF,20230227,412.22,412.8,412.18,412.42,413.4,0.26,0.0628930817610063,5.0,206.2
AUL.SHF,20230228,412.48,415.36,411.9,413.06,412.42,0.66,0.1600310363221958,21.0,866.92
AUL.SHF,20230301,413.78,413.78,413.78,413.78,413.06,0.96,0.2324117561613325,0.0,0.0
AUL.SHF,20230302,416.2,416.2,416.0,416.0,413.78,2.22,0.5365169897046741,6.0,249.66
AUL.SHF,20230303,416.1,416.1,416.1,416.1,416.0,0.0,0.0,0.0,0.0
AUL.SHF,20230306,427.4,427.4,416.02,416.02,416.1,-0.08,-0.019226147560682527,9.0,378.36
AUL.SHF,20230307,420.4,420.4,420.4,420.4,416.02,0.0,0.0,0.0,0.0
AUL.SHF,20230308,420.4,420.4,420.4,420.4,420.4,0.0,0.0,0.0,0.0
AUL.SHF,20230309,420.4,420.4,420.4,420.4,420.4,0.0,0.0,0.0,0.0
AUL.SHF,20230310,420.4,420.4,420.4,420.4,420.4,0.0,0.0,0.0,0.0
AUL.SHF,20230313,422.04,422.04,422.04,422.04,420.4,1.64,0.390104662226451,33.0,1392.73
AUL.SHF,20230314,422.04,422.04,422.04,422.04,422.04,0.0,0.0,0.0,0.0
AUL.SHF,20230315,422.04,422.04,422.04,422.04,422.04,0.0,0.0,0.0,0.0
AUL.SHF,20230316,431.54,434.44,427.7,429.78,422.04,4.7,1.1136385176760497,56750.0,2445577.55
AUL.SHF,20230317,431.76,432.8,428.62,431.64,429.78,0.72,0.16752757224626555,36198.0,1559312.92
AUL.SHF,20230320,434.58,445.26,434.16,444.3,431.64,13.54,3.136873320359559,60497.0,2655196.59
AUL.SHF,20230321,441.14,443.6,439.28,441.08,444.3,2.2,0.49516092730137296,41044.0,1812648.16
AUL.SHF,20230322,438.62,439.12,433.04,434.8,441.08,-6.82,-1.5462047701097308,41177.0,1794373.8
AUL.SHF,20230323,433.5,439.12,433.28,437.58,434.8,1.82,0.4185832566697332,30836.0,1345968.99
AUL.SHF,20230324,436.88,441.48,436.62,439.8,437.58,3.32,0.7587184057772294,28479.0,1250432.98
AUL.SHF,20230327,442.8,443.44,437.16,437.32,439.8,-1.74,-0.39563437926330147,22628.0,996025.06
AUL.SHF,20230328,433.6,436.4,433.08,435.36,437.32,-4.8,-1.097594438854843,10821.0,470938.31
AUL.SHF,20230329,436.98,439.18,435.54,436.94,435.36,1.74,0.39966923925027564,5225.0,228390.75
AUL.SHF,20230330,437.28,438.82,436.32,437.84,436.94,0.74,0.16935963747883004,3738.0,163500.85
AUL.SHF,20230331,437.86,440.66,436.96,440.32,437.84,2.92,0.6669102868627809,5183.0,227589.86
AUL.SHF,20230403,439.8,440.42,434.08,435.02,440.32,-4.08,-0.9265988372093024,977.0,42616.12
AUL.SHF,20230404,439.46,440.78,438.2,439.98,435.02,3.8,0.8735230564111995,234.0,10283.01
AUL.SHF,20230406,445.3,447.3,445.3,446.4,439.98,6.96,1.5818900859129958,906.0,40441.96
AUL.SHF,20230407,446.2,446.56,443.82,446.3,446.4,-0.06,-0.013440860215053764,126.0,5613.68
AUL.SHF,20230410,446.3,446.3,441.0,442.0,446.3,-3.52,-0.7887071476585257,1284.0,57168.31
AUL.SHF,20230411,441.98,444.36,441.0,443.7,442.0,-1.52,-0.3438914027149321,459.0,20307.62
AUL.SHF,20230412,443.56,449.58,443.56,447.98,443.7,5.56,1.2530989407257154,753.0,33663.18
AUL.SHF,20230413,447.0,447.5,446.9,447.0,447.98,-0.04,-0.008928970043305505,123.0,5501.22
AUL.SHF,20230414,451.2,451.2,451.0,451.0,447.0,3.76,0.8411633109619686,12.0,541.38
AUL.SHF,20230417,450.0,450.0,450.0,450.0,451.0,-1.14,-0.25277161862527714,6.0,270.0
AUL.SHF,20230418,443.66,444.1,440.28,443.38,450.0,-1.36,-0.3022222222222223,92.0,4071.46
AUL.SHF,20230419,443.22,445.96,442.38,443.12,443.38,0.58,0.13081329784834678,84.0,3729.85
AUL.SHF,20230420,440.86,443.3,440.34,443.02,443.12,-1.0,-0.22567250406210507,22.0,972.98
AUL.SHF,20230421,444.42,445.64,440.98,441.64,443.02,-0.62,-0.1399485350548508,52.0,2307.18
AUL.SHF,20230424,442.48,443.54,439.24,440.66,441.64,-3.02,-0.6838148718413187,66.0,2912.15
AUL.SHF,20230425,440.9,444.12,439.0,444.0,440.66,2.78,0.630871874007171,44.0,1944.7
AUL.SHF,20230426,444.04,446.38,443.1,445.14,444.0,3.18,0.7162162162162162,48.0,2134.51
AUL.SHF,20230427,446.14,447.66,444.0,446.5,445.14,1.82,0.40886013389046144,69.0,3079.02
AUL.SHF,20230428,443.46,450.7,442.52,450.7,446.5,4.48,1.0033594624860023,150.0,6672.61
AUL.SHF,20230504,457.04,457.04,457.04,457.04,450.7,12.2,2.706900377191036,13.0,594.15
AUL.SHF,20230505,458.94,458.94,458.94,458.94,457.04,1.9,0.41571853667075087,3.0,137.68
AUL.SHF,20230508,458.84,458.84,452.48,452.48,458.94,-6.46,-1.4075914062840458,6.0,273.4
AUL.SHF,20230509,447.34,450.1,447.34,450.1,452.48,-5.56,-1.2287835926449786,6.0,269.23
AUL.SHF,20230510,454.34,465.26,444.34,456.5,450.1,7.78,1.728504776716285,21.0,955.54
AUL.SHF,20230511,455.0,455.0,455.0,455.0,456.5,0.0,0.0,0.0,0.0
AUL.SHF,20230512,453.5,453.5,453.5,453.5,455.0,-1.5,-0.32967032967032966,3.0,136.05
AUL.SHF,20230515,453.5,453.5,453.5,453.5,453.5,0.0,0.0,0.0,0.0
AUL.SHF,20230516,452.06,453.32,450.0,450.96,453.5,-1.16,-0.25578831312017636,26688.0,1206132.71
AUL.SHF,20230517,452.4,453.36,447.56,449.06,450.96,-2.86,-0.6342025900301579,39335.0,1771230.89
AUL.SHF,20230518,448.58,449.0,446.18,448.2,449.06,-2.08,-0.4631897741949851,30647.0,1372567.45
AUL.SHF,20230519,447.68,447.68,445.02,446.48,448.2,-1.38,-0.3078982597054886,25125.0,1120955.66
AUL.SHF,20230522,444.8,449.7,444.18,448.44,446.48,2.3,0.5151406557964522,23615.0,1056227.85
AUL.SHF,20230523,448.12,449.32,446.2,446.52,448.44,-0.74,-0.16501650165016502,18178.0,813441.17
AUL.SHF,20230524,446.34,450.18,446.14,448.78,446.52,1.3,0.29114037445131236,16083.0,721520.03
AUL.SHF,20230525,450.0,450.0,446.06,446.8,448.78,-1.82,-0.40554391906947723,18372.0,821609.14
AUL.SHF,20230526,444.52,446.18,443.66,444.46,446.8,-2.74,-0.6132497761862131,17809.0,791888.19
AUL.SHF,20230529,444.38,445.2,442.68,444.5,444.46,-0.14,-0.03149889753858615,10303.0,457530.17
AUL.SHF,20230530,445.3,445.3,442.88,443.68,444.5,-0.38,-0.08548931383577053,13824.0,614062.69
AUL.SHF,20230531,447.16,450.68,446.16,449.98,443.68,5.78,1.3027407140281284,11626.0,521282.51
AUL.SHF,20230601,450.78,452.6,449.44,449.94,449.98,1.58,0.35112671674296636,3143.0,141662.53
AUL.SHF,20230602,450.66,453.02,450.66,451.2,449.94,0.48,0.10668089078543805,873.0,39448.22
AUL.SHF,20230605,450.12,451.24,445.58,446.08,451.2,-5.78,-1.2810283687943262,2250.0,100531.76
AUL.SHF,20230606,446.08,449.6,446.08,448.96,446.08,2.16,0.4842180774748924,11481.0,512473.01
AUL.SHF,20230607,449.96,451.06,449.02,449.52,448.96,3.16,0.703848895224519,1374.0,61864.36
AUL.SHF,20230608,449.3,450.48,447.0,447.4,449.52,-2.84,-0.6317850151272468,1179.0,52913.01
AUL.SHF,20230609,449.58,451.04,449.1,450.98,447.4,2.2,0.49172999552972735,624.0,28093.99
AUL.SHF,20230612,450.98,451.48,449.98,451.22,450.98,1.0,0.22173932325158544,1251.0,56380.19
AUL.SHF,20230613,455.26,455.26,451.5,452.44,451.22,1.76,0.39005363237445145,456.0,20658.85
AUL.SHF,20230614,451.54,452.18,449.78,451.0,452.44,-2.04,-0.45088851560427906,18.0,811.3
AUL.SHF,20230615,449.76,449.76,449.76,449.76,451.0,-0.96,-0.21286031042128603,3.0,134.93
AUL.SHF,20230616,446.04,450.24,446.04,449.36,449.76,1.28,0.28459622909996446,31.0,1390.03
AUL.SHF,20230619,449.66,450.2,448.98,450.2,449.36,1.82,0.40502047356239984,27.0,1214.19
AUL.SHF,20230620,449.52,450.92,449.18,450.3,450.2,0.6,0.1332741003998223,283.0,12737.54
AUL.SHF,20230621,449.6,449.6,446.88,448.74,450.3,-1.34,-0.2975793915167666,49.0,2197.18
AUL.SHF,20230626,447.76,448.9,447.64,448.9,448.74,0.5,0.11142309577929313,73.0,3271.03
AUL.SHF,20230627,450.08,450.58,447.9,448.68,448.9,0.6,0.13366005791935845,41.0,1841.96
AUL.SHF,20230628,448.68,448.68,446.84,447.2,448.68,-2.04,-0.4546670232682536,17.0,760.39
AUL.SHF,20230629,448.96,450.28,448.64,450.28,447.2,3.0,0.670840787119857,15.0,674.0
AUL.SHF,20230630,447.92,452.1,446.4,447.28,450.28,-2.04,-0.4530514346628765,37.0,1663.59
AUL.SHF,20230703,449.6,450.9,449.42,450.9,447.28,1.3,0.29064568055803974,15.0,675.52
AUL.SHF,20230704,448.9,448.9,448.9,448.9,450.9,-1.44,-0.3193612774451098,3.0,134.67
AUL.SHF,20230705,449.1,449.1,449.1,449.1,448.9,0.2,0.044553352639786145,3.0,134.73
AUL.SHF,20230706,449.1,449.1,449.1,449.1,449.1,0.0,0.0,0.0,0.0
AUL.SHF,20230707,449.1,449.1,449.1,449.1,449.1,0.0,0.0,0.0,0.0
AUL.SHF,20230710,450.2,450.2,450.2,450.2,449.1,1.1,0.24493431307058564,0.0,0.0
AUL.SHF,20230711,450.2,450.2,450.2,450.2,450.2,0.0,0.0,0.0,0.0
AUL.SHF,20230712,450.2,450.2,450.2,450.2,450.2,0.0,0.0,0.0,0.0
AUL.SHF,20230713,451.0,451.0,451.0,451.0,450.2,0.8,0.17769880053309642,0.0,0.0
AUL.SHF,20230714,451.0,451.0,451.0,451.0,451.0,0.0,0.0,0.0,0.0
AUL.SHF,20230717,451.0,451.0,451.0,451.0,451.0,0.0,0.0,0.0,0.0
AUL.SHF,20230718,453.66,456.1,453.34,456.1,451.0,2.34,0.5188470066518847,22146.0,1006763.33
AUL.SHF,20230719,457.48,462.22,456.88,461.48,456.1,6.88,1.5084411313308483,36285.0,1667199.86
AUL.SHF,20230720,461.98,462.72,460.22,461.04,461.48,1.58,0.3423767010487995,24406.0,1126519.78
AUL.SHF,20230721,459.28,460.06,458.02,458.26,461.04,-3.3,-0.7157730348776677,31110.0,1427287.69
AUL.SHF,20230724,457.82,458.3,456.68,458.06,458.26,-0.72,-0.15711604765853446,23351.0,1068437.88
AUL.SHF,20230725,458.5,458.82,455.64,455.84,458.06,-1.7,-0.37113041959568616,29253.0,1337134.61
AUL.SHF,20230726,454.88,457.7,454.4,457.6,455.84,0.52,0.1140751140751141,13897.0,633814.52
AUL.SHF,20230727,457.94,459.22,456.52,458.7,457.6,2.62,0.5725524475524476,10448.0,478363.24
AUL.SHF,20230728,457.22,457.22,454.22,455.26,458.7,-2.58,-0.5624591236102028,14245.0,648551.11
AUL.SHF,20230731,456.28,456.48,454.68,455.0,455.26,-0.28,-0.061503316786012396,9930.0,452155.01
AUL.SHF,20230801,456.96,457.8,456.42,456.62,455.0,1.28,0.2813186813186813,4736.0,216411.15
AUL.SHF,20230802,454.86,456.46,454.46,456.2,456.62,-0.74,-0.1620603565327844,1170.0,53279.29
AUL.SHF,20230803,455.5,455.92,454.0,454.22,456.2,-1.14,-0.2498903989478299,732.0,33285.14
AUL.SHF,20230804,453.58,454.14,452.74,453.56,454.22,-1.14,-0.2509797014662498,552.0,25035.29
AUL.SHF,20230807,454.66,455.5,454.06,454.44,453.56,0.92,0.2028397565922921,738.0,33554.63
AUL.SHF,20230808,454.74,454.94,453.5,454.56,454.44,-0.1,-0.022005105184402782,249.0,11311.09
AUL.SHF,20230809,453.8,455.0,453.66,454.26,454.56,0.0,0.0,225.0,10224.82
AUL.SHF,20230810,453.7,454.42,452.38,453.32,454.26,-1.1,-0.2421520715009026,774.0,35069.6
AUL.SHF,20230811,459.1,459.1,453.72,456.0,453.32,2.92,0.6441365922527132,27.0,1228.32
AUL.SHF,20230814,455.14,455.14,455.14,455.14,456.0,0.22,0.048245614035087724,0.0,0.0
AUL.SHF,20230815,456.0,460.34,455.5,455.5,455.14,0.36,0.07909654172342576,9.0,411.55
AUL.SHF,20230816,456.24,457.24,456.02,457.14,455.5,1.58,0.34687156970362243,58.0,2649.0
AUL.SHF,20230817,457.38,457.38,455.7,457.0,457.14,0.28,0.0612503828148926,84.0,3834.89
AUL.SHF,20230818,456.7,456.7,455.54,455.94,457.0,-0.58,-0.12691466083150985,102.0,4651.22
AUL.SHF,20230821,456.78,458.18,455.02,458.1,455.94,2.1,0.46058691933149104,233.0,10643.19
AUL.SHF,20230822,457.76,457.76,456.5,457.24,458.1,0.46,0.1004147566033617,67.0,3061.72
AUL.SHF,20230823,457.38,458.2,456.92,458.2,457.24,1.24,0.27119237162103055,33.0,1509.71
AUL.SHF,20230824,458.9,460.78,458.26,460.3,458.2,2.82,0.6154517677869926,30.0,1379.11
AUL.SHF,20230825,459.8,460.14,457.88,457.88,460.3,-1.82,-0.3953943080599609,37.0,1698.72
AUL.SHF,20230828,459.0,459.52,457.6,459.16,457.88,0.06,0.013103870009609504,58.0,2659.69
AUL.SHF,20230829,458.72,460.22,458.72,460.18,459.16,1.62,0.35281818973778206,7.0,321.67
AUL.SHF,20230830,459.0,463.46,459.0,462.4,460.18,2.88,0.6258420618019036,177.0,8163.35
AUL.SHF,20230831,464.1,467.5,462.5,467.14,462.4,5.94,1.2846020761245676,90.0,4180.47
AUL.SHF,20230901,460.18,464.88,457.36,464.88,467.14,0.4,0.08562743503018368,35.0,1608.69
AUL.SHF,20230904,462.1,462.1,462.1,462.1,464.88,2.48,0.533471003269661,3.0,138.63
AUL.SHF,20230905,463.26,463.26,463.26,463.26,462.1,1.16,0.25102791603549013,3.0,138.98
AUL.SHF,20230906,464.76,466.82,464.76,466.8,463.26,3.54,0.7641497215386608,33.0,1535.55
AUL.SHF,20230907,465.2,466.0,465.2,465.2,466.8,-0.1,-0.021422450728363327,15.0,698.04
AUL.SHF,20230908,465.36,465.36,465.36,465.36,465.2,0.0,0.0,0.0,0.0
AUL.SHF,20230911,473.8,474.3,473.8,474.3,465.36,8.94,1.9210933470861267,12.0,568.91
AUL.SHF,20230912,472.6,484.38,470.04,470.04,474.3,-4.04,-0.8517815728441914,21.0,996.23
AUL.SHF,20230913,470.04,470.04,470.04,470.04,470.04,-4.34,-0.9233256744106885,6.0,282.02
AUL.SHF,20230914,470.04,470.04,470.04,470.04,470.04,0.0,0.0,0.0,0.0
AUL.SHF,20230915,470.04,470.04,470.04,470.04,470.04,0.0,0.0,0.0,0.0
AUL.SHF,20230918,470.3,472.84,465.74,467.14,470.04,-6.84,-1.4551953025274444,28232.0,1325563.82
AUL.SHF,20230919,467.04,470.04,466.28,469.7,467.14,0.18,0.03853234576358265,14119.0,660909.5
AUL.SHF,20230920,470.02,472.56,469.24,470.82,469.7,2.74,0.5833510751543539,28959.0,1364065.48
AUL.SHF,20230921,470.68,472.5,469.48,470.68,470.82,-0.34,-0.07221443439106241,13652.0,643441.43
AUL.SHF,20230922,468.68,471.74,468.04,470.1,470.68,-1.2,-0.25495028469448455,18862.0,886410.08
AUL.SHF,20230925,470.12,471.5,469.44,471.2,470.1,1.26,0.26802807913209953,14321.0,673971.71
AUL.SHF,20230926,471.5,472.06,470.14,470.68,471.2,0.08,0.01697792869269949,11927.0,561735.62
AUL.SHF,20230927,449.2,470.74,449.2,467.32,470.68,-3.64,-0.7733491969066033,14365.0,663454.86
AUL.SHF,20230928,465.92,466.1,457.0,459.3,467.32,-2.54,-0.5435247795942822,13084.0,606986.68
AUL.SHF,20231009,455.06,456.54,454.0,455.08,459.3,-8.82,-1.9203135205747877,1563.0,71102.65
AUL.SHF,20231010,453.0,454.78,450.02,450.88,455.08,-4.02,-0.8833611672672936,687.0,31051.67
AUL.SHF,20231011,450.88,451.36,449.2,450.68,450.88,-1.3,-0.2883250532292406,690.0,31074.57
AUL.SHF,20231012,450.68,453.7,450.68,453.7,450.68,3.36,0.7455400727789118,156.0,7059.53
AUL.SHF,20231013,453.32,453.56,453.26,453.52,453.7,1.0,0.22040996253030637,69.0,3128.51
AUL.SHF,20231016,455.8,458.0,455.8,458.0,453.52,4.6,1.0142882342564825,6.0,274.14
AUL.SHF,20231017,462.3,463.5,462.2,463.5,458.0,1.84,0.4017467248908297,27.0,1249.8
AUL.SHF,20231018,464.02,467.8,464.02,467.46,463.5,4.58,0.988133764832794,83.0,3874.53
AUL.SHF,20231019,469.24,472.0,468.46,470.48,467.46,3.68,0.7872331322466094,120.0,5638.13
AUL.SHF,20231020,471.22,476.42,471.2,475.46,470.48,5.62,1.1945247406903587,73.0,3467.27
AUL.SHF,20231023,475.3,478.24,473.38,475.36,475.46,0.4,0.08412905396878813,48.0,2279.27
AUL.SHF,20231024,474.32,474.64,472.2,472.44,475.36,-2.4,-0.5048805116122517,29.0,1373.36
AUL.SHF,20231025,471.84,473.0,470.02,472.44,472.44,-1.12,-0.2370671408009483,79.0,3727.86
AUL.SHF,20231026,472.74,475.84,472.4,475.76,472.44,3.88,0.821268309203285,29.0,1375.47
AUL.SHF,20231027,473.5,475.8,473.26,475.8,475.76,1.52,0.31948881789137384,26.0,1232.83
AUL.SHF,20231030,476.0,479.62,476.0,476.0,475.8,1.84,0.38671710802858345,27.0,1291.39
AUL.SHF,20231031,476.4,478.42,474.88,476.28,476.0,-2.0,-0.42016806722689076,33.0,1574.39
AUL.SHF,20231101,476.0,476.0,473.3,473.3,476.28,-3.78,-0.7936507936507936,6.0,284.79
AUL.SHF,20231102,474.64,474.64,474.64,474.64,473.3,0.0,0.0,0.0,0.0
AUL.SHF,20231103,474.64,474.64,474.64,474.64,474.64,0.0,0.0,0.0,0.0
AUL.SHF,20231106,474.64,474.64,474.64,474.64,474.64,0.0,0.0,0.0,0.0
AUL.SHF,20231107,474.0,474.0,474.0,474.0,474.64,-0.64,-0.1348390359008933,3.0,142.2
AUL.SHF,20231108,479.14,479.14,471.28,471.28,474.0,-2.72,-0.5738396624472574,18.0,853.39
AUL.SHF,20231109,474.1,474.1,474.1,474.1,471.28,0.0,0.0,0.0,0.0
AUL.SHF,20231110,474.1,474.1,474.1,474.1,474.1,0.0,0.0,0.0,0.0
AUL.SHF,20231113,474.1,474.1,474.1,474.1,474.1,0.0,0.0,0.0,0.0
AUL.SHF,20231114,474.1,474.1,474.1,474.1,474.1,0.0,0.0,0.0,0.0
AUL.SHF,20231115,474.1,474.1,474.1,474.1,474.1,0.0,0.0,0.0,0.0
AUL.SHF,20231116,472.5,472.64,470.26,471.32,474.1,-0.9,-0.18983336848766083,20432.0,962964.8
AUL.SHF,20231117,470.98,473.7,470.5,472.76,471.32,1.46,0.30976831027751844,29080.0,1372749.42
AUL.SHF,20231120,471.28,472.26,467.3,467.36,472.76,-4.68,-0.9899314662831035,29685.0,1394873.63
AUL.SHF,20231121,465.84,466.78,463.3,466.48,467.36,-3.4,-0.7274905854159534,24451.0,1137718.47
AUL.SHF,20231122,466.36,469.08,464.86,465.52,466.48,0.22,0.04716172183158978,28952.0,1351921.09
AUL.SHF,20231123,466.1,467.44,463.92,464.8,465.52,-2.14,-0.4597009795497509,15286.0,711457.28
AUL.SHF,20231124,464.44,465.28,464.1,465.1,464.8,-0.32,-0.06884681583476765,11381.0,528934.46
AUL.SHF,20231127,465.52,470.4,465.44,469.28,465.1,4.54,0.9761341646957643,14698.0,688274.37
AUL.SHF,20231128,470.72,471.3,469.08,470.88,469.28,2.62,0.5583020797817935,13268.0,624310.5
AUL.SHF,20231129,470.88,475.92,470.44,474.54,470.88,4.02,0.8537206931702344,10952.0,519175.15
AUL.SHF,20231130,474.54,475.58,473.82,475.48,474.54,1.44,0.30345176381337713,11687.0,554804.66
AUL.SHF,20231201,474.3,477.0,473.58,474.84,475.48,0.14,0.02944393034407336,2279.0,108182.93
AUL.SHF,20231204,474.46,484.98,473.46,480.36,474.84,5.68,1.1961924016510825,2082.0,99746.67
AUL.SHF,20231205,479.54,480.04,471.6,473.82,480.36,-5.26,-1.095012074277625,897.0,42550.2
AUL.SHF,20231206,473.82,473.82,470.6,472.74,473.82,-1.62,-0.3419019880967456,897.0,42383.8
AUL.SHF,20231207,472.96,474.6,472.96,473.6,472.74,1.1,0.23268604306807125,330.0,15630.71
AUL.SHF,20231208,474.36,475.72,472.8,474.26,473.6,0.62,0.13091216216216214,894.0,42386.34
AUL.SHF,20231211,474.14,474.14,464.52,470.76,474.26,-3.36,-0.7084721460802091,3906.0,184871.27
AUL.SHF,20231212,467.44,469.02,464.2,468.4,470.76,-4.9,-1.0408700824199169,48.0,2239.91
AUL.SHF,20231213,468.4,469.0,468.0,468.2,468.4,1.56,0.3330486763450043,33.0,1546.22
AUL.SHF,20231214,474.8,475.2,474.7,475.2,468.2,6.66,1.4224690303289194,33.0,1567.77
AUL.SHF,20231215,474.4,474.5,473.0,474.4,475.2,-0.68,-0.1430976430976431,33.0,1564.65
AUL.SHF,20231218,475.08,475.98,473.36,474.28,474.4,-0.92,-0.19392917369308602,214.0,10157.49
AUL.SHF,20231219,474.34,475.58,474.06,475.16,474.28,0.52,0.10963987517921903,45.0,2135.95
AUL.SHF,20231220,475.54,477.02,475.14,475.74,475.16,1.1,0.2315009680949575,103.0,4902.02
AUL.SHF,20231221,474.8,476.54,474.8,475.3,475.74,-0.62,-0.13032328582839367,37.0,1759.61
AUL.SHF,20231222,475.56,479.1,475.56,478.02,475.3,2.46,0.5175678518830212,67.0,3200.43
AUL.SHF,20231225,480.3,480.94,477.02,479.0,478.02,1.34,0.2803229990376972,36.0,1725.49
AUL.SHF,20231226,479.22,480.0,478.5,479.42,479.0,0.12,0.025052192066805846,34.0,1628.84
AUL.SHF,20231227,477.88,481.72,477.68,481.72,479.42,2.66,0.554837094822911,45.0,2159.2
AUL.SHF,20231228,481.6,484.06,481.36,481.68,481.72,1.86,0.38611641617537157,19.0,917.47
AUL.SHF,20231229,479.18,484.14,477.64,482.32,481.68,-0.54,-0.11210762331838565,60.0,2886.63
AUL.SHF,20240102,483.0,483.0,480.0,481.0,482.32,-0.1,-0.020733123237684527,27.0,1297.45
AUL.SHF,20240103,482.5,482.64,480.1,480.1,481.0,-0.42,-0.08731808731808732,12.0,578.19
AUL.SHF,20240104,481.82,481.82,481.82,481.82,480.1,0.0,0.0,0.0,0.0
AUL.SHF,20240105,481.82,481.82,481.82,481.82,481.82,0.0,0.0,0.0,0.0
AUL.SHF,20240108,488.76,488.76,484.0,484.0,481.82,2.18,0.4524511228259516,6.0,291.83
AUL.SHF,20240109,486.38,486.38,486.38,486.38,484.0,0.0,0.0,0.0,0.0
AUL.SHF,20240110,515.18,515.18,482.5,482.5,486.38,-3.88,-0.7977301698260618,75.0,3737.27
AUL.SHF,20240111,498.3,498.3,498.3,498.3,482.5,0.0,0.0,0.0,0.0
AUL.SHF,20240112,498.3,498.3,498.3,498.3,498.3,0.0,0.0,0.0,0.0
AUL.SHF,20240115,470.0,470.0,470.0,470.0,498.3,-28.3,-5.679309652819587,3.0,141.0
AUL.SHF,20240116,482.98,483.26,482.14,482.66,470.0,0.08,0.01702127659574468,10546.0,508927.09
AUL.SHF,20240117,481.6,482.42,478.72,478.72,482.66,-3.84,-0.7955910993245762,16802.0,807554.19
AUL.SHF,20240118,480.14,480.26,477.36,477.94,478.72,-2.68,-0.5598262032085561,11975.0,573050.98
AUL.SHF,20240119,478.72,479.96,477.7,479.66,477.94,1.14,0.23852366405824996,15772.0,755466.07
AUL.SHF,20240122,481.4,481.44,477.92,478.22,479.66,-0.76,-0.15844556560897302,13364.0,641509.79
AUL.SHF,20240123,479.18,479.5,476.58,478.5,478.22,-1.52,-0.3178453431475053,11010.0,526273.45
AUL.SHF,20240124,477.84,478.18,477.1,477.94,478.5,-0.04,-0.008359456635318705,7508.0,358696.55
AUL.SHF,20240125,478.5,478.5,475.68,476.1,477.94,-1.64,-0.34313930618906135,14212.0,677462.49
AUL.SHF,20240126,476.12,478.26,475.78,478.02,476.1,1.34,0.2814534761604705,10058.0,479775.48
AUL.SHF,20240129,478.02,479.5,477.18,479.04,478.02,2.04,0.4267603865947032,10685.0,511385.19
AUL.SHF,20240130,479.04,480.12,478.0,479.9,479.04,1.3,0.271376085504342,2963.0,142049.23
AUL.SHF,20240131,480.28,481.36,479.46,480.56,479.9,1.16,0.2417170243800792,4327.0,207903.11
AUL.SHF,20240201,480.46,482.48,480.46,481.6,480.56,1.14,0.23722323955385383,821.0,39532.16
AUL.SHF,20240202,480.42,483.68,479.88,483.54,481.6,2.04,0.42358803986710963,1056.0,50962.48
AUL.SHF,20240205,481.0,481.68,479.6,479.6,483.54,-2.98,-0.6162882078008024,309.0,14866.88
AUL.SHF,20240206,479.68,479.7,472.48,478.64,479.6,-2.48,-0.5170975813177648,114.0,5456.78
AUL.SHF,20240207,480.5,480.58,479.98,480.38,478.64,1.72,0.3593514959050643,12.0,576.43
AUL.SHF,20240208,481.0,481.0,481.0,481.0,480.38,0.64,0.13322786127648945,0.0,0.0
AUL.SHF,20240219,478.9,479.2,478.9,479.2,481.0,-1.8,-0.37422037422037424,12.0,574.95
AUL.SHF,20240220,479.64,481.16,479.22,479.22,479.2,-0.2,-0.041736227045075125,38.0,1822.64
AUL.SHF,20240221,480.74,480.78,479.06,479.34,479.22,-0.3,-0.06260172780768748,28.0,1344.45
AUL.SHF,20240222,479.7,479.84,478.34,479.12,479.34,-1.04,-0.21696499353277424,21.0,1006.16
AUL.SHF,20240223,479.36,479.4,478.74,478.74,479.12,-0.38,-0.07931207213224245,12.0,574.9
AUL.SHF,20240226,479.0,479.88,478.78,479.64,478.74,0.56,0.1169737226887246,11.0,527.24
AUL.SHF,20240227,478.74,480.84,478.42,480.5,479.64,1.2,0.2501876407305479,26.0,1247.79
AUL.SHF,20240228,480.76,480.76,479.6,479.6,480.5,-0.3,-0.062434963579604576,2.0,96.04
AUL.SHF,20240229,479.78,489.28,475.5,481.7,479.6,1.52,0.31693077564637195,24.0,1152.324
AUL.SHF,20240301,483.94,483.94,483.94,483.94,481.7,3.82,0.7930247041727216,3.0,145.18
AUL.SHF,20240304,480.42,487.9,480.42,485.56,483.94,1.62,0.33475224201347276,27.0,1313.31
AUL.SHF,20240305,493.2,493.2,493.2,493.2,485.56,6.8,1.4004448471867534,0.0,0.0
AUL.SHF,20240306,495.06,495.06,495.06,495.06,493.2,1.86,0.3771289537712896,0.0,0.0
AUL.SHF,20240307,499.98,499.98,499.0,499.0,495.06,3.94,0.7958631277016928,12.0,599.09
AUL.SHF,20240308,503.0,505.16,503.0,505.16,499.0,5.92,1.1863727454909818,12.0,604.54
AUL.SHF,20240311,503.78,503.78,503.78,503.78,505.16,0.0,0.0,0.0,0.0
AUL.SHF,20240312,503.78,503.78,503.78,503.78,503.78,0.0,0.0,0.0,0.0
AUL.SHF,20240313,503.78,503.78,503.78,503.78,503.78,0.0,0.0,0.0,0.0
AUL.SHF,20240314,503.78,503.78,503.78,503.78,503.78,0.0,0.0,0.0,0.0
AUL.SHF,20240315,506.5,506.5,506.5,506.5,503.78,2.72,0.5399182182698797,3.0,151.95
AUL.SHF,20240318,506.2,507.22,502.6,503.04,506.5,-2.78,-0.5488647581441264,30559.0,1542304.19
AUL.SHF,20240319,504.8,505.8,503.32,504.36,503.04,-0.32,-0.06361323155216285,19032.0,960453.95
AUL.SHF,20240320,504.48,505.42,503.48,504.84,504.36,0.2,0.03965421524308034,10588.0,534423.72
AUL.SHF,20240321,504.66,515.12,504.06,514.74,504.84,10.0,1.9808256081134616,23285.0,1186893.33
AUL.SHF,20240322,514.76,515.0,507.84,511.42,514.74,1.7,0.3302638225123363,20070.0,1025291.89
AUL.SHF,20240325,512.74,515.58,510.66,512.3,511.42,1.46,0.2854796449102499,22737.0,1166350.55
AUL.SHF,20240326,513.6,514.48,512.52,513.26,512.3,0.3,0.05855943782939685,9475.0,486425.48
AUL.SHF,20240327,516.0,518.2,513.5,515.42,513.26,2.06,0.40135603787554064,6912.0,356298.24
AUL.SHF,20240328,517.02,518.98,515.6,518.98,515.42,3.52,0.6829381863334757,6321.0,326995.36
AUL.SHF,20240329,521.98,531.24,518.66,528.64,518.98,11.34,2.1850553007823037,7363.0,386481.29
AUL.SHF,20240401,529.42,541.46,527.66,533.0,528.64,8.12,1.5360169491525422,1845.0,98273.5
AUL.SHF,20240402,532.48,533.86,527.5,533.46,533.0,0.82,0.15384615384615385,738.0,39233.32
AUL.SHF,20240403,533.42,541.06,533.02,541.06,533.46,9.46,1.7733288344018296,672.0,36227.97
AUL.SHF,20240408,543.04,560.0,543.04,553.52,541.06,14.42,2.6651388016116515,1248.0,68967.51
AUL.SHF,20240409,553.42,577.0,552.34,556.2,553.52,3.58,0.6467697644168232,330.0,18371.16
AUL.SHF,20240410,557.46,559.24,555.8,557.7,556.2,1.0,0.17979144192736424,558.0,31142.16
AUL.SHF,20240411,557.7,558.0,552.0,555.5,557.7,-2.6,-0.4662004662004662,723.0,40312.69
AUL.SHF,20240412,557.98,565.46,557.98,565.46,555.5,7.9,1.4221422142214222,9.0,504.43
AUL.SHF,20240415,572.26,572.26,563.54,563.56,565.46,3.1,0.5482262228981714,39.0,2217.59
AUL.SHF,20240416,563.58,570.46,555.14,566.08,563.56,-3.42,-0.6068564128043155,417.0,23460.3
AUL.SHF,20240417,566.1,570.88,563.54,565.02,566.08,2.44,0.43103448275862066,153.0,8665.06
AUL.SHF,20240418,566.32,568.38,557.34,563.22,565.02,-3.12,-0.5521928427312308,176.0,9891.25
AUL.SHF,20240419,565.1,572.16,560.0,563.68,563.22,1.68,0.2982848620432513,220.0,12430.92
AUL.SHF,20240422,562.08,565.4,554.78,556.16,563.68,-8.88,-1.5753619074652288,159.0,8913.51
AUL.SHF,20240423,550.86,554.68,544.14,545.7,556.16,-14.88,-2.6754890678941314,247.0,13604.15
AUL.SHF,20240424,547.0,550.0,546.6,547.64,545.7,-3.12,-0.5717427157778999,263.0,14409.52
AUL.SHF,20240425,547.64,550.68,543.88,546.62,547.64,-1.26,-0.23007815353151706,110.0,6019.26
AUL.SHF,20240426,546.62,550.46,546.56,550.46,546.62,3.26,0.5963923749588379,46.0,2522.26
AUL.SHF,20240429,552.4,554.76,547.48,550.28,550.46,1.98,0.35969916070195834,99.0,5469.0
AUL.SHF,20240430,550.0,551.5,547.02,549.28,550.28,-3.14,-0.5706185941702407,41.0,2253.16
AUL.SHF,20240506,543.06,543.1,543.06,543.1,549.28,-6.44,-1.1724439265948152,9.0,488.78
AUL.SHF,20240507,550.0,550.0,549.0,549.0,543.1,5.92,1.0900386669121707,21.0,1154.7
AUL.SHF,20240508,552.82,559.0,546.02,546.02,549.0,-3.82,-0.6958105646630236,120.0,6631.02
AUL.SHF,20240509,543.6,543.6,543.6,543.6,546.02,-8.98,-1.6446284018900408,3.0,163.08
AUL.SHF,20240510,551.0,551.0,551.0,551.0,543.6,7.4,1.3612950699043413,0.0,0.0
AUL.SHF,20240513,551.0,551.0,551.0,551.0,551.0,0.0,0.0,0.0,0.0
AUL.SHF,20240514,551.0,551.0,551.0,551.0,551.0,0.0,0.0,0.0,0.0
AUL.SHF,20240515,551.0,551.0,551.0,551.0,551.0,0.0,0.0,0.0,0.0
AUL.SHF,20240516,559.06,564.18,554.92,561.5,551.0,5.74,1.0417422867513613,27691.0,1552097.56
AUL.SHF,20240517,559.7,562.2,558.52,562.18,561.5,1.68,0.29919857524487975,14141.0,792294.63
AUL.SHF,20240520,563.88,579.72,563.72,576.12,562.18,15.84,2.8176029029848095,37265.0,2133550.75
AUL.SHF,20240521,571.12,578.36,568.4,569.3,576.12,-3.22,-0.558911337915712,23801.0,1362752.72
AUL.SHF,20240522,572.58,574.86,568.82,570.16,569.3,-2.4,-0.4215703495520815,14922.0,852890.61
AUL.SHF,20240523,569.98,569.98,554.24,556.78,570.16,-14.78,-2.5922548056685843,24710.0,1383471.15
AUL.SHF,20240524,556.68,558.0,547.74,551.58,556.78,-8.3,-1.4907144653184383,15568.0,859256.03
AUL.SHF,20240527,552.02,554.58,550.74,552.9,551.58,0.98,0.17767141665760178,17609.0,973657.2
AUL.SHF,20240528,553.92,557.38,553.0,553.18,552.9,0.26,0.04702477844094773,10191.0,566355.17
AUL.SHF,20240529,555.66,558.9,554.18,556.58,553.18,0.84,0.15184930763946636,8859.0,493160.19
AUL.SHF,20240530,553.32,555.38,548.5,551.0,556.58,-5.66,-1.016924790685975,5867.0,323940.25
AUL.SHF,20240531,552.7,554.68,551.44,552.82,551.0,0.7,0.12704174228675136,6500.0,359529.35
AUL.SHF,20240603,556.82,557.48,546.1,548.7,552.82,-4.42,-0.799536919793061,2434.0,133889.47
AUL.SHF,20240604,550.88,554.74,550.16,553.58,548.7,3.52,0.64151631128121,906.0,50122.01
AUL.SHF,20240605,551.76,552.16,547.64,551.46,553.58,-1.76,-0.3179305610751833,891.0,48984.08
AUL.SHF,20240606,553.26,561.2,551.74,559.24,551.46,9.48,1.7190730062017192,738.0,41204.43
AUL.SHF,20240607,557.88,562.5,556.6,560.04,559.24,1.72,0.30756026035333667,3519.0,196870.53
AUL.SHF,20240611,544.8,546.76,542.0,542.4,560.04,-17.04,-3.04263981144204,153.0,8314.96
AUL.SHF,20240612,544.22,548.4,544.22,547.0,542.4,3.54,0.6526548672566371,333.0,18127.66
AUL.SHF,20240613,550.0,550.0,545.98,545.98,547.0,1.62,0.2961608775137112,12.0,657.62
AUL.SHF,20240614,550.0,550.0,545.0,545.0,545.98,-3.02,-0.5531338144254369,12.0,656.99
AUL.SHF,20240617,547.48,547.48,547.48,547.48,545.0,0.0,0.0,0.0,0.0
AUL.SHF,20240618,548.48,551.28,546.38,548.64,547.48,-1.92,-0.3506977423832834,182.0,9998.24
AUL.SHF,20240619,548.0,552.08,547.5,549.8,548.64,0.46,0.08384368620589094,72.0,3956.49
AUL.SHF,20240620,550.3,555.94,549.88,555.94,549.8,6.44,1.1713350309203348,788.0,43590.36
AUL.SHF,20240621,554.96,560.0,554.64,558.3,555.94,5.14,0.9245602043385975,134.0,7467.57
AUL.SHF,20240624,558.56,559.48,549.26,550.64,558.3,-6.64,-1.1893247358051227,192.0,10603.22
AUL.SHF,20240625,551.2,552.98,549.14,550.3,550.64,-1.94,-0.35231730350138024,130.0,7161.22
AUL.SHF,20240626,549.5,550.62,546.02,546.78,550.3,-4.08,-0.7414137743049246,94.0,5158.41
AUL.SHF,20240627,544.82,545.82,542.14,544.22,546.78,-4.54,-0.8303156662643111,53.0,2883.13
AUL.SHF,20240628,548.5,550.0,547.58,549.48,544.22,5.5,1.0106207048620042,110.0,6035.34
AUL.SHF,20240701,549.68,550.0,549.28,550.0,549.48,1.34,0.24386692873261995,30.0,1648.96
AUL.SHF,20240702,548.2,550.0,548.18,550.0,550.0,0.36,0.06545454545454546,57.0,3128.72
AUL.SHF,20240703,548.26,553.66,548.26,553.66,550.0,4.78,0.8690909090909091,12.0,660.05
AUL.SHF,20240704,551.94,551.94,551.94,551.94,553.66,1.9,0.34317089910775567,0.0,0.0
AUL.SHF,20240705,555.8,555.8,555.8,555.8,551.94,3.86,0.699351378773055,0.0,0.0
AUL.SHF,20240708,561.98,561.98,552.06,560.98,555.8,5.18,0.9319899244332495,15.0,836.21
AUL.SHF,20240709,557.46,557.46,557.46,557.46,560.98,0.0,0.0,0.0,0.0
AUL.SHF,20240710,557.46,557.46,557.46,557.46,557.46,0.0,0.0,0.0,0.0
AUL.SHF,20240711,557.46,557.46,557.46,557.46,557.46,0.0,0.0,0.0,0.0
AUL.SHF,20240712,557.46,557.46,557.46,557.46,557.46,0.0,0.0,0.0,0.0
AUL.SHF,20240715,557.46,557.46,557.46,557.46,557.46,0.0,0.0,0.0,0.0
AUL.SHF,20240716,567.94,572.18,566.8,572.16,557.46,5.72,1.0260825888853011,44551.0,2539605.87
AUL.SHF,20240717,571.96,583.08,571.6,578.94,572.16,8.9,1.5555089485458613,62247.0,3598429.99
AUL.SHF,20240718,579.54,581.6,573.38,579.0,578.94,0.92,0.15891111341417072,51479.0,2974552.19
AUL.SHF,20240719,577.86,578.18,561.78,563.88,579.0,-13.92,-2.4041450777202074,45775.0,2612385.63
AUL.SHF,20240722,560.2,565.18,557.7,563.4,563.88,-7.3,-1.2946016883024758,34344.0,1929337.92
AUL.SHF,20240723,561.98,564.76,559.34,560.58,563.4,-1.18,-0.20944266950656726,31701.0,1780646.68
AUL.SHF,20240724,563.38,567.64,562.02,567.46,560.58,5.76,1.0275072246601733,19781.0,1117225.14
AUL.SHF,20240725,568.04,569.22,552.78,553.76,567.46,-11.02,-1.9419871004123637,48226.0,2704388.22
AUL.SHF,20240726,552.54,557.38,549.22,555.56,553.76,-5.2,-0.9390349609939324,21386.0,1182896.29
AUL.SHF,20240729,557.1,562.5,556.0,559.26,555.56,6.16,1.1087911296709627,15043.0,840835.04
AUL.SHF,20240730,559.84,560.4,553.6,560.18,559.26,1.24,0.22172156063369453,11287.0,629950.08
AUL.SHF,20240731,558.5,566.52,557.42,564.32,560.18,6.2,1.1067871041450965,7252.0,407468.39
AUL.SHF,20240801,564.32,571.66,563.4,569.28,564.32,7.42,1.3148568188261978,6024.0,343314.23
AUL.SHF,20240802,570.5,573.0,567.12,572.58,569.28,2.68,0.47077009555930305,1383.0,78961.1
AUL.SHF,20240805,573.5,573.5,554.46,559.6,572.58,-11.34,-1.9805092738132664,2673.0,150171.64
AUL.SHF,20240806,545.3,558.2,545.18,553.74,559.6,-8.06,-1.440314510364546,1710.0,94849.88
AUL.SHF,20240807,553.72,556.64,551.02,555.54,553.74,0.88,0.15891934843067143,627.0,34736.35
AUL.SHF,20240808,556.88,557.0,552.78,555.28,555.54,1.28,0.2304064513806387,1218.0,67527.43
AUL.SHF,20240809,558.02,562.06,558.02,560.08,555.28,5.68,1.0229073620515776,372.0,20858.46
AUL.SHF,20240812,560.08,564.36,560.08,562.02,560.08,1.32,0.23568061705470647,1356.0,75974.26
AUL.SHF,20240813,571.76,571.76,567.38,569.0,562.02,8.72,1.5515462083199887,306.0,17420.09
AUL.SHF,20240814,569.0,569.0,567.5,567.5,569.0,-1.78,-0.31282952548330406,45.0,2557.95
AUL.SHF,20240815,564.5,564.6,564.5,564.6,567.5,-3.82,-0.6731277533039647,30.0,1693.53
AUL.SHF,20240816,562.9,567.62,561.94,566.1,564.6,1.66,0.29401346085724406,382.0,21620.13
AUL.SHF,20240819,572.0,573.18,569.06,571.78,566.1,5.82,1.0280869104398516,240.0,13714.23
AUL.SHF,20240820,570.6,573.34,569.4,572.22,571.78,0.8,0.13991395291895484,81.0,4629.97
AUL.SHF,20240821,576.1,578.06,571.44,574.58,572.22,2.98,0.520778721470763,400.0,23031.62
AUL.SHF,20240822,573.6,575.14,570.9,573.32,574.58,-2.46,-0.4281388144383723,212.0,12155.98
AUL.SHF,20240823,571.84,572.36,567.0,572.0,573.32,-1.38,-0.24070327216912016,742.0,42249.54
AUL.SHF,20240826,573.68,575.76,572.16,575.14,572.0,5.74,1.0034965034965035,461.0,26447.04
AUL.SHF,20240827,575.54,577.06,573.74,575.0,575.14,1.32,0.22950933685711308,193.0,11110.96
AUL.SHF,20240828,575.0,577.22,574.16,575.0,575.0,-0.68,-0.1182608695652174,191.0,10994.67
AUL.SHF,20240829,574.74,578.98,573.2,574.86,575.0,-0.76,-0.13217391304347828,120.0,6917.54
AUL.SHF,20240830,574.2,579.74,573.68,575.58,574.86,-0.88,-0.15308075009567548,237.0,13670.48
AUL.SHF,20240902,575.6,575.6,571.02,571.92,575.58,-4.88,-0.8478404392091455,60.0,3436.99
AUL.SHF,20240903,571.34,573.08,570.02,571.48,571.92,-1.34,-0.23429850328717305,18.0,1029.33
AUL.SHF,20240904,569.28,570.36,569.28,569.56,571.48,-2.28,-0.3989640932316091,15.0,854.33
AUL.SHF,20240905,568.36,570.86,567.9,570.86,569.56,1.32,0.23175784816349465,18.0,1024.12
AUL.SHF,20240906,576.8,576.8,576.8,576.8,570.86,7.86,1.3768699856357076,3.0,173.04
AUL.SHF,20240909,575.98,575.98,570.5,570.5,576.8,-6.3,-1.0922330097087378,27.0,1544.99
AUL.SHF,20240910,572.2,572.2,572.2,572.2,570.5,0.0,0.0,0.0,0.0
AUL.SHF,20240911,572.2,572.2,572.2,572.2,572.2,0.0,0.0,0.0,0.0
AUL.SHF,20240912,572.2,572.2,572.2,572.2,572.2,0.0,0.0,0.0,0.0
AUL.SHF,20240913,572.2,572.2,572.2,572.2,572.2,0.0,0.0,0.0,0.0
AUL.SHF,20240918,585.0,585.0,585.0,585.0,572.2,12.8,2.23698007689619,3.0,175.5
AUL.SHF,20240919,583.42,587.38,579.62,582.2,585.0,-1.66,-0.28376068376068375,127570.0,7434717.66
AUL.SHF,20240920,583.26,588.82,582.74,588.2,582.2,5.42,0.930951563036757,78472.0,4589295.75
AUL.SHF,20240923,590.58,594.34,587.6,593.14,588.2,8.32,1.4144848690921454,71023.0,4197484.3
AUL.SHF,20240924,593.32,595.16,590.9,592.0,593.14,1.0,0.1685942610513538,65505.0,3888480.75
AUL.SHF,20240925,592.48,599.76,591.7,596.34,592.0,2.74,0.4628378378378379,42298.0,2518326.41
AUL.SHF,20240926,597.66,599.84,596.88,598.0,596.34,2.64,0.442700472884596,30581.0,1829191.6
AUL.SHF,20240927,599.98,600.48,595.48,597.74,598.0,-0.4,-0.06688963210702342,26536.0,1587007.37
AUL.SHF,20240930,598.16,598.56,592.7,595.34,597.74,-2.7,-0.4517014086392077,13153.0,782990.29
AUL.SHF,20241008,596.0,600.2,594.48,594.78,595.34,-0.5,-0.08398562166157153,3633.0,216860.52
AUL.SHF,20241009,595.22,644.98,587.7,587.7,594.78,-9.2,-1.5467904098994587,3141.0,186586.47
AUL.SHF,20241010,587.7,589.58,584.14,589.0,587.7,-5.02,-0.8541773013442231,7806.0,458763.39
AUL.SHF,20241011,589.0,595.0,589.0,595.0,589.0,7.3,1.2393887945670627,3441.0,202680.69
AUL.SHF,20241014,595.0,604.96,595.0,599.0,595.0,10.0,1.680672268907563,633.0,37763.36
AUL.SHF,20241015,599.8,600.0,599.8,600.0,599.0,3.44,0.5742904841402336,6.0,359.94
AUL.SHF,20241016,602.76,611.0,602.76,610.92,600.0,9.6,1.6,145.0,8805.12
AUL.SHF,20241017,611.78,615.0,608.94,612.76,610.92,5.52,0.9035552936554704,571.0,34895.79
AUL.SHF,20241018,611.6,622.1,611.6,617.9,612.76,6.78,1.106469090671715,221.0,13649.06
AUL.SHF,20241021,618.9,624.94,616.86,624.68,617.9,7.08,1.1458164751577926,106.0,6586.77
AUL.SHF,20241022,626.8,626.96,620.3,625.22,624.68,3.84,0.6147147339437793,125.0,7796.6
AUL.SHF,20241023,625.5,628.78,625.5,628.28,625.22,4.56,0.7293432711685486,112.0,7023.91
AUL.SHF,20241024,625.98,626.14,616.74,622.74,628.28,-4.38,-0.6971414019227096,193.0,11980.05
AUL.SHF,20241025,623.7,624.74,617.34,622.94,622.74,2.22,0.3564890644570768,217.0,13500.04
AUL.SHF,20241028,624.68,626.4,620.8,624.74,622.94,2.62,0.4205862522875397,269.0,16749.11
AUL.SHF,20241029,623.78,630.2,623.14,630.2,624.74,7.56,1.2101034030156543,137.0,8592.66
AUL.SHF,20241030,629.74,638.5,629.74,637.8,630.2,10.6,1.6820057124722307,69.0,4383.41
AUL.SHF,20241031,637.62,637.86,632.2,636.7,637.8,1.44,0.22577610536218248,95.0,6044.94
AUL.SHF,20241101,630.06,630.82,625.5,625.5,636.7,-10.8,-1.6962462698288046,21.0,1318.88
AUL.SHF,20241104,628.34,631.1,623.74,623.76,625.5,-4.28,-0.6842525979216627,36.0,2255.71
AUL.SHF,20241105,625.2,625.2,625.2,625.2,623.76,-1.38,-0.22123893805309736,3.0,187.56
AUL.SHF,20241106,625.22,625.24,623.14,623.16,625.2,-2.04,-0.3262955854126679,24.0,1499.29
AUL.SHF,20241107,614.22,614.22,612.02,612.02,623.16,-12.68,-2.0347904230053278,6.0,367.87
AUL.SHF,20241108,619.6,620.34,616.68,616.88,612.02,3.76,0.6143590078755595,24.0,1484.12
AUL.SHF,20241111,618.38,618.38,618.38,618.38,616.88,0.0,0.0,0.0,0.0
AUL.SHF,20241112,618.38,618.38,618.38,618.38,618.38,0.0,0.0,0.0,0.0
AUL.SHF,20241113,618.38,618.38,618.38,618.38,618.38,0.0,0.0,0.0,0.0
AUL.SHF,20241114,618.38,618.38,618.38,618.38,618.38,0.0,0.0,0.0,0.0
AUL.SHF,20241115,618.38,618.38,618.38,618.38,618.38,0.0,0.0,0.0,0.0
AUL.SHF,20241118,594.6,602.42,593.1,600.6,618.38,5.96,0.963808661340923,214624.0,12822892.5
AUL.SHF,20241119,602.14,610.12,601.7,609.84,600.6,12.4,2.0646020646020644,156382.0,9473402.19
AUL.SHF,20241120,612.54,613.56,608.22,610.6,609.84,4.82,0.7903712449166995,172759.0,10558350.33
AUL.SHF,20241121,611.7,618.06,611.36,617.7,610.6,6.54,1.07107762856207,152087.0,9353506.38
AUL.SHF,20241122,618.1,625.54,617.2,625.44,617.7,10.44,1.6901408450704223,115470.0,7165790.55
AUL.SHF,20241125,627.34,628.52,614.74,616.94,625.44,-3.62,-0.5787925300588385,129758.0,8089671.55
AUL.SHF,20241126,620.32,621.2,605.62,608.84,616.94,-14.6,-2.3665186241773917,82843.0,5068719.76
AUL.SHF,20241127,610.18,614.76,607.32,614.38,608.84,2.54,0.417186781420406,45820.0,2799023.88
AUL.SHF,20241128,615.02,616.46,606.68,611.66,614.38,0.8,0.1302125720238289,34301.0,2098466.18
AUL.SHF,20241129,613.36,617.78,609.8,617.12,611.66,5.36,0.8763038289245662,14387.0,883505.32
AUL.SHF,20241202,616.8,617.6,606.0,611.6,617.12,-2.48,-0.4018667358050298,3066.0,187909.33
AUL.SHF,20241203,614.82,619.06,614.0,617.98,611.6,5.1,0.8338783518639634,4425.0,272382.35
AUL.SHF,20241204,616.24,619.34,615.42,617.0,617.98,1.46,0.23625360044014368,3270.0,201902.41
AUL.SHF,20241205,615.18,619.0,613.68,617.32,617.0,-0.1,-0.016207455429497572,1887.0,116493.95
AUL.SHF,20241206,617.32,618.52,610.5,615.36,617.32,-1.98,-0.3207412687099073,2400.0,147359.27
AUL.SHF,20241209,614.52,620.22,612.4,619.1,615.36,5.12,0.8320332813312532,3225.0,199266.024
AUL.SHF,20241210,623.46,626.54,620.32,621.0,619.1,3.14,0.507187853335487,540.0,33586.11
AUL.SHF,20241211,627.6,628.7,624.22,627.1,621.0,5.14,0.8276972624798712,516.0,32345.4
AUL.SHF,20241212,633.96,633.96,628.88,631.1,627.1,4.26,0.6793174932227715,153.0,9640.14
AUL.SHF,20241213,626.98,629.3,626.28,626.5,631.1,-3.56,-0.564094438282364,90.0,5647.8
AUL.SHF,20241216,625.0,625.0,613.46,620.0,626.5,-7.52,-1.200319233838787,24.0,1489.4
AUL.SHF,20241217,620.82,622.68,617.88,618.62,620.0,-1.08,-0.17419354838709677,738.0,45783.11
AUL.SHF,20241218,617.16,619.5,614.88,617.98,618.62,-2.38,-0.3847272962400181,551.0,33982.048
AUL.SHF,20241219,618.16,618.94,608.12,612.82,617.98,-3.9,-0.6310883847373702,909.0,55903.62
AUL.SHF,20241220,611.82,613.74,608.74,613.4,612.82,-1.6,-0.2610880845925394,402.0,24560.17
AUL.SHF,20241223,612.7,619.48,611.94,619.24,613.4,8.3,1.353113791979133,526.0,32429.58
AUL.SHF,20241224,616.38,617.26,614.5,616.62,619.24,0.1,0.016148827595116592,195.0,12017.58
AUL.SHF,20241225,615.62,618.24,614.94,617.82,616.62,1.54,0.24974862962602573,213.0,13129.62
AUL.SHF,20241226,617.48,619.82,616.52,618.64,617.82,2.24,0.3625651484251076,225.0,13924.2
AUL.SHF,20241227,619.22,621.0,617.52,618.98,618.64,0.14,0.022630285788180528,239.0,14804.79
AUL.SHF,20241230,617.28,618.6,615.0,617.14,618.98,-2.3,-0.37157904940385794,153.0,9438.39
AUL.SHF,20241231,617.82,618.0,613.98,618.0,617.14,1.12,0.18148232167741518,206.0,12673.646
AUL.SHF,20250102,625.54,625.54,620.5,620.9,618.0,5.68,0.919093851132686,77.0,4788.0
AUL.SHF,20250103,622.08,626.62,622.08,626.62,620.9,4.82,0.7762924786600097,174.0,10833.76
AUL.SHF,20250106,626.8,626.8,623.78,623.8,626.62,1.18,0.18831189556669112,18.0,1125.11
AUL.SHF,20250107,623.8,625.7,622.12,624.24,623.8,-0.82,-0.1314523885860853,135.0,8423.26
AUL.SHF,20250108,627.12,629.72,622.86,623.24,624.24,-0.7,-0.11213635781109829,54.0,3381.36
AUL.SHF,20250109,627.32,627.32,627.32,627.32,623.24,1.16,0.18612412553751362,3.0,188.2
AUL.SHF,20250110,632.7,632.7,632.7,632.7,627.32,5.38,0.8576165274501051,12.0,759.24
AUL.SHF,20250113,632.7,632.7,632.7,632.7,632.7,0.0,0.0,0.0,0.0
AUL.SHF,20250114,632.7,632.7,632.7,632.7,632.7,0.0,0.0,3.0,189.81
AUL.SHF,20250115,619.0,634.64,619.0,634.64,632.7,1.94,0.30662241188556977,15.0,945.82
AUL.SHF,20250116,635.9,638.92,633.52,637.42,634.64,5.3,0.8351191226522123,89581.0,5700255.29
AUL.SHF,20250117,638.84,641.86,637.96,638.88,637.42,2.56,0.40161902670139,66716.0,4270314.8
AUL.SHF,20250120,638.88,639.64,632.36,638.0,638.88,-2.06,-0.32243926872026046,61857.0,3937569.44
AUL.SHF,20250121,636.66,638.48,632.12,637.96,638.0,1.4,0.21943573667711597,54714.0,3478478.51
AUL.SHF,20250122,638.3,646.86,637.48,643.48,637.96,7.74,1.213242209542918,37412.0,2400665.71
AUL.SHF,20250123,644.96,645.7,643.22,644.24,643.48,2.56,0.3978367626033443,24385.0,1570879.24
AUL.SHF,20250124,642.44,648.06,640.68,646.62,644.24,2.44,0.378740841922265,21705.0,1399340.06
AUL.SHF,20250127,647.4,650.0,643.3,646.36,646.62,1.66,0.25671955708143884,10998.0,711470.81
AUL.SHF,20250205,665.54,669.32,664.72,669.0,646.36,22.1,3.4191472244569594,2674.0,178374.57
AUL.SHF,20250206,670.32,671.94,666.8,666.8,669.0,-0.26,-0.03886397608370702,3663.0,245346.36
AUL.SHF,20250207,668.04,669.86,662.82,667.9,666.8,-1.88,-0.2819436112777445,3258.0,217688.99
AUL.SHF,20250210,668.18,679.0,666.6,677.62,667.9,9.46,1.416379697559515,2688.0,181118.98
AUL.SHF,20250211,680.22,689.56,676.28,682.8,677.62,9.0,1.3281780348868097,999.0,68238.52
AUL.SHF,20250212,676.0,684.38,673.8,679.66,682.8,-3.4,-0.49794961921499714,246.0,16729.02
AUL.SHF,20250213,680.0,683.0,679.02,680.56,679.66,0.52,0.07650884265662243,405.0,27573.67
AUL.SHF,20250214,686.56,686.9,684.0,686.9,680.56,6.08,0.8933819207711297,60.0,4113.07
AUL.SHF,20250217,683.64,683.82,670.04,674.2,686.9,-11.3,-1.6450720628912507,45.0,3043.67
AUL.SHF,20250218,677.66,682.76,676.72,681.8,674.2,4.6,0.6822901216256303,306.0,20775.72
AUL.SHF,20250219,683.1,689.16,682.88,686.38,681.8,7.44,1.0912290994426521,1061.0,72819.49
AUL.SHF,20250220,687.34,688.96,684.2,688.84,686.38,2.52,0.36714356478918386,1106.0,75996.12
AUL.SHF,20250221,686.42,687.68,680.68,683.34,688.84,-3.78,-0.5487486208698681,511.0,34946.17
AUL.SHF,20250224,683.26,685.5,681.28,685.04,683.34,1.18,0.17268124213422306,765.0,52303.64
AUL.SHF,20250225,686.7,688.6,682.96,684.44,685.04,0.74,0.10802288917435479,438.0,30080.0
AUL.SHF,20250226,682.74,685.3,674.28,678.02,684.44,-8.72,-1.2740342469756296,410.0,27897.14
AUL.SHF,20250227,678.02,681.3,674.76,675.98,678.02,-4.42,-0.6518981740951595,215.0,14564.88
AUL.SHF,20250228,674.24,681.14,664.02,672.06,675.98,-5.36,-0.7929228675404598,275.0,18531.48
AUL.SHF,20250303,669.18,671.98,665.42,671.92,672.06,-1.94,-0.2886647025563194,114.0,7642.85
AUL.SHF,20250304,673.26,677.5,673.26,675.52,671.92,5.1,0.7590189308250982,36.0,2432.12
AUL.SHF,20250305,682.18,682.18,678.2,680.52,675.52,4.94,0.7312884888678353,27.0,1836.46
AUL.SHF,20250306,680.16,680.16,680.16,680.16,680.52,0.0,0.0,0.0,0.0
AUL.SHF,20250307,677.16,678.6,677.16,678.46,680.16,-1.7,-0.24994119030816278,39.0,2643.38
AUL.SHF,20250310,681.28,691.8,672.28,681.16,678.46,3.38,0.4981870707189812,51.0,3470.33
AUL.SHF,20250311,679.48,679.48,675.72,675.72,681.16,-4.72,-0.692935580480357,9.0,609.62
AUL.SHF,20250312,679.62,679.62,679.62,679.62,675.72,2.28,0.33741786538803054,3.0,203.89
AUL.SHF,20250313,680.0,682.42,680.0,682.42,679.62,2.8,0.41199493834790024,9.0,612.73
AUL.SHF,20250314,693.3,693.3,693.3,693.3,682.42,12.5,1.8317165382022802,3.0,207.99
AUL.SHF,20250317,695.0,695.0,695.0,695.0,693.3,1.7,0.2452040963507861,96.0,6672.0
AUL.SHF,20250318,695.0,701.26,694.68,700.7,695.0,5.66,0.814388489208633,184143.0,12844024.9
AUL.SHF,20250319,704.34,708.48,702.3,707.34,700.7,9.84,1.404309975738547,189910.0,13381790.68
AUL.SHF,20250320,705.72,710.12,703.12,708.5,707.34,3.88,0.5485339440721576,172384.0,12175489.95
AUL.SHF,20250321,707.24,709.1,704.0,705.14,708.5,-1.16,-0.16372618207480594,103614.0,7322051.01
AUL.SHF,20250324,706.0,706.68,699.7,705.16,705.14,-1.5,-0.21272371443968574,88700.0,6235501.63
AUL.SHF,20250325,704.62,705.86,702.12,704.88,705.16,1.9,0.26944239605195985,62483.0,4397713.26
AUL.SHF,20250326,705.52,708.06,704.86,707.06,704.88,3.24,0.45965270684371806,45227.0,3194335.88
AUL.SHF,20250327,707.72,709.22,704.54,708.38,707.06,2.1,0.2970044974966764,31919.0,2255979.0
AUL.SHF,20250328,712.56,721.78,709.94,721.14,708.38,14.36,2.0271605635393435,36078.0,2582681.91
AUL.SHF,20250331,719.72,730.68,717.98,729.16,721.14,13.3,1.8443020772665502,21892.0,1582974.19
AUL.SHF,20250401,730.66,738.48,725.2,735.24,729.16,12.16,1.6676723901475672,5026.0,367997.61
AUL.SHF,20250402,735.44,737.16,730.26,732.72,735.24,0.54,0.07344540558185082,2319.0,170173.82
AUL.SHF,20250403,735.04,746.8,731.28,738.4,732.72,4.58,0.6250682388907086,2904.0,214137.56
AUL.SHF,20250407,708.98,727.2,691.0,717.3,738.4,-20.08,-2.7193932827735643,3882.0,277568.05
AUL.SHF,20250408,717.84,719.94,709.2,718.5,717.3,3.5,0.4879408894465357,4290.0,307130.29
AUL.SHF,20250409,721.5,725.44,716.64,725.44,718.5,9.52,1.324982602644398,294.0,21160.94
AUL.SHF,20250410,725.44,743.4,725.44,743.4,725.44,23.66,3.261468901632113,1002.0,72872.12
AUL.SHF,20250411,743.4,762.36,740.58,757.26,743.4,30.0,4.035512510088781,189.0,14169.31
AUL.SHF,20250414,764.12,768.82,748.68,763.58,757.26,13.9,1.8355650635184746,81.0,6180.3
AUL.SHF,20250415,735.04,765.42,735.04,762.68,763.58,-0.32,-0.04190785510359098,36.0,2741.25
AUL.SHF,20250416,762.68,781.12,761.22,780.38,762.68,20.14,2.6406880998583944,1946.0,150021.83
AUL.SHF,20250417,782.08,795.46,780.36,788.16,780.38,17.24,2.2091801430072526,2897.0,228321.16
AUL.SHF,20250418,787.7,790.54,777.16,789.74,788.16,1.62,0.20554202192448237,2353.0,184719.98
AUL.SHF,20250421,789.58,804.34,786.96,804.06,789.74,19.02,2.4083875705928532,1665.0,133011.65
AUL.SHF,20250422,806.88,835.0,806.88,830.38,804.06,31.52,3.920105464766311,3376.0,276412.62
AUL.SHF,20250423,821.96,827.58,782.58,784.08,830.38,-34.66,-4.173992629880295,6381.0,513904.93
AUL.SHF,20250424,785.32,803.6,774.08,790.44,784.08,-14.92,-1.9028670543822057,10819.0,855897.1
AUL.SHF,20250425,791.88,799.68,781.08,786.04,790.44,-5.06,-0.640149789990385,7474.0,590960.14
AUL.SHF,20250428,784.18,789.6,776.08,778.98,786.04,-11.7,-1.4884738690142996,1748.0,136440.08
AUL.SHF,20250429,781.62,792.8,779.7,784.52,778.98,3.98,0.5109245423502529,1398.0,109831.32
AUL.SHF,20250430,783.94,786.06,752.06,752.06,784.52,-33.56,-4.277774945189416,719.0,56280.93
AUL.SHF,20250506,781.0,794.9,781.0,793.18,752.06,10.42,1.3855277504454433,68.0,5370.51
AUL.SHF,20250507,796.12,800.74,794.34,799.36,793.18,9.58,1.2077964648629569,45.0,3582.38
AUL.SHF,20250508,799.08,801.8,788.22,788.22,799.36,-7.86,-0.9832866293034428,24.0,1914.31
AUL.SHF,20250509,797.62,797.62,797.62,797.62,788.22,0.0,0.0,0.0,0.0
AUL.SHF,20250512,775.0,775.0,775.0,775.0,797.62,-22.62,-2.8359369123141347,0.0,0.0
AUL.SHF,20250513,762.0,762.0,762.0,762.0,775.0,-13.0,-1.6774193548387095,3.0,228.6
AUL.SHF,20250514,762.0,762.0,762.0,762.0,762.0,0.0,0.0,0.0,0.0
AUL.SHF,20250515,762.0,762.0,762.0,762.0,762.0,0.0,0.0,0.0,0.0
AUL.SHF,20250516,745.5,756.98,744.3,749.8,762.0,6.58,0.863517060367454,77653.0,5822620.08
AUL.SHF,20250519,742.0,759.24,741.3,754.14,749.8,4.32,0.5761536409709256,54174.0,4056787.11
AUL.SHF,20250520,754.82,757.62,751.2,752.6,754.14,3.76,0.4985811653008725,33281.0,2510159.56
AUL.SHF,20250521,758.4,776.98,756.72,776.4,752.6,22.18,2.947116662237576,51464.0,3955014.2
AUL.SHF,20250522,772.4,783.0,771.54,777.92,776.4,9.42,1.2132921174652243,37763.0,2936748.65
AUL.SHF,20250523,772.78,778.4,768.0,777.98,777.92,0.32,0.04113533525298231,35047.0,2709625.02
AUL.SHF,20250526,781.12,784.6,775.28,775.52,777.98,2.38,0.3059204606802231,44585.0,3473147.34
AUL.SHF,20250527,776.0,778.88,768.7,769.72,775.52,-9.26,-1.194037548999381,22432.0,1738457.46
AUL.SHF,20250528,767.3,771.76,765.58,770.38,769.72,-4.6,-0.5976199137348646,13302.0,1022620.23
AUL.SHF,20250529,771.02,771.78,757.54,762.6,770.38,-6.16,-0.7996053895480153,15106.0,1157131.35
AUL.SHF,20250530,770.66,774.24,766.84,770.18,762.6,4.18,0.5481248360870705,8745.0,673242.49
AUL.SHF,20250603,788.24,790.0,779.66,781.0,770.18,11.16,1.4490119192915942,1338.0,104920.24
AUL.SHF,20250604,780.88,783.16,775.6,781.02,781.0,-3.12,-0.3994878361075544,1755.0,137092.88
AUL.SHF,20250605,780.8,785.8,779.06,781.78,781.02,0.64,0.0819441243502087,1479.0,115678.0
AUL.SHF,20250606,783.72,784.66,775.42,781.0,781.78,-1.12,-0.14326281050935047,2550.0,199134.97
AUL.SHF,20250609,777.96,780.0,765.32,772.04,781.0,-8.88,-1.1370038412291934,1779.0,137108.95
AUL.SHF,20250610,772.04,774.0,767.52,774.0,772.04,3.3,0.42743899279830067,849.0,65363.0
AUL.SHF,20250611,774.62,776.38,772.84,775.24,774.0,5.36,0.6925064599483204,810.0,62762.7
AUL.SHF,20250612,776.22,784.7,774.0,782.6,775.24,7.76,1.0009803415716423,117.0,9118.46
AUL.SHF,20250613,794.98,795.74,793.84,794.0,782.6,14.66,1.8732430360337338,12.0,953.57
AUL.SHF,20250616,782.64,795.9,782.64,791.0,794.0,-3.64,-0.4584382871536524,117.0,9301.24
AUL.SHF,20250617,791.66,791.66,781.46,784.62,791.0,-10.6,-1.3400758533501895,1767.0,139005.21
AUL.SHF,20250618,785.1,786.78,781.0,785.06,784.62,-1.6,-0.20392036909586808,1229.0,96430.54
AUL.SHF,20250619,785.82,788.8,779.3,781.54,785.06,-3.08,-0.3923267011438617,1568.0,123003.34
AUL.SHF,20250620,783.1,784.7,776.9,778.52,781.54,-5.94,-0.7600378739411932,1717.0,133952.53
AUL.SHF,20250623,777.36,784.28,776.58,779.02,778.52,-1.12,-0.14386271386733804,4917.0,383451.6
AUL.SHF,20250624,780.18,785.56,768.84,770.48,779.02,-9.36,-1.201509588970758,6449.0,501462.45
AUL.SHF,20250625,769.18,773.08,763.34,772.48,770.48,-5.1,-0.6619250337451977,2019.0,155330.09
AUL.SHF,20250626,772.14,774.06,768.64,773.82,772.48,4.48,0.579950289975145,1593.0,123014.99
AUL.SHF,20250627,771.44,773.02,764.36,765.62,773.82,-6.6,-0.8529115298131348,618.0,47556.736
AUL.SHF,20250630,761.8,766.68,757.78,765.78,765.62,-3.74,-0.48849298607664376,442.0,33668.02
AUL.SHF,20250701,763.5,772.34,763.0,772.24,765.78,10.54,1.3763744156285094,96.0,7383.6
AUL.SHF,20250702,775.22,776.18,771.72,771.82,772.24,2.7,0.34963223868227494,879.0,68137.78
AUL.SHF,20250703,773.96,776.0,772.56,775.52,771.82,0.36,0.046642999663133886,48.0,3717.71
AUL.SHF,20250704,771.2,772.6,770.8,772.52,775.52,-2.0,-0.2578914792655251,21.0,1620.42
AUL.SHF,20250707,771.3,772.5,768.9,768.9,772.52,-2.72,-0.35209444415678565,12.0,924.84
AUL.SHF,20250708,768.7,774.1,768.7,772.8,768.9,2.1,0.2731174404994148,60.0,4637.32
AUL.SHF,20250709,766.66,766.66,764.6,764.6,772.8,-8.28,-1.0714285714285714,6.0,459.38
AUL.SHF,20250710,770.48,770.48,770.48,770.48,764.6,4.86,0.6356264713575726,3.0,231.14
AUL.SHF,20250711,770.48,770.48,770.48,770.48,770.48,0.0,0.0,0.0,0.0
AUL.SHF,20250714,774.22,778.5,774.16,778.5,770.48,8.02,1.0409095628698992,18.0,1395.96
AUL.SHF,20250715,739.1,773.0,739.1,773.0,778.5,-2.52,-0.3236994219653179,6.0,453.63
AUL.SHF,20250716,775.8,776.92,771.52,774.26,773.0,-1.86,-0.24062095730918498,32930.0,2549164.9
AUL.SHF,20250717,772.02,780.36,771.32,773.96,774.26,-0.14,-0.01808178131377057,47780.0,3705704.79
AUL.SHF,20250718,769.94,775.22,769.62,774.6,773.96,-0.96,-0.12403741795441624,22591.0,1746320.91
AUL.SHF,20250721,777.1,780.18,774.72,779.32,774.6,6.32,0.8159049832171442,28534.0,2219023.89
AUL.SHF,20250722,782.14,785.2,781.84,782.5,779.32,4.84,0.6210542524251911,25775.0,2018594.34
AUL.SHF,20250723,786.5,791.34,785.08,790.3,782.5,7.16,0.9150159744408946,24843.0,1959647.61
AUL.SHF,20250724,788.8,788.8,775.18,776.24,790.3,-12.56,-1.5892698975072759,34329.0,2687350.64
AUL.SHF,20250725,772.68,776.76,771.82,774.7,776.24,-8.12,-1.0460682263217562,17532.0,1358174.12
AUL.SHF,20250728,771.0,773.4,768.08,772.0,774.7,-2.68,-0.34594036401187556,17088.0,1317414.35
AUL.SHF,20250729,769.98,770.56,764.8,768.68,772.0,-2.26,-0.2927461139896373,14652.0,1125293.3
AUL.SHF,20250730,769.88,772.0,767.84,770.34,768.68,2.34,0.3044179632616954,10290.0,792727.6
AUL.SHF,20250731,768.06,769.2,763.92,766.8,770.34,-3.58,-0.46472985954253965,8570.0,656881.25
AUL.SHF,20250801,769.36,769.7,765.6,767.44,766.8,0.96,0.12519561815336464,1261.0,96808.51
AUL.SHF,20250804,774.9,778.3,774.88,778.28,767.44,10.58,1.378609402689461,1857.0,144330.52
AUL.SHF,20250805,778.28,782.78,778.28,779.6,778.28,2.38,0.30580253893200393,1737.0,135689.84
AUL.SHF,20250806,780.18,783.02,780.1,781.18,779.6,0.02,0.002565418163160595,2868.0,224150.31
AUL.SHF,20250807,779.72,783.0,778.94,782.52,781.18,0.98,0.12545124043114264,2463.0,192509.08
AUL.SHF,20250808,781.98,786.1,781.5,784.84,782.52,3.24,0.41404692531820275,3075.0,241029.11
AUL.SHF,20250811,784.84,786.3,776.68,777.5,784.84,-6.32,-0.8052596707609194,1455.0,113931.6
AUL.SHF,20250812,775.0,778.92,773.24,774.4,777.5,-8.62,-1.1086816720257233,639.0,49528.88
AUL.SHF,20250813,773.32,775.18,773.32,774.38,774.4,-0.7,-0.09039256198347106,72.0,5576.36
AUL.SHF,20250814,776.3,777.02,776.1,777.02,774.38,2.54,0.328004338955035,105.0,8153.01
AUL.SHF,20250815,776.46,776.46,776.46,776.46,777.02,0.0,0.0,0.0,0.0
AUL.SHF,20250818,774.86,776.36,773.36,776.28,776.46,2.24,0.28848878242279063,788.0,61065.29
AUL.SHF,20250819,775.24,775.98,772.68,773.64,776.28,-1.3,-0.16746534755500592,1714.0,132639.72
AUL.SHF,20250820,773.34,774.18,769.32,771.62,773.64,-2.24,-0.2895403546869345,629.0,48500.7
AUL.SHF,20250821,776.8,776.8,773.22,774.0,771.62,2.94,0.38101656255669886,781.0,60538.58
AUL.SHF,20250822,774.98,776.12,771.5,771.92,774.0,-3.22,-0.4160206718346254,2831.0,219102.62
AUL.SHF,20250825,771.2,780.58,771.2,778.02,771.92,4.08,0.5285521815732201,4325.0,336620.16
AUL.SHF,20250826,777.48,781.34,777.12,780.12,778.02,1.82,0.23392714840235468,826.0,64347.54
AUL.SHF,20250827,780.12,781.78,778.92,780.14,780.12,1.12,0.1435676562580116,1492.0,116445.74
AUL.SHF,20250828,780.14,783.16,780.12,781.76,780.14,1.3,0.1666367575050632,869.0,67933.43
AUL.SHF,20250829,781.76,784.72,780.98,783.0,781.76,1.26,0.16117478510028654,1149.0,89993.86
AUL.SHF,20250901,788.54,800.42,788.54,799.0,783.0,15.78,2.0153256704980844,192.0,15299.26
AUL.SHF,20250902,799.78,808.7,799.78,803.38,799.0,6.56,0.8210262828535668,201.0,16188.91
AUL.SHF,20250903,802.66,815.1,801.54,813.3,803.38,7.9,0.983345365829371,93.0,7548.49
AUL.SHF,20250904,820.08,820.08,809.98,812.34,813.3,0.68,0.08360998401573837,15.0,1224.14
AUL.SHF,20250905,813.58,814.92,811.6,814.4,812.34,-1.68,-0.20680995642218775,90.0,7327.21
AUL.SHF,20250908,819.76,827.98,818.28,827.98,814.4,13.86,1.7018664047151275,42.0,3442.9
AUL.SHF,20250909,827.44,833.3,827.44,832.2,827.98,12.48,1.5072827846083239,60.0,4986.73
AUL.SHF,20250910,879.24,879.24,835.22,837.0,832.2,5.88,0.7065609228550829,15.0,1279.94
AUL.SHF,20250911,832.5,832.5,832.5,832.5,837.0,-20.78,-2.482676224611709,3.0,249.75
AUL.SHF,20250912,832.5,832.5,832.5,832.5,832.5,0.0,0.0,0.0,0.0
AUL.SHF,20250915,802.46,832.0,800.0,831.0,832.5,-1.5,-0.18018018018018017,36.0,2955.02
AUL.SHF,20250916,833.48,842.4,833.14,842.08,831.0,9.52,1.1456077015643802,152819.0,12808162.01
AUL.SHF,20250917,841.16,843.42,834.16,835.08,842.08,-3.04,-0.3610108303249097,164311.0,13785765.84
AUL.SHF,20250918,835.34,839.0,823.96,824.1,835.08,-14.9,-1.7842601906404176,192704.0,16029155.66
AUL.SHF,20250919,829.88,829.88,823.98,827.5,824.1,-4.3,-0.5217813372163571,101091.0,8358890.51
AUL.SHF,20250922,827.74,843.9,826.9,843.0,827.5,16.14,1.950453172205438,78020.0,6517678.88
AUL.SHF,20250923,843.8,852.6,841.68,851.92,843.0,16.54,1.9620403321470934,74473.0,6313702.48
AUL.SHF,20250924,858.32,858.32,850.32,856.04,851.92,8.26,0.969574607944408,75472.0,6452797.94
AUL.SHF,20250925,855.8,857.28,848.78,851.74,856.04,-3.24,-0.37848698658941177,53833.0,4592789.3
AUL.SHF,20250926,851.04,855.32,847.54,852.58,851.74,-0.56,-0.06574776340197713,33845.0,2881916.01
AUL.SHF,20250929,854.44,863.92,852.12,863.6,852.58,12.1,1.4192216566187335,28289.0,2427247.22
AUL.SHF,20250930,863.6,879.84,862.0,871.0,863.6,13.0,1.5053265400648448,14173.0,1233835.53
AUL.SHF,20251009,912.02,919.96,902.96,909.14,871.0,38.6,4.431687715269805,2213.0,201977.0
AUL.SHF,20251010,916.0,918.14,896.18,900.0,909.14,-12.68,-1.3947246848670172,1059.0,96279.1
AUL.SHF,20251013,902.08,926.0,901.72,925.48,900.0,16.34,1.8155555555555556,357.0,32770.15
AUL.SHF,20251014,944.0,952.5,932.0,938.0,925.48,20.08,2.1696849202575956,195.0,18376.83
AUL.SHF,20251015,934.88,998.0,934.44,957.24,938.0,14.84,1.5820895522388059,99.0,9526.19
AUL.SHF,20251016,957.08,969.82,955.56,964.96,957.24,17.06,1.7822071789728802,5331.0,513771.206
AUL.SHF,20251017,967.2,999.4,967.2,998.2,964.96,34.46,3.571132482175427,4300.0,425148.69
AUL.SHF,20251020,988.56,988.56,958.98,968.62,998.2,-20.08,-2.011620917651773,3336.0,324720.48
AUL.SHF,20251021,985.62,1000.04,981.12,992.8,968.62,19.42,2.0049142078420847,2238.0,221636.98
AUL.SHF,20251022,963.0,965.0,932.78,951.62,992.8,-38.7,-3.898066075745367,3923.0,372087.38
AUL.SHF,20251023,927.98,947.06,923.02,941.2,951.62,-7.26,-0.762909564742229,2842.0,265450.99
AUL.SHF,20251024,944.74,950.84,933.94,935.94,941.2,1.92,0.2039949001274968,2377.0,224117.74
AUL.SHF,20251027,933.94,947.06,930.6,933.36,935.94,-9.48,-1.012885441374447,6613.0,619487.65
AUL.SHF,20251028,927.88,927.88,898.54,899.3,933.36,-37.46,-4.013456758378332,3764.0,345277.91
AUL.SHF,20251029,892.98,910.2,892.8,909.2,899.3,-8.1,-0.9007005448682308,2051.0,184931.53
AUL.SHF,20251030,917.8,918.84,894.68,911.14,909.2,9.48,1.0426748790145184,800.0,72544.68
AUL.SHF,20251031,908.44,924.5,907.66,920.48,911.14,13.68,1.501415808767039,625.0,57320.87
AUL.SHF,20251103,920.54,924.74,909.58,919.54,920.48,2.42,0.26290630975143403,2847.0,262098.79
AUL.SHF,20251104,921.06,921.5,910.5,913.82,919.54,-6.78,-0.7373251843312961,198.0,18101.93
AUL.SHF,20251105,916.0,916.68,904.02,910.96,913.82,-3.26,-0.35674421658532307,108.0,9827.12
AUL.SHF,20251106,911.36,917.08,911.0,915.78,910.96,5.88,0.6454729077017651,42.0,3837.7
AUL.SHF,20251107,916.0,919.02,916.0,919.02,915.78,5.3,0.5787416191661753,21.0,1925.98
AUL.SHF,20251110,917.0,934.94,916.0,934.84,919.02,17.72,1.9281408456834452,180.0,16583.32
AUL.SHF,20251111,934.84,950.34,934.84,949.24,934.84,27.96,2.9908861409439047,27.0,2553.52
AUL.SHF,20251112,942.0,942.0,942.0,942.0,949.24,-3.74,-0.3939994100543593,3.0,282.6
AUL.SHF,20251113,960.96,960.96,958.3,958.3,942.0,16.3,1.7303609341825903,6.0,575.78
AUL.SHF,20251114,956.0,956.0,950.5,950.5,958.3,-9.12,-0.9516852760096003,6.0,571.95
AUL.SHF,20251117,953.24,953.24,953.24,953.24,950.5,0.0,0.0,0.0,0.0
AUL.SHF,20251118,932.26,935.52,917.58,918.52,953.24,-12.34,-1.2945323318366833,236915.0,21959791.88
AUL.SHF,20251119,922.54,938.32,922.54,937.0,918.52,10.1,1.0995950006532247,239515.0,22287566.93
AUL.SHF,20251120,941.98,945.8,929.2,932.56,937.0,2.04,0.2177161152614728,223736.0,20971885.42
AUL.SHF,20251121,935.64,939.58,923.2,924.0,932.56,-13.34,-1.430470961653942,178915.0,16680525.63
AUL.SHF,20251124,929.48,936.94,924.4,927.36,924.0,-4.94,-0.5346320346320347,117879.0,10959303.18
AUL.SHF,20251125,930.0,946.48,930.0,943.34,927.36,13.64,1.4708419599723948,80575.0,7558967.88
AUL.SHF,20251126,940.0,947.0,935.64,943.08,943.34,4.96,0.5257913371636949,60306.0,5683137.12
AUL.SHF,20251127,944.1,945.94,939.54,943.5,943.08,1.12,0.11875980828773805,38030.0,3585838.77
AUL.SHF,20251128,943.5,951.7,941.98,949.66,943.5,6.78,0.7186009538950716,17068.0,1617212.23
AUL.SHF,20251201,947.98,963.94,944.42,959.64,949.66,12.14,1.2783522523850641,4444.0,425052.07
AUL.SHF,20251202,961.5,964.54,951.18,955.02,959.64,-1.44,-0.1500562711016631,3081.0,295071.108
AUL.SHF,20251203,954.64,958.0,944.84,953.38,955.02,-4.32,-0.45234654771627825,2358.0,225035.064
AUL.SHF,20251204,954.62,959.66,947.0,950.4,953.38,-3.94,-0.41326648345885164,1677.0,159665.622
AUL.SHF,20251205,952.98,958.52,950.14,957.54,950.4,5.46,0.5744949494949495,1677.0,159987.882
AUL.SHF,20251208,959.56,963.4,951.48,955.08,957.54,1.08,0.11278902186853813,2517.0,240254.274
AUL.SHF,20251209,951.24,954.78,946.6,948.68,955.08,-5.84,-0.6114671022322737,6651.0,632603.778
AUL.SHF,20251210,951.0,955.8,944.02,952.14,948.68,1.0,0.10540962179027703,924.0,87877.212
AUL.SHF,20251211,952.14,960.84,952.14,953.94,952.14,2.9,0.3045770579956729,255.0,24392.1
AUL.SHF,20251212,952.4,967.22,952.4,967.22,953.94,10.68,1.1195672683816593,69.0,6656.784
AUL.SHF,20251215,973.0,977.96,943.36,976.84,967.22,12.1,1.2510080436715536,234.0,22743.756
AUL.SHF,20251216,981.86,982.34,965.5,970.12,976.84,-7.34,-0.7514024814708652,1672.0,162977.356
AUL.SHF,20251217,971.48,980.9,970.12,977.86,970.12,3.12,0.3216096977693481,1436.0,140147.74
AUL.SHF,20251218,975.54,981.32,975.1,978.76,977.86,2.82,0.2883848403656965,1717.0,167992.286
AUL.SHF,20251219,975.86,986.78,973.22,977.88,978.76,-0.52,-0.053128448240631,1787.0,174718.892
AUL.SHF,20251222,978.38,999.0,976.34,998.54,977.88,20.82,2.1290955945514787,2004.0,197656.044
AUL.SHF,20251223,997.82,1016.08,995.94,1011.5,998.54,25.2,2.5236845794860496,3530.0,356038.956
AUL.SHF,20251224,1012.42,1019.86,998.38,1012.32,1011.5,3.72,0.36777063766683143,3940.0,398268.75
AUL.SHF,20251225,1011.32,1012.06,1001.0,1005.04,1012.32,-5.78,-0.57096570254465,4571.0,459679.44
AUL.SHF,20251226,1006.6,1019.52,1004.12,1013.0,1005.04,7.36,0.7323091618244051,4228.0,427905.0
AUL.SHF,20251229,1014.0,1020.7,1003.16,1004.82,1013.0,-7.24,-0.7147087857847977,2259.0,229093.99
AUL.SHF,20251230,1000.02,1003.9,967.76,982.86,1004.82,-31.26,-3.1110049561115423,2425.0,238929.7
AUL.SHF,20251231,991.26,991.28,963.8,971.74,982.86,-13.52,-1.3755773965773355,455.0,44582.02
AUL.SHF,20260105,989.06,993.1,987.5,993.1,971.74,13.28,1.3666207010105582,90.0,8907.23
AUL.SHF,20260106,996.0,1004.3,995.14,1003.54,993.1,13.86,1.395629845936965,60.0,6004.14
AUL.SHF,20260107,1004.14,1008.04,1001.36,1001.36,1003.54,0.68,0.06776012914283437,30.0,3010.46
AUL.SHF,20260108,1002.5,1002.5,977.7,995.64,1001.36,-7.84,-0.7829352081169608,24.0,2379.91
AUL.SHF,20260109,991.62,991.62,991.62,991.62,995.64,0.0,0.0,0.0,0.0
AUL.SHF,20260112,965.28,1022.0,965.28,1022.0,991.62,30.38,3.063673584639277,6.0,596.18
AUL.SHF,20260113,993.64,993.64,993.64,993.64,1022.0,0.0,0.0,0.0,0.0
AUL.SHF,20260114,1036.6,1036.6,1036.6,1036.6,993.64,42.96,4.3234974437422,3.0,310.98
AUL.SHF,20260115,1036.6,1036.6,1036.6,1036.6,1036.6,0.0,0.0,0.0,0.0
AUL.SHF,20260116,1035.22,1037.0,1027.0,1032.32,1036.6,-3.22,-0.31063090874011196,123247.0,12731644.43
AUL.SHF,20260119,1032.64,1050.4,1018.78,1048.88,1032.32,15.88,1.5382827030378179,155786.0,16132516.7
AUL.SHF,20260120,1047.2,1057.76,1039.7,1056.94,1048.88,21.4,2.0402715277248107,71708.0,7522726.78
AUL.SHF,20260121,1059.62,1098.42,1056.3,1088.9,1056.94,39.84,3.7693719605654064,103931.0,11184051.7
AUL.SHF,20260122,1092.36,1095.84,1070.0,1083.56,1088.9,7.46,0.6850950500505096,92211.0,9997139.43
AUL.SHF,20260123,1085.2,1115.26,1081.02,1111.88,1083.56,27.74,2.560079737162686,72860.0,7993193.02
AUL.SHF,20260126,1109.2,1147.14,1104.68,1138.9,1111.88,41.84,3.7629960067633195,72219.0,8146480.65
AUL.SHF,20260127,1139.7,1150.08,1126.0,1144.18,1138.9,16.16,1.4189129862147685,50999.0,5816482.9
AUL.SHF,20260128,1144.08,1182.18,1130.12,1181.7,1144.18,41.2,3.6008320369172684,34768.0,4016788.12
AUL.SHF,20260129,1183.46,1253.54,1176.06,1244.3,1181.7,89.0,7.531522383007531,23425.0,2844137.29
AUL.SHF,20260130,1240.0,1247.0,1139.12,1148.08,1244.3,-66.06,-5.309009081411236,19604.0,2340863.17
AUL.SHF,20260202,1143.64,1147.24,1003.0,1007.44,1148.08,-186.62,-16.254964810814577,4540.0,491085.29
AUL.SHF,20260203,1068.44,1095.48,1027.1,1090.04,1007.44,8.36,0.8298260938616692,1125.0,119684.69
AUL.SHF,20260204,1099.88,1139.66,1098.48,1138.34,1090.04,74.48,6.8327767788338045,456.0,51046.96
AUL.SHF,20260205,1131.38,1133.42,1083.24,1105.0,1138.34,-14.44,-1.2685138007976529,147.0,16312.67
AUL.SHF,20260206,1085.58,1094.52,1053.42,1086.42,1105.0,-23.28,-2.106787330316742,219.0,23577.29
AUL.SHF,20260209,1104.7,1128.94,1102.42,1124.82,1086.42,48.24,4.440271718120064,360.0,40382.24
AUL.SHF,20260210,1122.0,1128.26,1092.24,1118.04,1124.82,-3.68,-0.3271634572642734,54.0,6033.29
AUL.SHF,20260211,1125.34,1126.88,1124.0,1126.88,1118.04,9.62,0.8604343315087116,21.0,2363.08
AUL.SHF,20260212,1121.72,1124.22,1119.64,1124.22,1126.88,-1.04,-0.09229021723697287,12.0,1345.57
AUL.SHF,20260213,1102.76,1102.76,1102.76,1102.76,1124.22,-18.54,-1.6491434060948922,3.0,330.83
AUL.SHF,20260224,1135.02,1158.0,1135.02,1157.0,1102.76,54.24,4.918567956763031,306.0,34780.76
AUL.SHF,20260225,1145.28,1152.52,1132.54,1149.0,1157.0,-0.8,-0.06914433880726016,2090.0,239234.13
AUL.SHF,20260226,1146.58,1152.06,1142.72,1144.72,1149.0,0.06,0.005221932114882507,1249.0,143183.7
AUL.SHF,20260227,1142.96,1148.96,1134.76,1146.72,1144.72,0.34,0.029701586414144946,997.0,114091.88
AUL.SHF,20260302,1147.86,1193.9,1147.36,1191.02,1146.72,46.68,4.070740895772289,165.0,19256.77
AUL.SHF,20260303,1198.22,1198.22,1174.74,1174.74,1191.02,7.68,0.6448254437373008,51.0,6064.74
AUL.SHF,20260304,1151.74,1153.84,1131.66,1149.88,1174.74,-39.28,-3.3437186100754213,108.0,12412.75
AUL.SHF,20260305,1152.82,1157.68,1152.82,1153.64,1149.88,4.32,0.37569137649145995,57.0,6591.17
AUL.SHF,20260306,1146.16,1147.0,1132.02,1140.68,1153.64,-15.66,-1.3574425297319785,15.0,1712.14
AUL.SHF,20260309,1134.52,1153.24,1122.38,1145.6,1140.68,4.18,0.36644808359925657,87.0,9906.67
AUL.SHF,20260310,1138.68,1138.68,1138.68,1138.68,1145.6,0.0,0.0,0.0,0.0
AUL.SHF,20260311,1138.68,1138.68,1138.68,1138.68,1138.68,0.0,0.0,0.0,0.0
AUL.SHF,20260312,1147.9,1238.88,1135.02,1135.02,1138.68,-3.66,-0.3214248076720413,21.0,2433.94
AUL.SHF,20260313,1137.0,1137.0,1137.0,1137.0,1135.02,-22.0,-1.9382918362672024,6.0,682.2
AUL.SHF,20260316,1136.0,1136.0,1136.0,1136.0,1137.0,-1.0,-0.08795074758135445,9.0,1022.4
AUL.SHF,20260317,1120.0,1122.0,1109.2,1116.2,1136.0,-8.92,-0.7852112676056338,146932.0,16400415.35
AUL.SHF,20260318,1115.7,1119.2,1107.8,1113.52,1116.2,-2.66,-0.23830854685540226,130531.0,14537067.56
AUL.SHF,20260319,1089.0,1091.7,1057.2,1062.0,1113.52,-51.68,-4.641138012788275,244568.0,26429728.5
AUL.SHF,20260320,1020.0,1056.14,1002.14,1039.22,1062.0,-41.44,-3.902071563088512,343231.0,35307318.42
AUL.SHF,20260323,1041.78,1042.0,926.48,940.0,1039.22,-88.66,-8.531398548911682,386422.0,38367967.09
AUL.SHF,20260324,992.8,998.38,956.66,977.28,940.0,-15.62,-1.6617021276595745,282408.0,27598410.29
AUL.SHF,20260325,973.0,1024.66,967.5,1011.04,977.28,33.8,3.4585789129011135,139575.0,13864850.72
AUL.SHF,20260326,1012.1,1019.4,982.84,992.96,1011.04,-0.4,-0.039563222028802025,83441.0,8405515.59
AUL.SHF,20260327,987.8,999.28,974.8,995.18,992.96,-12.18,-1.2266355140186915,62042.0,6134604.01
AUL.SHF,20260330,991.44,1015.58,984.66,1011.02,995.18,22.24,2.2347715991076993,45178.0,4525294.45
AUL.SHF,20260331,1019.4,1029.88,1006.78,1010.0,1011.02,8.36,0.8268876975727483,23055.0,2342890.48
AUL.SHF,20260401,1019.5,1049.52,1016.06,1049.4,1010.0,33.2,3.2871287128712874,3393.0,350915.676
AUL.SHF,20260402,1046.48,1060.32,1010.54,1019.66,1049.4,-14.56,-1.3874595006670478,2535.0,261819.846
AUL.SHF,20260403,1017.98,1042.6,1017.98,1029.64,1019.66,-3.16,-0.3099072239766197,981.0,101218.51
AUL.SHF,20260407,1028.9,1032.5,1024.5,1030.48,1029.64,-1.3,-0.12625772114525463,1323.0,136115.154
AUL.SHF,20260408,1031.0,1064.08,1018.52,1058.72,1030.48,29.9,2.901560437854204,1320.0,138556.938
AUL.SHF,20260409,1042.3,1051.9,1036.0,1037.0,1058.72,-12.66,-1.1957835877285778,162.0,16842.456
AUL.SHF,20260410,1044.56,1052.76,1043.34,1045.62,1037.0,5.98,0.5766634522661523,51.0,5336.658
AUL.SHF,20260413,1035.08,1045.78,1034.96,1041.2,1045.62,-5.2,-0.4973125992234273,342.0,35578.404
AUL.SHF,20260414,1041.9,1046.22,1040.02,1045.96,1041.2,5.66,0.5436035343834037,69.0,7194.03
AUL.SHF,20260415,1049.96,1060.8,1049.96,1058.5,1045.96,15.9,1.5201346131783242,27.0,2854.902
AUL.SHF,20260416,1056.74,1062.18,1052.48,1059.94,1056.62,1.5,0.14196210558195002,833.0,88141.602
AUL.SHF,20260417,1059.18,1059.9,1048.7,1052.3,1059.94,-5.82,-0.5490876842085401,1136.0,119681.112
AUL.SHF,20260420,1063.32,1073.0,1047.84,1053.18,1052.3,-0.34,-0.03231017770597738,2036.0,216147.266
AUL.SHF,20260421,1054.0,1059.0,1050.0,1050.32,1053.18,-11.3,-1.0729409977401774,819.0,86385.686
AUL.SHF,20260422,1051.22,1053.86,1036.38,1050.22,1050.32,-4.54,-0.4322492192855511,1528.0,159828.654
AUL.SHF,20260423,1046.5,1048.56,1034.98,1039.38,1050.22,-6.6,-0.6284397554798041,1579.0,164595.634
AUL.SHF,20260424,1043.96,1044.26,1030.0,1031.44,1039.38,-10.96,-1.0544747830437375,4480.0,464102.104
AUL.SHF,20260427,1034.82,1043.8,1033.52,1037.52,1031.44,1.58,0.1531838982393547,2963.0,307451.446
AUL.SHF,20260428,1035.12,1035.12,1018.98,1021.1,1037.52,-16.52,-1.59225846248747,1153.0,118611.524
AUL.SHF,20260429,1015.9,1015.9,1006.6,1010.84,1021.1,-17.88,-1.7510527862109488,883.0,89311.136
AUL.SHF,20260430,1003.78,1012.5,994.74,1009.04,1010.84,-2.4,-0.23742629891971034,451.0,45296.696
AUL.SHF,20260506,1014.72,1026.16,1014.72,1026.16,1009.04,21.8,2.160469357012606,87.0,8882.586
AUL.SHF,20260507,1032.22,1036.0,1027.96,1036.0,1026.16,15.02,1.4637093630622904,129.0,13332.132
AUL.SHF,20260508,1040.0,1043.58,1032.98,1037.74,1036.0,4.26,0.4111969111969112,336.0,34926.366
AUL.SHF,20260511,1030.96,1030.96,1030.96,1030.96,1037.74,-8.5,-0.8190876327403781,0.0,0.0
AUL.SHF,20260512,1030.96,1030.96,1030.96,1030.96,1030.96,0.0,0.0,0.0,0.0
AUL.SHF,20260513,1003.52,1030.98,1000.28,1030.98,1030.96,0.02,0.0019399394738884145,51.0,5222.706
AUL.SHF,20260514,1025.0,1025.0,1025.0,1025.0,1030.98,0.94,0.09117538652544181,3.0,307.5
AUL.SHF,20260515,1025.0,1025.0,1025.0,1025.0,1025.0,0.0,0.0,0.0,0.0
AUL.SHF,20260518,999.62,1004.5,987.7,999.8,1004.38,-15.16,-1.5093888767199666,243427.0,24286445.1
AUL.SHF,20260519,1003.26,1006.6,995.84,999.58,999.8,1.9,0.1900380076015203,178598.0,17870650.204
AUL.SHF,20260520,998.74,998.74,830.52,983.92,999.58,-16.68,-1.6687008543588306,216716.0,21394813.736
AUL.SHF,20260521,987.86,1002.78,981.7,992.74,983.92,5.52,0.561021221237499,168120.0,16700458.432
AUL.SHF,20260522,988.98,999.5,986.0,993.34,992.74,-0.02,-0.002014626186111167,125657.0,12460664.262
AUL.SHF,20260525,992.16,1002.76,985.34,998.7,993.34,7.06,0.7107334850101676,111305.0,11063865.504
AUL.SHF,20260526,999.72,1002.08,990.52,991.78,998.7,-2.22,-0.2222889756683689,66788.0,6654783.754
AUL.SHF,20260527,988.8,991.74,979.52,980.5,991.78,-15.9,-1.6031781241807659,58600.0,5776964.228
AUL.SHF,20260528,972.78,973.66,956.0,957.72,980.5,-28.1,-2.8658847526772058,63264.0,6102954.294
AUL.SHF,20260529,965.14,986.98,964.68,985.26,957.72,20.58,2.1488535271269265,43400.0,4242372.362
AUL.SHF,20260601,984.88,999.8,980.02,981.0,985.26,3.5,0.3552361813125469,3785.0,374141.634
AUL.SHF,20260602,981.0,987.66,969.84,987.36,981.0,-1.12,-0.11416921508664629,4020.0,393593.256
AUL.SHF,20260603,983.8,984.56,971.9,973.74,987.36,-5.34,-0.5408361691784151,1536.0,150033.108
AUL.SHF,20260604,973.92,976.94,966.76,974.52,973.74,-2.24,-0.23004087333374415,2277.0,221803.806
AUL.SHF,20260605,982.2,984.04,966.0,970.7,974.52,-3.4,-0.3488897098058531,3657.0,356066.964
