ts_code,trade_date,open,high,low,close,pre_close,change,pct_chg,vol,amount
RBL.SHF,20200102,3764.0,3780.0,3741.0,3742.0,3782.0,-54.0,-1.4278159703860391,33918.0,127562.814
RBL.SHF,20200103,3748.0,3752.0,3739.0,3750.0,3742.0,-10.0,-0.26723677177979693,17550.0,65772.09
RBL.SHF,20200106,3750.0,3766.0,3748.0,3750.0,3750.0,3.0,0.08,18570.0,69736.2
RBL.SHF,20200107,3747.0,3758.0,3743.0,3748.0,3750.0,-7.0,-0.18666666666666668,9090.0,34073.79
RBL.SHF,20200108,3750.0,3767.0,3748.0,3761.0,3748.0,13.0,0.3468516542155816,7800.0,29320.65
RBL.SHF,20200109,3761.0,3779.0,3755.0,3766.0,3761.0,7.0,0.18612071257644244,7410.0,27895.62
RBL.SHF,20200110,3768.0,3890.0,3768.0,3881.0,3766.0,117.0,3.106744556558683,12660.0,48724.95
RBL.SHF,20200113,3873.0,3873.0,3778.0,3801.0,3881.0,-47.0,-1.2110280855449627,1470.0,5641.05
RBL.SHF,20200114,3802.0,3925.0,3785.0,3925.0,3801.0,88.0,2.3151802157327017,1080.0,4194.75
RBL.SHF,20200115,3910.0,3990.0,3770.0,3770.0,3925.0,-114.0,-2.9044585987261144,1290.0,4999.5
RBL.SHF,20200116,3700.0,3701.0,3665.0,3671.0,3770.0,-14.0,-0.3713527851458886,98.0,360.846
RBL.SHF,20200117,3695.0,3702.0,3672.0,3691.0,3671.0,9.0,0.2451648052301825,151.0,556.641
RBL.SHF,20200120,3677.0,3710.0,3672.0,3694.0,3691.0,8.0,0.2167434299647792,180.0,665.992
RBL.SHF,20200121,3653.0,3727.0,3652.0,3702.0,3694.0,3.0,0.08121277747698971,99.0,364.901
RBL.SHF,20200122,3719.0,3719.0,3620.0,3679.0,3702.0,-6.0,-0.1620745542949757,59.0,216.235
RBL.SHF,20200123,3668.0,3668.0,3586.0,3620.0,3679.0,-45.0,-1.2231584669747215,35.0,126.934
RBL.SHF,20200203,3390.0,3440.0,3335.0,3335.0,3620.0,-291.0,-8.03867403314917,100.0,337.436
RBL.SHF,20200204,3300.0,3390.0,3300.0,3350.0,3335.0,-24.0,-0.7196401799100449,240.0,804.57
RBL.SHF,20200205,3360.0,3380.0,3360.0,3380.0,3350.0,28.0,0.835820895522388,150.0,505.8
RBL.SHF,20200206,3371.0,3380.0,3301.0,3370.0,3380.0,-2.0,-0.0591715976331361,330.0,1111.44
RBL.SHF,20200207,3368.0,3368.0,3368.0,3368.0,3370.0,0.0,0.0,0.0,0.0
RBL.SHF,20200210,3380.0,3380.0,3380.0,3380.0,3368.0,12.0,0.35629453681710216,90.0,304.2
RBL.SHF,20200211,3380.0,3380.0,3380.0,3380.0,3380.0,0.0,0.0,30.0,101.4
RBL.SHF,20200212,3380.0,3380.0,3380.0,3380.0,3380.0,0.0,0.0,150.0,507.0
RBL.SHF,20200213,3380.0,3380.0,3380.0,3380.0,3380.0,0.0,0.0,0.0,0.0
RBL.SHF,20200214,3378.0,3378.0,3378.0,3378.0,3380.0,-2.0,-0.0591715976331361,30.0,101.34
RBL.SHF,20200217,3378.0,3378.0,3378.0,3378.0,3378.0,0.0,0.0,0.0,0.0
RBL.SHF,20200218,3394.0,3394.0,3363.0,3369.0,3378.0,-18.0,-0.5328596802841918,527.0,1784.187
RBL.SHF,20200219,3367.0,3378.0,3362.0,3365.0,3369.0,-20.0,-0.5936479667557139,554.0,1869.636
RBL.SHF,20200220,3366.0,3416.0,3365.0,3413.0,3365.0,39.0,1.1589895988112928,934.0,3175.458
RBL.SHF,20200221,3421.0,3433.0,3389.0,3428.0,3413.0,29.0,0.849692352768825,230.0,787.334
RBL.SHF,20200224,3486.0,3486.0,3342.0,3460.0,3428.0,37.0,1.0793465577596266,336.0,1159.565
RBL.SHF,20200225,3449.0,3485.0,3449.0,3485.0,3460.0,34.0,0.9826589595375723,276.0,958.78
RBL.SHF,20200226,3522.0,3522.0,3441.0,3468.0,3485.0,-5.0,-0.1434720229555237,371.0,1284.163
RBL.SHF,20200227,3517.0,3517.0,3400.0,3400.0,3468.0,-61.0,-1.7589388696655135,100.0,345.862
RBL.SHF,20200228,3376.0,3463.0,3300.0,3400.0,3400.0,-58.0,-1.7058823529411766,239.0,810.316
RBL.SHF,20200302,3411.0,3431.0,3411.0,3431.0,3400.0,41.0,1.2058823529411764,300.0,1025.1
RBL.SHF,20200303,3431.0,3431.0,3431.0,3431.0,3431.0,14.0,0.40804430195278346,0.0,0.0
RBL.SHF,20200304,3450.0,3480.0,3440.0,3480.0,3431.0,49.0,1.428155056834742,540.0,1867.23
RBL.SHF,20200305,3472.0,3480.0,3468.0,3473.0,3480.0,16.0,0.45977011494252873,570.0,1978.89
RBL.SHF,20200306,3450.0,3470.0,3450.0,3470.0,3473.0,-1.0,-0.028793550244745177,240.0,831.84
RBL.SHF,20200309,3450.0,3450.0,3401.0,3401.0,3470.0,-65.0,-1.8731988472622478,120.0,412.53
RBL.SHF,20200310,3460.0,3470.0,3460.0,3470.0,3401.0,33.0,0.9703028521023229,60.0,207.9
RBL.SHF,20200311,3470.0,3486.0,3401.0,3486.0,3470.0,21.0,0.6051873198847263,90.0,310.71
RBL.SHF,20200312,3488.0,3488.0,3486.0,3486.0,3486.0,34.0,0.9753298909925416,420.0,1464.18
RBL.SHF,20200313,3450.0,3460.0,3440.0,3450.0,3486.0,-36.0,-1.0327022375215147,300.0,1035.6
RBL.SHF,20200316,3550.0,3550.0,3500.0,3500.0,3450.0,48.0,1.391304347826087,90.0,316.5
RBL.SHF,20200317,3544.0,3546.0,3483.0,3496.0,3500.0,-30.0,-0.8571428571428572,141.0,495.273
RBL.SHF,20200318,3517.0,3537.0,3488.0,3488.0,3496.0,-24.0,-0.6864988558352403,443.0,1555.125
RBL.SHF,20200319,3485.0,3485.0,3311.0,3450.0,3488.0,-60.0,-1.7201834862385321,442.0,1516.983
RBL.SHF,20200320,3524.0,3524.0,3417.0,3438.0,3450.0,6.0,0.17391304347826086,317.0,1090.732
RBL.SHF,20200323,3380.0,3422.0,3350.0,3379.0,3438.0,-61.0,-1.7742873763816174,229.0,776.859
RBL.SHF,20200324,3417.0,3433.0,3361.0,3397.0,3379.0,5.0,0.1479727730097662,136.0,459.787
RBL.SHF,20200325,3447.0,3447.0,3401.0,3441.0,3397.0,61.0,1.7957020900794818,31.0,106.102
RBL.SHF,20200326,3433.0,3451.0,3433.0,3445.0,3441.0,23.0,0.6684103458297006,317.0,1092.242
RBL.SHF,20200327,3432.0,3448.0,3432.0,3435.0,3445.0,-10.0,-0.29027576197387517,135.0,464.188
RBL.SHF,20200330,3400.0,3420.0,3380.0,3410.0,3435.0,-28.0,-0.8151382823871907,840.0,2850.882
RBL.SHF,20200331,3410.0,3533.0,3296.0,3297.0,3410.0,-96.0,-2.8152492668621703,30.0,102.936
RBL.SHF,20200401,3297.0,3353.0,3297.0,3353.0,3297.0,-78.0,-2.3657870791628755,31.0,103.887
RBL.SHF,20200402,3290.0,3333.0,3260.0,3310.0,3353.0,-41.0,-1.2227855651655235,390.0,1287.03
RBL.SHF,20200403,3300.0,3300.0,3292.0,3292.0,3310.0,-8.0,-0.2416918429003021,90.0,296.76
RBL.SHF,20200407,3322.0,3322.0,3322.0,3322.0,3292.0,25.0,0.7594167679222357,30.0,99.66
RBL.SHF,20200408,3322.0,3325.0,3322.0,3325.0,3322.0,3.0,0.09030704394942805,60.0,199.41
RBL.SHF,20200409,3326.0,3326.0,3326.0,3326.0,3325.0,3.0,0.09022556390977443,0.0,0.0
RBL.SHF,20200410,3450.0,3450.0,3450.0,3450.0,3326.0,124.0,3.7282020444978956,30.0,103.5
RBL.SHF,20200413,3450.0,3450.0,3450.0,3450.0,3450.0,0.0,0.0,120.0,414.0
RBL.SHF,20200414,3470.0,3470.0,3470.0,3470.0,3450.0,20.0,0.5797101449275363,60.0,208.2
RBL.SHF,20200415,3420.0,3420.0,3420.0,3420.0,3470.0,-50.0,-1.440922190201729,240.0,820.8
RBL.SHF,20200416,3518.0,3557.0,3509.0,3540.0,3420.0,12.0,0.3508771929824561,97787.0,345542.821
RBL.SHF,20200417,3541.0,3586.0,3527.0,3542.0,3540.0,9.0,0.2542372881355932,98475.0,350178.784
RBL.SHF,20200420,3560.0,3570.0,3526.0,3533.0,3542.0,-23.0,-0.6493506493506493,62450.0,221189.624
RBL.SHF,20200421,3520.0,3524.0,3487.0,3507.0,3533.0,-34.0,-0.9623549391452024,86234.0,302127.364
RBL.SHF,20200422,3490.0,3537.0,3480.0,3537.0,3507.0,34.0,0.9694895922440833,51709.0,181301.755
RBL.SHF,20200423,3537.0,3550.0,3500.0,3503.0,3537.0,-3.0,-0.08481764206955046,44473.0,156782.405
RBL.SHF,20200424,3482.0,3526.0,3482.0,3517.0,3503.0,-8.0,-0.22837567799029404,25837.0,90754.184
RBL.SHF,20200427,3527.0,3534.0,3504.0,3513.0,3517.0,1.0,0.028433323855558714,32936.0,115860.786
RBL.SHF,20200428,3510.0,3518.0,3473.0,3492.0,3513.0,-25.0,-0.7116424708226587,31291.0,109271.465
RBL.SHF,20200429,3490.0,3505.0,3478.0,3486.0,3492.0,-6.0,-0.1718213058419244,19165.0,66896.921
RBL.SHF,20200430,3493.0,3549.0,3492.0,3524.0,3486.0,34.0,0.9753298909925416,17091.0,59937.118
RBL.SHF,20200506,3545.0,3560.0,3526.0,3559.0,3524.0,53.0,1.5039727582292848,3434.0,12171.24
RBL.SHF,20200507,3560.0,3588.0,3560.0,3587.0,3559.0,43.0,1.2082045518404048,4740.0,16942.41
RBL.SHF,20200508,3587.0,3603.0,3532.0,3536.0,3587.0,-38.0,-1.0593810984109284,7830.0,27994.8
RBL.SHF,20200511,3533.0,3540.0,3405.0,3407.0,3536.0,-168.0,-4.751131221719457,3870.0,13392.12
RBL.SHF,20200512,3378.0,3444.0,3371.0,3428.0,3407.0,-32.0,-0.9392427355444672,3060.0,10404.81
RBL.SHF,20200513,3425.0,3438.0,3402.0,3419.0,3428.0,19.0,0.5542590431738623,420.0,1435.98
RBL.SHF,20200514,3420.0,3420.0,3406.0,3406.0,3419.0,-13.0,-0.38022813688212925,120.0,409.83
RBL.SHF,20200515,3390.0,3430.0,3373.0,3400.0,3406.0,-15.0,-0.4403992953611274,270.0,917.88
RBL.SHF,20200518,3508.0,3576.0,3490.0,3551.0,3400.0,44.0,1.2941176470588236,219.0,774.047
RBL.SHF,20200519,3591.0,3591.0,3500.0,3577.0,3551.0,43.0,1.210926499577584,117.0,415.676
RBL.SHF,20200520,3533.0,3555.0,3512.0,3530.0,3577.0,-22.0,-0.6150405367626502,35.0,123.551
RBL.SHF,20200521,3555.0,3599.0,3533.0,3570.0,3530.0,40.0,1.13314447592068,60.0,213.213
RBL.SHF,20200522,3602.0,3653.0,3549.0,3613.0,3570.0,60.0,1.680672268907563,53.0,190.799
RBL.SHF,20200525,3648.0,3648.0,3586.0,3597.0,3613.0,-2.0,-0.05535566011624688,22.0,79.196
RBL.SHF,20200526,3558.0,3594.0,3558.0,3560.0,3597.0,-39.0,-1.084236864053378,55.0,196.277
RBL.SHF,20200527,3511.0,3540.0,3500.0,3504.0,3560.0,-64.0,-1.7977528089887642,23.0,80.604
RBL.SHF,20200528,3480.0,3505.0,3401.0,3430.0,3504.0,-74.0,-2.1118721461187215,48.0,164.555
RBL.SHF,20200529,3376.0,3600.0,3376.0,3444.0,3430.0,16.0,0.46647230320699706,88.0,308.39
RBL.SHF,20200601,3504.0,3504.0,3504.0,3504.0,3444.0,0.0,0.0,0.0,0.0
RBL.SHF,20200602,3550.0,3585.0,3490.0,3585.0,3504.0,81.0,2.3116438356164384,420.0,1485.63
RBL.SHF,20200603,3537.0,3537.0,3537.0,3537.0,3585.0,0.0,0.0,0.0,0.0
RBL.SHF,20200604,3537.0,3537.0,3537.0,3537.0,3537.0,0.0,0.0,0.0,0.0
RBL.SHF,20200605,3537.0,3537.0,3537.0,3537.0,3537.0,0.0,0.0,0.0,0.0
RBL.SHF,20200608,3600.0,3600.0,3600.0,3600.0,3537.0,63.0,1.7811704834605597,0.0,0.0
RBL.SHF,20200609,3600.0,3600.0,3600.0,3600.0,3600.0,0.0,0.0,0.0,0.0
RBL.SHF,20200610,3600.0,3600.0,3600.0,3600.0,3600.0,0.0,0.0,0.0,0.0
RBL.SHF,20200611,3600.0,3600.0,3600.0,3600.0,3600.0,0.0,0.0,0.0,0.0
RBL.SHF,20200612,3600.0,3600.0,3600.0,3600.0,3600.0,0.0,0.0,0.0,0.0
RBL.SHF,20200615,3600.0,3600.0,3600.0,3600.0,3600.0,0.0,0.0,0.0,0.0
RBL.SHF,20200616,3724.0,3727.0,3662.0,3693.0,3600.0,9.0,0.25,53.0,196.439
RBL.SHF,20200617,3693.0,3717.0,3679.0,3702.0,3693.0,-4.0,-0.1083130246412131,46.0,169.921
RBL.SHF,20200618,3837.0,3837.0,3699.0,3714.0,3702.0,21.0,0.5672609400324149,33.0,123.288
RBL.SHF,20200619,3718.0,3740.0,3706.0,3712.0,3714.0,-24.0,-0.6462035541195477,60.0,223.219
RBL.SHF,20200622,3701.0,3729.0,3694.0,3719.0,3712.0,-1.0,-0.02693965517241379,89.0,331.032
RBL.SHF,20200623,3720.0,3746.0,3719.0,3746.0,3719.0,27.0,0.7260016133369185,94.0,350.103
RBL.SHF,20200624,3740.0,3750.0,3715.0,3725.0,3746.0,1.0,0.026695141484249865,70.0,261.33
RBL.SHF,20200629,3660.0,3721.0,3660.0,3680.0,3725.0,-53.0,-1.4228187919463087,222.0,815.969
RBL.SHF,20200630,3677.0,3868.0,3585.0,3798.0,3680.0,123.0,3.342391304347826,148.0,547.59
RBL.SHF,20200701,3670.0,3670.0,3640.0,3640.0,3798.0,-59.0,-1.5534491837809372,210.0,767.55
RBL.SHF,20200702,3655.0,3655.0,3655.0,3655.0,3640.0,0.0,0.0,0.0,0.0
RBL.SHF,20200703,3655.0,3655.0,3655.0,3655.0,3655.0,0.0,0.0,0.0,0.0
RBL.SHF,20200706,3655.0,3655.0,3655.0,3655.0,3655.0,0.0,0.0,0.0,0.0
RBL.SHF,20200707,3655.0,3655.0,3655.0,3655.0,3655.0,0.0,0.0,0.0,0.0
RBL.SHF,20200708,3630.0,3634.0,3630.0,3633.0,3655.0,-22.0,-0.6019151846785226,90.0,326.91
RBL.SHF,20200709,3660.0,3660.0,3660.0,3660.0,3633.0,28.0,0.7707129094412332,180.0,658.8
RBL.SHF,20200710,3620.0,3620.0,3620.0,3620.0,3660.0,-40.0,-1.092896174863388,30.0,108.6
RBL.SHF,20200713,3651.0,3651.0,3651.0,3651.0,3620.0,31.0,0.8563535911602209,0.0,0.0
RBL.SHF,20200714,3651.0,3651.0,3651.0,3651.0,3651.0,0.0,0.0,0.0,0.0
RBL.SHF,20200715,3651.0,3651.0,3651.0,3651.0,3651.0,0.0,0.0,0.0,0.0
RBL.SHF,20200716,3694.0,3714.0,3683.0,3687.0,3651.0,-19.0,-0.5204053683922213,18.0,66.514
RBL.SHF,20200717,3687.0,3688.0,3660.0,3688.0,3687.0,-7.0,-0.18985625169514508,7.0,25.731
RBL.SHF,20200720,3712.0,3728.0,3686.0,3698.0,3688.0,23.0,0.6236442516268981,24.0,88.974
RBL.SHF,20200721,3720.0,3725.0,3704.0,3717.0,3698.0,10.0,0.2704164413196322,11.0,40.906
RBL.SHF,20200722,3686.0,3797.0,3686.0,3773.0,3717.0,55.0,1.4796879203658864,98.0,367.924
RBL.SHF,20200723,3786.0,3804.0,3786.0,3798.0,3773.0,44.0,1.1661807580174928,10.0,37.962
RBL.SHF,20200724,3799.0,3799.0,3783.0,3784.0,3798.0,-12.0,-0.315955766192733,5.0,18.941
RBL.SHF,20200727,3798.0,3839.0,3785.0,3785.0,3784.0,-3.0,-0.07928118393234672,8.0,30.475
RBL.SHF,20200728,3820.0,3846.0,3814.0,3816.0,3785.0,7.0,0.18494055482166447,12.0,45.918
RBL.SHF,20200729,3817.0,3840.0,3817.0,3840.0,3816.0,14.0,0.3668763102725367,5.0,19.157
RBL.SHF,20200730,3865.0,3885.0,3788.0,3789.0,3840.0,-42.0,-1.09375,53.0,203.31
RBL.SHF,20200731,3811.0,3967.0,3660.0,3660.0,3789.0,-176.0,-4.645025072578517,100.0,380.293
RBL.SHF,20200803,3780.0,3780.0,3780.0,3780.0,3660.0,-22.0,-0.6010928961748634,61.0,230.58
RBL.SHF,20200804,3775.0,3775.0,3750.0,3750.0,3780.0,-30.0,-0.7936507936507936,570.0,2149.5
RBL.SHF,20200805,3771.0,3771.0,3771.0,3771.0,3750.0,0.0,0.0,0.0,0.0
RBL.SHF,20200806,3771.0,3771.0,3771.0,3771.0,3771.0,0.0,0.0,0.0,0.0
RBL.SHF,20200807,3771.0,3771.0,3771.0,3771.0,3771.0,0.0,0.0,0.0,0.0
RBL.SHF,20200810,3771.0,3771.0,3771.0,3771.0,3771.0,0.0,0.0,0.0,0.0
RBL.SHF,20200811,3760.0,3760.0,3760.0,3760.0,3771.0,-11.0,-0.2916998143728454,30.0,112.8
RBL.SHF,20200812,3718.0,3718.0,3718.0,3718.0,3760.0,-42.0,-1.1170212765957448,30.0,111.54
RBL.SHF,20200813,3718.0,3718.0,3718.0,3718.0,3718.0,0.0,0.0,0.0,0.0
RBL.SHF,20200814,3718.0,3718.0,3718.0,3718.0,3718.0,0.0,0.0,0.0,0.0
RBL.SHF,20200817,3718.0,3718.0,3718.0,3718.0,3718.0,0.0,0.0,0.0,0.0
RBL.SHF,20200818,3780.0,3800.0,3777.0,3796.0,3718.0,26.0,0.6993006993006993,830.0,3147.216
RBL.SHF,20200819,3785.0,3806.0,3750.0,3750.0,3796.0,-41.0,-1.0800842992623814,588.0,2218.348
RBL.SHF,20200820,3741.0,3748.0,3714.0,3727.0,3750.0,-45.0,-1.2,866.0,3228.958
RBL.SHF,20200821,3748.0,3748.0,3721.0,3729.0,3727.0,1.0,0.026831231553528307,196.0,732.532
RBL.SHF,20200824,3745.0,3759.0,3732.0,3752.0,3729.0,15.0,0.4022526146419952,981.0,3677.621
RBL.SHF,20200825,3760.0,3770.0,3730.0,3733.0,3752.0,-15.0,-0.39978678038379534,1171.0,4386.891
RBL.SHF,20200826,3738.0,3741.0,3730.0,3737.0,3733.0,-9.0,-0.24109295472810074,129.0,481.69
RBL.SHF,20200827,3746.0,3754.0,3720.0,3721.0,3737.0,-13.0,-0.34787262510034783,407.0,1520.361
RBL.SHF,20200828,3730.0,3746.0,3710.0,3746.0,3721.0,11.0,0.29561945713517873,457.0,1702.874
RBL.SHF,20200831,3783.0,3887.0,3670.0,3755.0,3746.0,29.0,0.7741591030432461,372.0,1403.742
RBL.SHF,20200901,3760.0,3760.0,3760.0,3760.0,3755.0,-13.0,-0.34620505992010653,32.0,120.32
RBL.SHF,20200902,3765.0,3765.0,3750.0,3750.0,3760.0,-10.0,-0.26595744680851063,60.0,225.45
RBL.SHF,20200903,3815.0,3815.0,3815.0,3815.0,3750.0,58.0,1.5466666666666666,90.0,343.35
RBL.SHF,20200904,3750.0,3780.0,3750.0,3780.0,3815.0,-35.0,-0.9174311926605505,150.0,564.84
RBL.SHF,20200907,3780.0,3780.0,3775.0,3775.0,3780.0,10.0,0.26455026455026454,150.0,566.7
RBL.SHF,20200908,3778.0,3778.0,3778.0,3778.0,3775.0,0.0,0.0,0.0,0.0
RBL.SHF,20200909,3771.0,3771.0,3771.0,3771.0,3778.0,-7.0,-0.18528321863419797,0.0,0.0
RBL.SHF,20200910,3710.0,3710.0,3710.0,3710.0,3771.0,-61.0,-1.6176080615221429,30.0,111.3
RBL.SHF,20200911,3730.0,3730.0,3725.0,3729.0,3710.0,19.0,0.5121293800539084,540.0,2013.6
RBL.SHF,20200914,3948.0,3948.0,3748.0,3748.0,3729.0,20.0,0.5363368195226602,60.0,230.88
RBL.SHF,20200915,3720.0,3720.0,3690.0,3690.0,3748.0,-158.0,-4.215581643543223,210.0,778.23
RBL.SHF,20200916,3700.0,3703.0,3658.0,3673.0,3690.0,-47.0,-1.2737127371273713,69411.0,255454.767
RBL.SHF,20200917,3687.0,3687.0,3635.0,3647.0,3673.0,-33.0,-0.8984481350394773,55020.0,201533.703
RBL.SHF,20200918,3645.0,3686.0,3645.0,3672.0,3647.0,10.0,0.2741979709350151,42468.0,155863.169
RBL.SHF,20200921,3672.0,3675.0,3597.0,3608.0,3672.0,-62.0,-1.6884531590413945,53955.0,195759.108
RBL.SHF,20200922,3608.0,3625.0,3580.0,3614.0,3608.0,-14.0,-0.3880266075388027,38719.0,139677.953
RBL.SHF,20200923,3617.0,3640.0,3592.0,3622.0,3614.0,15.0,0.41505257332595463,39259.0,142047.563
RBL.SHF,20200924,3617.0,3639.0,3617.0,3628.0,3622.0,10.0,0.27609055770292656,25849.0,93820.79
RBL.SHF,20200925,3635.0,3637.0,3611.0,3611.0,3628.0,-18.0,-0.4961411245865491,27557.0,99874.198
RBL.SHF,20200928,3610.0,3633.0,3596.0,3627.0,3611.0,3.0,0.08307947936859596,36706.0,132784.457
RBL.SHF,20200929,3627.0,3630.0,3605.0,3620.0,3627.0,3.0,0.0827129859387924,24176.0,87371.11
RBL.SHF,20200930,3621.0,3628.0,3591.0,3607.0,3620.0,-6.0,-0.16574585635359115,40835.0,147540.368
RBL.SHF,20201009,3650.0,3650.0,3617.0,3638.0,3607.0,25.0,0.6930967563071805,12969.0,47178.834
RBL.SHF,20201012,3636.0,3650.0,3600.0,3610.0,3638.0,-27.0,-0.7421660252886202,10980.0,39772.77
RBL.SHF,20201013,3610.0,3635.0,3595.0,3630.0,3610.0,8.0,0.221606648199446,2130.0,7709.19
RBL.SHF,20201014,3620.0,3630.0,3611.0,3625.0,3630.0,6.0,0.1652892561983471,1800.0,6519.24
RBL.SHF,20201015,3629.0,3645.0,3610.0,3645.0,3625.0,24.0,0.6620689655172414,1380.0,4996.71
RBL.SHF,20201016,3626.0,3645.0,3564.0,3645.0,3645.0,39.0,1.0699588477366255,150.0,543.345
RBL.SHF,20201019,3659.0,3662.0,3625.0,3631.0,3645.0,9.0,0.24691358024691357,163.0,593.846
RBL.SHF,20201020,3663.0,3668.0,3602.0,3660.0,3631.0,17.0,0.468190581107133,157.0,572.149
RBL.SHF,20201021,3647.0,3660.0,3647.0,3660.0,3660.0,16.0,0.4371584699453552,59.0,215.755
RBL.SHF,20201022,3660.0,3684.0,3653.0,3673.0,3660.0,17.0,0.46448087431693985,81.0,296.905
RBL.SHF,20201023,3680.0,3695.0,3627.0,3628.0,3673.0,-37.0,-1.0073509392866866,193.0,709.925
RBL.SHF,20201026,3570.0,3689.0,3570.0,3611.0,3628.0,-67.0,-1.846747519294377,126.0,458.0
RBL.SHF,20201027,3637.0,3637.0,3620.0,3625.0,3611.0,-11.0,-0.3046247576848518,14.0,51.0
RBL.SHF,20201028,3636.0,3685.0,3624.0,3685.0,3625.0,55.0,1.5172413793103448,123.0,450.0
RBL.SHF,20201029,3635.0,3720.0,3635.0,3705.0,3685.0,48.0,1.3025780189959293,268.0,988.0
RBL.SHF,20201030,3712.0,3820.0,3707.0,3820.0,3705.0,133.0,3.5897435897435894,79.0,296.0
RBL.SHF,20201102,3680.0,3770.0,3680.0,3770.0,3820.0,22.0,0.5759162303664921,90.0,336.0
RBL.SHF,20201103,3736.0,3790.0,3736.0,3790.0,3770.0,57.0,1.5119363395225465,90.0,338.0
RBL.SHF,20201104,3554.0,3756.0,3554.0,3756.0,3790.0,-2.0,-0.05277044854881266,120.0,439.0
RBL.SHF,20201105,3712.0,3712.0,3712.0,3712.0,3756.0,57.0,1.5175718849840254,0.0,0.0
RBL.SHF,20201106,3712.0,3810.0,3712.0,3810.0,3712.0,98.0,2.6400862068965516,90.0,337.0
RBL.SHF,20201109,3744.0,3744.0,3744.0,3744.0,3810.0,0.0,0.0,0.0,0.0
RBL.SHF,20201110,3744.0,3744.0,3744.0,3744.0,3744.0,0.0,0.0,0.0,0.0
RBL.SHF,20201111,3968.0,3968.0,3968.0,3968.0,3744.0,224.0,5.982905982905983,30.0,119.0
RBL.SHF,20201112,3968.0,3968.0,3968.0,3968.0,3968.0,0.0,0.0,0.0,0.0
RBL.SHF,20201113,3968.0,3968.0,3968.0,3968.0,3968.0,0.0,0.0,0.0,0.0
RBL.SHF,20201116,3968.0,3968.0,3968.0,3968.0,3968.0,0.0,0.0,0.0,0.0
RBL.SHF,20201117,4020.0,4105.0,4020.0,4100.0,3968.0,50.0,1.2600806451612903,159.0,651.0
RBL.SHF,20201118,4100.0,4100.0,4080.0,4094.0,4100.0,-3.0,-0.07317073170731707,84.0,344.0
RBL.SHF,20201119,4127.0,4127.0,4094.0,4100.0,4094.0,11.0,0.268685881778212,124.0,509.989
RBL.SHF,20201120,4100.0,4125.0,4100.0,4125.0,4100.0,13.0,0.3170731707317073,87.0,358.0
RBL.SHF,20201123,4120.0,4135.0,4040.0,4056.0,4125.0,-63.0,-1.5272727272727273,188.0,771.0
RBL.SHF,20201124,4063.0,4081.0,4063.0,4081.0,4056.0,-19.0,-0.4684418145956607,6.0,24.0
RBL.SHF,20201125,4121.0,4175.0,4071.0,4071.0,4081.0,0.0,0.0,126.0,515.0
RBL.SHF,20201126,4152.0,4152.0,4007.0,4040.0,4071.0,-44.0,-1.0808155244411692,155.0,628.317
RBL.SHF,20201127,4054.0,4160.0,4010.0,4014.0,4040.0,-39.0,-0.9653465346534653,351.0,1425.294
RBL.SHF,20201130,4014.0,4263.0,3983.0,4258.0,4014.0,198.0,4.932735426008969,235.0,985.713
RBL.SHF,20201201,4258.0,4258.0,4258.0,4258.0,4258.0,64.0,1.5030530765617662,30.0,127.74
RBL.SHF,20201202,4258.0,4258.0,4258.0,4258.0,4258.0,0.0,0.0,0.0,0.0
RBL.SHF,20201203,4258.0,4258.0,4258.0,4258.0,4258.0,0.0,0.0,0.0,0.0
RBL.SHF,20201204,4258.0,4258.0,4258.0,4258.0,4258.0,0.0,0.0,0.0,0.0
RBL.SHF,20201207,4258.0,4258.0,4258.0,4258.0,4258.0,0.0,0.0,0.0,0.0
RBL.SHF,20201208,4258.0,4258.0,4258.0,4258.0,4258.0,0.0,0.0,0.0,0.0
RBL.SHF,20201209,4258.0,4258.0,4258.0,4258.0,4258.0,0.0,0.0,0.0,0.0
RBL.SHF,20201210,4400.0,4400.0,4400.0,4400.0,4258.0,142.0,3.3348990136214187,30.0,132.0
RBL.SHF,20201211,4400.0,4400.0,4400.0,4400.0,4400.0,0.0,0.0,0.0,0.0
RBL.SHF,20201214,4400.0,4400.0,4400.0,4400.0,4400.0,0.0,0.0,0.0,0.0
RBL.SHF,20201215,4400.0,4400.0,4400.0,4400.0,4400.0,0.0,0.0,0.0,0.0
RBL.SHF,20201216,4186.0,4230.0,4170.0,4230.0,4400.0,106.0,2.409090909090909,133896.0,562408.0
RBL.SHF,20201217,4239.0,4282.0,4230.0,4263.0,4230.0,63.0,1.4893617021276597,90716.0,386126.0
RBL.SHF,20201218,4293.0,4378.0,4260.0,4376.0,4263.0,120.0,2.8149190710767065,139499.0,603760.0
RBL.SHF,20201221,4366.0,4544.0,4336.0,4544.0,4376.0,216.0,4.93601462522852,146758.0,654743.0
RBL.SHF,20201222,4550.0,4679.0,4410.0,4442.0,4544.0,-19.0,-0.4181338028169014,207250.0,942273.0
RBL.SHF,20201223,4422.0,4470.0,4318.0,4318.0,4442.0,-228.0,-5.132823052678973,116071.0,506842.0
RBL.SHF,20201224,4315.0,4315.0,4236.0,4244.0,4318.0,-122.0,-2.825382121352478,134641.0,574011.0
RBL.SHF,20201225,4240.0,4262.0,4156.0,4258.0,4244.0,-5.0,-0.11781338360037699,75414.0,317448.0
RBL.SHF,20201228,4243.0,4279.0,4182.0,4188.0,4258.0,-21.0,-0.4931892907468295,51755.0,218603.941
RBL.SHF,20201229,4180.0,4221.0,4155.0,4158.0,4188.0,-65.0,-1.5520534861509072,33266.0,139083.78
RBL.SHF,20201230,4160.0,4195.0,4111.0,4193.0,4158.0,13.0,0.3126503126503127,28164.0,117417.0
RBL.SHF,20201231,4190.0,4270.0,4180.0,4213.0,4193.0,44.0,1.0493679942761747,19255.0,81264.272
RBL.SHF,20210104,4300.0,4300.0,4180.0,4234.0,4213.0,14.0,0.3323047709470686,7004.0,29561.16
RBL.SHF,20210105,4217.0,4249.0,4217.0,4233.0,4234.0,13.0,0.30703826169107223,6720.0,28453.0
RBL.SHF,20210106,4233.0,4279.0,4209.0,4232.0,4233.0,-2.0,-0.04724781478856603,5280.0,22344.0
RBL.SHF,20210107,4230.0,4275.0,4215.0,4240.0,4232.0,9.0,0.21266540642722118,3630.0,15408.0
RBL.SHF,20210108,4244.0,4298.0,4244.0,4289.0,4240.0,45.0,1.0613207547169812,2820.0,12042.0
RBL.SHF,20210111,4253.0,4287.0,4187.0,4220.0,4289.0,-50.0,-1.165772907437631,5970.0,25330.0
RBL.SHF,20210112,4206.0,4223.0,4148.0,4192.0,4220.0,-50.0,-1.1848341232227488,2640.0,11032.0
RBL.SHF,20210113,4171.0,4180.0,4132.0,4175.0,4192.0,-3.0,-0.0715648854961832,540.0,2248.0
RBL.SHF,20210114,4160.0,4167.0,4160.0,4165.0,4175.0,2.0,0.04790419161676647,120.0,500.0
RBL.SHF,20210115,4180.0,4260.0,4160.0,4192.0,4165.0,28.0,0.6722689075630253,1320.0,5552.0
RBL.SHF,20210118,4228.0,4255.0,4211.0,4255.0,4192.0,39.0,0.9303435114503816,320.0,1357.0
RBL.SHF,20210119,4252.0,4253.0,4170.0,4170.0,4255.0,-70.0,-1.645123384253819,651.0,2728.0
RBL.SHF,20210120,4176.0,4191.0,4158.0,4180.0,4170.0,-9.0,-0.2158273381294964,178.0,742.0
RBL.SHF,20210121,4179.0,4230.0,4158.0,4229.0,4180.0,61.0,1.4593301435406698,415.0,1740.0
RBL.SHF,20210122,4201.0,4238.0,4163.0,4177.0,4229.0,-15.0,-0.3546937810357058,531.0,2230.0
RBL.SHF,20210125,4160.0,4223.0,4150.0,4166.0,4177.0,-34.0,-0.8139813263107494,258.0,1075.0
RBL.SHF,20210126,4199.0,4217.0,4162.0,4190.0,4166.0,24.0,0.5760921747479597,314.0,1313.383
RBL.SHF,20210127,4172.0,4268.0,4172.0,4268.0,4190.0,86.0,2.052505966587112,565.0,2385.649
RBL.SHF,20210128,4230.0,4256.0,4177.0,4177.0,4268.0,-45.0,-1.0543580131208996,1150.0,4842.186
RBL.SHF,20210129,4170.0,4248.0,4155.0,4160.0,4177.0,-50.0,-1.1970313622216904,582.0,2439.0
RBL.SHF,20210201,4160.0,4160.0,4140.0,4140.0,4160.0,-51.0,-1.2259615384615385,270.0,1119.0
RBL.SHF,20210202,4120.0,4130.0,4060.0,4060.0,4140.0,-83.0,-2.004830917874396,570.0,2340.0
RBL.SHF,20210203,4001.0,4076.0,4001.0,4076.0,4060.0,-29.0,-0.7142857142857143,210.0,842.0
RBL.SHF,20210204,4088.0,4130.0,4088.0,4125.0,4076.0,114.0,2.7968596663395484,360.0,1485.0
RBL.SHF,20210205,4170.0,4170.0,4160.0,4160.0,4125.0,34.0,0.8242424242424242,120.0,499.95
RBL.SHF,20210208,4183.0,4268.0,4181.0,4245.0,4160.0,68.0,1.6346153846153848,1728.0,7330.0
RBL.SHF,20210209,4232.0,4323.0,4229.0,4320.0,4245.0,79.0,1.8610129564193167,1827.0,7820.0
RBL.SHF,20210210,4325.0,4325.0,4263.0,4311.0,4320.0,31.0,0.7175925925925926,450.0,1932.0
RBL.SHF,20210218,4401.0,4440.0,4372.0,4410.0,4311.0,116.0,2.6907909997680353,1298.0,5715.0
RBL.SHF,20210219,4235.0,4475.0,4235.0,4406.0,4410.0,4.0,0.09070294784580499,2485.0,10934.0
RBL.SHF,20210222,4407.0,4564.0,4378.0,4500.0,4406.0,101.0,2.292328642759873,8585.0,38722.0
RBL.SHF,20210223,4475.0,4535.0,4458.0,4469.0,4500.0,-41.0,-0.9111111111111112,3923.0,17650.0
RBL.SHF,20210224,4450.0,4540.0,4427.0,4540.0,4469.0,41.0,0.9174311926605505,7432.0,33529.0
RBL.SHF,20210225,4557.0,4665.0,4545.0,4618.0,4540.0,107.0,2.356828193832599,6148.0,28418.0
RBL.SHF,20210226,4688.0,4688.0,4411.0,4686.0,4618.0,64.0,1.3858813339107838,3549.0,16280.0
RBL.SHF,20210301,4570.0,4600.0,4542.0,4542.0,4686.0,-45.0,-0.9603072983354672,721.0,3290.0
RBL.SHF,20210302,4570.0,4590.0,4560.0,4590.0,4542.0,27.0,0.59445178335535,540.0,2471.0
RBL.SHF,20210303,4748.0,4748.0,4748.0,4748.0,4590.0,173.0,3.769063180827887,30.0,142.0
RBL.SHF,20210304,4700.0,4750.0,4700.0,4748.0,4748.0,0.0,0.0,270.0,1279.0
RBL.SHF,20210305,4700.0,4700.0,4570.0,4580.0,4748.0,-158.0,-3.327716933445661,840.0,3857.0
RBL.SHF,20210308,4700.0,4745.0,4650.0,4650.0,4580.0,58.0,1.2663755458515285,120.0,562.0
RBL.SHF,20210309,4632.0,4660.0,4581.0,4581.0,4650.0,-105.0,-2.258064516129032,420.0,1941.0
RBL.SHF,20210310,4500.0,4510.0,4440.0,4452.0,4581.0,-168.0,-3.6673215455140804,300.0,1343.0
RBL.SHF,20210311,4470.0,4548.0,4410.0,4548.0,4452.0,72.0,1.6172506738544474,600.0,2687.0
RBL.SHF,20210312,4660.0,4660.0,4530.0,4550.0,4548.0,72.0,1.58311345646438,690.0,3173.0
RBL.SHF,20210315,4650.0,4650.0,4500.0,4559.0,4550.0,-39.0,-0.8571428571428572,390.0,1788.0
RBL.SHF,20210316,4734.0,4750.0,4635.0,4660.0,4559.0,-47.0,-1.0309278350515463,277.0,1304.0
RBL.SHF,20210317,4664.0,4740.0,4664.0,4730.0,4660.0,22.0,0.4721030042918455,716.0,3370.0
RBL.SHF,20210318,4704.0,4768.0,4690.0,4710.0,4730.0,4.0,0.08456659619450317,502.0,2379.0
RBL.SHF,20210319,4693.0,4753.0,4675.0,4692.0,4710.0,-47.0,-0.9978768577494692,321.0,1509.0
RBL.SHF,20210322,4696.0,4800.0,4693.0,4700.0,4692.0,-2.0,-0.042625745950554135,434.0,2056.0
RBL.SHF,20210323,4701.0,4720.0,4605.0,4655.0,4700.0,-82.0,-1.7446808510638296,734.0,3430.0
RBL.SHF,20210324,4655.0,4739.0,4634.0,4738.0,4655.0,66.0,1.4178302900107411,587.0,2756.0
RBL.SHF,20210325,4733.0,4768.0,4706.0,4719.0,4738.0,24.0,0.5065428450823132,186.0,883.0
RBL.SHF,20210326,4717.0,4800.0,4717.0,4799.0,4719.0,54.0,1.1443102352193262,569.0,2715.0
RBL.SHF,20210329,4794.0,4887.0,4786.0,4786.0,4799.0,16.0,0.3334027922483851,1139.0,5524.0
RBL.SHF,20210330,4808.0,4847.0,4776.0,4830.0,4786.0,-19.0,-0.3969912244045131,560.0,2700.0
RBL.SHF,20210331,4822.0,4860.0,4728.0,4815.0,4830.0,-5.0,-0.10351966873706005,465.0,2247.261
RBL.SHF,20210401,4870.0,4890.0,4870.0,4890.0,4815.0,58.0,1.2045690550363446,180.0,878.1
RBL.SHF,20210402,4960.0,4960.0,4960.0,4960.0,4890.0,82.0,1.6768916155419225,90.0,446.4
RBL.SHF,20210406,5000.0,5000.0,5000.0,5000.0,4960.0,40.0,0.8064516129032258,30.0,150.0
RBL.SHF,20210407,5000.0,5000.0,5000.0,5000.0,5000.0,0.0,0.0,0.0,0.0
RBL.SHF,20210408,5000.0,5000.0,5000.0,5000.0,5000.0,0.0,0.0,0.0,0.0
RBL.SHF,20210409,5000.0,5000.0,5000.0,5000.0,5000.0,0.0,0.0,0.0,0.0
RBL.SHF,20210412,4930.0,4930.0,4920.0,4920.0,5000.0,-80.0,-1.6,60.0,295.5
RBL.SHF,20210413,5000.0,5030.0,5000.0,5000.0,4920.0,75.0,1.524390243902439,180.0,901.8
RBL.SHF,20210414,5050.0,5050.0,5050.0,5050.0,5000.0,40.0,0.8,30.0,151.5
RBL.SHF,20210415,5030.0,5030.0,5020.0,5020.0,5050.0,-30.0,-0.594059405940594,180.0,903.9
RBL.SHF,20210416,5113.0,5195.0,5109.0,5134.0,5020.0,-1.0,-0.0199203187250996,221725.0,1139329.794
RBL.SHF,20210419,5122.0,5149.0,5080.0,5101.0,5134.0,-37.0,-0.7206856252434749,184109.0,942166.407
RBL.SHF,20210420,5099.0,5175.0,5090.0,5168.0,5101.0,51.0,0.9998039600078416,145623.0,745941.474
RBL.SHF,20210421,5168.0,5189.0,5130.0,5183.0,5168.0,61.0,1.1803405572755417,112483.0,580564.343
RBL.SHF,20210422,5162.0,5212.0,5152.0,5195.0,5183.0,34.0,0.6559907389542736,126335.0,656094.15
RBL.SHF,20210423,5195.0,5250.0,5189.0,5250.0,5195.0,57.0,1.09720885466795,96842.0,504633.42
RBL.SHF,20210426,5235.0,5410.0,5235.0,5354.0,5250.0,144.0,2.742857142857143,130684.0,697336.363
RBL.SHF,20210427,5360.0,5398.0,5336.0,5391.0,5354.0,55.0,1.0272693313410535,58830.0,315719.783
RBL.SHF,20210428,5372.0,5391.0,5305.0,5331.0,5391.0,-35.0,-0.6492301984789464,62738.0,334556.708
RBL.SHF,20210429,5320.0,5415.0,5301.0,5394.0,5331.0,62.0,1.1630088163571564,37536.0,201316.518
RBL.SHF,20210430,5384.0,5404.0,5340.0,5352.0,5394.0,-11.0,-0.2039302929180571,42658.0,228762.745
RBL.SHF,20210506,5352.0,5489.0,5352.0,5483.0,5352.0,121.0,2.260837070254111,7045.0,38467.9
RBL.SHF,20210507,5500.0,5589.0,5459.0,5538.0,5483.0,78.0,1.4225788801750867,7230.0,40145.94
RBL.SHF,20210510,5555.0,5885.0,5549.0,5885.0,5538.0,333.0,6.013001083423618,7380.0,42367.05
RBL.SHF,20210511,6198.0,6198.0,5820.0,5886.0,5885.0,146.0,2.4808836023789294,4320.0,25815.48
RBL.SHF,20210512,5940.0,6050.0,5861.0,6035.0,5886.0,60.0,1.019367991845056,1890.0,11240.46
RBL.SHF,20210513,6030.0,6034.0,5800.0,5800.0,6035.0,-147.0,-2.4357912178956087,300.0,1781.46
RBL.SHF,20210514,5701.0,5701.0,5581.0,5581.0,5800.0,-357.0,-6.155172413793104,570.0,3188.88
RBL.SHF,20210517,5580.0,5580.0,5580.0,5580.0,5581.0,-14.0,-0.250851101953055,0.0,0.0
RBL.SHF,20210518,5536.0,5594.0,5471.0,5499.0,5580.0,-43.0,-0.7706093189964158,291.0,1608.713
RBL.SHF,20210519,5499.0,5499.0,5181.0,5213.0,5499.0,-315.0,-5.728314238952537,1145.0,6159.066
RBL.SHF,20210520,5150.0,5207.0,4965.0,5101.0,5213.0,-278.0,-5.332821791674659,582.0,2943.136
RBL.SHF,20210521,5116.0,5193.0,5067.0,5080.0,5101.0,24.0,0.4704959811801608,415.0,2122.392
RBL.SHF,20210524,5057.0,5074.0,4834.0,4879.0,5080.0,-235.0,-4.625984251968504,961.0,4766.963
RBL.SHF,20210525,4893.0,4959.0,4850.0,4860.0,4879.0,-100.0,-2.0496003279360524,333.0,1635.62
RBL.SHF,20210526,4860.0,4860.0,4640.0,4666.0,4860.0,-245.0,-5.041152263374485,816.0,3858.209
RBL.SHF,20210527,4671.0,4742.0,4629.0,4680.0,4666.0,-48.0,-1.0287183883411917,417.0,1943.052
RBL.SHF,20210528,4720.0,4836.0,4702.0,4738.0,4680.0,79.0,1.688034188034188,319.0,1517.06
RBL.SHF,20210531,4708.0,5080.0,4650.0,5080.0,4738.0,325.0,6.859434360489658,256.0,1239.609
RBL.SHF,20210601,4700.0,4833.0,4700.0,4833.0,5080.0,-9.0,-0.17716535433070865,243.0,1165.35
RBL.SHF,20210602,4830.0,4830.0,4830.0,4830.0,4833.0,35.0,0.7241878750258638,90.0,434.7
RBL.SHF,20210603,4850.0,4850.0,4850.0,4850.0,4830.0,20.0,0.4140786749482402,0.0,0.0
RBL.SHF,20210604,4860.0,4860.0,4860.0,4860.0,4850.0,10.0,0.2061855670103093,240.0,1166.4
RBL.SHF,20210607,4820.0,4965.0,4810.0,4830.0,4860.0,-30.0,-0.6172839506172839,270.0,1317.09
RBL.SHF,20210608,4910.0,4910.0,4889.0,4895.0,4830.0,17.0,0.35196687370600416,120.0,587.76
RBL.SHF,20210609,4898.0,4898.0,4898.0,4898.0,4895.0,0.0,0.0,0.0,0.0
RBL.SHF,20210610,4898.0,4898.0,4898.0,4898.0,4898.0,0.0,0.0,0.0,0.0
RBL.SHF,20210611,4900.0,4900.0,4900.0,4900.0,4898.0,2.0,0.04083299305839118,0.0,0.0
RBL.SHF,20210615,4850.0,4870.0,4850.0,4870.0,4900.0,-30.0,-0.6122448979591837,90.0,437.1
RBL.SHF,20210616,5043.0,5043.0,4911.0,4911.0,4870.0,-104.0,-2.135523613963039,1093.0,5428.909
RBL.SHF,20210617,4861.0,4999.0,4851.0,4983.0,4911.0,17.0,0.34616167786601504,713.0,3500.355
RBL.SHF,20210618,5000.0,5039.0,4930.0,4940.0,4983.0,31.0,0.6221151916516154,399.0,1987.565
RBL.SHF,20210621,4940.0,4981.0,4832.0,4832.0,4940.0,-149.0,-3.0161943319838054,1260.0,6142.421
RBL.SHF,20210622,4768.0,4799.0,4740.0,4785.0,4832.0,-89.0,-1.841887417218543,569.0,2708.704
RBL.SHF,20210623,4779.0,4872.0,4758.0,4837.0,4785.0,77.0,1.6091954022988506,207.0,990.778
RBL.SHF,20210624,4890.0,4900.0,4820.0,4831.0,4837.0,45.0,0.9303287161463718,609.0,2964.807
RBL.SHF,20210625,4878.0,4940.0,4840.0,4910.0,4831.0,42.0,0.8693852204512523,114.0,559.692
RBL.SHF,20210628,4909.0,4949.0,4891.0,4910.0,4910.0,1.0,0.020366598778004074,334.0,1639.662
RBL.SHF,20210629,4910.0,4997.0,4891.0,4894.0,4910.0,-15.0,-0.30549898167006106,526.0,2585.19
RBL.SHF,20210630,4975.0,5000.0,4732.0,4940.0,4894.0,26.0,0.5312627707396812,336.0,1644.173
RBL.SHF,20210701,4980.0,4986.0,4950.0,4950.0,4940.0,57.0,1.153846153846154,750.0,3728.37
RBL.SHF,20210702,4905.0,4921.0,4900.0,4921.0,4950.0,-50.0,-1.0101010101010102,360.0,1767.21
RBL.SHF,20210705,4959.0,4969.0,4930.0,4955.0,4921.0,47.0,0.9550904287746393,300.0,1484.82
RBL.SHF,20210706,4980.0,5020.0,4980.0,4992.0,4955.0,43.0,0.8678102926337034,240.0,1201.29
RBL.SHF,20210707,4950.0,4990.0,4902.0,4990.0,4992.0,-15.0,-0.3004807692307693,690.0,3398.22
RBL.SHF,20210708,4970.0,4970.0,4930.0,4940.0,4990.0,16.0,0.32064128256513025,300.0,1485.0
RBL.SHF,20210709,4905.0,4905.0,4890.0,4890.0,4940.0,-60.0,-1.214574898785425,330.0,1616.82
RBL.SHF,20210712,4820.0,4946.0,4810.0,4946.0,4890.0,47.0,0.9611451942740287,450.0,2194.53
RBL.SHF,20210713,4946.0,4946.0,4946.0,4946.0,4946.0,70.0,1.4152850788515974,60.0,296.76
RBL.SHF,20210714,4950.0,4950.0,4950.0,4950.0,4946.0,4.0,0.08087343307723413,0.0,0.0
RBL.SHF,20210715,5050.0,5050.0,5050.0,5050.0,4950.0,100.0,2.0202020202020203,60.0,303.0
RBL.SHF,20210716,5548.0,5548.0,5376.0,5503.0,5050.0,59.0,1.1683168316831682,417.0,2273.601
RBL.SHF,20210719,5539.0,5593.0,5466.0,5484.0,5503.0,32.0,0.5815009994548428,931.0,5157.22
RBL.SHF,20210720,5429.0,5542.0,5400.0,5515.0,5484.0,-24.0,-0.437636761487965,344.0,1878.92
RBL.SHF,20210721,5469.0,5612.0,5465.0,5511.0,5515.0,50.0,0.9066183136899365,474.0,2612.266
RBL.SHF,20210722,5511.0,5600.0,5455.0,5598.0,5511.0,87.0,1.5786608600979857,784.0,4328.997
RBL.SHF,20210723,5595.0,5646.0,5575.0,5597.0,5598.0,76.0,1.3576277241872097,640.0,3582.651
RBL.SHF,20210726,5597.0,5650.0,5558.0,5635.0,5597.0,38.0,0.6789351438270502,2065.0,11589.497
RBL.SHF,20210727,5696.0,5696.0,5540.0,5595.0,5635.0,-17.0,-0.30168589174800353,1167.0,6574.722
RBL.SHF,20210728,5526.0,5680.0,5526.0,5655.0,5595.0,22.0,0.3932082216264522,1449.0,8163.054
RBL.SHF,20210729,5671.0,5740.0,5617.0,5740.0,5655.0,107.0,1.8921308576480989,1572.0,8894.355
RBL.SHF,20210730,5703.0,5790.0,5560.0,5700.0,5740.0,43.0,0.7491289198606272,5476.0,31245.442
RBL.SHF,20210802,5700.0,5700.0,5404.0,5470.0,5700.0,-235.0,-4.12280701754386,810.0,4433.64
RBL.SHF,20210803,5470.0,5470.0,5340.0,5340.0,5470.0,-133.0,-2.4314442413162705,1050.0,5661.3
RBL.SHF,20210804,5397.0,5448.0,5390.0,5447.0,5340.0,56.0,1.0486891385767791,360.0,1955.31
RBL.SHF,20210805,5518.0,5518.0,5430.0,5445.0,5447.0,14.0,0.25702221406278686,150.0,818.49
RBL.SHF,20210806,5390.0,5420.0,5355.0,5380.0,5445.0,-76.0,-1.3957759412304866,540.0,2910.84
RBL.SHF,20210809,5320.0,5340.0,5234.0,5323.0,5380.0,-67.0,-1.245353159851301,630.0,3344.64
RBL.SHF,20210810,5320.0,5340.0,5276.0,5276.0,5323.0,-32.0,-0.6011647567161376,2640.0,14021.97
RBL.SHF,20210811,5340.0,5395.0,5330.0,5395.0,5276.0,84.0,1.592115238817286,1440.0,7709.07
RBL.SHF,20210812,5440.0,5450.0,5350.0,5350.0,5395.0,-3.0,-0.05560704355885079,330.0,1785.69
RBL.SHF,20210813,5320.0,5398.0,5310.0,5310.0,5350.0,-101.0,-1.8878504672897196,570.0,3045.63
RBL.SHF,20210816,5320.0,5330.0,5270.0,5300.0,5310.0,-43.0,-0.8097928436911487,1140.0,6038.55
RBL.SHF,20210817,5200.0,5261.0,5200.0,5212.0,5300.0,-51.0,-0.9622641509433961,861.0,4498.415
RBL.SHF,20210818,5218.0,5234.0,5027.0,5027.0,5212.0,-197.0,-3.7797390636991555,2976.0,15272.192
RBL.SHF,20210819,5000.0,5039.0,4896.0,4939.0,5027.0,-192.0,-3.819375372985876,2988.0,14783.877
RBL.SHF,20210820,4900.0,5028.0,4820.0,5020.0,4939.0,73.0,1.4780319902814336,1959.0,9711.773
RBL.SHF,20210823,5030.0,5114.0,4995.0,5087.0,5020.0,130.0,2.589641434262948,1031.0,5226.252
RBL.SHF,20210824,5137.0,5183.0,5089.0,5143.0,5087.0,74.0,1.4546884214664833,681.0,3503.034
RBL.SHF,20210825,5173.0,5191.0,5110.0,5123.0,5143.0,-20.0,-0.38887808671981333,445.0,2295.97
RBL.SHF,20210826,5099.0,5185.0,5095.0,5095.0,5123.0,-64.0,-1.2492680070271327,808.0,4150.51
RBL.SHF,20210827,5087.0,5146.0,5036.0,5108.0,5095.0,-28.0,-0.549558390578999,1647.0,8357.686
RBL.SHF,20210830,5053.0,5257.0,5053.0,5203.0,5108.0,129.0,2.5254502740798745,562.0,2927.117
RBL.SHF,20210831,5156.0,5299.0,5110.0,5299.0,5203.0,91.0,1.748990966749952,262.0,1371.212
RBL.SHF,20210901,5110.0,5390.0,5110.0,5182.0,5299.0,-51.0,-0.9624457444800906,870.0,4533.75
RBL.SHF,20210902,5202.0,5330.0,5202.0,5290.0,5182.0,79.0,1.5245079120030876,270.0,1411.02
RBL.SHF,20210903,5325.0,5325.0,5270.0,5305.0,5290.0,79.0,1.4933837429111532,180.0,954.45
RBL.SHF,20210906,5360.0,5360.0,5340.0,5340.0,5305.0,38.0,0.7163053722902921,330.0,1767.0
RBL.SHF,20210907,5420.0,5420.0,5420.0,5420.0,5340.0,66.0,1.2359550561797752,120.0,650.4
RBL.SHF,20210908,5360.0,5420.0,5360.0,5401.0,5420.0,-19.0,-0.3505535055350553,390.0,2111.43
RBL.SHF,20210909,5575.0,5575.0,5575.0,5575.0,5401.0,162.0,2.9994445473060543,60.0,334.5
RBL.SHF,20210910,5600.0,5649.0,5560.0,5560.0,5575.0,-15.0,-0.26905829596412556,270.0,1513.11
RBL.SHF,20210913,5600.0,5600.0,5600.0,5600.0,5560.0,-4.0,-0.07194244604316546,90.0,504.0
RBL.SHF,20210914,5580.0,5600.0,5550.0,5600.0,5600.0,0.0,0.0,210.0,1170.3
RBL.SHF,20210915,5400.0,5500.0,5400.0,5500.0,5600.0,-72.0,-1.2857142857142856,90.0,492.0
RBL.SHF,20210916,5445.0,5700.0,5445.0,5652.0,5500.0,223.0,4.054545454545455,114121.0,639927.21
RBL.SHF,20210917,5701.0,5788.0,5610.0,5750.0,5652.0,143.0,2.530077848549186,125756.0,717998.96
RBL.SHF,20210922,5850.0,5950.0,5750.0,5935.0,5750.0,226.0,3.930434782608696,82842.0,486763.76
RBL.SHF,20210923,5940.0,5945.0,5800.0,5846.0,5935.0,-29.0,-0.4886267902274642,58998.0,345627.84
RBL.SHF,20210924,5850.0,5857.0,5765.0,5768.0,5846.0,-90.0,-1.539514197742046,38170.0,221829.05
RBL.SHF,20210927,5751.0,5889.0,5670.0,5833.0,5768.0,22.0,0.3814147018030513,47039.0,271984.51
RBL.SHF,20210928,5890.0,5890.0,5782.0,5795.0,5833.0,13.0,0.22286987827875876,33272.0,193751.46
RBL.SHF,20210929,5820.0,5850.0,5770.0,5786.0,5795.0,-37.0,-0.638481449525453,35554.0,206335.54
RBL.SHF,20210930,5801.0,5919.0,5780.0,5866.0,5786.0,63.0,1.0888351192533703,32675.0,190678.3
RBL.SHF,20211008,5940.0,5980.0,5857.0,5935.0,5866.0,100.0,1.7047391749062395,4874.0,28880.89
RBL.SHF,20211011,5891.0,5950.0,5885.0,5910.0,5935.0,-15.0,-0.2527379949452401,5370.0,31803.9
RBL.SHF,20211012,5910.0,5920.0,5770.0,5770.0,5910.0,-152.0,-2.5719120135363793,5640.0,33091.74
RBL.SHF,20211013,5839.0,5839.0,5600.0,5625.0,5770.0,-242.0,-4.194107452339688,1020.0,5816.58
RBL.SHF,20211014,5583.0,5700.0,5580.0,5670.0,5625.0,-32.0,-0.5688888888888889,810.0,4567.11
RBL.SHF,20211015,5708.0,5780.0,5650.0,5780.0,5670.0,142.0,2.504409171075838,690.0,3924.45
RBL.SHF,20211018,5684.0,5693.0,5500.0,5573.0,5780.0,-79.0,-1.366782006920415,3825.0,21357.58
RBL.SHF,20211019,5573.0,5700.0,5526.0,5680.0,5573.0,97.0,1.7405347209761348,2828.0,15908.66
RBL.SHF,20211020,5680.0,5689.0,5503.0,5507.0,5680.0,-118.0,-2.0774647887323945,5637.0,31419.08
RBL.SHF,20211021,5502.0,5575.0,5127.0,5127.0,5507.0,-446.0,-8.098783366624296,3534.0,18955.56
RBL.SHF,20211022,5110.0,5139.0,4917.0,4950.0,5127.0,-413.0,-8.055393017359078,4850.0,24294.42
RBL.SHF,20211025,4904.0,5003.0,4890.0,4896.0,4950.0,-113.0,-2.282828282828283,2017.0,10025.8
RBL.SHF,20211026,4863.0,4950.0,4850.0,4900.0,4896.0,-70.0,-1.4297385620915033,2697.0,13214.28
RBL.SHF,20211027,4965.0,4989.0,4699.0,4699.0,4900.0,-200.0,-4.081632653061225,3091.0,14951.62
RBL.SHF,20211028,4629.0,4879.0,4575.0,4787.0,4699.0,-50.0,-1.0640561821664185,2703.0,12718.57
RBL.SHF,20211029,4787.0,4875.0,4330.0,4337.0,4787.0,-368.0,-7.6874869438061415,1682.0,8085.35
RBL.SHF,20211101,4740.0,4775.0,4600.0,4600.0,4337.0,-206.0,-4.749827069402813,420.0,1968.48
RBL.SHF,20211102,4720.0,4720.0,4311.0,4400.0,4600.0,-286.0,-6.217391304347826,240.0,1075.56
RBL.SHF,20211103,4650.0,4650.0,4300.0,4550.0,4400.0,69.0,1.5681818181818181,690.0,3128.46
RBL.SHF,20211104,4500.0,4540.0,4400.0,4400.0,4550.0,-134.0,-2.9450549450549453,150.0,671.58
RBL.SHF,20211105,4490.0,4490.0,4490.0,4490.0,4400.0,13.0,0.29545454545454547,60.0,269.4
RBL.SHF,20211108,4500.0,4600.0,4500.0,4520.0,4490.0,30.0,0.6681514476614699,300.0,1359.9
RBL.SHF,20211109,4609.0,4612.0,4381.0,4480.0,4520.0,-53.0,-1.1725663716814159,480.0,2148.42
RBL.SHF,20211110,4350.0,4350.0,4303.0,4344.0,4480.0,-131.0,-2.924107142857143,210.0,908.49
RBL.SHF,20211111,4450.0,4490.0,4450.0,4490.0,4344.0,164.0,3.7753222836095763,180.0,803.1
RBL.SHF,20211112,4350.0,4350.0,4350.0,4350.0,4490.0,-111.0,-2.472160356347439,30.0,130.5
RBL.SHF,20211115,4399.0,4399.0,4350.0,4350.0,4350.0,0.0,0.0,60.0,262.47
RBL.SHF,20211116,4300.0,4398.0,4260.0,4307.0,4350.0,-11.0,-0.2528735632183908,313.0,1355.36
RBL.SHF,20211117,4304.0,4440.0,4282.0,4328.0,4307.0,-2.0,-0.046436034362665427,665.0,2901.16
RBL.SHF,20211118,4344.0,4376.0,4260.0,4267.0,4328.0,-95.0,-2.1950092421441774,183.0,788.24
RBL.SHF,20211119,4287.0,4340.0,4211.0,4290.0,4267.0,-17.0,-0.398406374501992,477.0,2039.16
RBL.SHF,20211122,4280.0,4358.0,4244.0,4306.0,4290.0,32.0,0.745920745920746,223.0,961.83
RBL.SHF,20211123,4288.0,4381.0,4269.0,4282.0,4306.0,-31.0,-0.7199256850905713,257.0,1109.62
RBL.SHF,20211124,4300.0,4381.0,4288.0,4367.0,4282.0,50.0,1.1676786548341895,159.0,691.75
RBL.SHF,20211125,4367.0,4422.0,4335.0,4398.0,4367.0,48.0,1.0991527364323335,159.0,694.3
RBL.SHF,20211126,4384.0,4384.0,4262.0,4262.0,4398.0,-104.0,-2.364711232378354,165.0,709.63
RBL.SHF,20211129,4249.0,4278.0,4156.0,4190.0,4262.0,-110.0,-2.5809479117785075,226.0,953.26
RBL.SHF,20211130,4190.0,4294.0,3951.0,4049.0,4190.0,-168.0,-4.009546539379475,369.0,1540.96
RBL.SHF,20211201,4268.0,4366.0,4223.0,4290.0,4049.0,114.0,2.8155100024697455,150.0,642.57
RBL.SHF,20211202,4215.0,4360.0,4215.0,4360.0,4290.0,77.0,1.7948717948717947,360.0,1548.57
RBL.SHF,20211203,4301.0,4301.0,4301.0,4301.0,4360.0,0.0,0.0,0.0,0.0
RBL.SHF,20211206,4400.0,4400.0,4360.0,4360.0,4301.0,59.0,1.3717740060451058,60.0,262.8
RBL.SHF,20211207,4380.0,4380.0,4380.0,4380.0,4360.0,0.0,0.0,0.0,0.0
RBL.SHF,20211208,4380.0,4380.0,4380.0,4380.0,4380.0,0.0,0.0,0.0,0.0
RBL.SHF,20211209,4300.0,4300.0,4300.0,4300.0,4380.0,-80.0,-1.82648401826484,30.0,129.0
RBL.SHF,20211210,4300.0,4310.0,4300.0,4300.0,4300.0,0.0,0.0,90.0,387.3
RBL.SHF,20211213,4303.0,4303.0,4303.0,4303.0,4300.0,0.0,0.0,0.0,0.0
RBL.SHF,20211214,4303.0,4303.0,4303.0,4303.0,4303.0,0.0,0.0,0.0,0.0
RBL.SHF,20211215,4303.0,4303.0,4303.0,4303.0,4303.0,0.0,0.0,0.0,0.0
RBL.SHF,20211216,4633.0,4704.0,4633.0,4704.0,4303.0,72.0,1.6732512200790146,89561.0,418620.97
RBL.SHF,20211217,4703.0,4704.0,4650.0,4671.0,4704.0,-3.0,-0.06377551020408163,71092.0,332737.11
RBL.SHF,20211220,4657.0,4726.0,4630.0,4640.0,4671.0,-40.0,-0.8563476771569257,75449.0,353509.15
RBL.SHF,20211221,4645.0,4690.0,4640.0,4678.0,4640.0,-7.0,-0.15086206896551724,53942.0,251552.22
RBL.SHF,20211222,4692.0,4692.0,4623.0,4645.0,4678.0,-18.0,-0.38477982043608383,44419.0,206862.87
RBL.SHF,20211223,4640.0,4685.0,4631.0,4673.0,4645.0,16.0,0.3444564047362756,32242.0,150268.97
RBL.SHF,20211224,4665.0,4705.0,4665.0,4698.0,4673.0,38.0,0.8131821099935802,37077.0,173996.33
RBL.SHF,20211227,4698.0,4698.0,4517.0,4540.0,4698.0,-152.0,-3.2354193273733505,60086.0,276624.58
RBL.SHF,20211228,4520.0,4592.0,4520.0,4559.0,4540.0,-44.0,-0.9691629955947136,25048.0,114321.1
RBL.SHF,20211229,4561.0,4584.0,4536.0,4567.0,4559.0,3.0,0.06580390436499232,29518.0,134481.65
RBL.SHF,20211230,4566.0,4597.0,4527.0,4535.0,4567.0,-20.0,-0.4379242391066345,22226.0,101537.21
RBL.SHF,20211231,4537.0,4578.0,4521.0,4550.0,4535.0,-18.0,-0.39691289966923926,25503.0,115996.9
RBL.SHF,20220104,4600.0,4600.0,4498.0,4595.0,4550.0,47.0,1.032967032967033,9536.0,43668.31
RBL.SHF,20220105,4550.0,4637.0,4550.0,4630.0,4595.0,51.0,1.1099020674646356,4110.0,18976.74
RBL.SHF,20220106,4666.0,4675.0,4650.0,4675.0,4630.0,58.0,1.2526997840172787,5100.0,23791.2
RBL.SHF,20220107,4675.0,4675.0,4603.0,4620.0,4675.0,-44.0,-0.9411764705882352,5280.0,24536.4
RBL.SHF,20220110,4623.0,4623.0,4495.0,4510.0,4620.0,-137.0,-2.9653679653679657,5790.0,26451.15
RBL.SHF,20220111,4539.0,4622.0,4500.0,4622.0,4510.0,54.0,1.197339246119734,2640.0,11984.37
RBL.SHF,20220112,4646.0,4702.0,4571.0,4635.0,4622.0,96.0,2.077022933794894,2970.0,13718.82
RBL.SHF,20220113,4601.0,4710.0,4601.0,4635.0,4635.0,16.0,0.3451995685005394,210.0,974.19
RBL.SHF,20220114,4660.0,4695.0,4660.0,4695.0,4635.0,56.0,1.2081984897518878,60.0,280.65
RBL.SHF,20220117,4682.0,4682.0,4520.0,4650.0,4695.0,-27.0,-0.5750798722044729,540.0,2462.55
RBL.SHF,20220118,4582.0,4643.0,4569.0,4635.0,4650.0,37.0,0.7956989247311829,208.0,958.74
RBL.SHF,20220119,4635.0,4767.0,4635.0,4740.0,4635.0,131.0,2.826321467098166,449.0,2109.94
RBL.SHF,20220120,4740.0,4760.0,4708.0,4733.0,4740.0,34.0,0.7172995780590717,428.0,2023.96
RBL.SHF,20220121,4726.0,4773.0,4701.0,4722.0,4733.0,-6.0,-0.1267694908092119,381.0,1807.42
RBL.SHF,20220124,4718.0,4780.0,4710.0,4711.0,4722.0,-32.0,-0.6776789495976281,770.0,3650.47
RBL.SHF,20220125,4711.0,4751.0,4695.0,4742.0,4711.0,2.0,0.04245383145828911,304.0,1434.94
RBL.SHF,20220126,4743.0,4760.0,4691.0,4738.0,4742.0,18.0,0.3795866722901729,230.0,1088.63
RBL.SHF,20220127,4738.0,4754.0,4697.0,4700.0,4738.0,-33.0,-0.6964964119881807,579.0,2742.72
RBL.SHF,20220128,4777.0,5051.0,4617.0,5051.0,4700.0,315.0,6.702127659574468,233.0,1113.44
RBL.SHF,20220207,5051.0,5051.0,4800.0,4800.0,5051.0,22.0,0.43555731538309245,31.0,149.05
RBL.SHF,20220208,4850.0,4850.0,4850.0,4850.0,4800.0,42.0,0.8750000000000001,0.0,0.0
RBL.SHF,20220209,4850.0,4850.0,4850.0,4850.0,4850.0,0.0,0.0,0.0,0.0
RBL.SHF,20220210,4960.0,4960.0,4960.0,4960.0,4850.0,110.0,2.268041237113402,30.0,148.8
RBL.SHF,20220211,4999.0,4999.0,4999.0,4999.0,4960.0,39.0,0.7862903225806451,60.0,299.94
RBL.SHF,20220214,4800.0,4800.0,4800.0,4800.0,4999.0,-199.0,-3.980796159231846,30.0,144.0
RBL.SHF,20220215,4799.0,4799.0,4700.0,4700.0,4800.0,-100.0,-2.083333333333333,90.0,425.97
RBL.SHF,20220216,4794.0,4878.0,4792.0,4865.0,4700.0,69.0,1.4680851063829787,525.0,2539.74
RBL.SHF,20220217,4865.0,4865.0,4738.0,4738.0,4865.0,-99.0,-2.034943473792395,752.0,3597.84
RBL.SHF,20220218,4728.0,4838.0,4702.0,4813.0,4738.0,29.0,0.6120726044744618,556.0,2663.08
RBL.SHF,20220221,4813.0,4865.0,4789.0,4865.0,4813.0,76.0,1.579056721379597,352.0,1696.48
RBL.SHF,20220222,4872.0,4905.0,4800.0,4806.0,4865.0,-13.0,-0.26721479958890026,629.0,3048.04
RBL.SHF,20220223,4806.0,4852.0,4797.0,4829.0,4806.0,-16.0,-0.3329171868497711,243.0,1173.16
RBL.SHF,20220224,4820.0,4844.0,4686.0,4695.0,4829.0,-132.0,-2.733485193621868,1976.0,9308.18
RBL.SHF,20220225,4674.0,4730.0,4601.0,4643.0,4695.0,-67.0,-1.4270500532481363,1521.0,7081.85
RBL.SHF,20220228,4685.0,4830.0,4602.0,4830.0,4643.0,174.0,3.7475769976308424,492.0,2320.33
RBL.SHF,20220301,4828.0,4830.0,4828.0,4830.0,4830.0,114.0,2.360248447204969,120.0,579.48
RBL.SHF,20220302,4902.0,4902.0,4850.0,4850.0,4830.0,21.0,0.43478260869565216,60.0,292.56
RBL.SHF,20220303,4988.0,4988.0,4977.0,4977.0,4850.0,101.0,2.082474226804124,120.0,598.23
RBL.SHF,20220304,4985.0,4985.0,4985.0,4985.0,4977.0,0.0,0.0,0.0,0.0
RBL.SHF,20220307,5100.0,5100.0,5070.0,5090.0,4985.0,105.0,2.106318956870612,120.0,610.2
RBL.SHF,20220308,5085.0,5085.0,5085.0,5085.0,5090.0,0.0,0.0,0.0,0.0
RBL.SHF,20220309,4995.0,5055.0,4820.0,4820.0,5085.0,-265.0,-5.2114060963618485,90.0,446.1
RBL.SHF,20220310,4990.0,4990.0,4990.0,4990.0,4820.0,34.0,0.7053941908713693,30.0,149.7
RBL.SHF,20220311,4900.0,4900.0,4900.0,4900.0,4990.0,-90.0,-1.8036072144288577,30.0,147.0
RBL.SHF,20220314,4889.0,4889.0,4889.0,4889.0,4900.0,-11.0,-0.22448979591836735,0.0,0.0
RBL.SHF,20220315,4889.0,4889.0,4889.0,4889.0,4889.0,0.0,0.0,210.0,1026.69
RBL.SHF,20220316,4778.0,4947.0,4776.0,4920.0,4889.0,165.0,3.374923297197791,159.0,768.72
RBL.SHF,20220317,4920.0,4974.0,4902.0,4908.0,4920.0,74.0,1.5040650406504066,121.0,595.42
RBL.SHF,20220318,4908.0,4966.0,4908.0,4948.0,4908.0,28.0,0.5704971475142625,93.0,459.76
RBL.SHF,20220321,4957.0,4972.0,4890.0,4931.0,4948.0,-12.0,-0.2425222312045271,185.0,911.35
RBL.SHF,20220322,4934.0,4955.0,4915.0,4933.0,4931.0,7.0,0.1419590346785642,131.0,646.31
RBL.SHF,20220323,4915.0,4957.0,4880.0,4950.0,4933.0,17.0,0.34461787958645856,82.0,405.15
RBL.SHF,20220324,4970.0,5001.0,4940.0,4940.0,4950.0,0.0,0.0,91.0,450.02
RBL.SHF,20220325,4950.0,4996.0,4922.0,4929.0,4940.0,-16.0,-0.32388663967611336,84.0,416.16
RBL.SHF,20220328,4974.0,5058.0,4974.0,5058.0,4929.0,104.0,2.109961452627308,284.0,1430.06
RBL.SHF,20220329,5058.0,5061.0,5002.0,5048.0,5058.0,13.0,0.2570185844207196,119.0,597.24
RBL.SHF,20220330,5008.0,5089.0,4990.0,5089.0,5048.0,71.0,1.4064976228209192,94.0,472.17
RBL.SHF,20220331,5150.0,5200.0,4980.0,5109.0,5089.0,86.0,1.689919434073492,133.0,680.36
RBL.SHF,20220401,5115.0,5115.0,5115.0,5115.0,5109.0,0.0,0.0,0.0,0.0
RBL.SHF,20220406,5115.0,5115.0,5115.0,5115.0,5115.0,0.0,0.0,0.0,0.0
RBL.SHF,20220407,5115.0,5115.0,5115.0,5115.0,5115.0,0.0,0.0,0.0,0.0
RBL.SHF,20220408,5115.0,5115.0,5115.0,5115.0,5115.0,0.0,0.0,0.0,0.0
RBL.SHF,20220411,5005.0,5005.0,5005.0,5005.0,5115.0,-110.0,-2.1505376344086025,30.0,150.15
RBL.SHF,20220412,5005.0,5005.0,5005.0,5005.0,5005.0,0.0,0.0,0.0,0.0
RBL.SHF,20220413,5020.0,5020.0,5010.0,5010.0,5005.0,5.0,0.0999000999000999,600.0,3010.2
RBL.SHF,20220414,4950.0,4980.0,4950.0,4980.0,5010.0,-37.0,-0.7385229540918163,60.0,297.9
RBL.SHF,20220415,4965.0,4965.0,4965.0,4965.0,4980.0,0.0,0.0,0.0,0.0
RBL.SHF,20220418,5080.0,5150.0,5055.0,5131.0,4965.0,17.0,0.3423967774420947,76117.0,389222.71
RBL.SHF,20220419,5110.0,5185.0,5090.0,5106.0,5131.0,-7.0,-0.1364256480218281,90045.0,462772.07
RBL.SHF,20220420,5110.0,5199.0,5107.0,5175.0,5106.0,36.0,0.7050528789659225,71554.0,369574.36
RBL.SHF,20220421,5177.0,5194.0,5122.0,5154.0,5175.0,-10.0,-0.1932367149758454,69526.0,358724.63
RBL.SHF,20220422,5158.0,5165.0,5112.0,5121.0,5154.0,-38.0,-0.737291424136593,62437.0,320530.3
RBL.SHF,20220425,5111.0,5144.0,4980.0,4989.0,5121.0,-144.0,-2.8119507908611596,108831.0,549272.46
RBL.SHF,20220426,4972.0,5062.0,4971.0,5027.0,4989.0,-20.0,-0.4008819402685909,42692.0,214188.66
RBL.SHF,20220427,5039.0,5075.0,5030.0,5061.0,5027.0,44.0,0.87527352297593,37720.0,190596.18
RBL.SHF,20220428,5050.0,5080.0,5025.0,5079.0,5061.0,27.0,0.5334914048606995,34090.0,172221.07
RBL.SHF,20220429,5080.0,5211.0,5064.0,5211.0,5079.0,160.0,3.1502264225241188,50882.0,262178.04
RBL.SHF,20220505,5210.0,5220.0,5191.0,5210.0,5211.0,58.0,1.11303012857417,5943.0,30961.84
RBL.SHF,20220506,5223.0,5223.0,5082.0,5082.0,5210.0,-127.0,-2.4376199616122842,5640.0,29091.87
RBL.SHF,20220509,5100.0,5139.0,5051.0,5111.0,5082.0,-47.0,-0.9248327430145612,8640.0,44026.14
RBL.SHF,20220510,5087.0,5117.0,5055.0,5096.0,5111.0,1.0,0.019565642731363724,6030.0,30742.62
RBL.SHF,20220511,5089.0,5090.0,5020.0,5053.0,5096.0,-45.0,-0.8830455259026688,8190.0,41446.02
RBL.SHF,20220512,5045.0,5045.0,5010.0,5010.0,5053.0,-50.0,-0.9895111814763506,480.0,2413.92
RBL.SHF,20220513,5024.0,5030.0,4980.0,5030.0,5010.0,1.0,0.01996007984031936,810.0,4064.73
RBL.SHF,20220516,5030.0,5070.0,5030.0,5070.0,5030.0,52.0,1.033797216699801,60.0,303.0
RBL.SHF,20220517,4902.0,4928.0,4902.0,4922.0,5070.0,23.0,0.4536489151873767,314.0,1545.86
RBL.SHF,20220518,4928.0,4929.0,4840.0,4841.0,4922.0,-82.0,-1.6659894351889477,141.0,691.67
RBL.SHF,20220519,4826.0,4886.0,4826.0,4875.0,4841.0,-30.0,-0.6197066721751705,157.0,763.37
RBL.SHF,20220520,4870.0,4870.0,4786.0,4822.0,4875.0,-40.0,-0.8205128205128205,786.0,3786.91
RBL.SHF,20220523,4785.0,4860.0,4759.0,4767.0,4822.0,-50.0,-1.0369141435089175,87.0,416.99
RBL.SHF,20220524,4730.0,4755.0,4617.0,4650.0,4767.0,-142.0,-2.9788126704426263,75.0,350.48
RBL.SHF,20220525,4633.0,4716.0,4600.0,4680.0,4650.0,7.0,0.15053763440860216,28.0,129.53
RBL.SHF,20220526,4658.0,4662.0,4630.0,4655.0,4680.0,30.0,0.641025641025641,19.0,88.2
RBL.SHF,20220527,4714.0,4746.0,4605.0,4670.0,4655.0,28.0,0.6015037593984963,108.0,505.81
RBL.SHF,20220530,4690.0,4752.0,4618.0,4618.0,4670.0,-65.0,-1.3918629550321198,58.0,274.04
RBL.SHF,20220531,4746.0,4746.0,4454.0,4465.0,4618.0,-259.0,-5.6084885231702035,54.0,244.24
RBL.SHF,20220601,4465.0,4465.0,4465.0,4465.0,4465.0,-57.0,-1.276595744680851,30.0,133.95
RBL.SHF,20220602,4465.0,4465.0,4465.0,4465.0,4465.0,0.0,0.0,0.0,0.0
RBL.SHF,20220606,4600.0,4600.0,4600.0,4600.0,4465.0,135.0,3.0235162374020157,0.0,0.0
RBL.SHF,20220607,4600.0,4600.0,4600.0,4600.0,4600.0,0.0,0.0,0.0,0.0
RBL.SHF,20220608,4600.0,4600.0,4600.0,4600.0,4600.0,0.0,0.0,0.0,0.0
RBL.SHF,20220609,4600.0,4600.0,4600.0,4600.0,4600.0,0.0,0.0,0.0,0.0
RBL.SHF,20220610,4600.0,4600.0,4600.0,4600.0,4600.0,0.0,0.0,0.0,0.0
RBL.SHF,20220613,4600.0,4600.0,4600.0,4600.0,4600.0,0.0,0.0,0.0,0.0
RBL.SHF,20220614,4660.0,4660.0,4660.0,4660.0,4600.0,60.0,1.3043478260869565,0.0,0.0
RBL.SHF,20220615,4660.0,4660.0,4660.0,4660.0,4660.0,0.0,0.0,0.0,0.0
RBL.SHF,20220616,4691.0,4742.0,4655.0,4655.0,4660.0,-40.0,-0.8583690987124464,182.0,858.56
RBL.SHF,20220617,4581.0,4621.0,4500.0,4519.0,4655.0,-198.0,-4.253490870032223,170.0,773.97
RBL.SHF,20220620,4486.0,4508.0,4224.0,4310.0,4519.0,-242.0,-5.355167072361142,288.0,1277.49
RBL.SHF,20220621,4308.0,4378.0,4253.0,4350.0,4310.0,-85.0,-1.9721577726218096,80.0,346.23
RBL.SHF,20220622,4380.0,4396.0,4233.0,4286.0,4350.0,-41.0,-0.942528735632184,163.0,699.43
RBL.SHF,20220623,4338.0,4345.0,4262.0,4331.0,4286.0,40.0,0.9332711152589827,84.0,360.32
RBL.SHF,20220624,4340.0,4342.0,4252.0,4290.0,4331.0,1.0,0.023089355806972987,28.0,120.44
RBL.SHF,20220627,4258.0,4409.0,4256.0,4391.0,4290.0,90.0,2.097902097902098,36.0,156.62
RBL.SHF,20220628,4401.0,4491.0,4391.0,4488.0,4391.0,138.0,3.1427920746982467,75.0,332.72
RBL.SHF,20220629,4485.0,4555.0,4484.0,4505.0,4488.0,69.0,1.537433155080214,47.0,212.54
RBL.SHF,20220630,4517.0,4700.0,4354.0,4699.0,4505.0,177.0,3.9289678135405106,113.0,508.65
RBL.SHF,20220701,4500.0,4500.0,4500.0,4500.0,4699.0,-1.0,-0.02128112364332837,0.0,0.0
RBL.SHF,20220704,4220.0,4220.0,4220.0,4220.0,4500.0,-280.0,-6.222222222222222,30.0,126.6
RBL.SHF,20220705,4220.0,4220.0,4220.0,4220.0,4220.0,0.0,0.0,0.0,0.0
RBL.SHF,20220706,4220.0,4220.0,4220.0,4220.0,4220.0,0.0,0.0,0.0,0.0
RBL.SHF,20220707,4220.0,4220.0,4220.0,4220.0,4220.0,0.0,0.0,30.0,126.6
RBL.SHF,20220708,4260.0,4260.0,4260.0,4260.0,4220.0,40.0,0.9478672985781991,30.0,127.8
RBL.SHF,20220711,4030.0,4030.0,4030.0,4030.0,4260.0,-230.0,-5.39906103286385,30.0,120.9
RBL.SHF,20220712,3940.0,3940.0,3940.0,3940.0,4030.0,-90.0,-2.2332506203473943,0.0,0.0
RBL.SHF,20220713,3910.0,3950.0,3910.0,3950.0,3940.0,10.0,0.25380710659898476,60.0,235.8
RBL.SHF,20220714,3930.0,3930.0,3930.0,3930.0,3950.0,0.0,0.0,0.0,0.0
RBL.SHF,20220715,3930.0,3930.0,3930.0,3930.0,3930.0,0.0,0.0,0.0,0.0
RBL.SHF,20220718,3698.0,3809.0,3570.0,3809.0,3930.0,71.0,1.8066157760814248,98.0,363.92
RBL.SHF,20220719,3834.0,3880.0,3785.0,3802.0,3809.0,89.0,2.336571278550801,264.0,1010.28
RBL.SHF,20220720,3750.0,3878.0,3733.0,3826.0,3802.0,0.0,0.0,117.0,445.04
RBL.SHF,20220721,3847.0,3865.0,3800.0,3830.0,3826.0,27.0,0.705697856769472,108.0,413.94
RBL.SHF,20220722,3800.0,3866.0,3800.0,3866.0,3830.0,34.0,0.8877284595300261,24.0,91.9
RBL.SHF,20220725,3880.0,3912.0,3875.0,3875.0,3866.0,46.0,1.189860320744956,66.0,256.68
RBL.SHF,20220726,3842.0,3908.0,3801.0,3875.0,3875.0,-14.0,-0.36129032258064514,175.0,675.33
RBL.SHF,20220727,3884.0,3930.0,3845.0,3886.0,3875.0,27.0,0.6967741935483871,103.0,398.21
RBL.SHF,20220728,3886.0,4053.0,3867.0,4019.0,3886.0,153.0,3.937210499227998,98.0,388.98
RBL.SHF,20220729,4000.0,4277.0,3916.0,3916.0,4019.0,-53.0,-1.3187360039810898,74.0,305.07
RBL.SHF,20220801,3972.0,3972.0,3972.0,3972.0,3916.0,-150.0,-3.8304392236976508,30.0,119.16
RBL.SHF,20220802,4010.0,4010.0,4010.0,4010.0,3972.0,38.0,0.9566968781470292,0.0,0.0
RBL.SHF,20220803,4100.0,4100.0,4022.0,4022.0,4010.0,12.0,0.29925187032418954,60.0,243.66
RBL.SHF,20220804,4061.0,4061.0,4061.0,4061.0,4022.0,0.0,0.0,0.0,0.0
RBL.SHF,20220805,4061.0,4061.0,4061.0,4061.0,4061.0,0.0,0.0,0.0,0.0
RBL.SHF,20220808,4130.0,4130.0,4130.0,4130.0,4061.0,69.0,1.699088894360995,30.0,123.9
RBL.SHF,20220809,4110.0,4110.0,4100.0,4100.0,4130.0,-30.0,-0.7263922518159807,60.0,246.3
RBL.SHF,20220810,4090.0,4097.0,4090.0,4097.0,4100.0,-8.0,-0.1951219512195122,60.0,245.61
RBL.SHF,20220811,4093.0,4093.0,4093.0,4093.0,4097.0,0.0,0.0,0.0,0.0
RBL.SHF,20220812,4150.0,4150.0,4120.0,4120.0,4093.0,27.0,0.6596628389934034,60.0,248.1
RBL.SHF,20220815,4190.0,4190.0,4120.0,4125.0,4120.0,-10.0,-0.24271844660194172,150.0,621.3
RBL.SHF,20220816,4080.0,4189.0,4080.0,4168.0,4125.0,15.0,0.36363636363636365,1792.0,7422.71
RBL.SHF,20220817,4168.0,4178.0,4013.0,4021.0,4168.0,-121.0,-2.9030710172744723,2504.0,10249.24
RBL.SHF,20220818,4058.0,4076.0,4000.0,4046.0,4021.0,-47.0,-1.1688634667993036,886.0,3584.69
RBL.SHF,20220819,3993.0,4065.0,3936.0,3937.0,4046.0,-108.0,-2.6693030153237767,3153.0,12602.3
RBL.SHF,20220822,3937.0,4024.0,3931.0,4010.0,3937.0,14.0,0.35560071120142245,1084.0,4334.71
RBL.SHF,20220823,4003.0,4058.0,3980.0,4048.0,4010.0,50.0,1.2468827930174564,751.0,3021.41
RBL.SHF,20220824,4055.0,4089.0,4039.0,4087.0,4048.0,64.0,1.5810276679841897,1799.0,7323.8
RBL.SHF,20220825,4087.0,4110.0,4052.0,4065.0,4087.0,-6.0,-0.14680694886224616,1412.0,5763.57
RBL.SHF,20220826,4065.0,4108.0,4050.0,4102.0,4065.0,21.0,0.5166051660516605,775.0,3159.41
RBL.SHF,20220829,4102.0,4124.0,3950.0,3964.0,4102.0,-112.0,-2.7303754266211606,1109.0,4451.35
RBL.SHF,20220830,3964.0,3964.0,3841.0,3862.0,3964.0,-151.0,-3.809283551967709,671.0,2625.23
RBL.SHF,20220831,3862.0,3969.0,3785.0,3969.0,3862.0,57.0,1.4759192128430865,2115.0,8192.59
RBL.SHF,20220901,3901.0,3901.0,3901.0,3901.0,3969.0,28.0,0.7054673721340388,31.0,120.93
RBL.SHF,20220902,3702.0,3860.0,3702.0,3850.0,3901.0,-51.0,-1.3073570879261727,630.0,2392.41
RBL.SHF,20220905,3840.0,3840.0,3840.0,3840.0,3850.0,43.0,1.1168831168831168,0.0,0.0
RBL.SHF,20220906,3842.0,3842.0,3842.0,3842.0,3840.0,2.0,0.052083333333333336,0.0,0.0
RBL.SHF,20220907,3850.0,3850.0,3850.0,3850.0,3842.0,8.0,0.20822488287350338,60.0,231.0
RBL.SHF,20220908,3918.0,3918.0,3918.0,3918.0,3850.0,68.0,1.7662337662337664,60.0,235.08
RBL.SHF,20220909,3918.0,3918.0,3918.0,3918.0,3918.0,0.0,0.0,0.0,0.0
RBL.SHF,20220913,3920.0,3920.0,3920.0,3920.0,3918.0,2.0,0.05104645227156713,0.0,0.0
RBL.SHF,20220914,3920.0,3920.0,3920.0,3920.0,3920.0,0.0,0.0,0.0,0.0
RBL.SHF,20220915,3930.0,3930.0,3900.0,3900.0,3920.0,-20.0,-0.5102040816326531,90.0,352.8
RBL.SHF,20220916,3905.0,3925.0,3867.0,3890.0,3900.0,-38.0,-0.9743589743589745,121177.0,472249.53
RBL.SHF,20220919,3890.0,3922.0,3881.0,3885.0,3890.0,-12.0,-0.30848329048843187,85335.0,333073.55
RBL.SHF,20220920,3880.0,3902.0,3850.0,3852.0,3885.0,-51.0,-1.3127413127413128,97526.0,378193.09
RBL.SHF,20220921,3860.0,3878.0,3836.0,3864.0,3852.0,-13.0,-0.3374870197300104,87076.0,335813.49
RBL.SHF,20220922,3860.0,3949.0,3860.0,3945.0,3864.0,89.0,2.303312629399586,107338.0,419505.44
RBL.SHF,20220923,3950.0,3965.0,3930.0,3942.0,3945.0,34.0,0.861850443599493,74182.0,292940.41
RBL.SHF,20220926,3910.0,3959.0,3900.0,3938.0,3942.0,-10.0,-0.2536783358701167,69048.0,271434.33
RBL.SHF,20220927,3940.0,3978.0,3940.0,3976.0,3938.0,45.0,1.142712036566785,90012.0,356453.68
RBL.SHF,20220928,3980.0,3989.0,3958.0,3961.0,3976.0,1.0,0.025150905432595575,47560.0,188870.62
RBL.SHF,20220929,3975.0,3990.0,3961.0,3973.0,3961.0,2.0,0.050492299924261554,49642.0,197294.56
RBL.SHF,20220930,3983.0,3983.0,3872.0,3890.0,3973.0,-84.0,-2.1142713314875405,52049.0,204911.69
RBL.SHF,20221010,3910.0,3963.0,3901.0,3930.0,3890.0,-6.0,-0.15424164524421594,9484.0,37468.12
RBL.SHF,20221011,3955.0,3958.0,3800.0,3868.0,3930.0,-82.0,-2.0865139949109412,9780.0,38042.46
RBL.SHF,20221012,3856.0,3879.0,3780.0,3800.0,3868.0,-89.0,-2.3009307135470527,7500.0,28538.04
RBL.SHF,20221013,3823.0,3850.0,3781.0,3790.0,3800.0,-15.0,-0.39473684210526316,3600.0,13695.66
RBL.SHF,20221014,3790.0,3830.0,3783.0,3830.0,3790.0,26.0,0.6860158311345647,2190.0,8363.4
RBL.SHF,20221017,3812.0,3826.0,3700.0,3730.0,3830.0,-88.0,-2.297650130548303,1770.0,6649.71
RBL.SHF,20221018,3743.0,3781.0,3725.0,3765.0,3730.0,-13.0,-0.34852546916890076,90.0,337.59
RBL.SHF,20221019,3765.0,3774.0,3720.0,3730.0,3765.0,-21.0,-0.5577689243027889,156.0,584.8
RBL.SHF,20221020,3712.0,3724.0,3665.0,3678.0,3730.0,-70.0,-1.876675603217158,164.0,606.16
RBL.SHF,20221021,3652.0,3724.0,3646.0,3699.0,3678.0,3.0,0.08156606851549755,106.0,393.01
RBL.SHF,20221024,3724.0,3745.0,3682.0,3710.0,3699.0,3.0,0.08110300081103002,130.0,482.53
RBL.SHF,20221025,3711.0,3711.0,3615.0,3640.0,3710.0,-71.0,-1.9137466307277629,1926.0,7123.27
RBL.SHF,20221026,3640.0,3660.0,3620.0,3645.0,3640.0,-53.0,-1.456043956043956,241.0,879.68
RBL.SHF,20221027,3632.0,3653.0,3625.0,3626.0,3645.0,-24.0,-0.6584362139917695,154.0,560.31
RBL.SHF,20221028,3626.0,3626.0,3479.0,3549.0,3626.0,-89.0,-2.4544953116381687,611.0,2181.91
RBL.SHF,20221031,3535.0,3636.0,3337.0,3337.0,3549.0,-234.0,-6.593406593406594,2747.0,9517.54
RBL.SHF,20221101,3419.0,3539.0,3419.0,3530.0,3337.0,66.0,1.977824393167516,180.0,627.75
RBL.SHF,20221102,3531.0,3531.0,3530.0,3530.0,3530.0,43.0,1.2181303116147308,90.0,317.73
RBL.SHF,20221103,3527.0,3527.0,3522.0,3522.0,3530.0,-8.0,-0.22662889518413595,60.0,211.47
RBL.SHF,20221104,3570.0,3570.0,3504.0,3520.0,3522.0,-4.0,-0.1135718341851221,240.0,847.11
RBL.SHF,20221107,3570.0,3570.0,3570.0,3570.0,3520.0,41.0,1.1647727272727273,30.0,107.1
RBL.SHF,20221108,3565.0,3565.0,3565.0,3565.0,3570.0,-5.0,-0.1400560224089636,30.0,106.95
RBL.SHF,20221109,3580.0,3612.0,3530.0,3611.0,3565.0,46.0,1.2903225806451613,360.0,1293.24
RBL.SHF,20221110,3570.0,3570.0,3536.0,3555.0,3611.0,-37.0,-1.0246469122126833,120.0,426.06
RBL.SHF,20221111,3580.0,3580.0,3580.0,3580.0,3555.0,30.0,0.8438818565400843,0.0,0.0
RBL.SHF,20221114,3695.0,3695.0,3695.0,3695.0,3580.0,115.0,3.212290502793296,30.0,110.85
RBL.SHF,20221115,3650.0,3660.0,3650.0,3660.0,3695.0,-35.0,-0.9472259810554804,90.0,329.1
RBL.SHF,20221116,3723.0,3783.0,3723.0,3768.0,3660.0,76.0,2.0765027322404372,829.0,3114.85
RBL.SHF,20221117,3791.0,3791.0,3711.0,3745.0,3768.0,-12.0,-0.3184713375796179,300.0,1120.32
RBL.SHF,20221118,3745.0,3758.0,3720.0,3747.0,3745.0,13.0,0.3471295060080107,264.0,988.29
RBL.SHF,20221121,3747.0,3749.0,3682.0,3716.0,3747.0,-27.0,-0.7205764611689351,1488.0,5549.88
RBL.SHF,20221122,3733.0,3740.0,3701.0,3711.0,3716.0,-18.0,-0.48439181916038754,426.0,1583.71
RBL.SHF,20221123,3711.0,3716.0,3690.0,3715.0,3711.0,-2.0,-0.05389382915656157,2282.0,8465.22
RBL.SHF,20221124,3722.0,3753.0,3708.0,3720.0,3715.0,11.0,0.2960969044414536,309.0,1152.21
RBL.SHF,20221125,3696.0,3748.0,3696.0,3736.0,3720.0,8.0,0.21505376344086022,144.0,535.87
RBL.SHF,20221128,3756.0,3760.0,3703.0,3740.0,3736.0,19.0,0.5085653104925054,1274.0,4748.58
RBL.SHF,20221129,3740.0,3762.0,3704.0,3728.0,3740.0,1.0,0.026737967914438502,469.0,1752.66
RBL.SHF,20221130,3711.0,3799.0,3620.0,3799.0,3728.0,62.0,1.6630901287553648,480.0,1767.74
RBL.SHF,20221201,3680.0,3680.0,3670.0,3670.0,3799.0,-12.0,-0.315872598052119,91.0,334.31
RBL.SHF,20221202,3680.0,3680.0,3675.0,3675.0,3670.0,2.0,0.05449591280653951,60.0,220.65
RBL.SHF,20221205,3718.0,3737.0,3700.0,3737.0,3675.0,60.0,1.6326530612244898,150.0,558.3
RBL.SHF,20221206,3727.0,3727.0,3651.0,3708.0,3737.0,-14.0,-0.3746320578003747,120.0,443.79
RBL.SHF,20221207,3679.0,3679.0,3673.0,3673.0,3708.0,-25.0,-0.674217907227616,60.0,220.56
RBL.SHF,20221208,3676.0,3676.0,3676.0,3676.0,3673.0,0.0,0.0,0.0,0.0
RBL.SHF,20221209,3760.0,3760.0,3760.0,3760.0,3676.0,84.0,2.2850924918389555,30.0,112.8
RBL.SHF,20221212,3627.0,3668.0,3627.0,3668.0,3760.0,-92.0,-2.4468085106382977,60.0,218.85
RBL.SHF,20221213,3699.0,3699.0,3699.0,3699.0,3668.0,52.0,1.4176663031624863,30.0,110.97
RBL.SHF,20221214,3699.0,3699.0,3699.0,3699.0,3699.0,0.0,0.0,810.0,2996.19
RBL.SHF,20221215,3699.0,3699.0,3699.0,3699.0,3699.0,0.0,0.0,0.0,0.0
RBL.SHF,20221216,4035.0,4113.0,3953.0,4022.0,3699.0,33.0,0.8921330089213302,174057.0,703971.88
RBL.SHF,20221219,4014.0,4015.0,3918.0,3924.0,4022.0,-120.0,-2.9835902536051715,134222.0,530801.06
RBL.SHF,20221220,3943.0,3964.0,3902.0,3945.0,3924.0,-9.0,-0.22935779816513763,78040.0,306985.17
RBL.SHF,20221221,3940.0,4004.0,3929.0,4000.0,3945.0,67.0,1.6983523447401776,66271.0,262617.76
RBL.SHF,20221222,4015.0,4025.0,3948.0,3956.0,4000.0,-6.0,-0.15,55379.0,220651.34
RBL.SHF,20221223,3951.0,3999.0,3936.0,3999.0,3956.0,15.0,0.3791708796764408,58409.0,231723.58
RBL.SHF,20221226,3984.0,4010.0,3946.0,3999.0,3999.0,32.0,0.8002000500125032,57151.0,227265.96
RBL.SHF,20221227,4000.0,4061.0,3990.0,4045.0,3999.0,69.0,1.72543135783946,75168.0,302565.42
RBL.SHF,20221228,4039.0,4058.0,4011.0,4043.0,4045.0,18.0,0.4449938195302843,42236.0,170513.14
RBL.SHF,20221229,4063.0,4063.0,4006.0,4048.0,4043.0,11.0,0.2720751916893396,39804.0,160587.14
RBL.SHF,20221230,4057.0,4150.0,4049.0,4140.0,4048.0,106.0,2.6185770750988144,54720.0,224106.99
RBL.SHF,20230103,4134.0,4134.0,4051.0,4088.0,4140.0,-7.0,-0.16908212560386474,7706.0,31465.37
RBL.SHF,20230104,4088.0,4108.0,4045.0,4057.0,4088.0,-26.0,-0.6360078277886496,8400.0,34248.09
RBL.SHF,20230105,4057.0,4060.0,4016.0,4059.0,4057.0,-18.0,-0.44367759428148884,6810.0,27540.69
RBL.SHF,20230106,4059.0,4132.0,4059.0,4125.0,4059.0,81.0,1.9955654101995564,3810.0,15618.81
RBL.SHF,20230109,4129.0,4146.0,4105.0,4116.0,4125.0,17.0,0.4121212121212121,5130.0,21148.17
RBL.SHF,20230110,4145.0,4175.0,4122.0,4166.0,4116.0,44.0,1.0689990281827018,2880.0,11924.67
RBL.SHF,20230111,4144.0,4322.0,4141.0,4285.0,4166.0,145.0,3.4805568891022562,9210.0,39170.37
RBL.SHF,20230112,4280.0,4300.0,4220.0,4300.0,4285.0,47.0,1.0968494749124855,2310.0,9867.48
RBL.SHF,20230113,4300.0,4360.0,4275.0,4345.0,4300.0,74.0,1.7209302325581395,2310.0,9990.63
RBL.SHF,20230116,4300.0,4325.0,4261.0,4320.0,4345.0,-4.0,-0.09205983889528192,930.0,3997.74
RBL.SHF,20230117,4040.0,4065.0,4007.0,4055.0,4320.0,10.0,0.23148148148148145,529.0,2133.09
RBL.SHF,20230118,4055.0,4089.0,4054.0,4084.0,4055.0,52.0,1.282367447595561,1180.0,4800.4
RBL.SHF,20230119,4084.0,4120.0,4084.0,4115.0,4084.0,47.0,1.1508325171400589,297.0,1218.24
RBL.SHF,20230120,4115.0,4122.0,4074.0,4093.0,4115.0,-8.0,-0.19441069258809235,1284.0,5257.13
RBL.SHF,20230130,4131.0,4184.0,4099.0,4110.0,4093.0,16.0,0.3909113119960909,2399.0,9911.771
RBL.SHF,20230131,4110.0,4148.0,4003.0,4129.0,4110.0,-2.0,-0.04866180048661801,4101.0,16820.526
RBL.SHF,20230201,4089.0,4089.0,4033.0,4033.0,4129.0,-68.0,-1.6468878663114555,480.0,1950.27
RBL.SHF,20230202,4054.0,4062.0,3980.0,3980.0,4033.0,-83.0,-2.0580213240763703,1530.0,6174.45
RBL.SHF,20230203,3984.0,3985.0,3938.0,3959.0,3980.0,-76.0,-1.9095477386934674,810.0,3212.61
RBL.SHF,20230206,3970.0,3979.0,3942.0,3979.0,3959.0,13.0,0.3283657489264966,450.0,1781.73
RBL.SHF,20230207,3955.0,3965.0,3940.0,3940.0,3979.0,-19.0,-0.4775069112842423,840.0,3320.22
RBL.SHF,20230208,3970.0,3970.0,3970.0,3970.0,3940.0,18.0,0.4568527918781726,30.0,119.1
RBL.SHF,20230209,4030.0,4030.0,4030.0,4030.0,3970.0,60.0,1.5113350125944585,120.0,483.6
RBL.SHF,20230210,4020.0,4020.0,3970.0,3970.0,4030.0,-60.0,-1.488833746898263,270.0,1080.45
RBL.SHF,20230213,3960.0,3960.0,3960.0,3960.0,3970.0,-41.0,-1.0327455919395465,30.0,118.8
RBL.SHF,20230214,3960.0,3960.0,3960.0,3960.0,3960.0,0.0,0.0,0.0,0.0
RBL.SHF,20230215,3960.0,3960.0,3960.0,3960.0,3960.0,0.0,0.0,0.0,0.0
RBL.SHF,20230216,4085.0,4176.0,4063.0,4168.0,3960.0,100.0,2.525252525252525,10770.0,44418.88
RBL.SHF,20230217,4174.0,4202.0,4153.0,4176.0,4168.0,52.0,1.2476007677543186,8811.0,36792.2
RBL.SHF,20230220,4191.0,4200.0,4137.0,4182.0,4176.0,7.0,0.16762452107279693,7478.0,31194.52
RBL.SHF,20230221,4187.0,4252.0,4187.0,4252.0,4182.0,81.0,1.9368723098995695,11833.0,50062.84
RBL.SHF,20230222,4252.0,4263.0,4225.0,4248.0,4252.0,18.0,0.4233301975540922,16952.0,71897.83
RBL.SHF,20230223,4247.0,4296.0,4245.0,4248.0,4248.0,7.0,0.1647834274952919,9579.0,40837.14
RBL.SHF,20230224,4248.0,4282.0,4237.0,4256.0,4248.0,-7.0,-0.1647834274952919,10204.0,43426.27
RBL.SHF,20230227,4250.0,4315.0,4232.0,4258.0,4256.0,3.0,0.07048872180451127,9925.0,42287.35
RBL.SHF,20230228,4258.0,4326.0,4249.0,4318.0,4258.0,58.0,1.3621418506341005,5523.0,23525.05
RBL.SHF,20230301,4303.0,4330.0,4300.0,4330.0,4318.0,71.0,1.6442797591477536,990.0,4265.94
RBL.SHF,20230302,4330.0,4349.0,4330.0,4349.0,4330.0,40.0,0.9237875288683602,2460.0,10676.07
RBL.SHF,20230303,4348.0,4400.0,4339.0,4390.0,4349.0,51.0,1.1726833754886181,2220.0,9739.8
RBL.SHF,20230306,4379.0,4379.0,4271.0,4308.0,4390.0,-79.0,-1.7995444191343963,2160.0,9320.22
RBL.SHF,20230307,4306.0,4350.0,4300.0,4340.0,4308.0,26.0,0.6035283194057568,2940.0,12724.14
RBL.SHF,20230308,4340.0,4345.0,4330.0,4341.0,4340.0,14.0,0.3225806451612903,2310.0,10015.77
RBL.SHF,20230309,4389.0,4432.0,4370.0,4432.0,4341.0,97.0,2.2345081778392077,1170.0,5158.83
RBL.SHF,20230310,4521.0,4570.0,4475.0,4555.0,4432.0,146.0,3.2942238267148016,1680.0,7573.83
RBL.SHF,20230313,4538.0,4538.0,4450.0,4480.0,4555.0,-28.0,-0.6147091108671789,1200.0,5391.24
RBL.SHF,20230314,4470.0,4530.0,4470.0,4530.0,4480.0,38.0,0.8482142857142857,1740.0,7815.42
RBL.SHF,20230315,4520.0,4580.0,4512.0,4580.0,4530.0,89.0,1.9646799116997793,150.0,679.86
RBL.SHF,20230316,4299.0,4299.0,4046.0,4213.0,4580.0,-130.0,-2.8384279475982535,15081.0,64167.69
RBL.SHF,20230317,4218.0,4366.0,4174.0,4252.0,4213.0,-2.0,-0.047472110135295516,11426.0,48337.11
RBL.SHF,20230320,4270.0,4272.0,4179.0,4180.0,4252.0,-50.0,-1.175917215428034,7448.0,31476.2
RBL.SHF,20230321,4181.0,4213.0,4141.0,4143.0,4180.0,-83.0,-1.985645933014354,6033.0,25172.47
RBL.SHF,20230322,4135.0,4183.0,4112.0,4142.0,4143.0,-30.0,-0.724112961622013,5157.0,21370.26
RBL.SHF,20230323,4126.0,4175.0,4054.0,4059.0,4142.0,-84.0,-2.0280057943022696,6265.0,25787.74
RBL.SHF,20230324,4034.0,4099.0,4034.0,4090.0,4059.0,-26.0,-0.6405518600640552,12635.0,51189.25
RBL.SHF,20230327,4050.0,4098.0,4046.0,4072.0,4090.0,21.0,0.5134474327628362,13042.0,53160.46
RBL.SHF,20230328,4073.0,4115.0,4073.0,4109.0,4072.0,33.0,0.8104125736738703,5119.0,20942.57
RBL.SHF,20230329,4130.0,4133.0,4082.0,4099.0,4109.0,8.0,0.19469457288878073,9970.0,41083.23
RBL.SHF,20230330,4115.0,4125.0,4083.0,4112.0,4099.0,-8.0,-0.19516955354964624,7051.0,28972.37
RBL.SHF,20230331,4112.0,4168.0,4108.0,4115.0,4112.0,7.0,0.17023346303501946,2692.0,11143.99
RBL.SHF,20230403,4123.0,4123.0,4011.0,4023.0,4115.0,-116.0,-2.818955042527339,870.0,3520.65
RBL.SHF,20230404,4022.0,4030.0,3983.0,3983.0,4023.0,-63.0,-1.5659955257270695,510.0,2041.32
RBL.SHF,20230406,3980.0,3980.0,3960.0,3960.0,3983.0,-42.0,-1.054481546572935,60.0,238.2
RBL.SHF,20230407,3975.0,3980.0,3950.0,3962.0,3960.0,-8.0,-0.20202020202020202,300.0,1190.76
RBL.SHF,20230410,3985.0,3985.0,3860.0,3885.0,3962.0,-84.0,-2.1201413427561837,180.0,702.03
RBL.SHF,20230411,3899.0,3910.0,3885.0,3910.0,3885.0,10.0,0.2574002574002574,450.0,1752.42
RBL.SHF,20230412,3770.0,3898.0,3770.0,3870.0,3910.0,-24.0,-0.6138107416879796,150.0,576.24
RBL.SHF,20230413,3920.0,3920.0,3850.0,3850.0,3870.0,9.0,0.23255813953488372,1200.0,4652.55
RBL.SHF,20230414,3880.0,3880.0,3880.0,3880.0,3850.0,3.0,0.07792207792207792,60.0,232.8
RBL.SHF,20230417,3817.0,3850.0,3817.0,3850.0,3880.0,-30.0,-0.7731958762886598,120.0,461.01
RBL.SHF,20230418,3977.0,4002.0,3956.0,3971.0,3850.0,24.0,0.6233766233766234,170464.0,678330.41
RBL.SHF,20230419,3981.0,3984.0,3940.0,3949.0,3971.0,-30.0,-0.7554772097708387,107019.0,424583.6
RBL.SHF,20230420,3931.0,3947.0,3896.0,3928.0,3949.0,-39.0,-0.9875917953912383,150012.0,588360.53
RBL.SHF,20230421,3935.0,3935.0,3825.0,3828.0,3928.0,-94.0,-2.3930753564154785,152613.0,591710.68
RBL.SHF,20230424,3826.0,3835.0,3702.0,3728.0,3828.0,-149.0,-3.8923719958202714,236619.0,889566.86
RBL.SHF,20230425,3732.0,3763.0,3700.0,3700.0,3728.0,-59.0,-1.582618025751073,113887.0,425407.49
RBL.SHF,20230426,3684.0,3725.0,3670.0,3698.0,3700.0,-37.0,-1.0,146305.0,540639.66
RBL.SHF,20230427,3705.0,3731.0,3672.0,3679.0,3698.0,-16.0,-0.4326663061114116,90133.0,333949.14
RBL.SHF,20230428,3670.0,3678.0,3581.0,3583.0,3679.0,-122.0,-3.3161185104648,77920.0,283531.8
RBL.SHF,20230504,3596.0,3605.0,3556.0,3558.0,3583.0,-80.0,-2.2327658386826683,8043.0,28796.39
RBL.SHF,20230505,3558.0,3565.0,3491.0,3542.0,3558.0,-38.0,-1.0680157391793141,9420.0,33205.05
RBL.SHF,20230508,3540.0,3629.0,3534.0,3616.0,3542.0,92.0,2.5974025974025974,17130.0,61461.75
RBL.SHF,20230509,3630.0,3630.0,3582.0,3588.0,3616.0,1.0,0.02765486725663717,5820.0,20981.04
RBL.SHF,20230510,3575.0,3604.0,3500.0,3537.0,3588.0,-67.0,-1.8673355629877368,7830.0,27877.17
RBL.SHF,20230511,3550.0,3550.0,3416.0,3480.0,3537.0,-80.0,-2.261803788521346,4410.0,15396.27
RBL.SHF,20230512,3446.0,3474.0,3415.0,3415.0,3480.0,-76.0,-2.1839080459770113,1590.0,5477.04
RBL.SHF,20230515,3470.0,3535.0,3436.0,3482.0,3415.0,38.0,1.1127379209370425,870.0,3015.45
RBL.SHF,20230516,3677.0,3685.0,3610.0,3624.0,3482.0,-8.0,-0.22975301550832855,15099.0,55046.71
RBL.SHF,20230517,3614.0,3700.0,3614.0,3694.0,3624.0,49.0,1.3520971302428255,12885.0,47124.95
RBL.SHF,20230518,3678.0,3703.0,3638.0,3668.0,3694.0,11.0,0.2977801840822956,15785.0,58013.62
RBL.SHF,20230519,3675.0,3675.0,3589.0,3614.0,3668.0,-61.0,-1.663031624863686,19830.0,71963.35
RBL.SHF,20230522,3605.0,3654.0,3535.0,3542.0,3614.0,-87.0,-2.407304925290537,24160.0,86621.11
RBL.SHF,20230523,3542.0,3591.0,3540.0,3562.0,3542.0,-23.0,-0.6493506493506493,15511.0,55296.36
RBL.SHF,20230524,3584.0,3584.0,3450.0,3455.0,3562.0,-109.0,-3.060078607523863,22570.0,79358.43
RBL.SHF,20230525,3450.0,3471.0,3419.0,3450.0,3455.0,-66.0,-1.9102749638205498,36130.0,124589.7
RBL.SHF,20230526,3449.0,3513.0,3401.0,3468.0,3450.0,20.0,0.5797101449275363,11169.0,38564.68
RBL.SHF,20230529,3475.0,3478.0,3410.0,3419.0,3468.0,-33.0,-0.9515570934256056,8275.0,28628.66
RBL.SHF,20230530,3465.0,3465.0,3318.0,3418.0,3419.0,-41.0,-1.1991810470897923,5713.0,19522.62
RBL.SHF,20230531,3399.0,3410.0,3189.0,3194.0,3418.0,-223.0,-6.52428320655354,6169.0,20728.95
RBL.SHF,20230601,3211.0,3360.0,3211.0,3360.0,3194.0,0.0,0.0,1812.0,6002.2
RBL.SHF,20230602,3360.0,3420.0,3320.0,3405.0,3360.0,93.0,2.767857142857143,1320.0,4443.6
RBL.SHF,20230605,3405.0,3460.0,3405.0,3460.0,3405.0,94.0,2.7606461086637295,480.0,1642.26
RBL.SHF,20230606,3446.0,3483.0,3442.0,3483.0,3460.0,62.0,1.7919075144508672,180.0,622.62
RBL.SHF,20230607,3483.0,3483.0,3391.0,3391.0,3483.0,-68.0,-1.952339936836061,750.0,2606.13
RBL.SHF,20230608,3401.0,3461.0,3401.0,3461.0,3391.0,-13.0,-0.383367738130345,330.0,1124.13
RBL.SHF,20230609,3461.0,3520.0,3437.0,3520.0,3461.0,114.0,3.293845709332563,510.0,1770.39
RBL.SHF,20230612,3541.0,3548.0,3541.0,3548.0,3520.0,77.0,2.1875,240.0,851.31
RBL.SHF,20230613,3547.0,3547.0,3547.0,3547.0,3548.0,0.0,0.0,0.0,0.0
RBL.SHF,20230614,3635.0,3658.0,3526.0,3600.0,3547.0,53.0,1.4942204680011277,300.0,1083.54
RBL.SHF,20230615,3568.0,3568.0,3568.0,3568.0,3600.0,-43.0,-1.1944444444444444,30.0,107.04
RBL.SHF,20230616,3799.0,3852.0,3787.0,3845.0,3568.0,63.0,1.765695067264574,22434.0,85887.34
RBL.SHF,20230619,3845.0,3863.0,3784.0,3801.0,3845.0,-27.0,-0.7022106631989598,27424.0,104783.77
RBL.SHF,20230620,3791.0,3812.0,3758.0,3776.0,3801.0,-44.0,-1.1575901078663509,15695.0,59402.98
RBL.SHF,20230621,3770.0,3782.0,3738.0,3744.0,3776.0,-40.0,-1.059322033898305,19652.0,73875.75
RBL.SHF,20230626,3723.0,3752.0,3696.0,3747.0,3744.0,-12.0,-0.3205128205128205,35097.0,130818.05
RBL.SHF,20230627,3750.0,3809.0,3745.0,3761.0,3747.0,34.0,0.9073925807312517,24236.0,91339.68
RBL.SHF,20230628,3764.0,3782.0,3727.0,3757.0,3761.0,-11.0,-0.2924754054772667,9354.0,35144.96
RBL.SHF,20230629,3754.0,3777.0,3721.0,3740.0,3757.0,-17.0,-0.4524886877828055,14922.0,56000.23
RBL.SHF,20230630,3735.0,3783.0,3706.0,3709.0,3740.0,-43.0,-1.1497326203208555,11510.0,43126.84
RBL.SHF,20230703,3696.0,3759.0,3684.0,3745.0,3709.0,-1.0,-0.026961445133459154,1774.0,6615.0
RBL.SHF,20230704,3745.0,3777.0,3740.0,3749.0,3745.0,21.0,0.5607476635514018,1020.0,3834.99
RBL.SHF,20230705,3749.0,3767.0,3728.0,3750.0,3749.0,-9.0,-0.240064017071219,510.0,1911.39
RBL.SHF,20230706,3768.0,3768.0,3737.0,3754.0,3750.0,7.0,0.18666666666666668,480.0,1802.64
RBL.SHF,20230707,3750.0,3760.0,3683.0,3683.0,3754.0,-72.0,-1.9179541822056474,960.0,3585.87
RBL.SHF,20230710,3683.0,3700.0,3683.0,3700.0,3683.0,-35.0,-0.9503122454520772,360.0,1326.81
RBL.SHF,20230711,3689.0,3689.0,3670.0,3670.0,3700.0,-15.0,-0.40540540540540543,270.0,992.46
RBL.SHF,20230712,3709.0,3709.0,3690.0,3707.0,3670.0,32.0,0.8719346049046321,150.0,555.09
RBL.SHF,20230713,3720.0,3720.0,3700.0,3700.0,3707.0,0.0,0.0,210.0,778.5
RBL.SHF,20230714,3740.0,3750.0,3740.0,3750.0,3700.0,43.0,1.162162162162162,60.0,224.7
RBL.SHF,20230717,3746.0,3746.0,3666.0,3666.0,3750.0,-79.0,-2.106666666666667,90.0,334.74
RBL.SHF,20230718,3683.0,3740.0,3671.0,3739.0,3666.0,28.0,0.7637752318603382,9929.0,36794.72
RBL.SHF,20230719,3740.0,3744.0,3692.0,3733.0,3739.0,28.0,0.7488633324418295,7839.0,29168.69
RBL.SHF,20230720,3734.0,3766.0,3727.0,3752.0,3733.0,32.0,0.8572193945888027,10320.0,38662.02
RBL.SHF,20230721,3756.0,3781.0,3718.0,3775.0,3752.0,29.0,0.7729211087420043,13588.0,50919.7
RBL.SHF,20230724,3773.0,3788.0,3731.0,3731.0,3775.0,-16.0,-0.423841059602649,13548.0,51014.72
RBL.SHF,20230725,3731.0,3774.0,3731.0,3746.0,3731.0,-19.0,-0.5092468507102653,25194.0,94560.18
RBL.SHF,20230726,3748.0,3755.0,3722.0,3745.0,3746.0,-8.0,-0.21356113187399892,6123.0,22917.58
RBL.SHF,20230727,3745.0,3793.0,3706.0,3781.0,3745.0,39.0,1.041388518024032,7666.0,28908.67
RBL.SHF,20230728,3768.0,3782.0,3731.0,3776.0,3781.0,5.0,0.13224014810896587,2717.0,10220.19
RBL.SHF,20230731,3776.0,3790.0,3703.0,3741.0,3776.0,-20.0,-0.5296610169491525,7406.0,27940.08
RBL.SHF,20230801,3775.0,3794.0,3767.0,3784.0,3741.0,12.0,0.32076984763432237,480.0,1816.05
RBL.SHF,20230802,3784.0,3784.0,3740.0,3740.0,3784.0,-43.0,-1.1363636363636365,750.0,2831.61
RBL.SHF,20230803,3724.0,3724.0,3682.0,3685.0,3740.0,-90.0,-2.406417112299465,210.0,776.55
RBL.SHF,20230804,3686.0,3686.0,3686.0,3686.0,3685.0,-11.0,-0.2985074626865672,90.0,331.74
RBL.SHF,20230807,3653.0,3653.0,3605.0,3642.0,3686.0,-44.0,-1.1937059142702116,480.0,1748.01
RBL.SHF,20230808,3642.0,3647.0,3623.0,3623.0,3642.0,-18.0,-0.4942339373970346,420.0,1526.55
RBL.SHF,20230809,3618.0,3618.0,3618.0,3618.0,3623.0,-16.0,-0.4416229643941485,30.0,108.54
RBL.SHF,20230810,3618.0,3618.0,3618.0,3618.0,3618.0,0.0,0.0,0.0,0.0
RBL.SHF,20230811,3600.0,3600.0,3600.0,3600.0,3618.0,-18.0,-0.4975124378109453,30.0,108.0
RBL.SHF,20230814,3599.0,3599.0,3599.0,3599.0,3600.0,-1.0,-0.027777777777777776,0.0,0.0
RBL.SHF,20230815,3599.0,3599.0,3599.0,3599.0,3599.0,0.0,0.0,0.0,0.0
RBL.SHF,20230816,3611.0,3635.0,3604.0,3628.0,3599.0,48.0,1.333703806612948,23542.0,85187.08
RBL.SHF,20230817,3635.0,3643.0,3592.0,3640.0,3628.0,22.0,0.6063947078280044,35309.0,127756.14
RBL.SHF,20230818,3640.0,3649.0,3609.0,3612.0,3640.0,-6.0,-0.16483516483516483,27603.0,100276.18
RBL.SHF,20230821,3619.0,3619.0,3551.0,3571.0,3612.0,-61.0,-1.6888150609080843,38413.0,137491.73
RBL.SHF,20230822,3580.0,3639.0,3554.0,3634.0,3571.0,55.0,1.5401848221786614,46458.0,166941.22
RBL.SHF,20230823,3634.0,3662.0,3621.0,3623.0,3634.0,30.0,0.8255365987892129,34514.0,125710.68
RBL.SHF,20230824,3612.0,3678.0,3585.0,3590.0,3623.0,-52.0,-1.4352746342809828,34977.0,127478.08
RBL.SHF,20230825,3588.0,3615.0,3583.0,3598.0,3590.0,-46.0,-1.2813370473537604,22772.0,81951.21
RBL.SHF,20230828,3598.0,3605.0,3535.0,3557.0,3598.0,-41.0,-1.1395219566425792,5874.0,21046.8
RBL.SHF,20230829,3557.0,3584.0,3541.0,3564.0,3557.0,-19.0,-0.5341579983131852,2039.0,7255.59
RBL.SHF,20230830,3564.0,3600.0,3555.0,3597.0,3564.0,39.0,1.0942760942760943,2316.0,8294.72
RBL.SHF,20230831,3597.0,3638.0,3597.0,3608.0,3597.0,27.0,0.7506255212677231,2394.0,8665.8
RBL.SHF,20230901,3640.0,3668.0,3628.0,3661.0,3608.0,42.0,1.164079822616408,633.0,2311.28
RBL.SHF,20230904,3661.0,3699.0,3661.0,3665.0,3661.0,14.0,0.3824091778202677,600.0,2208.54
RBL.SHF,20230905,3665.0,3677.0,3635.0,3635.0,3665.0,-45.0,-1.227830832196453,990.0,3628.2
RBL.SHF,20230906,3531.0,3640.0,3531.0,3639.0,3635.0,-25.0,-0.6877579092159559,210.0,754.95
RBL.SHF,20230907,3655.0,3655.0,3610.0,3610.0,3639.0,15.0,0.4122011541632316,480.0,1737.15
RBL.SHF,20230908,3617.0,3617.0,3580.0,3580.0,3610.0,-39.0,-1.080332409972299,120.0,431.79
RBL.SHF,20230911,3600.0,3610.0,3600.0,3610.0,3580.0,12.0,0.33519553072625696,210.0,756.87
RBL.SHF,20230912,3611.0,3611.0,3600.0,3600.0,3610.0,-4.0,-0.110803324099723,150.0,541.23
RBL.SHF,20230913,3600.0,3606.0,3600.0,3606.0,3600.0,-2.0,-0.05555555555555555,150.0,540.3
RBL.SHF,20230914,3610.0,3630.0,3610.0,3630.0,3606.0,28.0,0.776483638380477,90.0,325.5
RBL.SHF,20230915,3760.0,3760.0,3760.0,3760.0,3630.0,144.0,3.9669421487603307,30.0,112.8
RBL.SHF,20230918,3745.0,3770.0,3733.0,3767.0,3760.0,15.0,0.39893617021276595,116089.0,435402.25
RBL.SHF,20230919,3775.0,3790.0,3760.0,3763.0,3767.0,13.0,0.34510220334483677,123852.0,467670.23
RBL.SHF,20230920,3760.0,3773.0,3750.0,3760.0,3763.0,-16.0,-0.42519266542652134,74407.0,279790.73
RBL.SHF,20230921,3752.0,3769.0,3694.0,3694.0,3760.0,-66.0,-1.7553191489361704,97740.0,364619.12
RBL.SHF,20230922,3687.0,3726.0,3687.0,3713.0,3694.0,-17.0,-0.46020573903627504,119886.0,444256.27
RBL.SHF,20230925,3714.0,3714.0,3649.0,3658.0,3713.0,-47.0,-1.2658227848101267,116883.0,430365.27
RBL.SHF,20230926,3670.0,3670.0,3605.0,3614.0,3658.0,-68.0,-1.8589393110989612,77898.0,283341.97
RBL.SHF,20230927,3620.0,3627.0,3607.0,3607.0,3614.0,-30.0,-0.8301051466519093,70177.0,253914.83
RBL.SHF,20230928,3613.0,3643.0,3606.0,3615.0,3607.0,-3.0,-0.08317161075686166,67765.0,245561.59
RBL.SHF,20231009,3600.0,3625.0,3560.0,3569.0,3615.0,-54.0,-1.4937759336099585,12252.0,43771.98
RBL.SHF,20231010,3570.0,3581.0,3541.0,3550.0,3569.0,-22.0,-0.6164191650322219,10230.0,36451.47
RBL.SHF,20231011,3550.0,3573.0,3498.0,3522.0,3550.0,-41.0,-1.1549295774647887,9900.0,35054.16
RBL.SHF,20231012,3521.0,3530.0,3482.0,3505.0,3522.0,-35.0,-0.9937535491198184,2130.0,7474.95
RBL.SHF,20231013,3520.0,3520.0,3490.0,3520.0,3505.0,11.0,0.31383737517831667,1860.0,6513.66
RBL.SHF,20231016,3500.0,3530.0,3490.0,3530.0,3520.0,29.0,0.8238636363636362,1350.0,4737.69
RBL.SHF,20231017,3617.0,3630.0,3602.0,3608.0,3530.0,19.0,0.538243626062323,25987.0,93928.95
RBL.SHF,20231018,3603.0,3624.0,3568.0,3573.0,3608.0,-41.0,-1.1363636363636365,20139.0,72435.71
RBL.SHF,20231019,3575.0,3604.0,3554.0,3599.0,3573.0,3.0,0.08396305625524769,18388.0,65837.14
RBL.SHF,20231020,3587.0,3614.0,3573.0,3582.0,3599.0,2.0,0.05557099194220616,24095.0,86523.64
RBL.SHF,20231023,3588.0,3588.0,3535.0,3549.0,3582.0,-41.0,-1.1446119486320492,20050.0,71236.69
RBL.SHF,20231024,3554.0,3596.0,3549.0,3593.0,3549.0,41.0,1.1552550014088476,18042.0,64404.55
RBL.SHF,20231025,3600.0,3631.0,3595.0,3601.0,3593.0,32.0,0.8906206512663513,36949.0,133363.27
RBL.SHF,20231026,3601.0,3624.0,3599.0,3615.0,3601.0,6.0,0.1666203832268814,8370.0,30178.87
RBL.SHF,20231027,3605.0,3689.0,3605.0,3676.0,3615.0,71.0,1.9640387275242046,20369.0,73986.81
RBL.SHF,20231030,3676.0,3720.0,3661.0,3716.0,3676.0,84.0,2.2850924918389555,8754.0,32241.97
RBL.SHF,20231031,3716.0,3737.0,3689.0,3713.0,3716.0,30.0,0.8073196986006458,12136.0,45092.72
RBL.SHF,20231101,3713.0,3748.0,3707.0,3740.0,3713.0,25.0,0.6733099919202801,2401.0,8956.99
RBL.SHF,20231102,3743.0,3746.0,3734.0,3746.0,3740.0,16.0,0.42780748663101603,630.0,2356.17
RBL.SHF,20231103,3748.0,3788.0,3748.0,3788.0,3746.0,49.0,1.3080619327282434,930.0,3503.55
RBL.SHF,20231106,3805.0,3805.0,3771.0,3789.0,3788.0,22.0,0.5807814149947201,510.0,1930.44
RBL.SHF,20231107,3785.0,3788.0,3772.0,3775.0,3789.0,-10.0,-0.26392187912377935,1020.0,3855.66
RBL.SHF,20231108,3777.0,3784.0,3730.0,3784.0,3775.0,4.0,0.10596026490066225,750.0,2820.93
RBL.SHF,20231109,3775.0,3797.0,3775.0,3795.0,3784.0,34.0,0.8985200845665962,1410.0,5334.9
RBL.SHF,20231110,3795.0,3795.0,3791.0,3791.0,3795.0,8.0,0.21080368906455862,360.0,1364.88
RBL.SHF,20231113,3836.0,3837.0,3835.0,3836.0,3791.0,45.0,1.1870218939593775,870.0,3337.29
RBL.SHF,20231114,3830.0,3830.0,3830.0,3830.0,3836.0,-5.0,-0.1303441084462982,0.0,0.0
RBL.SHF,20231115,3820.0,3900.0,3820.0,3899.0,3830.0,69.0,1.8015665796344646,870.0,3375.75
RBL.SHF,20231116,3910.0,3972.0,3895.0,3965.0,3899.0,45.0,1.1541420877147985,5141.0,20144.96
RBL.SHF,20231117,3970.0,3981.0,3920.0,3924.0,3965.0,6.0,0.15132408575031525,2074.0,8184.59
RBL.SHF,20231120,3938.0,3976.0,3900.0,3971.0,3924.0,25.0,0.63710499490316,1644.0,6473.0
RBL.SHF,20231121,3971.0,4039.0,3971.0,3974.0,3971.0,37.0,0.9317552253840342,2605.0,10434.94
RBL.SHF,20231122,3979.0,4070.0,3960.0,3989.0,3974.0,-16.0,-0.40261701056869653,2556.0,10183.7
RBL.SHF,20231123,3989.0,4010.0,3906.0,3922.0,3989.0,-62.0,-1.5542742541990473,4928.0,19542.58
RBL.SHF,20231124,3944.0,3972.0,3920.0,3955.0,3922.0,-10.0,-0.25497195308516063,2583.0,10195.6
RBL.SHF,20231127,3951.0,3970.0,3922.0,3950.0,3955.0,3.0,0.07585335018963338,1921.0,7582.77
RBL.SHF,20231128,3950.0,3951.0,3910.0,3919.0,3950.0,-28.0,-0.7088607594936709,945.0,3711.83
RBL.SHF,20231129,3924.0,3945.0,3880.0,3895.0,3919.0,-32.0,-0.8165348303138555,4169.0,16379.37
RBL.SHF,20231130,3895.0,3895.0,3782.0,3782.0,3895.0,-146.0,-3.748395378690629,809.0,3112.96
RBL.SHF,20231201,3830.0,3900.0,3830.0,3900.0,3782.0,53.0,1.4013749338974086,451.0,1742.82
RBL.SHF,20231204,3900.0,3900.0,3850.0,3852.0,3900.0,-12.0,-0.3076923076923077,360.0,1392.87
RBL.SHF,20231205,3852.0,3852.0,3852.0,3852.0,3852.0,-17.0,-0.4413291796469367,30.0,115.56
RBL.SHF,20231206,3852.0,3852.0,3852.0,3852.0,3852.0,0.0,0.0,0.0,0.0
RBL.SHF,20231207,3870.0,3870.0,3870.0,3870.0,3852.0,18.0,0.46728971962616817,30.0,116.1
RBL.SHF,20231208,3882.0,3882.0,3882.0,3882.0,3870.0,12.0,0.31007751937984496,30.0,116.46
RBL.SHF,20231211,3883.0,3883.0,3883.0,3883.0,3882.0,1.0,0.025759917568263783,0.0,0.0
RBL.SHF,20231212,3883.0,3883.0,3883.0,3883.0,3883.0,0.0,0.0,0.0,0.0
RBL.SHF,20231213,3850.0,3850.0,3850.0,3850.0,3883.0,-33.0,-0.84985835694051,30.0,115.5
RBL.SHF,20231214,3850.0,3850.0,3850.0,3850.0,3850.0,0.0,0.0,0.0,0.0
RBL.SHF,20231215,3850.0,3850.0,3850.0,3850.0,3850.0,0.0,0.0,0.0,0.0
RBL.SHF,20231218,3944.0,3969.0,3925.0,3962.0,3850.0,18.0,0.4675324675324675,121435.0,478928.26
RBL.SHF,20231219,3963.0,3973.0,3936.0,3952.0,3962.0,9.0,0.2271580010095911,90363.0,357268.92
RBL.SHF,20231220,3952.0,3978.0,3946.0,3966.0,3952.0,13.0,0.3289473684210526,61049.0,241867.43
RBL.SHF,20231221,3965.0,4005.0,3950.0,4002.0,3966.0,41.0,1.0337871911245589,91169.0,362704.4
RBL.SHF,20231222,4002.0,4030.0,3992.0,4007.0,4002.0,29.0,0.7246376811594203,114801.0,460396.05
RBL.SHF,20231225,4007.0,4025.0,3986.0,4025.0,4007.0,15.0,0.3743448964312453,120558.0,483199.71
RBL.SHF,20231226,4031.0,4061.0,4022.0,4056.0,4025.0,48.0,1.1925465838509317,77417.0,312874.9
RBL.SHF,20231227,4042.0,4056.0,4023.0,4054.0,4056.0,13.0,0.3205128205128205,56222.0,227240.92
RBL.SHF,20231228,4064.0,4064.0,4033.0,4051.0,4054.0,10.0,0.246669955599408,55278.0,223815.14
RBL.SHF,20231229,4045.0,4063.0,3980.0,4009.0,4051.0,-39.0,-0.9627252530239447,76153.0,307671.87
RBL.SHF,20240102,4000.0,4048.0,3996.0,4041.0,4009.0,1.0,0.02494387627837366,7025.0,28338.5
RBL.SHF,20240103,4049.0,4050.0,4036.0,4036.0,4041.0,3.0,0.07423904974016332,7230.0,29226.33
RBL.SHF,20240104,4033.0,4046.0,4015.0,4030.0,4036.0,-12.0,-0.29732408325074333,4830.0,19473.57
RBL.SHF,20240105,4023.0,4032.0,3967.0,3973.0,4030.0,-58.0,-1.4392059553349876,8550.0,34186.44
RBL.SHF,20240108,3961.0,3990.0,3937.0,3958.0,3973.0,-40.0,-1.0067958721369241,10500.0,41631.21
RBL.SHF,20240109,3940.0,3950.0,3931.0,3931.0,3958.0,-33.0,-0.833754421424962,1980.0,7799.43
RBL.SHF,20240110,3931.0,3950.0,3880.0,3880.0,3931.0,-59.0,-1.500890358687357,2820.0,11060.97
RBL.SHF,20240111,3880.0,3931.0,3880.0,3931.0,3880.0,9.0,0.23195876288659795,2040.0,7981.47
RBL.SHF,20240112,3935.0,3938.0,3900.0,3926.0,3931.0,14.0,0.35614347494276266,930.0,3652.17
RBL.SHF,20240115,3911.0,3946.0,3870.0,3946.0,3926.0,19.0,0.4839531329597555,990.0,3874.89
RBL.SHF,20240116,3791.0,3799.0,3770.0,3796.0,3946.0,-3.0,-0.07602635580334516,484.0,1832.16
RBL.SHF,20240117,3824.0,3825.0,3763.0,3763.0,3796.0,-22.0,-0.5795574288724974,550.0,2084.2
RBL.SHF,20240118,3751.0,3815.0,3750.0,3813.0,3763.0,24.0,0.6377889981397821,1298.0,4916.49
RBL.SHF,20240119,3809.0,3832.0,3800.0,3819.0,3813.0,32.0,0.8392341987936008,1508.0,5755.03
RBL.SHF,20240122,3829.0,3832.0,3789.0,3816.0,3819.0,0.0,0.0,775.0,2955.88
RBL.SHF,20240123,3802.0,3836.0,3801.0,3826.0,3816.0,12.0,0.3144654088050315,481.0,1838.17
RBL.SHF,20240124,3826.0,3843.0,3825.0,3840.0,3826.0,19.0,0.49660219550444323,225.0,862.7
RBL.SHF,20240125,3866.0,3871.0,3846.0,3850.0,3840.0,16.0,0.4166666666666667,1316.0,5076.05
RBL.SHF,20240126,3844.0,3860.0,3800.0,3809.0,3850.0,-48.0,-1.2467532467532467,1624.0,6242.53
RBL.SHF,20240129,3838.0,3860.0,3827.0,3829.0,3809.0,-14.0,-0.36755053819900235,577.0,2220.83
RBL.SHF,20240130,3829.0,3829.0,3772.0,3772.0,3829.0,-76.0,-1.984852441890833,511.0,1949.25
RBL.SHF,20240131,3726.0,3780.0,3706.0,3750.0,3772.0,-64.0,-1.6967126193001063,649.0,2430.14
RBL.SHF,20240201,3765.0,3765.0,3730.0,3730.0,3750.0,-14.0,-0.37333333333333335,159.0,595.07
RBL.SHF,20240202,3720.0,3720.0,3716.0,3717.0,3730.0,-25.0,-0.6702412868632708,300.0,1115.73
RBL.SHF,20240205,3705.0,3705.0,3705.0,3705.0,3717.0,-14.0,-0.3766478342749529,60.0,222.3
RBL.SHF,20240206,3705.0,3705.0,3705.0,3705.0,3705.0,0.0,0.0,0.0,0.0
RBL.SHF,20240207,3705.0,3705.0,3705.0,3705.0,3705.0,0.0,0.0,30.0,111.15
RBL.SHF,20240208,3705.0,3705.0,3705.0,3705.0,3705.0,0.0,0.0,0.0,0.0
RBL.SHF,20240219,3705.0,3705.0,3705.0,3705.0,3705.0,0.0,0.0,0.0,0.0
RBL.SHF,20240220,3856.0,3878.0,3809.0,3809.0,3705.0,-82.0,-2.213225371120108,18847.0,72333.93
RBL.SHF,20240221,3808.0,3898.0,3796.0,3835.0,3809.0,-2.0,-0.05250721974271463,32551.0,125032.29
RBL.SHF,20240222,3848.0,3864.0,3822.0,3846.0,3835.0,5.0,0.1303780964797914,12524.0,48138.85
RBL.SHF,20240223,3848.0,3862.0,3838.0,3848.0,3846.0,5.0,0.13000520020800832,21446.0,82546.56
RBL.SHF,20240226,3850.0,3867.0,3806.0,3816.0,3848.0,-33.0,-0.8575883575883576,20190.0,77547.34
RBL.SHF,20240227,3819.0,3877.0,3809.0,3870.0,3816.0,30.0,0.7861635220125787,19868.0,76296.83
RBL.SHF,20240228,3878.0,3880.0,3854.0,3865.0,3870.0,25.0,0.6459948320413437,7053.0,27275.18
RBL.SHF,20240229,3860.0,3860.0,3809.0,3825.0,3865.0,-42.0,-1.0866752910737387,14701.0,56486.475
RBL.SHF,20240301,3818.0,3824.0,3790.0,3790.0,3825.0,-52.0,-1.3594771241830066,5540.0,21105.86
RBL.SHF,20240304,3784.0,3788.0,3744.0,3785.0,3790.0,-24.0,-0.6332453825857519,1290.0,4861.11
RBL.SHF,20240305,3785.0,3785.0,3740.0,3740.0,3785.0,-28.0,-0.7397622192866579,1530.0,5766.69
RBL.SHF,20240306,3730.0,3734.0,3720.0,3730.0,3740.0,-39.0,-1.0427807486631016,570.0,2122.53
RBL.SHF,20240307,3739.0,3745.0,3718.0,3720.0,3730.0,-3.0,-0.08042895442359249,2220.0,8284.47
RBL.SHF,20240308,3720.0,3720.0,3661.0,3665.0,3720.0,-66.0,-1.7741935483870968,2580.0,9506.07
RBL.SHF,20240311,3630.0,3630.0,3608.0,3616.0,3665.0,-68.0,-1.8553888130968623,930.0,3364.68
RBL.SHF,20240312,3616.0,3616.0,3595.0,3606.0,3616.0,-11.0,-0.30420353982300885,2040.0,7362.06
RBL.SHF,20240313,3606.0,3610.0,3575.0,3575.0,3606.0,-33.0,-0.9151414309484194,2430.0,8758.56
RBL.SHF,20240314,3495.0,3495.0,3486.0,3486.0,3575.0,-118.0,-3.300699300699301,120.0,419.13
RBL.SHF,20240315,3580.0,3590.0,3490.0,3490.0,3486.0,-2.0,-0.05737234652897303,330.0,1168.8
RBL.SHF,20240318,3441.0,3462.0,3370.0,3462.0,3490.0,11.0,0.3151862464183381,1879.0,6439.14
RBL.SHF,20240319,3462.0,3517.0,3454.0,3506.0,3462.0,80.0,2.310803004043905,1935.0,6727.42
RBL.SHF,20240320,3506.0,3538.0,3498.0,3504.0,3506.0,28.0,0.7986309184255562,1996.0,7008.25
RBL.SHF,20240321,3504.0,3561.0,3485.0,3559.0,3504.0,48.0,1.36986301369863,2845.0,10038.83
RBL.SHF,20240322,3561.0,3567.0,3516.0,3544.0,3559.0,16.0,0.449564484405732,2164.0,7667.25
RBL.SHF,20240325,3545.0,3557.0,3500.0,3505.0,3544.0,-38.0,-1.072234762979684,2012.0,7091.19
RBL.SHF,20240326,3505.0,3510.0,3407.0,3417.0,3505.0,-107.0,-3.0527817403708988,1174.0,4075.22
RBL.SHF,20240327,3417.0,3439.0,3387.0,3387.0,3417.0,-84.0,-2.4582967515364356,735.0,2503.94
RBL.SHF,20240328,3387.0,3395.0,3345.0,3364.0,3387.0,-42.0,-1.2400354295837024,1334.0,4497.34
RBL.SHF,20240329,3364.0,3432.0,3284.0,3421.0,3364.0,50.0,1.4863258026159334,1474.0,4928.23
RBL.SHF,20240401,3306.0,3330.0,3256.0,3330.0,3421.0,-13.0,-0.38000584624378836,581.0,1915.73
RBL.SHF,20240402,3354.0,3375.0,3340.0,3351.0,3330.0,54.0,1.6216216216216217,240.0,805.05
RBL.SHF,20240403,3373.0,3384.0,3331.0,3331.0,3351.0,-23.0,-0.6863622799164428,690.0,2330.04
RBL.SHF,20240408,3329.0,3367.0,3329.0,3358.0,3331.0,-18.0,-0.5403782647853498,390.0,1306.62
RBL.SHF,20240409,3350.0,3350.0,3350.0,3350.0,3358.0,0.0,0.0,0.0,0.0
RBL.SHF,20240410,3350.0,3350.0,3350.0,3350.0,3350.0,0.0,0.0,0.0,0.0
RBL.SHF,20240411,3370.0,3370.0,3370.0,3370.0,3350.0,20.0,0.5970149253731344,30.0,101.1
RBL.SHF,20240412,3440.0,3445.0,3440.0,3440.0,3370.0,70.0,2.0771513353115725,150.0,516.15
RBL.SHF,20240415,3446.0,3446.0,3435.0,3436.0,3440.0,-5.0,-0.14534883720930233,690.0,2376.03
RBL.SHF,20240416,3557.0,3571.0,3532.0,3544.0,3436.0,-20.0,-0.5820721769499418,179896.0,638569.29
RBL.SHF,20240417,3540.0,3610.0,3539.0,3610.0,3544.0,61.0,1.7212189616252822,186988.0,668586.75
RBL.SHF,20240418,3620.0,3625.0,3588.0,3599.0,3610.0,24.0,0.6648199445983379,155358.0,560722.58
RBL.SHF,20240419,3610.0,3611.0,3588.0,3594.0,3599.0,-15.0,-0.41678243956654626,98816.0,355735.93
RBL.SHF,20240422,3585.0,3607.0,3576.0,3585.0,3594.0,-14.0,-0.38953811908736785,108518.0,389587.9
RBL.SHF,20240423,3590.0,3595.0,3556.0,3558.0,3585.0,-32.0,-0.8926080892608089,101097.0,361821.4
RBL.SHF,20240424,3558.0,3594.0,3551.0,3583.0,3558.0,5.0,0.1405283867341203,147893.0,529255.36
RBL.SHF,20240425,3594.0,3608.0,3567.0,3570.0,3583.0,-8.0,-0.22327658386826682,107302.0,385142.3
RBL.SHF,20240426,3570.0,3584.0,3552.0,3572.0,3570.0,-17.0,-0.4761904761904762,71635.0,255789.08
RBL.SHF,20240429,3560.0,3580.0,3540.0,3543.0,3572.0,-27.0,-0.7558790593505039,81015.0,288278.56
RBL.SHF,20240430,3550.0,3565.0,3489.0,3493.0,3543.0,-65.0,-1.83460344340954,97908.0,345114.65
RBL.SHF,20240506,3509.0,3558.0,3502.0,3551.0,3493.0,27.0,0.7729745204695104,12014.0,42501.19
RBL.SHF,20240507,3555.0,3560.0,3535.0,3535.0,3551.0,-2.0,-0.056322162771050406,6450.0,22880.07
RBL.SHF,20240508,3535.0,3540.0,3498.0,3500.0,3535.0,-47.0,-1.3295615275813295,15840.0,55810.83
RBL.SHF,20240509,3504.0,3520.0,3500.0,3510.0,3500.0,-13.0,-0.37142857142857144,4590.0,16100.19
RBL.SHF,20240510,3506.0,3511.0,3475.0,3480.0,3510.0,-27.0,-0.7692307692307693,4860.0,17003.88
RBL.SHF,20240513,3494.0,3510.0,3477.0,3509.0,3480.0,11.0,0.3160919540229885,3570.0,12447.51
RBL.SHF,20240514,3520.0,3570.0,3472.0,3472.0,3509.0,-14.0,-0.39897406668566543,1890.0,6646.5
RBL.SHF,20240515,3460.0,3460.0,3405.0,3411.0,3472.0,-105.0,-3.024193548387097,1380.0,4730.01
RBL.SHF,20240516,3472.0,3564.0,3461.0,3560.0,3411.0,83.0,2.433304016417473,4454.0,15687.6
RBL.SHF,20240517,3556.0,3560.0,3517.0,3547.0,3560.0,25.0,0.7022471910112359,5242.0,18569.67
RBL.SHF,20240520,3539.0,3570.0,3531.0,3555.0,3547.0,13.0,0.3665069072455596,3372.0,11992.35
RBL.SHF,20240521,3555.0,3590.0,3545.0,3584.0,3555.0,28.0,0.7876230661040787,2919.0,10410.48
RBL.SHF,20240522,3600.0,3631.0,3585.0,3614.0,3584.0,48.0,1.3392857142857142,5162.0,18684.41
RBL.SHF,20240523,3614.0,3626.0,3571.0,3586.0,3614.0,-33.0,-0.9131156613171001,2481.0,8927.07
RBL.SHF,20240524,3591.0,3619.0,3582.0,3604.0,3586.0,6.0,0.16731734523145567,1752.0,6314.66
RBL.SHF,20240527,3604.0,3627.0,3560.0,3575.0,3604.0,-29.0,-0.804661487236404,4169.0,14976.15
RBL.SHF,20240528,3564.0,3595.0,3532.0,3538.0,3575.0,-54.0,-1.5104895104895104,2198.0,7855.14
RBL.SHF,20240529,3557.0,3557.0,3523.0,3546.0,3538.0,-27.0,-0.7631430186546071,2631.0,9313.2
RBL.SHF,20240530,3556.0,3590.0,3530.0,3545.0,3546.0,6.0,0.1692047377326565,2856.0,10166.11
RBL.SHF,20240531,3523.0,3542.0,3491.0,3519.0,3545.0,-40.0,-1.1283497884344147,1047.0,3685.38
RBL.SHF,20240603,3519.0,3519.0,3488.0,3492.0,3519.0,-27.0,-0.7672634271099744,545.0,1909.27
RBL.SHF,20240604,3495.0,3495.0,3474.0,3477.0,3492.0,-26.0,-0.7445589919816723,450.0,1567.68
RBL.SHF,20240605,3468.0,3480.0,3458.0,3458.0,3477.0,-25.0,-0.719010641357492,420.0,1457.4
RBL.SHF,20240606,3448.0,3466.0,3443.0,3465.0,3458.0,-5.0,-0.14459224985540775,390.0,1347.66
RBL.SHF,20240607,3459.0,3475.0,3447.0,3448.0,3465.0,-7.0,-0.20202020202020202,540.0,1870.35
RBL.SHF,20240611,3405.0,3405.0,3403.0,3403.0,3448.0,-60.0,-1.740139211136891,60.0,204.24
RBL.SHF,20240612,3400.0,3400.0,3400.0,3400.0,3403.0,-4.0,-0.11754334410813988,90.0,306.0
RBL.SHF,20240613,3390.0,3425.0,3390.0,3425.0,3400.0,25.0,0.7352941176470588,60.0,204.45
RBL.SHF,20240614,3448.0,3455.0,3445.0,3455.0,3425.0,48.0,1.4014598540145984,180.0,621.09
RBL.SHF,20240617,3398.0,3417.0,3398.0,3409.0,3455.0,-41.0,-1.1866859623733719,210.0,716.52
RBL.SHF,20240618,3480.0,3506.0,3456.0,3457.0,3409.0,-24.0,-0.7040187738339688,3399.0,11859.99
RBL.SHF,20240619,3461.0,3496.0,3459.0,3484.0,3457.0,-5.0,-0.1446340757882557,3037.0,10576.0
RBL.SHF,20240620,3472.0,3499.0,3451.0,3462.0,3484.0,-20.0,-0.5740528128587831,2573.0,8941.48
RBL.SHF,20240621,3460.0,3474.0,3426.0,3429.0,3462.0,-46.0,-1.3287117273252456,2230.0,7687.66
RBL.SHF,20240624,3431.0,3431.0,3388.0,3397.0,3429.0,-50.0,-1.458151064450277,8363.0,28437.5
RBL.SHF,20240625,3399.0,3399.0,3352.0,3365.0,3397.0,-35.0,-1.0303208713570797,4874.0,16439.95
RBL.SHF,20240626,3365.0,3385.0,3361.0,3380.0,3365.0,8.0,0.237741456166419,2595.0,8749.8
RBL.SHF,20240627,3376.0,3377.0,3360.0,3365.0,3380.0,-6.0,-0.17751479289940827,1796.0,6054.83
RBL.SHF,20240628,3365.0,3365.0,3292.0,3301.0,3365.0,-70.0,-2.080237741456166,4131.0,13773.17
RBL.SHF,20240701,3322.0,3350.0,3322.0,3350.0,3301.0,16.0,0.48470160557406844,365.0,1217.2
RBL.SHF,20240702,3360.0,3364.0,3356.0,3356.0,3350.0,22.0,0.6567164179104478,600.0,2016.12
RBL.SHF,20240703,3363.0,3416.0,3357.0,3416.0,3356.0,56.0,1.66865315852205,480.0,1624.23
RBL.SHF,20240704,3461.0,3461.0,3407.0,3409.0,3416.0,26.0,0.7611241217798594,330.0,1128.78
RBL.SHF,20240705,3395.0,3395.0,3369.0,3369.0,3409.0,-51.0,-1.496039894397184,150.0,507.81
RBL.SHF,20240708,3331.0,3331.0,3275.0,3275.0,3369.0,-110.0,-3.2650638171564266,300.0,993.57
RBL.SHF,20240709,3311.0,3311.0,3311.0,3311.0,3275.0,0.0,0.0,0.0,0.0
RBL.SHF,20240710,3311.0,3311.0,3311.0,3311.0,3311.0,0.0,0.0,0.0,0.0
RBL.SHF,20240711,3300.0,3300.0,3298.0,3298.0,3311.0,-13.0,-0.3926306251887647,90.0,296.94
RBL.SHF,20240712,3299.0,3299.0,3299.0,3299.0,3298.0,0.0,0.0,0.0,0.0
RBL.SHF,20240715,3299.0,3299.0,3299.0,3299.0,3299.0,0.0,0.0,0.0,0.0
RBL.SHF,20240716,3341.0,3349.0,3323.0,3332.0,3299.0,-28.0,-0.8487420430433464,1263.0,4216.27
RBL.SHF,20240717,3321.0,3334.0,3244.0,3253.0,3332.0,-85.0,-2.5510204081632653,1862.0,6137.49
RBL.SHF,20240718,3254.0,3264.0,3225.0,3257.0,3253.0,-39.0,-1.1988933292345527,965.0,3127.38
RBL.SHF,20240719,3250.0,3261.0,3231.0,3244.0,3257.0,4.0,0.12281240405280934,479.0,1556.01
RBL.SHF,20240722,3240.0,3254.0,3218.0,3236.0,3244.0,-12.0,-0.36991368680641185,1838.0,5959.61
RBL.SHF,20240723,3233.0,3245.0,3174.0,3174.0,3236.0,-68.0,-2.1013597033374536,660.0,2119.78
RBL.SHF,20240724,3173.0,3204.0,3122.0,3185.0,3174.0,-26.0,-0.8191556395715185,1066.0,3391.35
RBL.SHF,20240725,3204.0,3204.0,3127.0,3136.0,3185.0,-45.0,-1.4128728414442702,3967.0,12484.88
RBL.SHF,20240726,3136.0,3153.0,3082.0,3084.0,3136.0,-63.0,-2.0089285714285716,3094.0,9691.56
RBL.SHF,20240729,3094.0,3094.0,3038.0,3055.0,3084.0,-77.0,-2.496757457846952,1023.0,3129.23
RBL.SHF,20240730,3055.0,3078.0,2957.0,2969.0,3055.0,-89.0,-2.913256955810147,2680.0,8142.8
RBL.SHF,20240731,2964.0,3031.0,2943.0,2944.0,2969.0,-94.0,-3.1660491748063317,972.0,2890.53
RBL.SHF,20240801,2988.0,3000.0,2984.0,3000.0,2944.0,27.0,0.9171195652173914,1077.0,3224.59
RBL.SHF,20240802,3000.0,3005.0,2980.0,3005.0,3000.0,11.0,0.36666666666666664,270.0,808.2
RBL.SHF,20240805,3020.0,3040.0,3000.0,3040.0,3005.0,47.0,1.5640599001663893,270.0,814.59
RBL.SHF,20240806,3015.0,3015.0,2971.0,2974.0,3040.0,-43.0,-1.4144736842105263,150.0,447.66
RBL.SHF,20240807,2970.0,2993.0,2970.0,2975.0,2974.0,-9.0,-0.3026227303295225,630.0,1881.15
RBL.SHF,20240808,3062.0,3062.0,2872.0,2950.0,2975.0,-35.0,-1.1764705882352942,420.0,1247.31
RBL.SHF,20240809,2988.0,3000.0,2988.0,3000.0,2950.0,31.0,1.0508474576271187,60.0,179.64
RBL.SHF,20240812,2950.0,2950.0,2950.0,2950.0,3000.0,-44.0,-1.4666666666666666,60.0,177.0
RBL.SHF,20240813,2950.0,2950.0,2900.0,2900.0,2950.0,-50.0,-1.694915254237288,150.0,439.5
RBL.SHF,20240814,2885.0,2885.0,2825.0,2825.0,2900.0,-105.0,-3.620689655172414,90.0,257.85
RBL.SHF,20240815,2818.0,2818.0,2788.0,2788.0,2825.0,-77.0,-2.7256637168141595,60.0,168.18
RBL.SHF,20240816,2937.0,2950.0,2865.0,2880.0,2788.0,-20.0,-0.7173601147776184,3646.0,10644.9
RBL.SHF,20240819,2881.0,3088.0,2861.0,3054.0,2880.0,135.0,4.6875,13603.0,40753.2
RBL.SHF,20240820,3065.0,3080.0,3022.0,3063.0,3054.0,68.0,2.226588081204977,5206.0,15894.4
RBL.SHF,20240821,3070.0,3126.0,3062.0,3117.0,3063.0,64.0,2.089454782892589,4470.0,13853.11
RBL.SHF,20240822,3124.0,3125.0,2988.0,3009.0,3117.0,-90.0,-2.8873917228103942,6491.0,19754.56
RBL.SHF,20240823,3000.0,3021.0,2976.0,2996.0,3009.0,-47.0,-1.5619807244931871,4094.0,12282.37
RBL.SHF,20240826,2996.0,3064.0,2990.0,3053.0,2996.0,53.0,1.7690253671562084,15651.0,47658.08
RBL.SHF,20240827,3070.0,3155.0,3060.0,3142.0,3053.0,97.0,3.1772027513920733,9626.0,29926.2
RBL.SHF,20240828,3158.0,3187.0,3126.0,3187.0,3142.0,79.0,2.514322087842139,5932.0,18795.5
RBL.SHF,20240829,3185.0,3209.0,3124.0,3132.0,3187.0,-36.0,-1.1295889551302165,4056.0,12893.2
RBL.SHF,20240830,3123.0,3170.0,3086.0,3137.0,3132.0,-41.0,-1.3090676883780332,1418.0,4418.53
RBL.SHF,20240902,3137.0,3137.0,3088.0,3088.0,3137.0,-28.0,-0.8925725215173733,573.0,1783.95
RBL.SHF,20240903,3107.0,3111.0,3045.0,3045.0,3088.0,-68.0,-2.2020725388601035,630.0,1941.63
RBL.SHF,20240904,3014.0,3019.0,2987.0,3015.0,3045.0,-66.0,-2.167487684729064,540.0,1626.24
RBL.SHF,20240905,3025.0,3025.0,2993.0,2993.0,3015.0,-18.0,-0.5970149253731344,180.0,541.5
RBL.SHF,20240906,2948.0,2954.0,2918.0,2954.0,2993.0,-54.0,-1.8042098229201469,150.0,440.55
RBL.SHF,20240909,2944.0,2944.0,2891.0,2940.0,2954.0,3.0,0.1015572105619499,360.0,1049.85
RBL.SHF,20240910,2953.0,2953.0,2953.0,2953.0,2940.0,37.0,1.258503401360544,0.0,0.0
RBL.SHF,20240911,2960.0,3010.0,2960.0,3010.0,2953.0,57.0,1.930240433457501,180.0,538.2
RBL.SHF,20240912,3020.0,3080.0,3020.0,3080.0,3010.0,90.0,2.990033222591362,120.0,364.5
RBL.SHF,20240913,3037.0,3037.0,3037.0,3037.0,3080.0,0.0,0.0,0.0,0.0
RBL.SHF,20240918,3037.0,3037.0,3037.0,3037.0,3037.0,0.0,0.0,0.0,0.0
RBL.SHF,20240919,3093.0,3140.0,3067.0,3138.0,3037.0,35.0,1.1524530786960816,200718.0,623949.16
RBL.SHF,20240920,3125.0,3165.0,3081.0,3098.0,3138.0,-10.0,-0.3186743148502231,164347.0,514104.18
RBL.SHF,20240923,3090.0,3101.0,3026.0,3030.0,3098.0,-98.0,-3.1633311814073597,184366.0,563601.77
RBL.SHF,20240924,3021.0,3139.0,3021.0,3134.0,3030.0,78.0,2.5742574257425743,322142.0,995006.31
RBL.SHF,20240925,3150.0,3206.0,3126.0,3128.0,3134.0,40.0,1.2763241863433312,227602.0,719557.07
RBL.SHF,20240926,3119.0,3188.0,3118.0,3171.0,3128.0,10.0,0.319693094629156,138061.0,435442.57
RBL.SHF,20240927,3187.0,3214.0,3178.0,3200.0,3171.0,47.0,1.4821822768842636,130890.0,418144.66
RBL.SHF,20240930,3205.0,3417.0,3190.0,3417.0,3200.0,223.0,6.96875,104612.0,348120.87
RBL.SHF,20241008,3586.0,3659.0,3315.0,3370.0,3417.0,43.0,1.2584138132865086,18758.0,65209.1
RBL.SHF,20241009,3439.0,3450.0,3361.0,3370.0,3370.0,-106.0,-3.1454005934718103,7530.0,25655.43
RBL.SHF,20241010,3350.0,3425.0,3313.0,3374.0,3370.0,-33.0,-0.9792284866468843,4140.0,14061.33
RBL.SHF,20241011,3405.0,3410.0,3355.0,3380.0,3374.0,-16.0,-0.4742145820983995,2430.0,8225.85
RBL.SHF,20241014,3320.0,3440.0,3320.0,3420.0,3380.0,35.0,1.0355029585798818,1950.0,6645.96
RBL.SHF,20241015,3388.0,3440.0,3381.0,3381.0,3420.0,-27.0,-0.7894736842105263,870.0,2963.85
RBL.SHF,20241016,3391.0,3436.0,3377.0,3383.0,3381.0,-29.0,-0.857734398107069,20431.0,69616.58
RBL.SHF,20241017,3393.0,3418.0,3236.0,3237.0,3383.0,-170.0,-5.025125628140704,34825.0,116148.27
RBL.SHF,20241018,3240.0,3308.0,3207.0,3250.0,3237.0,-85.0,-2.625888168056843,18732.0,60923.22
RBL.SHF,20241021,3256.0,3286.0,3218.0,3239.0,3250.0,-13.0,-0.4,25187.0,81877.42
RBL.SHF,20241022,3240.0,3254.0,3190.0,3236.0,3239.0,-14.0,-0.43223217042297,13609.0,43834.98
RBL.SHF,20241023,3238.0,3247.0,3202.0,3206.0,3236.0,-15.0,-0.46353522867737945,9353.0,30135.22
RBL.SHF,20241024,3205.0,3236.0,3189.0,3218.0,3206.0,-3.0,-0.09357454772301933,8837.0,28352.4
RBL.SHF,20241025,3231.0,3264.0,3221.0,3243.0,3218.0,35.0,1.0876320696084525,21069.0,68393.53
RBL.SHF,20241028,3246.0,3345.0,3245.0,3325.0,3243.0,79.0,2.436016034535924,15485.0,51011.92
RBL.SHF,20241029,3318.0,3328.0,3272.0,3285.0,3325.0,-9.0,-0.2706766917293233,6929.0,22912.47
RBL.SHF,20241030,3303.0,3328.0,3268.0,3307.0,3285.0,1.0,0.030441400304414005,10368.0,34222.77
RBL.SHF,20241031,3302.0,3333.0,3224.0,3253.0,3307.0,-47.0,-1.4212276988206833,3712.0,12294.85
RBL.SHF,20241101,3253.0,3319.0,3253.0,3290.0,3253.0,-22.0,-0.6762988011066707,1539.0,5078.26
RBL.SHF,20241104,3305.0,3325.0,3240.0,3325.0,3290.0,26.0,0.7902735562310031,1200.0,3946.59
RBL.SHF,20241105,3298.0,3344.0,3298.0,3332.0,3325.0,44.0,1.3233082706766919,630.0,2093.46
RBL.SHF,20241106,3340.0,3350.0,3260.0,3310.0,3332.0,-12.0,-0.36014405762304924,480.0,1586.85
RBL.SHF,20241107,3300.0,3350.0,3300.0,3330.0,3310.0,25.0,0.7552870090634441,360.0,1196.43
RBL.SHF,20241108,3335.0,3356.0,3230.0,3230.0,3330.0,-93.0,-2.7927927927927927,390.0,1298.43
RBL.SHF,20241111,3241.0,3250.0,3238.0,3238.0,3230.0,-91.0,-2.8173374613003097,180.0,583.38
RBL.SHF,20241112,3241.0,3241.0,3241.0,3241.0,3238.0,0.0,0.0,0.0,0.0
RBL.SHF,20241113,3220.0,3270.0,3220.0,3270.0,3241.0,29.0,0.8947855600123419,540.0,1741.8
RBL.SHF,20241114,3238.0,3238.0,3238.0,3238.0,3270.0,13.0,0.39755351681957185,30.0,97.14
RBL.SHF,20241115,3269.0,3270.0,3178.0,3178.0,3238.0,-60.0,-1.8529956763434219,120.0,388.11
RBL.SHF,20241118,3265.0,3304.0,3248.0,3288.0,3178.0,-3.0,-0.09439899307740718,12788.0,41928.88
RBL.SHF,20241119,3288.0,3350.0,3276.0,3339.0,3288.0,61.0,1.8552311435523117,17272.0,57322.68
RBL.SHF,20241120,3332.0,3341.0,3321.0,3335.0,3339.0,17.0,0.5091344713986223,5442.0,18124.97
RBL.SHF,20241121,3345.0,3356.0,3326.0,3348.0,3335.0,18.0,0.5397301349325337,7941.0,26550.72
RBL.SHF,20241122,3356.0,3357.0,3279.0,3306.0,3348.0,-37.0,-1.1051373954599761,14702.0,48760.91
RBL.SHF,20241125,3314.0,3354.0,3292.0,3299.0,3306.0,-17.0,-0.514216575922565,33114.0,109820.59
RBL.SHF,20241126,3300.0,3315.0,3285.0,3287.0,3299.0,-29.0,-0.8790542588663232,17435.0,57555.71
RBL.SHF,20241127,3287.0,3306.0,3274.0,3290.0,3287.0,-11.0,-0.3346516580468512,7221.0,23751.84
RBL.SHF,20241128,3290.0,3303.0,3277.0,3293.0,3290.0,4.0,0.12158054711246201,5834.0,19206.91
RBL.SHF,20241129,3293.0,3363.0,3293.0,3347.0,3293.0,55.0,1.6702095353780748,5719.0,18988.22
RBL.SHF,20241202,3335.0,3350.0,3310.0,3340.0,3347.0,20.0,0.5975500448162534,807.0,2687.6
RBL.SHF,20241203,3312.0,3358.0,3275.0,3355.0,3340.0,25.0,0.7485029940119761,960.0,3203.46
RBL.SHF,20241204,3350.0,3350.0,3330.0,3335.0,3355.0,-1.0,-0.029806259314456036,1050.0,3513.48
RBL.SHF,20241205,3325.0,3325.0,3280.0,3280.0,3335.0,-66.0,-1.9790104947526237,570.0,1882.53
RBL.SHF,20241206,3280.0,3280.0,3275.0,3275.0,3280.0,-27.0,-0.8231707317073171,150.0,491.4
RBL.SHF,20241209,3263.0,3290.0,3230.0,3260.0,3275.0,-16.0,-0.4885496183206107,300.0,977.16
RBL.SHF,20241210,3320.0,3320.0,3320.0,3320.0,3260.0,63.0,1.9325153374233128,0.0,0.0
RBL.SHF,20241211,3320.0,3320.0,3320.0,3320.0,3320.0,0.0,0.0,0.0,0.0
RBL.SHF,20241212,3310.0,3320.0,3300.0,3320.0,3320.0,0.0,0.0,210.0,695.4
RBL.SHF,20241213,3300.0,3300.0,3295.0,3295.0,3320.0,-16.0,-0.48192771084337355,390.0,1285.35
RBL.SHF,20241216,3295.0,3295.0,3295.0,3295.0,3295.0,0.0,0.0,0.0,0.0
RBL.SHF,20241217,3298.0,3299.0,3280.0,3288.0,3295.0,4.0,0.12139605462822459,82089.0,270097.29
RBL.SHF,20241218,3270.0,3287.0,3242.0,3247.0,3288.0,-43.0,-1.3077858880778588,129597.0,423388.105
RBL.SHF,20241219,3263.0,3263.0,3202.0,3231.0,3247.0,-35.0,-1.077918078226055,194616.0,627909.23
RBL.SHF,20241220,3230.0,3233.0,3214.0,3214.0,3231.0,-12.0,-0.3714020427112349,69866.0,225207.98
RBL.SHF,20241223,3185.0,3242.0,3185.0,3230.0,3214.0,7.0,0.21779713752333543,109919.0,353953.96
RBL.SHF,20241224,3227.0,3251.0,3210.0,3250.0,3230.0,30.0,0.9287925696594427,88635.0,286500.32
RBL.SHF,20241225,3250.0,3253.0,3236.0,3249.0,3250.0,17.0,0.5230769230769231,119665.0,388358.83
RBL.SHF,20241226,3252.0,3287.0,3246.0,3261.0,3249.0,16.0,0.49245921822099104,139891.0,456785.44
RBL.SHF,20241227,3265.0,3279.0,3254.0,3269.0,3261.0,4.0,0.12266176019625882,103637.0,338626.02
RBL.SHF,20241230,3270.0,3304.0,3268.0,3298.0,3269.0,31.0,0.9483022330988069,91102.0,299543.17
RBL.SHF,20241231,3314.0,3314.0,3285.0,3310.0,3298.0,23.0,0.6973923590054579,66681.0,219970.304
RBL.SHF,20250102,3287.0,3305.0,3281.0,3283.0,3310.0,-15.0,-0.4531722054380665,6609.0,21785.03
RBL.SHF,20250103,3283.0,3290.0,3236.0,3254.0,3283.0,-42.0,-1.279317697228145,13080.0,42670.95
RBL.SHF,20250106,3254.0,3268.0,3243.0,3250.0,3254.0,-12.0,-0.36877688998156116,7200.0,23439.48
RBL.SHF,20250107,3254.0,3260.0,3226.0,3230.0,3250.0,-25.0,-0.7692307692307693,4770.0,15444.09
RBL.SHF,20250108,3224.0,3240.0,3129.0,3129.0,3230.0,-108.0,-3.343653250773994,9480.0,30285.45
RBL.SHF,20250109,3134.0,3150.0,3125.0,3150.0,3129.0,-44.0,-1.4062000639181849,1650.0,5179.86
RBL.SHF,20250110,3135.0,3150.0,3120.0,3134.0,3150.0,-5.0,-0.15873015873015872,2010.0,6288.72
RBL.SHF,20250113,3150.0,3199.0,3150.0,3199.0,3134.0,71.0,2.265475430759413,720.0,2289.03
RBL.SHF,20250114,3184.0,3220.0,3183.0,3220.0,3199.0,41.0,1.2816505157861833,330.0,1056.18
RBL.SHF,20250115,3200.0,3220.0,3200.0,3220.0,3220.0,20.0,0.6211180124223602,180.0,578.85
RBL.SHF,20250116,3206.0,3257.0,3204.0,3257.0,3220.0,46.0,1.4285714285714286,3493.0,11322.54
RBL.SHF,20250117,3257.0,3296.0,3245.0,3284.0,3257.0,43.0,1.3202333435677003,3134.0,10270.02
RBL.SHF,20250120,3290.0,3300.0,3233.0,3233.0,3284.0,-43.0,-1.3093788063337393,3467.0,11304.54
RBL.SHF,20250121,3233.0,3264.0,3229.0,3241.0,3233.0,-19.0,-0.5876894525208785,4362.0,14151.88
RBL.SHF,20250122,3240.0,3240.0,3201.0,3219.0,3241.0,-25.0,-0.771366862079605,3451.0,11098.72
RBL.SHF,20250123,3219.0,3250.0,3213.0,3214.0,3219.0,-2.0,-0.062131096613855234,3111.0,10039.13
RBL.SHF,20250124,3219.0,3250.0,3203.0,3250.0,3214.0,24.0,0.7467330429371499,2266.0,7292.55
RBL.SHF,20250127,3258.0,3300.0,3171.0,3300.0,3250.0,82.0,2.523076923076923,2768.0,8966.57
RBL.SHF,20250205,3238.0,3250.0,3190.0,3190.0,3300.0,-49.0,-1.4848484848484849,274.0,884.56
RBL.SHF,20250206,3284.0,3284.0,3198.0,3231.0,3190.0,3.0,0.09404388714733543,210.0,677.04
RBL.SHF,20250207,3225.0,3225.0,3225.0,3225.0,3231.0,1.0,0.03095017022593624,90.0,290.25
RBL.SHF,20250210,3215.0,3215.0,3205.0,3205.0,3225.0,-20.0,-0.6201550387596899,150.0,481.35
RBL.SHF,20250211,3150.0,3150.0,3150.0,3150.0,3205.0,-59.0,-1.8408736349453978,30.0,94.5
RBL.SHF,20250212,3150.0,3165.0,3150.0,3165.0,3150.0,15.0,0.4761904761904762,60.0,189.45
RBL.SHF,20250213,3155.0,3155.0,3150.0,3150.0,3165.0,-7.0,-0.22116903633491314,60.0,189.15
RBL.SHF,20250214,3160.0,3170.0,3160.0,3160.0,3150.0,8.0,0.25396825396825395,420.0,1328.55
RBL.SHF,20250217,3160.0,3170.0,3145.0,3170.0,3160.0,7.0,0.22151898734177217,240.0,756.45
RBL.SHF,20250218,3229.0,3248.0,3210.0,3243.0,3170.0,33.0,1.0410094637223974,11668.0,37696.31
RBL.SHF,20250219,3246.0,3258.0,3233.0,3251.0,3243.0,21.0,0.6475485661424607,10555.0,34276.3
RBL.SHF,20250220,3248.0,3309.0,3245.0,3309.0,3251.0,62.0,1.9071055059981543,19215.0,62936.0
RBL.SHF,20250221,3310.0,3317.0,3288.0,3300.0,3309.0,25.0,0.7555152614082804,15690.0,51827.65
RBL.SHF,20250224,3297.0,3315.0,3260.0,3299.0,3300.0,-4.0,-0.12121212121212122,31655.0,104293.72
RBL.SHF,20250225,3296.0,3297.0,3214.0,3226.0,3299.0,-68.0,-2.061230675962413,21493.0,69955.97
RBL.SHF,20250226,3219.0,3278.0,3212.0,3259.0,3226.0,5.0,0.15499070055796654,16320.0,52924.82
RBL.SHF,20250227,3259.0,3279.0,3225.0,3275.0,3259.0,33.0,1.0125805461798099,7769.0,25327.85
RBL.SHF,20250228,3274.0,3278.0,3148.0,3148.0,3275.0,-112.0,-3.419847328244275,3901.0,12724.82
RBL.SHF,20250303,3201.0,3274.0,3201.0,3243.0,3148.0,-18.0,-0.5717916137229987,1670.0,5443.35
RBL.SHF,20250304,3254.0,3258.0,3222.0,3248.0,3243.0,-11.0,-0.33919210607462225,480.0,1556.13
RBL.SHF,20250305,3238.0,3238.0,3215.0,3224.0,3248.0,-17.0,-0.5233990147783251,510.0,1645.8
RBL.SHF,20250306,3229.0,3245.0,3219.0,3219.0,3224.0,-8.0,-0.24813895781637718,1050.0,3391.29
RBL.SHF,20250307,3226.0,3227.0,3211.0,3211.0,3219.0,-18.0,-0.5591798695246971,270.0,869.46
RBL.SHF,20250310,3195.0,3205.0,3175.0,3196.0,3211.0,-24.0,-0.747430706944877,510.0,1626.9
RBL.SHF,20250311,3170.0,3185.0,3165.0,3185.0,3196.0,-5.0,-0.15644555694618273,150.0,476.1
RBL.SHF,20250312,3200.0,3200.0,3180.0,3180.0,3185.0,6.0,0.18838304552590265,240.0,765.9
RBL.SHF,20250313,3200.0,3200.0,3200.0,3200.0,3180.0,9.0,0.2830188679245283,210.0,672.0
RBL.SHF,20250314,3195.0,3210.0,3195.0,3210.0,3200.0,10.0,0.3125,180.0,575.85
RBL.SHF,20250317,3199.0,3199.0,3199.0,3199.0,3210.0,0.0,0.0,0.0,0.0
RBL.SHF,20250318,3180.0,3181.0,3156.0,3162.0,3199.0,-34.0,-1.0628321350422008,682.0,2162.36
RBL.SHF,20250319,3155.0,3155.0,3129.0,3134.0,3162.0,-36.0,-1.1385199240986716,1177.0,3694.32
RBL.SHF,20250320,3132.0,3145.0,3110.0,3141.0,3134.0,3.0,0.09572431397574985,740.0,2316.88
RBL.SHF,20250321,3136.0,3140.0,3123.0,3129.0,3141.0,-1.0,-0.03183699458771092,427.0,1337.77
RBL.SHF,20250324,3124.0,3169.0,3109.0,3165.0,3129.0,33.0,1.0546500479386385,1217.0,3828.51
RBL.SHF,20250325,3180.0,3180.0,3145.0,3159.0,3165.0,14.0,0.4423380726698263,6021.0,19034.88
RBL.SHF,20250326,3159.0,3162.0,3133.0,3149.0,3159.0,-12.0,-0.3798670465337132,3498.0,10997.63
RBL.SHF,20250327,3140.0,3154.0,3123.0,3138.0,3149.0,-5.0,-0.15878056525881232,1376.0,4321.64
RBL.SHF,20250328,3127.0,3134.0,3115.0,3119.0,3138.0,-21.0,-0.6692160611854685,1279.0,3993.07
RBL.SHF,20250331,3154.0,3154.0,3050.0,3050.0,3119.0,-72.0,-2.3084321898044244,1782.0,5546.63
RBL.SHF,20250401,3091.0,3140.0,3091.0,3140.0,3050.0,28.0,0.9180327868852459,480.0,1495.08
RBL.SHF,20250402,3149.0,3180.0,3128.0,3134.0,3140.0,20.0,0.6369426751592357,210.0,659.61
RBL.SHF,20250403,3134.0,3139.0,3065.0,3117.0,3134.0,-24.0,-0.7657945118059988,300.0,936.78
RBL.SHF,20250407,3051.0,3051.0,3040.0,3040.0,3117.0,-82.0,-2.630734680782804,210.0,638.91
RBL.SHF,20250408,3036.0,3040.0,3004.0,3004.0,3040.0,-38.0,-1.25,210.0,636.72
RBL.SHF,20250409,3032.0,3032.0,3032.0,3032.0,3004.0,0.0,0.0,0.0,0.0
RBL.SHF,20250410,3032.0,3032.0,3032.0,3032.0,3032.0,0.0,0.0,0.0,0.0
RBL.SHF,20250411,3032.0,3032.0,3032.0,3032.0,3032.0,0.0,0.0,0.0,0.0
RBL.SHF,20250414,3050.0,3050.0,3045.0,3045.0,3032.0,13.0,0.4287598944591029,60.0,182.85
RBL.SHF,20250415,3047.0,3047.0,3047.0,3047.0,3045.0,0.0,0.0,0.0,0.0
RBL.SHF,20250416,3050.0,3054.0,3017.0,3023.0,3047.0,-25.0,-0.8204791598293404,142697.0,432947.75
RBL.SHF,20250417,3019.0,3043.0,3017.0,3022.0,3023.0,-12.0,-0.39695666556400927,140607.0,425835.42
RBL.SHF,20250418,3015.0,3029.0,3002.0,3003.0,3022.0,-25.0,-0.8272667107875579,135576.0,408845.51
RBL.SHF,20250421,3005.0,3041.0,3000.0,3039.0,3003.0,24.0,0.7992007992007992,151548.0,458711.18
RBL.SHF,20250422,3036.0,3043.0,3000.0,3006.0,3039.0,-20.0,-0.6581112207963146,157949.0,477333.57
RBL.SHF,20250423,3000.0,3066.0,3000.0,3059.0,3006.0,37.0,1.2308715901530274,165206.0,501947.45
RBL.SHF,20250424,3054.0,3060.0,3021.0,3030.0,3059.0,-8.0,-0.2615233736515201,156328.0,475306.96
RBL.SHF,20250425,3040.0,3050.0,3019.0,3025.0,3030.0,-15.0,-0.49504950495049505,131074.0,397706.83
RBL.SHF,20250428,3037.0,3080.0,3030.0,3060.0,3025.0,26.0,0.859504132231405,170512.0,521896.25
RBL.SHF,20250429,3056.0,3064.0,3032.0,3045.0,3060.0,-15.0,-0.49019607843137253,103201.0,314635.57
RBL.SHF,20250430,3050.0,3064.0,3022.0,3060.0,3045.0,12.0,0.3940886699507389,88113.0,268303.89
RBL.SHF,20250506,3055.0,3066.0,3031.0,3031.0,3060.0,-13.0,-0.42483660130718953,10777.0,32828.66
RBL.SHF,20250507,3037.0,3074.0,3037.0,3048.0,3031.0,2.0,0.06598482349059716,15840.0,48427.53
RBL.SHF,20250508,3050.0,3050.0,2989.0,2991.0,3048.0,-66.0,-2.1653543307086616,16950.0,51239.1
RBL.SHF,20250509,2995.0,3000.0,2977.0,2988.0,2991.0,-34.0,-1.1367435640254095,4770.0,14250.51
RBL.SHF,20250512,2980.0,3040.0,2976.0,3036.0,2988.0,49.0,1.6398929049531459,3210.0,9680.64
RBL.SHF,20250513,3053.0,3062.0,3030.0,3033.0,3036.0,18.0,0.592885375494071,1530.0,4664.37
RBL.SHF,20250514,3035.0,3060.0,3030.0,3060.0,3033.0,12.0,0.3956478733926805,510.0,1551.81
RBL.SHF,20250515,3060.0,3116.0,3048.0,3075.0,3060.0,33.0,1.0784313725490196,570.0,1747.98
RBL.SHF,20250516,3077.0,3094.0,3054.0,3057.0,3075.0,-36.0,-1.170731707317073,2038.0,6262.95
RBL.SHF,20250519,3056.0,3073.0,3038.0,3047.0,3057.0,-26.0,-0.8505070330389269,1970.0,6012.05
RBL.SHF,20250520,3035.0,3056.0,3035.0,3050.0,3047.0,-1.0,-0.03281916639317361,2011.0,6128.46
RBL.SHF,20250521,3051.0,3062.0,3045.0,3055.0,3050.0,8.0,0.26229508196721313,1695.0,5176.9
RBL.SHF,20250522,3055.0,3066.0,3039.0,3058.0,3055.0,4.0,0.1309328968903437,2162.0,6598.24
RBL.SHF,20250523,3058.0,3058.0,3029.0,3037.0,3058.0,-14.0,-0.45781556572923476,1423.0,4331.06
RBL.SHF,20250526,3030.0,3045.0,2970.0,3005.0,3037.0,-38.0,-1.2512347711557459,8372.0,25185.9
RBL.SHF,20250527,2991.0,3013.0,2965.0,2983.0,3005.0,-25.0,-0.8319467554076538,3794.0,11347.77
RBL.SHF,20250528,2983.0,2993.0,2943.0,2962.0,2983.0,-28.0,-0.9386523633925578,2585.0,7655.38
RBL.SHF,20250529,2952.0,2969.0,2933.0,2949.0,2962.0,-12.0,-0.4051316677920324,1218.0,3591.66
RBL.SHF,20250530,2949.0,2959.0,2865.0,2865.0,2949.0,-83.0,-2.814513394370973,1910.0,5586.82
RBL.SHF,20250603,2831.0,2870.0,2831.0,2866.0,2865.0,-59.0,-2.0593368237347294,690.0,1972.98
RBL.SHF,20250604,2878.0,2925.0,2870.0,2925.0,2866.0,66.0,2.3028611304954643,270.0,779.46
RBL.SHF,20250605,2891.0,2896.0,2890.0,2890.0,2925.0,4.0,0.13675213675213677,210.0,607.68
RBL.SHF,20250606,2920.0,2937.0,2920.0,2925.0,2890.0,32.0,1.107266435986159,330.0,965.16
RBL.SHF,20250609,2920.0,2925.0,2901.0,2910.0,2925.0,-14.0,-0.47863247863247865,630.0,1835.46
RBL.SHF,20250610,2913.0,2913.0,2913.0,2913.0,2910.0,0.0,0.0,0.0,0.0
RBL.SHF,20250611,2913.0,2913.0,2913.0,2913.0,2913.0,0.0,0.0,0.0,0.0
RBL.SHF,20250612,2913.0,2913.0,2913.0,2913.0,2913.0,0.0,0.0,0.0,0.0
RBL.SHF,20250613,2913.0,2913.0,2913.0,2913.0,2913.0,0.0,0.0,0.0,0.0
RBL.SHF,20250616,2913.0,2913.0,2913.0,2913.0,2913.0,0.0,0.0,0.0,0.0
RBL.SHF,20250617,3022.0,3023.0,3011.0,3019.0,2913.0,7.0,0.2403020940611054,9069.0,27358.29
RBL.SHF,20250618,3025.0,3025.0,3009.0,3022.0,3019.0,6.0,0.1987413050679033,17306.0,52303.86
RBL.SHF,20250619,3022.0,3042.0,3022.0,3039.0,3022.0,17.0,0.5625413633355394,15791.0,47897.49
RBL.SHF,20250620,3031.0,3050.0,3012.0,3017.0,3039.0,-16.0,-0.5264889766370516,21338.0,64739.76
RBL.SHF,20250623,3020.0,3030.0,3010.0,3016.0,3017.0,-18.0,-0.596619158104077,9684.0,29229.41
RBL.SHF,20250624,3016.0,3023.0,3000.0,3001.0,3016.0,-17.0,-0.5636604774535808,32417.0,97673.06
RBL.SHF,20250625,3006.0,3006.0,2969.0,2988.0,3001.0,-25.0,-0.8330556481172943,28048.0,83794.4
RBL.SHF,20250626,2992.0,2996.0,2971.0,2986.0,2988.0,-1.0,-0.03346720214190094,7907.0,23606.17
RBL.SHF,20250627,2986.0,3008.0,2986.0,2994.0,2986.0,9.0,0.3014065639651708,14774.0,44247.6
RBL.SHF,20250630,2994.0,3015.0,2983.0,2995.0,2994.0,1.0,0.033400133600534405,8799.0,26392.03
RBL.SHF,20250701,2976.0,2995.0,2976.0,2994.0,2995.0,-5.0,-0.1669449081803005,2970.0,8875.89
RBL.SHF,20250702,3002.0,3045.0,3001.0,3041.0,2994.0,53.0,1.7702070808283232,3810.0,11500.26
RBL.SHF,20250703,3041.0,3070.0,3040.0,3070.0,3041.0,52.0,1.7099638276882605,990.0,3018.93
RBL.SHF,20250704,3073.0,3090.0,3073.0,3079.0,3070.0,30.0,0.9771986970684038,570.0,1755.0
RBL.SHF,20250707,3090.0,3090.0,3075.0,3084.0,3079.0,6.0,0.1948684637869438,330.0,1017.21
RBL.SHF,20250708,3070.0,3089.0,3033.0,3055.0,3084.0,-27.0,-0.8754863813229572,780.0,2395.05
RBL.SHF,20250709,3055.0,3055.0,3055.0,3055.0,3055.0,-15.0,-0.4909983633387889,900.0,2749.5
RBL.SHF,20250710,3084.0,3100.0,3084.0,3100.0,3055.0,45.0,1.4729950900163666,240.0,741.84
RBL.SHF,20250711,3127.0,3127.0,3127.0,3127.0,3100.0,36.0,1.1612903225806452,30.0,93.81
RBL.SHF,20250714,3100.0,3140.0,3100.0,3140.0,3127.0,13.0,0.4157339302846178,150.0,467.37
RBL.SHF,20250715,3115.0,3115.0,3115.0,3115.0,3140.0,0.0,0.0,30.0,93.45
RBL.SHF,20250716,3045.0,3065.0,3042.0,3054.0,3115.0,-17.0,-0.5457463884430177,854.0,2605.85
RBL.SHF,20250717,3051.0,3078.0,3051.0,3071.0,3054.0,20.0,0.6548788474132285,1173.0,3597.15
RBL.SHF,20250718,3071.0,3100.0,3064.0,3073.0,3071.0,7.0,0.22793878215564964,3236.0,9979.74
RBL.SHF,20250721,3077.0,3141.0,3077.0,3137.0,3073.0,54.0,1.7572404816140579,11473.0,35816.34
RBL.SHF,20250722,3135.0,3241.0,3130.0,3228.0,3137.0,107.0,3.410902135798534,12615.0,40185.83
RBL.SHF,20250723,3228.0,3252.0,3186.0,3215.0,3228.0,30.0,0.929368029739777,10314.0,33228.61
RBL.SHF,20250724,3223.0,3259.0,3195.0,3229.0,3215.0,8.0,0.2488335925349922,6380.0,20576.17
RBL.SHF,20250725,3217.0,3264.0,3217.0,3261.0,3229.0,36.0,1.1148962527098172,26040.0,84610.36
RBL.SHF,20250728,3260.0,3261.0,3166.0,3192.0,3261.0,-57.0,-1.7479300827966882,16564.0,53454.15
RBL.SHF,20250729,3204.0,3295.0,3185.0,3295.0,3192.0,68.0,2.1303258145363406,5043.0,16226.04
RBL.SHF,20250730,3309.0,3335.0,3248.0,3258.0,3295.0,41.0,1.244309559939302,2162.0,7123.96
RBL.SHF,20250731,3255.0,3255.0,3130.0,3198.0,3258.0,-97.0,-2.9772866789441377,2557.0,8197.76
RBL.SHF,20250801,3197.0,3197.0,3122.0,3163.0,3198.0,-43.0,-1.344590368980613,660.0,2092.35
RBL.SHF,20250804,3169.0,3169.0,3133.0,3148.0,3163.0,-22.0,-0.6955422067657288,900.0,2832.0
RBL.SHF,20250805,3166.0,3180.0,3159.0,3175.0,3148.0,29.0,0.9212198221092757,210.0,665.34
RBL.SHF,20250806,3185.0,3201.0,3185.0,3201.0,3175.0,33.0,1.0393700787401574,900.0,2875.71
RBL.SHF,20250807,3198.0,3206.0,3189.0,3205.0,3201.0,10.0,0.3124023742580444,900.0,2881.86
RBL.SHF,20250808,3185.0,3185.0,3175.0,3175.0,3205.0,-27.0,-0.8424336973478939,600.0,1907.7
RBL.SHF,20250811,3194.0,3205.0,3194.0,3194.0,3175.0,15.0,0.47244094488188976,210.0,672.06
RBL.SHF,20250812,3210.0,3234.0,3210.0,3234.0,3194.0,34.0,1.0644959298685035,510.0,1639.92
RBL.SHF,20250813,3215.0,3215.0,3215.0,3215.0,3234.0,0.0,0.0,0.0,0.0
RBL.SHF,20250814,3190.0,3190.0,3190.0,3190.0,3215.0,-25.0,-0.7776049766718507,0.0,0.0
RBL.SHF,20250815,3155.0,3160.0,3143.0,3147.0,3190.0,-43.0,-1.3479623824451412,210.0,661.23
RBL.SHF,20250818,3172.0,3175.0,3120.0,3128.0,3147.0,-31.0,-0.9850651414045123,7095.0,22300.46
RBL.SHF,20250819,3123.0,3143.0,3105.0,3109.0,3128.0,-34.0,-1.0869565217391304,11201.0,34906.01
RBL.SHF,20250820,3114.0,3125.0,3090.0,3119.0,3109.0,3.0,0.0964940495336121,8191.0,25432.43
RBL.SHF,20250821,3114.0,3131.0,3100.0,3103.0,3119.0,-1.0,-0.032061558191728116,5531.0,17219.27
RBL.SHF,20250822,3091.0,3111.0,3090.0,3098.0,3103.0,-15.0,-0.4834031582339671,4564.0,14151.57
RBL.SHF,20250825,3099.0,3139.0,3099.0,3103.0,3098.0,3.0,0.09683666881859264,16864.0,52602.79
RBL.SHF,20250826,3095.0,3108.0,3080.0,3080.0,3103.0,-39.0,-1.2568482114083144,6152.0,19071.16
RBL.SHF,20250827,3068.0,3097.0,3068.0,3088.0,3080.0,-11.0,-0.35714285714285715,2688.0,8285.15
RBL.SHF,20250828,3098.0,3101.0,3072.0,3097.0,3088.0,15.0,0.48575129533678757,3920.0,12125.81
RBL.SHF,20250829,3105.0,3105.0,2954.0,2954.0,3097.0,-139.0,-4.488214401033258,2704.0,8266.28
RBL.SHF,20250901,3027.0,3027.0,2920.0,2962.0,2954.0,-95.0,-3.215978334461747,960.0,2859.15
RBL.SHF,20250902,2962.0,2983.0,2962.0,2965.0,2962.0,-13.0,-0.4388926401080351,240.0,714.21
RBL.SHF,20250903,2980.0,2980.0,2955.0,2955.0,2965.0,-20.0,-0.6745362563237773,510.0,1510.89
RBL.SHF,20250904,2950.0,2975.0,2950.0,2971.0,2955.0,9.0,0.3045685279187817,180.0,533.04
RBL.SHF,20250905,2961.0,2977.0,2960.0,2977.0,2971.0,16.0,0.5385392123864019,390.0,1157.16
RBL.SHF,20250908,2960.0,2975.0,2936.0,2937.0,2977.0,-30.0,-1.0077258985555928,300.0,884.82
RBL.SHF,20250909,2954.0,2959.0,2950.0,2950.0,2937.0,1.0,0.034048348655090224,330.0,974.13
RBL.SHF,20250910,2950.0,2950.0,2950.0,2950.0,2950.0,-1.0,-0.03389830508474576,30.0,88.5
RBL.SHF,20250911,2941.0,2941.0,2941.0,2941.0,2950.0,-9.0,-0.3050847457627119,30.0,88.23
RBL.SHF,20250912,2941.0,2941.0,2941.0,2941.0,2941.0,0.0,0.0,0.0,0.0
RBL.SHF,20250915,2941.0,2941.0,2941.0,2941.0,2941.0,0.0,0.0,0.0,0.0
RBL.SHF,20250916,3051.0,3081.0,3051.0,3069.0,2941.0,32.0,1.088065283917035,194747.0,597972.83
RBL.SHF,20250917,3062.0,3075.0,3050.0,3074.0,3069.0,4.0,0.13033561420658196,104338.0,319465.87
RBL.SHF,20250918,3077.0,3081.0,3037.0,3054.0,3074.0,-7.0,-0.2277163305139883,146222.0,447123.65
RBL.SHF,20250919,3052.0,3080.0,3051.0,3078.0,3054.0,21.0,0.68762278978389,118058.0,362360.99
RBL.SHF,20250922,3097.0,3107.0,3080.0,3095.0,3078.0,26.0,0.8447043534762833,133035.0,411605.76
RBL.SHF,20250923,3090.0,3092.0,3058.0,3063.0,3095.0,-30.0,-0.9693053311793215,102981.0,316627.25
RBL.SHF,20250924,3063.0,3084.0,3053.0,3071.0,3063.0,-3.0,-0.0979431929480901,137946.0,423008.52
RBL.SHF,20250925,3073.0,3080.0,3061.0,3074.0,3071.0,8.0,0.2605014653207424,97232.0,298750.16
RBL.SHF,20250926,3074.0,3075.0,3018.0,3022.0,3074.0,-50.0,-1.626545217957059,103991.0,317184.76
RBL.SHF,20250929,3023.0,3026.0,3004.0,3005.0,3022.0,-45.0,-1.4890800794176042,94145.0,283943.45
RBL.SHF,20250930,3010.0,3030.0,2972.0,2989.0,3005.0,-27.0,-0.8985024958402662,130396.0,391439.33
RBL.SHF,20251009,2989.0,3020.0,2980.0,3020.0,2989.0,19.0,0.6356641017062563,6975.0,20912.55
RBL.SHF,20251010,3021.0,3040.0,3012.0,3019.0,3020.0,21.0,0.695364238410596,6750.0,20400.33
RBL.SHF,20251013,3019.0,3030.0,2875.0,2986.0,3019.0,-36.0,-1.1924478304074198,7200.0,21590.37
RBL.SHF,20251014,3000.0,3001.0,2962.0,2970.0,2986.0,-28.0,-0.9377093101138647,2220.0,6605.46
RBL.SHF,20251015,2969.0,2969.0,2940.0,2950.0,2970.0,-25.0,-0.8417508417508417,3060.0,9041.7
RBL.SHF,20251016,2984.0,2988.0,2958.0,2987.0,2950.0,0.0,0.0,18674.0,55480.619
RBL.SHF,20251017,2994.0,2997.0,2971.0,2976.0,2987.0,5.0,0.16739203213927017,13956.0,41664.304
RBL.SHF,20251020,2965.0,3009.0,2965.0,2984.0,2976.0,-1.0,-0.03360215053763441,14157.0,42430.54
RBL.SHF,20251021,2976.0,3002.0,2975.0,2987.0,2984.0,-10.0,-0.3351206434316354,9157.0,27380.88
RBL.SHF,20251022,2981.0,3004.0,2981.0,3004.0,2987.0,14.0,0.4686976899899564,10473.0,31396.958
RBL.SHF,20251023,2997.0,3017.0,2996.0,3004.0,3004.0,7.0,0.2330226364846871,12083.0,36305.07
RBL.SHF,20251024,3011.0,3011.0,2971.0,2979.0,3004.0,-25.0,-0.8322237017310253,15820.0,47233.56
RBL.SHF,20251027,2972.0,3031.0,2972.0,3031.0,2979.0,46.0,1.544142329640819,20387.0,61372.28
RBL.SHF,20251028,3029.0,3049.0,3019.0,3027.0,3031.0,17.0,0.5608709996700759,9287.0,28185.09
RBL.SHF,20251029,3021.0,3063.0,3021.0,3060.0,3027.0,26.0,0.8589362405021472,11636.0,35412.73
RBL.SHF,20251030,3067.0,3067.0,3010.0,3015.0,3060.0,-28.0,-0.9150326797385622,5960.0,18172.35
RBL.SHF,20251031,3016.0,3029.0,2957.0,2957.0,3015.0,-92.0,-3.051409618573798,8902.0,26786.66
RBL.SHF,20251103,2995.0,3008.0,2964.0,2970.0,2957.0,-39.0,-1.318904294893473,3876.0,11547.44
RBL.SHF,20251104,2970.0,2970.0,2935.0,2935.0,2970.0,-44.0,-1.4814814814814816,2880.0,8518.62
RBL.SHF,20251105,2930.0,2930.0,2900.0,2910.0,2935.0,-47.0,-1.6013628620102214,2790.0,8124.21
RBL.SHF,20251106,2914.0,2920.0,2903.0,2920.0,2910.0,9.0,0.30927835051546393,1110.0,3235.17
RBL.SHF,20251107,2911.0,2912.0,2900.0,2900.0,2920.0,-14.0,-0.4794520547945206,270.0,784.74
RBL.SHF,20251110,2906.0,2906.0,2867.0,2872.0,2900.0,-34.0,-1.1724137931034484,2040.0,5874.72
RBL.SHF,20251111,2874.0,2895.0,2868.0,2880.0,2872.0,1.0,0.034818941504178275,1230.0,3543.39
RBL.SHF,20251112,2889.0,2892.0,2888.0,2891.0,2880.0,11.0,0.3819444444444444,480.0,1387.26
RBL.SHF,20251113,2890.0,2895.0,2888.0,2895.0,2891.0,5.0,0.17295053614666206,90.0,260.19
RBL.SHF,20251114,2890.0,2890.0,2890.0,2890.0,2895.0,-1.0,-0.03454231433506045,30.0,86.7
RBL.SHF,20251117,2900.0,3019.0,2900.0,2960.0,2890.0,70.0,2.422145328719723,240.0,706.26
RBL.SHF,20251118,3050.0,3057.0,3043.0,3046.0,2960.0,8.0,0.2702702702702703,377.0,1149.22
RBL.SHF,20251119,3058.0,3058.0,3021.0,3029.0,3046.0,-19.0,-0.623768877216021,1147.0,3484.03
RBL.SHF,20251120,3028.0,3028.0,3008.0,3008.0,3029.0,-29.0,-0.957411687025421,505.0,1523.78
RBL.SHF,20251121,3011.0,3024.0,3004.0,3014.0,3008.0,-3.0,-0.09973404255319149,642.0,1935.1
RBL.SHF,20251124,2992.0,3052.0,2985.0,3031.0,3014.0,17.0,0.5640345056403451,2131.0,6409.53
RBL.SHF,20251125,2934.0,3026.0,2934.0,3005.0,3031.0,-2.0,-0.06598482349059716,1610.0,4821.42
RBL.SHF,20251126,2984.0,3010.0,2983.0,3008.0,3005.0,14.0,0.46589018302828616,708.0,2122.18
RBL.SHF,20251127,2997.0,3024.0,2997.0,2997.0,3008.0,0.0,0.0,769.0,2313.69
RBL.SHF,20251128,2973.0,3007.0,2973.0,2985.0,2997.0,-23.0,-0.767434100767434,761.0,2276.93
RBL.SHF,20251201,2999.0,3010.0,2996.0,3010.0,2985.0,18.0,0.6030150753768844,214.0,642.07
RBL.SHF,20251202,3020.0,3025.0,3020.0,3025.0,3010.0,25.0,0.8305647840531563,60.0,181.35
RBL.SHF,20251203,3020.0,3020.0,3020.0,3020.0,3025.0,-2.0,-0.06611570247933884,60.0,181.2
RBL.SHF,20251204,3030.0,3030.0,3030.0,3030.0,3020.0,10.0,0.33112582781456956,0.0,0.0
RBL.SHF,20251205,3140.0,3140.0,3027.0,3027.0,3030.0,-3.0,-0.09900990099009901,540.0,1655.76
RBL.SHF,20251208,3020.0,3020.0,3020.0,3020.0,3027.0,-46.0,-1.5196564255037992,30.0,90.6
RBL.SHF,20251209,2955.0,2955.0,2955.0,2955.0,3020.0,-65.0,-2.152317880794702,60.0,177.3
RBL.SHF,20251210,2972.0,2972.0,2972.0,2972.0,2955.0,17.0,0.5752961082910322,0.0,0.0
RBL.SHF,20251211,2972.0,2972.0,2972.0,2972.0,2972.0,0.0,0.0,0.0,0.0
RBL.SHF,20251212,2972.0,2972.0,2972.0,2972.0,2972.0,0.0,0.0,0.0,0.0
RBL.SHF,20251215,2972.0,2972.0,2972.0,2972.0,2972.0,0.0,0.0,0.0,0.0
RBL.SHF,20251216,3083.0,3100.0,3078.0,3090.0,2972.0,11.0,0.37012113055181695,75341.0,232713.089
RBL.SHF,20251217,3097.0,3107.0,3083.0,3095.0,3090.0,7.0,0.22653721682847897,62744.0,194201.109
RBL.SHF,20251218,3107.0,3137.0,3095.0,3126.0,3095.0,31.0,1.0016155088852987,108708.0,339905.223
RBL.SHF,20251219,3130.0,3130.0,3103.0,3120.0,3126.0,-6.0,-0.19193857965451055,68112.0,212253.393
RBL.SHF,20251222,3115.0,3138.0,3105.0,3128.0,3120.0,12.0,0.38461538461538464,61415.0,191890.176
RBL.SHF,20251223,3125.0,3147.0,3106.0,3116.0,3128.0,-8.0,-0.2557544757033248,84147.0,263025.874
RBL.SHF,20251224,3116.0,3130.0,3104.0,3121.0,3116.0,-4.0,-0.12836970474967907,49561.0,154454.006
RBL.SHF,20251225,3121.0,3130.0,3105.0,3107.0,3121.0,-9.0,-0.28836911246395386,59394.0,185039.99
RBL.SHF,20251226,3100.0,3110.0,3090.0,3097.0,3107.0,-18.0,-0.5793369810106211,50110.0,155350.6
RBL.SHF,20251229,3101.0,3126.0,3099.0,3106.0,3097.0,6.0,0.19373587342589602,38706.0,120473.66
RBL.SHF,20251230,3103.0,3122.0,3103.0,3113.0,3106.0,1.0,0.03219575016097875,22951.0,71455.1
RBL.SHF,20251231,3119.0,3119.0,3091.0,3100.0,3113.0,-13.0,-0.4176035978156119,28379.0,88138.58
RBL.SHF,20260105,3105.0,3114.0,3074.0,3088.0,3100.0,-17.0,-0.5483870967741935,5906.0,18250.59
RBL.SHF,20260106,3071.0,3084.0,3050.0,3082.0,3088.0,-8.0,-0.2590673575129534,4920.0,15081.9
RBL.SHF,20260107,3073.0,3130.0,3073.0,3130.0,3082.0,65.0,2.109020116807268,6030.0,18716.91
RBL.SHF,20260108,3106.0,3138.0,3104.0,3127.0,3130.0,24.0,0.7667731629392971,2310.0,7217.01
RBL.SHF,20260109,3116.0,3116.0,3088.0,3089.0,3127.0,-35.0,-1.1192836584585866,300.0,931.86
RBL.SHF,20260112,3130.0,3138.0,3130.0,3133.0,3089.0,27.0,0.8740692780835222,150.0,469.89
RBL.SHF,20260113,3132.0,3134.0,3132.0,3134.0,3133.0,2.0,0.06383657835939993,930.0,2913.0
RBL.SHF,20260114,3125.0,3149.0,3125.0,3143.0,3134.0,11.0,0.35098915124441604,420.0,1316.19
RBL.SHF,20260115,3165.0,3165.0,3165.0,3165.0,3143.0,32.0,1.0181355392936684,30.0,94.95
RBL.SHF,20260116,3149.0,3166.0,3126.0,3150.0,3165.0,21.0,0.6635071090047393,1015.0,3195.86
RBL.SHF,20260119,3148.0,3160.0,3114.0,3118.0,3150.0,-30.0,-0.9523809523809524,1384.0,4330.4
RBL.SHF,20260120,3116.0,3122.0,3067.0,3068.0,3118.0,-60.0,-1.9243104554201411,2056.0,6346.59
RBL.SHF,20260121,3066.0,3072.0,3051.0,3068.0,3068.0,-18.0,-0.5867014341590613,740.0,2265.9
RBL.SHF,20260122,3068.0,3084.0,3053.0,3075.0,3068.0,13.0,0.423728813559322,568.0,1746.69
RBL.SHF,20260123,3072.0,3099.0,3072.0,3092.0,3075.0,17.0,0.5528455284552846,429.0,1325.36
RBL.SHF,20260126,3092.0,3119.0,3073.0,3077.0,3092.0,-12.0,-0.38809831824062097,3947.0,12213.39
RBL.SHF,20260127,3065.0,3088.0,3054.0,3058.0,3077.0,-36.0,-1.1699707507312318,1555.0,4773.16
RBL.SHF,20260128,3057.0,3060.0,3046.0,3049.0,3058.0,-20.0,-0.6540222367560496,415.0,1265.72
RBL.SHF,20260129,3052.0,3068.0,2965.0,3059.0,3049.0,10.0,0.3279763857002296,657.0,2000.2
RBL.SHF,20260130,3094.0,3104.0,2893.0,2954.0,3059.0,-90.0,-2.9421379535796013,1077.0,3272.27
RBL.SHF,20260202,3018.0,3018.0,3017.0,3018.0,2954.0,-20.0,-0.6770480704129994,90.0,271.59
RBL.SHF,20260203,3013.0,3013.0,3002.0,3002.0,3018.0,-15.0,-0.4970178926441352,60.0,180.45
RBL.SHF,20260204,3007.0,3007.0,3007.0,3007.0,3002.0,0.0,0.0,0.0,0.0
RBL.SHF,20260205,3007.0,3007.0,3007.0,3007.0,3007.0,0.0,0.0,0.0,0.0
RBL.SHF,20260206,3007.0,3007.0,3007.0,3007.0,3007.0,0.0,0.0,0.0,0.0
RBL.SHF,20260209,2876.0,2942.0,2876.0,2940.0,3007.0,-67.0,-2.228134353175923,330.0,965.13
RBL.SHF,20260210,2940.0,2940.0,2940.0,2940.0,2940.0,16.0,0.5442176870748299,90.0,264.6
RBL.SHF,20260211,2940.0,2940.0,2940.0,2940.0,2940.0,0.0,0.0,0.0,0.0
RBL.SHF,20260212,2900.0,2900.0,2900.0,2900.0,2940.0,-40.0,-1.3605442176870748,60.0,174.0
RBL.SHF,20260213,2900.0,2900.0,2900.0,2900.0,2900.0,0.0,0.0,0.0,0.0
RBL.SHF,20260224,2900.0,2900.0,2900.0,2900.0,2900.0,0.0,0.0,0.0,0.0
RBL.SHF,20260225,3041.0,3096.0,3038.0,3088.0,2900.0,56.0,1.9310344827586208,7455.0,22802.43
RBL.SHF,20260226,3099.0,3099.0,3067.0,3080.0,3088.0,22.0,0.7124352331606217,8437.0,26065.8
RBL.SHF,20260227,3090.0,3090.0,3043.0,3050.0,3080.0,-39.0,-1.2662337662337664,9297.0,28577.24
RBL.SHF,20260302,3077.0,3090.0,3056.0,3068.0,3050.0,-5.0,-0.16393442622950818,1355.0,4161.06
RBL.SHF,20260303,3089.0,3090.0,3065.0,3085.0,3068.0,15.0,0.48891786179921776,570.0,1754.01
RBL.SHF,20260304,3088.0,3089.0,3079.0,3079.0,3085.0,2.0,0.06482982171799027,180.0,555.09
RBL.SHF,20260305,3075.0,3110.0,3075.0,3093.0,3079.0,10.0,0.3247807729782397,390.0,1207.44
RBL.SHF,20260306,3084.0,3098.0,3084.0,3098.0,3093.0,2.0,0.06466214031684449,120.0,370.83
RBL.SHF,20260309,3135.0,3150.0,3051.0,3110.0,3098.0,20.0,0.6455777921239509,660.0,2055.93
RBL.SHF,20260310,3116.0,3124.0,3115.0,3115.0,3110.0,0.0,0.0,150.0,467.91
RBL.SHF,20260311,3115.0,3115.0,3115.0,3115.0,3115.0,-4.0,-0.12841091492776885,240.0,747.6
RBL.SHF,20260312,3129.0,3129.0,3129.0,3129.0,3115.0,14.0,0.44943820224719105,30.0,93.87
RBL.SHF,20260313,3150.0,3158.0,3150.0,3158.0,3129.0,29.0,0.9268136784915307,360.0,1135.95
RBL.SHF,20260316,3158.0,3159.0,3147.0,3159.0,3158.0,4.0,0.1266624445851805,90.0,283.92
RBL.SHF,20260317,3138.0,3157.0,3133.0,3153.0,3159.0,15.0,0.4748338081671415,557.0,1753.03
RBL.SHF,20260318,3159.0,3172.0,3136.0,3139.0,3153.0,-8.0,-0.2537266095781795,947.0,2986.67
RBL.SHF,20260319,3139.0,3146.0,3122.0,3130.0,3139.0,-23.0,-0.7327174259318254,659.0,2062.71
RBL.SHF,20260320,3128.0,3133.0,3112.0,3120.0,3130.0,-10.0,-0.3194888178913738,291.0,908.97
RBL.SHF,20260323,3112.0,3165.0,3112.0,3152.0,3120.0,29.0,0.9294871794871795,616.0,1940.79
RBL.SHF,20260324,3152.0,3152.0,3131.0,3141.0,3152.0,-9.0,-0.28553299492385786,338.0,1062.21
RBL.SHF,20260325,3141.0,3148.0,3100.0,3109.0,3141.0,-33.0,-1.0506208213944603,1978.0,6175.48
RBL.SHF,20260326,3099.0,3124.0,3099.0,3109.0,3109.0,-13.0,-0.418140881312319,1569.0,4873.67
RBL.SHF,20260327,3106.0,3115.0,3097.0,3104.0,3109.0,-2.0,-0.0643293663557414,452.0,1403.46
RBL.SHF,20260330,3106.0,3136.0,3105.0,3126.0,3104.0,21.0,0.6765463917525774,357.0,1114.24
RBL.SHF,20260331,3106.0,3195.0,3079.0,3180.0,3126.0,59.0,1.8873960332693538,588.0,1832.75
RBL.SHF,20260401,3119.0,3133.0,3119.0,3120.0,3180.0,4.0,0.12578616352201258,451.0,1409.353
RBL.SHF,20260402,3099.0,3100.0,3099.0,3100.0,3120.0,-24.0,-0.7692307692307693,60.0,185.97
RBL.SHF,20260403,3091.0,3091.0,3091.0,3091.0,3100.0,-8.0,-0.25806451612903225,0.0,0.0
RBL.SHF,20260407,3082.0,3082.0,3082.0,3082.0,3091.0,-9.0,-0.29116790682626986,30.0,92.46
RBL.SHF,20260408,3075.0,3075.0,3050.0,3050.0,3082.0,-32.0,-1.0382868267358858,90.0,276.0
RBL.SHF,20260409,3066.0,3066.0,3066.0,3066.0,3050.0,0.0,0.0,0.0,0.0
RBL.SHF,20260410,3066.0,3066.0,3066.0,3066.0,3066.0,0.0,0.0,0.0,0.0
RBL.SHF,20260413,3066.0,3066.0,3066.0,3066.0,3066.0,0.0,0.0,0.0,0.0
RBL.SHF,20260414,3057.0,3057.0,3057.0,3057.0,3066.0,-9.0,-0.29354207436399216,60.0,183.42
RBL.SHF,20260415,3069.0,3069.0,3069.0,3069.0,3057.0,12.0,0.39254170755642787,60.0,184.14
RBL.SHF,20260416,3070.0,3100.0,3070.0,3097.0,3072.0,25.0,0.8138020833333334,151809.0,468657.641
RBL.SHF,20260417,3102.0,3102.0,3089.0,3095.0,3097.0,8.0,0.2583144979011947,86350.0,267277.324
RBL.SHF,20260420,3090.0,3129.0,3087.0,3121.0,3095.0,26.0,0.840064620355412,184451.0,573615.582
RBL.SHF,20260421,3121.0,3133.0,3119.0,3125.0,3121.0,16.0,0.5126561999359179,97059.0,303407.493
RBL.SHF,20260422,3120.0,3135.0,3115.0,3128.0,3125.0,2.0,0.064,83017.0,259394.763
RBL.SHF,20260423,3125.0,3141.0,3116.0,3117.0,3128.0,-7.0,-0.2237851662404092,82873.0,259293.137
RBL.SHF,20260424,3115.0,3128.0,3114.0,3121.0,3117.0,-7.0,-0.22457491177414182,95155.0,296951.554
RBL.SHF,20260427,3117.0,3137.0,3107.0,3118.0,3121.0,-2.0,-0.06408202499198974,79028.0,246648.374
RBL.SHF,20260428,3117.0,3118.0,3092.0,3105.0,3118.0,-16.0,-0.5131494547787042,59051.0,183480.299
RBL.SHF,20260429,3105.0,3115.0,3090.0,3113.0,3105.0,6.0,0.1932367149758454,50068.0,155507.462
RBL.SHF,20260430,3117.0,3295.0,3107.0,3162.0,3113.0,57.0,1.8310311596530677,43966.0,136854.235
RBL.SHF,20260506,3123.0,3169.0,3123.0,3169.0,3162.0,57.0,1.8026565464895636,4373.0,13767.06
RBL.SHF,20260507,3142.0,3174.0,3141.0,3172.0,3169.0,24.0,0.757336699274219,3570.0,11282.79
RBL.SHF,20260508,3171.0,3182.0,3133.0,3148.0,3172.0,-12.0,-0.37831021437578816,4710.0,14930.76
RBL.SHF,20260511,3160.0,3195.0,3160.0,3195.0,3148.0,25.0,0.7941550190597205,1080.0,3433.86
RBL.SHF,20260512,3191.0,3191.0,3165.0,3165.0,3195.0,-14.0,-0.4381846635367762,180.0,571.74
RBL.SHF,20260513,3143.0,3175.0,3141.0,3170.0,3165.0,-6.0,-0.18957345971563982,420.0,1323.36
RBL.SHF,20260514,3161.0,3172.0,3150.0,3150.0,3170.0,0.0,0.0,390.0,1231.32
RBL.SHF,20260515,3155.0,3155.0,3150.0,3150.0,3150.0,-7.0,-0.2222222222222222,750.0,2365.2
RBL.SHF,20260518,3164.0,3181.0,3152.0,3160.0,3171.0,-26.0,-0.8199306212551246,1106.0,3500.919
RBL.SHF,20260519,3160.0,3164.0,3144.0,3155.0,3160.0,-10.0,-0.31645569620253167,1420.0,4482.341
RBL.SHF,20260520,3155.0,3165.0,3141.0,3151.0,3155.0,-5.0,-0.15847860538827258,966.0,3045.964
RBL.SHF,20260521,3148.0,3161.0,3143.0,3149.0,3151.0,-4.0,-0.12694382735639478,320.0,1008.637
RBL.SHF,20260522,3170.0,3170.0,3142.0,3145.0,3149.0,-6.0,-0.1905366783105748,229.0,720.502
RBL.SHF,20260525,3141.0,3189.0,3141.0,3158.0,3145.0,12.0,0.3815580286168521,2348.0,7449.053
RBL.SHF,20260526,3157.0,3157.0,3089.0,3090.0,3158.0,-82.0,-2.5965801139962,1147.0,3583.923
RBL.SHF,20260527,3092.0,3103.0,3054.0,3062.0,3090.0,-62.0,-2.0064724919093853,1009.0,3101.108
RBL.SHF,20260528,3051.0,3069.0,3042.0,3048.0,3062.0,-25.0,-0.8164598301763554,610.0,1865.277
RBL.SHF,20260529,3007.0,3128.0,3007.0,3067.0,3048.0,10.0,0.32808398950131235,749.0,2288.067
RBL.SHF,20260601,3048.0,3088.0,3048.0,3073.0,3067.0,19.0,0.6194978806651451,270.0,829.38
RBL.SHF,20260602,3073.0,3073.0,3073.0,3073.0,3073.0,2.0,0.06508298080052066,0.0,0.0
RBL.SHF,20260603,3092.0,3092.0,3092.0,3092.0,3073.0,19.0,0.6182883176049463,30.0,92.76
RBL.SHF,20260604,3094.0,3100.0,3094.0,3095.0,3092.0,3.0,0.09702457956015524,150.0,464.52
RBL.SHF,20260605,3082.0,3093.0,3082.0,3093.0,3095.0,-3.0,-0.09693053311793215,120.0,370.17
