ts_code,trade_date,open,high,low,close,pre_close,change,pct_chg,vol,amount
SCL.INE,20200102,483.1,484.4,480.5,482.5,483.5,-5.6,-1.1582213029989656,11787.0,567940.49
SCL.INE,20200103,481.4,502.9,479.3,499.7,482.5,17.9,3.709844559585492,76237.0,3714141.78
SCL.INE,20200106,503.2,516.3,500.0,509.2,499.7,22.1,4.422653592155293,32949.0,1672148.89
SCL.INE,20200107,500.1,506.5,491.5,494.9,509.2,-12.5,-2.4548311076197957,1369.0,68535.01
SCL.INE,20200108,494.9,517.6,491.4,501.4,494.9,0.8,0.1616488179430188,531.0,26633.83
SCL.INE,20200109,490.5,495.7,472.0,474.7,501.4,-26.8,-5.345033905065816,217.0,10458.54
SCL.INE,20200110,474.7,474.7,453.1,471.1,474.7,-10.8,-2.2751211291341904,3082.0,146204.48
SCL.INE,20200113,470.1,471.8,464.0,468.6,471.1,-5.7,-1.2099341965612398,153.0,7152.12
SCL.INE,20200114,468.6,468.6,455.3,456.8,468.6,-10.6,-2.2620571916346566,403.0,18707.11
SCL.INE,20200115,461.7,462.4,454.5,455.6,456.8,-8.5,-1.8607705779334502,80.0,3664.23
SCL.INE,20200116,450.1,470.8,450.1,453.0,455.6,-5.0,-1.0974539069359086,175.0,8211.79
SCL.INE,20200117,461.1,468.0,461.0,464.0,453.0,1.7,0.37527593818984545,72015.0,3351761.07
SCL.INE,20200120,465.2,470.8,463.6,466.0,464.0,0.6,0.12931034482758622,65715.0,3062502.27
SCL.INE,20200121,465.0,466.4,460.1,460.9,466.0,-5.1,-1.094420600858369,47983.0,2225471.76
SCL.INE,20200122,460.1,464.3,457.1,459.8,460.9,-4.0,-0.8678672163159037,54377.0,2507211.58
SCL.INE,20200123,458.2,459.2,443.7,447.2,459.8,-13.8,-3.0013049151805133,66758.0,3015622.46
SCL.INE,20200203,415.5,415.5,415.5,415.5,447.2,-36.2,-8.094812164579606,771.0,32035.05
SCL.INE,20200204,390.2,399.4,379.8,397.5,415.5,-18.0,-4.332129963898916,24178.0,953583.17
SCL.INE,20200205,392.5,399.6,390.9,395.8,397.5,1.4,0.3522012578616352,16003.0,634422.03
SCL.INE,20200206,404.8,405.7,400.1,403.8,395.8,7.4,1.8696311268317334,11770.0,473471.97
SCL.INE,20200207,399.8,400.2,396.3,398.0,403.8,-4.2,-1.040118870728083,5207.0,207527.59
SCL.INE,20200210,391.4,395.4,385.8,393.6,398.0,-4.9,-1.2311557788944725,3651.0,143548.69
SCL.INE,20200211,389.4,393.9,389.4,390.3,393.6,-2.8,-0.7113821138211381,2750.0,107667.18
SCL.INE,20200212,390.3,396.0,390.3,395.4,390.3,3.9,0.9992313604919293,2974.0,117143.09
SCL.INE,20200213,399.0,402.8,397.7,398.5,395.4,4.7,1.1886697015680325,2059.0,82398.91
SCL.INE,20200214,403.0,403.3,398.2,399.8,398.5,-0.3,-0.07528230865746549,1565.0,62688.41
SCL.INE,20200217,404.7,404.7,400.6,402.1,399.8,1.6,0.400200100050025,1274.0,51186.7
SCL.INE,20200218,402.1,402.1,397.1,397.5,402.1,-4.2,-1.0445162894802287,2084.0,83449.48
SCL.INE,20200219,398.3,406.3,398.2,405.9,397.5,5.5,1.3836477987421385,632.0,25258.59
SCL.INE,20200220,413.0,414.0,410.7,412.0,405.9,12.4,3.0549396403054945,1283.0,52983.85
SCL.INE,20200221,412.0,412.0,409.5,409.8,412.0,-3.1,-0.7524271844660194,214.0,8814.1
SCL.INE,20200224,397.9,397.9,390.8,393.0,409.8,-18.8,-4.5876037091264035,99.0,3914.62
SCL.INE,20200225,390.0,391.5,383.3,391.4,393.0,-4.0,-1.0178117048346056,74.0,2884.89
SCL.INE,20200226,380.8,380.8,375.0,375.0,391.4,-14.8,-3.781297904956567,32.0,1209.13
SCL.INE,20200227,363.0,365.0,353.3,359.5,375.0,-18.3,-4.88,43.0,1553.99
SCL.INE,20200228,352.0,353.0,345.0,346.5,359.5,-14.8,-4.11682892906815,41.0,1434.73
SCL.INE,20200302,348.5,364.1,348.2,361.8,346.5,4.6,1.3275613275613274,57185.0,2050953.36
SCL.INE,20200303,378.7,378.7,365.9,370.7,361.8,12.1,3.3443891652846878,37140.0,1384575.83
SCL.INE,20200304,369.2,371.5,366.5,367.7,370.7,-5.0,-1.3487995683841383,23389.0,862491.92
SCL.INE,20200305,366.0,368.2,365.3,366.2,367.7,-2.5,-0.6799020940984498,11050.0,405018.53
SCL.INE,20200306,356.8,358.8,347.0,350.0,366.2,-16.5,-4.505734571272528,12748.0,449424.36
SCL.INE,20200309,331.3,331.3,331.3,331.3,350.0,-21.2,-6.057142857142857,55.0,1822.15
SCL.INE,20200310,301.4,301.4,301.4,301.4,331.3,-29.9,-9.025052822215514,123.0,3707.22
SCL.INE,20200311,273.5,283.8,268.2,268.7,301.4,-32.7,-10.849369608493697,21994.0,608797.24
SCL.INE,20200312,263.0,266.0,249.1,253.3,268.7,-23.5,-8.745813174544102,6272.0,159327.03
SCL.INE,20200313,252.1,262.4,243.4,260.0,253.3,6.0,2.368732727990525,4621.0,117031.14
SCL.INE,20200316,250.2,256.5,240.3,240.3,260.0,-12.9,-4.961538461538462,3359.0,83468.59
SCL.INE,20200317,237.8,244.0,234.1,240.1,240.3,-8.3,-3.454015813566375,1266.0,30321.32
SCL.INE,20200318,215.6,235.0,215.6,229.4,240.1,-10.1,-4.206580591420241,1474.0,33759.84
SCL.INE,20200319,206.1,226.6,206.1,220.8,229.4,-8.2,-3.5745422842197034,1585.0,33933.04
SCL.INE,20200320,233.0,235.4,217.0,235.4,220.8,21.4,9.692028985507244,153.0,3546.54
SCL.INE,20200323,208.6,238.1,208.6,230.0,235.4,-1.8,-0.7646559048428208,231.0,5303.61
SCL.INE,20200324,238.3,252.2,238.3,244.6,230.0,15.1,6.565217391304349,606.0,14515.97
SCL.INE,20200325,244.6,255.0,233.3,253.9,244.6,14.4,5.887162714636141,1514.0,37091.42
SCL.INE,20200326,253.9,258.3,245.6,245.6,253.9,0.7,0.2756990941315478,431.0,10932.24
SCL.INE,20200327,246.4,250.7,240.5,244.5,245.6,-9.1,-3.705211726384365,37.0,905.11
SCL.INE,20200330,232.6,236.6,232.6,236.6,244.5,-8.0,-3.2719836400818,13.0,305.38
SCL.INE,20200331,248.0,248.0,248.0,248.0,236.6,13.1,5.536770921386306,2.0,49.6
SCL.INE,20200401,255.9,260.0,253.8,256.5,248.0,-1.0,-0.4032258064516129,24008.0,616825.7
SCL.INE,20200402,260.0,282.5,257.2,282.5,256.5,25.6,9.980506822612087,35621.0,957038.75
SCL.INE,20200403,290.0,292.0,269.1,276.6,282.5,8.0,2.831858407079646,27896.0,776676.38
SCL.INE,20200407,288.0,291.1,285.5,290.3,276.6,11.9,4.302241503976862,10640.0,307512.87
SCL.INE,20200408,285.0,289.1,279.1,285.9,290.3,-3.1,-1.0678608336203927,9917.0,282989.63
SCL.INE,20200409,290.5,295.8,290.5,295.0,285.9,9.7,3.3927946834557536,7978.0,234021.82
SCL.INE,20200410,284.9,288.0,280.0,283.2,295.0,-10.1,-3.4237288135593222,4482.0,127545.24
SCL.INE,20200413,291.6,297.2,277.2,277.4,283.2,-7.1,-2.5070621468926557,7713.0,221995.31
SCL.INE,20200414,279.8,282.2,271.2,273.2,277.4,-14.6,-5.2631578947368425,4988.0,137527.18
SCL.INE,20200415,262.5,271.7,262.5,266.7,273.2,-9.0,-3.294289897510981,4369.0,116814.45
SCL.INE,20200416,267.0,270.8,249.0,249.0,266.7,-18.3,-6.861642294713162,6889.0,176175.43
SCL.INE,20200417,251.0,257.8,235.5,246.1,249.0,-9.6,-3.8554216867469875,7278.0,180639.49
SCL.INE,20200420,231.6,238.3,228.1,236.6,246.1,-11.5,-4.672897196261682,3199.0,74598.26
SCL.INE,20200421,232.9,232.9,216.5,224.0,236.6,-9.1,-3.8461538461538463,270.0,6163.31
SCL.INE,20200422,205.3,205.3,205.3,205.3,224.0,-22.9,-10.223214285714285,111.0,2278.83
SCL.INE,20200423,178.6,229.9,178.6,219.5,205.3,14.2,6.916707257671699,1459.0,30914.33
SCL.INE,20200424,214.1,230.6,214.1,224.9,219.5,13.1,5.968109339407745,295.0,6647.24
SCL.INE,20200427,224.7,224.7,207.4,211.3,224.9,-14.0,-6.224988883948422,800.0,17726.91
SCL.INE,20200428,200.4,210.2,199.3,202.3,211.3,-19.2,-9.086606720302887,855.0,17437.61
SCL.INE,20200429,202.3,220.4,183.6,220.4,202.3,16.5,8.15620365793376,117.0,2471.67
SCL.INE,20200430,220.4,230.0,220.4,230.0,220.4,18.8,8.52994555353902,401.0,8839.0
SCL.INE,20200506,267.3,267.3,243.6,246.4,230.0,11.9,5.173913043478261,97571.0,2429343.1
SCL.INE,20200507,240.0,250.5,237.5,247.2,246.4,-1.7,-0.689935064935065,167485.0,4125550.33
SCL.INE,20200508,259.1,259.1,237.7,248.6,247.2,2.3,0.9304207119741101,204272.0,5054704.22
SCL.INE,20200511,248.1,250.0,238.8,243.3,248.6,-4.1,-1.64923572003218,184514.0,4500001.47
SCL.INE,20200512,244.6,244.6,236.3,238.4,243.3,-5.4,-2.2194821208384714,98726.0,2381209.42
SCL.INE,20200513,241.5,243.0,234.0,235.4,238.4,-5.7,-2.390939597315436,64195.0,1526107.36
SCL.INE,20200514,237.0,237.0,224.6,229.5,235.4,-8.2,-3.483432455395072,45388.0,1048076.59
SCL.INE,20200515,230.5,246.3,229.0,243.8,229.5,12.9,5.620915032679739,36811.0,878105.67
SCL.INE,20200518,245.0,253.5,241.7,252.3,243.8,13.8,5.660377358490567,26097.0,645620.87
SCL.INE,20200519,259.7,264.7,249.7,254.7,252.3,7.4,2.933016250495442,24646.0,635844.58
SCL.INE,20200520,255.7,257.2,251.1,254.8,254.7,-3.1,-1.2171181782489204,808.0,20594.82
SCL.INE,20200521,258.2,269.8,258.2,265.4,254.8,10.6,4.160125588697017,1364.0,35599.97
SCL.INE,20200522,265.4,266.6,245.9,251.7,265.4,-9.2,-3.4664657121326297,762.0,19562.41
SCL.INE,20200525,223.3,259.8,223.3,258.7,251.7,2.0,0.7945967421533572,1783.0,42097.06
SCL.INE,20200526,258.7,261.1,256.4,260.2,258.7,24.1,9.315809818322382,1505.0,38935.04
SCL.INE,20200527,260.2,262.5,256.3,257.7,260.2,-1.0,-0.38431975403535745,1554.0,40352.26
SCL.INE,20200528,260.1,260.2,256.0,259.0,257.7,-0.6,-0.23282887077997672,712.0,18413.88
SCL.INE,20200529,257.1,262.7,257.1,261.4,259.0,2.8,1.081081081081081,207.0,5385.08
SCL.INE,20200601,274.2,279.9,273.9,278.1,261.4,2.9,1.1094108645753635,157039.0,4346943.08
SCL.INE,20200602,278.6,279.8,276.1,278.6,278.1,1.8,0.6472491909385113,122956.0,3419612.11
SCL.INE,20200603,279.7,292.6,279.1,290.6,278.6,12.5,4.486719310839914,204652.0,5854517.09
SCL.INE,20200604,287.0,287.2,276.7,280.4,290.6,-5.6,-1.927047487955953,200082.0,5678651.05
SCL.INE,20200605,281.6,286.0,279.3,284.9,280.4,1.1,0.3922967189728959,140924.0,3978169.15
SCL.INE,20200608,293.7,298.1,287.0,295.7,284.9,13.5,4.738504738504739,210566.0,6153731.74
SCL.INE,20200609,290.0,293.5,285.4,289.2,295.7,-3.0,-1.0145417653026716,157648.0,4577686.86
SCL.INE,20200610,286.5,290.9,285.1,286.3,289.2,-4.0,-1.3831258644536655,121846.0,3510400.31
SCL.INE,20200611,286.8,289.0,279.1,281.5,286.3,-6.6,-2.3052741879147747,142765.0,4069127.05
SCL.INE,20200612,277.0,277.5,262.0,266.0,281.5,-19.0,-6.74955595026643,194488.0,5261468.49
SCL.INE,20200615,271.0,275.5,259.5,260.6,266.0,-9.9,-3.7218045112781954,165122.0,4433255.48
SCL.INE,20200616,261.5,276.4,260.7,275.5,260.6,7.1,2.724481964696853,65322.0,1754897.71
SCL.INE,20200617,281.8,284.7,276.0,279.5,275.5,10.9,3.956442831215971,3494.0,97803.7
SCL.INE,20200618,277.9,281.2,262.8,280.7,279.5,0.8,0.2862254025044723,1388.0,38764.23
SCL.INE,20200619,274.0,286.2,274.0,285.1,280.7,5.9,2.1018881368008553,1067.0,30168.77
SCL.INE,20200622,285.1,288.9,280.5,283.4,285.1,0.7,0.24552788495264816,4200.0,119482.44
SCL.INE,20200623,283.4,287.3,283.1,283.5,283.4,-0.9,-0.3175723359209598,347.0,9872.42
SCL.INE,20200624,283.5,287.0,282.5,285.0,283.5,0.5,0.1763668430335097,561.0,15946.08
SCL.INE,20200629,276.0,289.9,270.0,272.6,285.0,-11.6,-4.0701754385964914,688.0,19621.54
SCL.INE,20200630,272.6,296.3,272.6,280.0,272.6,-5.1,-1.870873074101247,967.0,27440.94
SCL.INE,20200701,291.0,294.0,288.7,293.3,280.0,1.3,0.4642857142857143,105446.0,3073592.29
SCL.INE,20200702,293.0,300.0,291.0,298.2,293.3,6.8,2.318445277872485,126720.0,3735633.34
SCL.INE,20200703,299.5,301.5,296.3,297.8,298.2,3.1,1.039570757880617,104822.0,3130823.29
SCL.INE,20200706,297.3,299.5,294.1,298.7,297.8,0.1,0.0335795836131632,82133.0,2438488.82
SCL.INE,20200707,298.2,299.6,294.9,295.9,298.7,-0.9,-0.3013056578506863,89389.0,2661017.8
SCL.INE,20200708,297.9,303.3,296.1,298.7,295.9,1.1,0.37174721189591087,94168.0,2814729.19
SCL.INE,20200709,300.2,301.0,297.8,298.9,298.7,0.0,0.0,74149.0,2217930.75
SCL.INE,20200710,299.5,299.7,290.0,292.1,298.9,-7.0,-2.3419203747072603,113440.0,3334705.87
SCL.INE,20200713,294.0,297.9,293.8,295.5,292.1,1.6,0.5477576172543649,84905.0,2514859.34
SCL.INE,20200714,295.7,297.1,288.1,292.3,295.5,-3.8,-1.2859560067681894,87480.0,2562335.43
SCL.INE,20200715,291.0,296.6,290.3,294.6,292.3,1.7,0.5815942524803285,75469.0,2222674.67
SCL.INE,20200716,297.2,297.5,286.0,288.7,294.6,-5.8,-1.9687712152070602,98245.0,2876924.72
SCL.INE,20200717,289.4,292.7,287.3,287.9,288.7,-4.9,-1.69726359542778,39351.0,1140964.65
SCL.INE,20200720,288.0,289.5,279.5,280.1,287.9,-9.8,-3.4039597082320254,26942.0,764597.27
SCL.INE,20200721,281.3,288.8,279.8,285.5,280.1,1.8,0.6426276329882185,15002.0,427239.31
SCL.INE,20200722,286.0,291.5,286.0,287.3,285.5,2.6,0.9106830122591945,1336.0,38602.73
SCL.INE,20200723,286.7,288.4,284.8,288.1,287.3,-0.8,-0.2784545770971111,497.0,14241.7
SCL.INE,20200724,288.1,288.6,280.8,283.1,288.1,-3.4,-1.1801457827143351,331.0,9455.4
SCL.INE,20200727,283.1,284.5,280.0,280.6,283.1,-5.0,-1.7661603673613562,403.0,11363.15
SCL.INE,20200728,280.7,285.6,275.7,276.6,280.6,-5.3,-1.8888096935138987,1563.0,44249.52
SCL.INE,20200729,276.6,284.7,273.2,278.1,276.6,-5.0,-1.8076644974692695,814.0,22509.15
SCL.INE,20200730,278.9,281.5,277.5,277.7,278.1,1.2,0.4314994606256742,89.0,2484.72
SCL.INE,20200731,277.7,280.6,270.0,273.1,277.7,-6.0,-2.1606049693914295,560.0,15530.11
SCL.INE,20200803,286.3,286.9,277.9,279.7,273.1,-6.0,-2.1969974368363236,120129.0,3386468.75
SCL.INE,20200804,281.7,284.1,279.4,281.3,279.7,-0.6,-0.21451555237754738,96822.0,2733648.94
SCL.INE,20200805,279.0,283.7,277.1,280.0,281.3,-2.3,-0.8176324209029504,97875.0,2743149.53
SCL.INE,20200806,287.0,287.4,277.8,282.9,280.0,2.7,0.9642857142857144,133190.0,3772883.96
SCL.INE,20200807,284.4,285.0,279.7,281.8,282.9,-1.4,-0.49487451396253096,81399.0,2300575.1
SCL.INE,20200810,281.8,287.0,279.4,284.3,281.8,1.7,0.6032647267565648,85035.0,2402219.9
SCL.INE,20200811,285.0,286.8,282.8,285.3,284.3,2.9,1.0200492437565951,71810.0,2045606.66
SCL.INE,20200812,287.0,287.4,278.8,284.2,285.3,-0.6,-0.2103049421661409,93924.0,2665482.38
SCL.INE,20200813,284.6,286.2,282.4,282.7,284.2,-1.0,-0.35186488388458836,49570.0,1406694.99
SCL.INE,20200814,283.3,284.0,280.3,282.3,282.7,-1.4,-0.49522461973823845,38429.0,1084835.33
SCL.INE,20200817,281.9,282.0,279.1,279.2,282.3,-3.0,-1.0626992561105209,42429.0,1189080.62
SCL.INE,20200818,278.9,281.9,273.9,274.0,279.2,-6.2,-2.220630372492837,37320.0,1038578.32
SCL.INE,20200819,275.3,280.9,273.9,277.6,274.0,-0.6,-0.218978102189781,20101.0,557285.04
SCL.INE,20200820,277.6,279.6,276.2,278.7,277.6,1.5,0.5403458213256483,1579.0,43901.77
SCL.INE,20200821,278.7,278.7,274.3,276.2,278.7,-1.8,-0.6458557588805167,2226.0,61708.85
SCL.INE,20200824,274.5,280.3,272.3,278.7,276.2,1.5,0.5430847212165097,869.0,24168.35
SCL.INE,20200825,283.7,283.7,279.3,283.3,278.7,5.2,1.8658055256548263,885.0,24799.99
SCL.INE,20200826,284.8,286.3,284.1,284.3,283.3,4.1,1.447229085774797,87.0,2480.4
SCL.INE,20200827,284.2,285.0,282.9,284.2,284.3,-0.9,-0.31656700668308124,88.0,2499.84
SCL.INE,20200828,284.2,285.5,277.3,283.1,284.2,-0.9,-0.31667839549612953,203.0,5755.16
SCL.INE,20200831,282.0,289.0,281.1,288.7,283.1,5.2,1.8368067820558105,813.0,23144.61
SCL.INE,20200901,297.9,298.6,292.2,294.8,288.7,-1.4,-0.48493245583650846,65373.0,1932291.05
SCL.INE,20200902,294.0,295.6,292.0,292.7,294.8,-2.8,-0.9497964721845318,53465.0,1570427.08
SCL.INE,20200903,292.8,292.9,284.1,285.8,292.7,-7.9,-2.6990092244619066,89085.0,2567508.89
SCL.INE,20200904,283.8,287.0,282.3,284.4,285.8,-3.8,-1.3296011196641007,77223.0,2200378.5
SCL.INE,20200907,285.2,285.5,272.2,272.5,284.4,-12.4,-4.360056258790436,123291.0,3436109.58
SCL.INE,20200908,272.5,275.2,268.1,269.1,272.5,-9.5,-3.486238532110092,68528.0,1870473.94
SCL.INE,20200909,262.9,263.0,251.0,251.0,269.1,-21.9,-8.13823857302118,82119.0,2075536.98
SCL.INE,20200910,251.2,253.5,245.6,248.2,251.0,-4.5,-1.7928286852589643,111942.0,2799926.5
SCL.INE,20200911,246.0,250.5,242.7,243.3,248.2,-6.8,-2.7397260273972606,46671.0,1155544.58
SCL.INE,20200914,240.4,248.6,240.4,246.5,243.3,-1.0,-0.4110152075626798,2798.0,68587.63
SCL.INE,20200915,246.5,247.3,243.5,245.4,246.5,0.3,0.12170385395537525,1059.0,26004.47
SCL.INE,20200916,246.1,256.4,246.1,255.3,245.4,9.8,3.9934800325998374,2296.0,57107.86
SCL.INE,20200917,255.3,258.0,250.0,254.4,255.3,5.7,2.2326674500587544,969.0,24750.68
SCL.INE,20200918,253.5,263.7,253.5,262.7,254.4,7.3,2.8694968553459117,802.0,20790.4
SCL.INE,20200921,261.0,265.3,260.4,262.4,262.7,3.2,1.218119527978683,149.0,3913.24
SCL.INE,20200922,261.9,261.9,243.7,249.5,262.4,-13.1,-4.992378048780488,1005.0,25634.33
SCL.INE,20200923,253.7,260.0,234.5,250.0,249.5,-5.0,-2.004008016032064,735.0,18311.28
SCL.INE,20200924,266.4,269.5,259.7,261.7,250.0,-4.1,-1.6399999999999997,138030.0,3658816.07
SCL.INE,20200925,262.0,269.1,261.5,266.7,261.7,1.7,0.6495987772258311,106874.0,2838971.52
SCL.INE,20200928,265.2,268.5,261.2,262.3,266.7,-3.3,-1.2373453318335208,104302.0,2757787.97
SCL.INE,20200929,265.3,267.2,262.5,265.6,262.3,1.2,0.4574914220358368,77124.0,2043693.12
SCL.INE,20200930,266.5,266.5,253.9,254.7,265.6,-10.2,-3.840361445783132,124120.0,3205048.14
SCL.INE,20201009,264.0,267.2,261.4,264.5,254.7,6.3,2.4734982332155475,35866.0,948016.74
SCL.INE,20201012,263.5,266.2,259.0,262.8,264.5,-1.5,-0.5671077504725899,63450.0,1669035.47
SCL.INE,20201013,262.0,263.7,256.5,259.7,262.8,-3.3,-1.2557077625570776,69027.0,1792408.1
SCL.INE,20201014,261.5,261.5,255.3,257.1,259.7,-2.5,-0.9626492106276474,59095.0,1524270.78
SCL.INE,20201015,260.0,263.0,258.6,260.2,257.1,2.3,0.894593543368339,53939.0,1405736.33
SCL.INE,20201016,255.0,264.6,250.8,258.5,260.2,-2.1,-0.8070714834742506,47394.0,1220641.09
SCL.INE,20201019,259.0,263.1,257.2,258.8,258.5,1.3,0.5029013539651838,18381.0,469810.47
SCL.INE,20201020,258.3,261.8,255.0,257.6,258.8,-2.3,-0.8887171561051004,13919.0,359592.78
SCL.INE,20201021,257.6,259.0,255.5,256.9,257.6,-1.4,-0.5434782608695651,689.0,17743.84
SCL.INE,20201022,256.9,257.8,251.1,253.8,256.9,-3.7,-1.4402491241728301,275.0,6971.99
SCL.INE,20201023,253.9,254.9,252.3,252.6,253.8,-0.9,-0.3546099290780142,368.0,9341.0
SCL.INE,20201026,253.8,254.0,242.8,243.4,252.6,-10.4,-4.117181314330958,156.0,3890.0
SCL.INE,20201027,243.4,245.1,241.7,244.3,243.4,-5.0,-2.0542317173377156,82.0,1998.0
SCL.INE,20201028,244.3,245.3,237.7,239.4,244.3,-4.2,-1.7191977077363898,1281.0,31229.0
SCL.INE,20201029,228.3,231.2,223.5,224.1,239.4,-19.6,-8.187134502923978,177.0,4062.0
SCL.INE,20201030,207.0,217.0,206.4,215.0,224.1,-14.4,-6.425702811244981,31.0,657.0
SCL.INE,20201102,227.2,228.4,215.0,221.0,215.0,-6.4,-2.9767441860465116,168258.0,3775706.0
SCL.INE,20201103,223.7,233.4,223.3,229.3,221.0,5.0,2.262443438914027,153542.0,3526669.0
SCL.INE,20201104,235.0,239.6,231.9,238.2,229.3,8.6,3.750545137374618,154057.0,3620366.0
SCL.INE,20201105,239.9,240.6,232.3,234.2,238.2,-0.8,-0.3358522250209908,122597.0,2899068.0
SCL.INE,20201106,236.1,239.7,227.7,230.7,234.2,-5.7,-2.433817250213493,114047.0,2676359.0
SCL.INE,20201109,229.8,238.3,229.2,237.2,230.7,2.6,1.1270047680970958,120189.0,2813953.0
SCL.INE,20201110,250.0,252.2,243.4,248.1,237.2,14.0,5.902192242833053,128326.0,3186595.0
SCL.INE,20201111,250.2,257.4,248.0,255.9,248.1,7.6,3.0632809351068118,96826.0,2435469.0
SCL.INE,20201112,256.8,258.1,248.6,251.9,255.9,0.4,0.15631105900742479,100166.0,2544699.0
SCL.INE,20201113,250.3,255.7,248.0,248.5,251.9,-5.5,-2.1834061135371177,78380.0,1976810.0
SCL.INE,20201116,248.2,254.6,247.2,251.9,248.5,-0.3,-0.12072434607645875,44415.0,1114484.0
SCL.INE,20201117,257.2,257.6,249.8,250.0,251.9,-0.9,-0.3572846367606193,21582.0,546184.0
SCL.INE,20201118,249.9,252.8,246.6,249.6,250.0,-3.4,-1.3599999999999999,15155.0,378461.0
SCL.INE,20201119,256.0,256.0,247.7,251.0,249.6,1.3,0.5208333333333334,581.0,14606.92
SCL.INE,20201120,251.0,253.7,249.1,250.8,251.0,-0.6,-0.2390438247011952,773.0,19490.0
SCL.INE,20201123,251.3,257.9,251.0,257.7,250.8,5.6,2.2328548644338113,264.0,6721.0
SCL.INE,20201124,257.1,269.6,255.5,269.6,257.7,15.0,5.820721769499418,104.0,2713.0
SCL.INE,20201125,269.6,281.6,269.6,279.0,269.6,18.2,6.75074183976261,2517.0,68330.0
SCL.INE,20201126,279.0,285.0,277.0,278.1,279.0,6.7,2.4014336917562726,1090.0,30485.0
SCL.INE,20201127,277.8,283.9,276.3,279.0,278.1,-0.6,-0.2157497303128371,116.0,3240.28
SCL.INE,20201130,280.0,282.4,261.2,275.0,279.0,-4.3,-1.5412186379928314,264.0,7389.12
SCL.INE,20201201,283.0,291.5,282.6,286.7,275.0,-0.7,-0.2545454545454545,161983.0,4647182.16
SCL.INE,20201202,287.4,288.0,279.6,284.1,286.7,-2.7,-0.941750959190792,130209.0,3707701.64
SCL.INE,20201203,285.1,292.5,283.6,286.8,284.1,2.1,0.7391763463569165,141883.0,4087118.84
SCL.INE,20201204,286.7,302.6,282.3,295.9,286.8,7.9,2.7545327754532773,205620.0,6009815.0
SCL.INE,20201207,295.1,297.5,290.7,293.9,295.9,1.7,0.5745184183845894,126004.0,3703052.39
SCL.INE,20201208,292.6,296.5,281.4,283.6,293.9,-10.2,-3.4705682204831576,115823.0,3362399.0
SCL.INE,20201209,285.0,287.6,280.5,284.8,283.6,-5.5,-1.93935119887165,99923.0,2844841.0
SCL.INE,20201210,285.1,289.8,281.6,282.6,284.8,-2.1,-0.7373595505617977,99799.0,2844376.0
SCL.INE,20201211,286.3,297.0,284.8,288.3,282.6,3.3,1.167728237791932,107277.0,3118526.83
SCL.INE,20201214,288.0,292.0,285.2,291.7,288.3,1.1,0.3815469996531391,29072.0,841120.0
SCL.INE,20201215,291.0,296.4,282.6,288.4,291.7,-0.9,-0.30853616729516625,2542.0,73341.0
SCL.INE,20201216,290.1,292.9,288.1,291.0,288.4,2.5,0.866851595006935,1410.0,40924.0
SCL.INE,20201217,291.0,304.5,291.0,302.0,291.0,11.8,4.054982817869416,826.0,24591.0
SCL.INE,20201218,302.0,306.3,299.1,304.0,302.0,6.3,2.0860927152317883,711.0,21557.0
SCL.INE,20201221,304.0,310.0,293.6,299.0,304.0,-4.1,-1.3486842105263157,646.0,19291.0
SCL.INE,20201222,297.8,297.9,286.0,286.0,299.0,-12.6,-4.214046822742475,59.0,1721.0
SCL.INE,20201223,287.6,287.6,271.4,278.9,286.0,-12.7,-4.440559440559441,68.0,1893.0
SCL.INE,20201224,278.1,281.6,278.1,281.6,278.9,3.3,1.183219792040158,2.0,56.0
SCL.INE,20201225,304.4,310.4,302.1,309.6,281.6,8.5,3.0184659090909087,129456.0,3973891.0
SCL.INE,20201228,309.6,313.0,303.8,306.6,309.6,-0.3,-0.09689922480620154,105510.0,3253772.07
SCL.INE,20201229,309.4,312.7,301.6,305.0,306.6,-3.3,-1.076320939334638,131801.0,4049636.59
SCL.INE,20201230,306.7,308.7,299.9,305.1,305.0,-2.1,-0.6885245901639345,136755.0,4167575.0
SCL.INE,20201231,306.7,307.1,300.8,301.7,305.1,-3.0,-0.983284169124877,123311.0,3740558.0
SCL.INE,20210104,302.9,321.5,301.6,320.1,301.7,16.8,5.568445475638051,91239.0,2864775.1
SCL.INE,20210105,313.5,319.4,308.0,311.1,320.1,-2.8,-0.8747266479225241,152795.0,4789783.0
SCL.INE,20210106,316.2,326.9,311.2,323.7,311.1,10.3,3.310832529733205,158366.0,5057851.0
SCL.INE,20210107,320.7,337.5,320.3,335.3,323.7,16.0,4.9428483163422925,137801.0,4515737.0
SCL.INE,20210108,334.3,338.7,328.1,336.5,335.3,8.9,2.654339397554429,123119.0,4097366.0
SCL.INE,20210111,338.0,344.8,312.0,325.7,336.5,-7.0,-2.080237741456166,147644.0,4961713.0
SCL.INE,20210112,326.5,339.5,324.0,336.9,325.7,0.9,0.276327909118821,104764.0,3480343.0
SCL.INE,20210113,339.9,345.7,334.5,342.4,336.9,10.2,3.0276046304541406,76956.0,2617126.0
SCL.INE,20210114,340.2,341.5,331.9,334.4,342.4,-5.6,-1.6355140186915886,49021.0,1646863.0
SCL.INE,20210115,332.8,338.6,325.8,329.4,334.4,-6.5,-1.9437799043062203,34234.0,1137286.0
SCL.INE,20210118,329.6,329.6,321.9,323.9,329.4,-8.3,-2.5197328476017007,19610.0,639628.0
SCL.INE,20210119,323.1,333.0,322.7,330.2,323.9,4.1,1.2658227848101267,6144.0,201813.0
SCL.INE,20210120,332.5,341.1,332.0,340.1,330.2,11.7,3.543307086614173,248.0,8365.0
SCL.INE,20210121,337.6,338.6,333.7,336.5,340.1,-0.8,-0.23522493384298734,265.0,8911.0
SCL.INE,20210122,336.4,336.4,322.5,323.9,336.5,-12.3,-3.6552748885586928,589.0,19118.0
SCL.INE,20210125,320.0,328.8,315.9,323.9,323.9,-0.6,-0.18524235875270145,180.0,5733.0
SCL.INE,20210126,323.9,324.6,320.9,320.9,323.9,2.4,0.7409694350108058,96.0,3097.65
SCL.INE,20210127,325.4,326.6,320.0,326.0,320.9,3.4,1.0595200997195389,297.0,9611.0
SCL.INE,20210128,324.6,326.9,322.0,324.0,326.0,0.4,0.1226993865030675,216.0,6999.4
SCL.INE,20210129,324.0,324.0,324.0,324.0,324.0,0.0,0.0,0.0,0.0
SCL.INE,20210201,336.5,339.8,329.7,336.3,324.0,-0.1,-0.030864197530864196,134066.0,4505710.0
SCL.INE,20210202,336.8,347.6,334.6,346.8,336.3,10.8,3.2114183764495987,117974.0,4019042.0
SCL.INE,20210203,351.9,351.9,344.0,347.1,346.8,6.5,1.8742791234140714,110049.0,3824773.0
SCL.INE,20210204,348.8,360.0,347.9,357.5,347.1,10.0,2.881014116969173,127925.0,4517508.0
SCL.INE,20210205,357.5,360.6,351.6,358.1,357.5,5.0,1.3986013986013985,84733.0,3019615.15
SCL.INE,20210208,359.2,367.4,358.1,362.1,358.1,5.8,1.6196593130410497,74007.0,2678612.0
SCL.INE,20210209,362.7,378.3,361.4,376.0,362.1,14.1,3.893951946975973,34170.0,1255226.0
SCL.INE,20210210,373.0,374.4,362.5,368.5,376.0,1.2,0.3191489361702127,1538.0,56614.0
SCL.INE,20210218,382.0,399.2,382.0,396.1,368.5,28.0,7.598371777476255,684.0,27074.0
SCL.INE,20210219,396.1,398.4,379.0,384.2,396.1,-11.6,-2.9285533956071697,304.0,11766.0
SCL.INE,20210222,384.1,389.4,381.3,385.6,384.2,-1.4,-0.3643935450286309,59.0,2271.0
SCL.INE,20210223,381.6,411.4,381.6,407.5,385.6,22.7,5.886929460580912,243.0,9571.0
SCL.INE,20210224,407.5,407.5,394.8,396.1,407.5,2.3,0.5644171779141104,579.0,23568.0
SCL.INE,20210225,407.3,407.3,407.3,407.3,396.1,0.3,0.07573844988639232,2.0,81.0
SCL.INE,20210226,410.0,410.0,410.0,410.0,407.3,2.7,0.6629020378099681,20.0,820.0
SCL.INE,20210301,402.3,414.5,398.1,409.0,410.0,-1.8,-0.4390243902439025,155225.0,6321643.0
SCL.INE,20210302,407.3,408.1,385.4,387.1,409.0,-20.1,-4.914425427872861,155349.0,6171166.0
SCL.INE,20210303,393.8,398.0,386.5,392.8,387.1,-4.4,-1.136657194523379,118187.0,4644073.0
SCL.INE,20210304,395.5,402.4,390.0,399.4,392.8,6.5,1.6547861507128308,143111.0,5674913.0
SCL.INE,20210305,399.9,424.8,397.0,423.6,399.4,27.1,6.785177766649976,225414.0,9280989.0
SCL.INE,20210308,425.0,444.6,424.2,441.4,423.6,29.7,7.011331444759206,141785.0,6149180.0
SCL.INE,20210309,433.5,435.5,420.5,422.7,441.4,-10.9,-2.4694154961486183,136609.0,5849523.0
SCL.INE,20210310,427.0,427.7,405.7,412.0,422.7,-16.1,-3.8088478826590966,133296.0,5571756.0
SCL.INE,20210311,417.4,421.1,410.2,416.2,412.0,-1.7,-0.4126213592233009,107405.0,4471365.0
SCL.INE,20210312,418.3,425.5,417.5,418.8,416.2,2.5,0.600672753483902,80530.0,3392327.0
SCL.INE,20210315,419.0,428.3,415.5,422.8,418.8,1.6,0.3820439350525311,40253.0,1692301.0
SCL.INE,20210316,416.6,416.6,408.3,408.4,422.8,-12.0,-2.8382213812677386,22624.0,930658.0
SCL.INE,20210317,406.0,416.1,403.5,414.1,408.4,2.8,0.6856023506366308,13514.0,551829.0
SCL.INE,20210318,409.2,411.4,403.0,407.0,414.1,-1.3,-0.313933832407631,8087.0,329797.0
SCL.INE,20210319,404.1,405.9,375.1,375.1,407.0,-32.7,-8.034398034398036,8484.0,334987.0
SCL.INE,20210322,372.4,385.2,370.5,383.2,375.1,-11.6,-3.0925086643561714,304.0,11448.81
SCL.INE,20210323,383.1,390.0,383.0,384.9,383.2,8.3,2.165970772442589,136.0,5257.0
SCL.INE,20210324,376.7,382.0,369.7,371.0,384.9,-15.5,-4.027020005196155,32.0,1204.0
SCL.INE,20210325,374.3,383.5,374.3,376.8,371.0,0.6,0.16172506738544476,866.0,32439.0
SCL.INE,20210326,373.6,378.0,372.6,378.0,376.8,3.5,0.9288747346072187,309.0,11612.0
SCL.INE,20210329,378.5,389.0,377.7,380.0,378.0,4.2,1.1111111111111112,34.0,1303.0
SCL.INE,20210330,379.6,390.0,379.6,390.0,380.0,6.7,1.7631578947368423,10.0,383.0
SCL.INE,20210331,383.1,383.1,383.1,383.1,390.0,0.0,0.0,0.0,0.0
SCL.INE,20210401,395.9,399.4,383.5,392.8,383.1,-3.2,-0.8352910467240929,171283.0,6738803.4
SCL.INE,20210402,392.9,409.0,387.6,408.8,392.8,15.4,3.920570264765784,228120.0,9045499.11
SCL.INE,20210406,390.7,393.1,383.6,388.1,408.8,-8.4,-2.054794520547945,74580.0,2897894.21
SCL.INE,20210407,388.6,394.2,384.1,386.0,388.1,-2.5,-0.6441638752898737,128994.0,5022064.2
SCL.INE,20210408,387.7,388.9,379.4,383.5,386.0,-5.8,-1.5025906735751295,151938.0,5841094.92
SCL.INE,20210409,384.7,389.7,382.5,386.6,383.5,2.2,0.5736636245110822,128074.0,4949011.62
SCL.INE,20210412,385.9,393.2,381.9,382.4,386.6,-4.0,-1.0346611484738748,124130.0,4808241.37
SCL.INE,20210413,388.2,395.0,386.4,392.8,382.4,5.5,1.438284518828452,121917.0,4768351.71
SCL.INE,20210414,394.0,398.3,389.8,397.8,392.8,6.7,1.7057026476578412,92517.0,3645715.91
SCL.INE,20210415,398.0,412.1,397.5,411.0,397.8,17.0,4.273504273504273,101789.0,4135939.64
SCL.INE,20210416,409.2,414.1,407.3,412.8,411.0,6.5,1.5815085158150852,62756.0,2574095.8
SCL.INE,20210419,411.7,412.5,405.1,408.8,412.8,-1.3,-0.31492248062015504,28781.0,1175820.95
SCL.INE,20210420,410.9,420.8,409.3,419.0,408.8,10.5,2.5684931506849313,11182.0,462681.18
SCL.INE,20210421,417.5,419.9,405.6,408.8,419.0,-4.9,-1.1694510739856803,1075.0,44251.91
SCL.INE,20210422,401.0,406.5,397.6,400.9,408.8,-10.7,-2.6174168297455966,303.0,12123.54
SCL.INE,20210423,403.6,406.1,397.5,403.9,400.9,3.8,0.9478672985781991,224.0,9037.82
SCL.INE,20210426,403.0,409.6,401.8,402.1,403.9,-1.3,-0.3218618469918297,189.0,7679.59
SCL.INE,20210427,402.1,416.0,396.5,400.0,402.1,-6.3,-1.566774434220343,2298.0,92412.98
SCL.INE,20210428,398.5,403.9,390.1,403.9,400.0,1.8,0.45000000000000007,64.0,2532.2
SCL.INE,20210429,403.9,412.2,403.9,412.2,403.9,16.6,4.109928200049518,98.0,3959.05
SCL.INE,20210430,412.2,412.2,412.2,412.2,412.2,8.3,2.0135856380397867,418.0,17229.96
SCL.INE,20210506,423.6,432.4,423.3,428.3,412.2,8.9,2.1591460456089275,46304.0,1987221.23
SCL.INE,20210507,428.1,428.5,420.2,425.7,428.3,-3.4,-0.7938360961942564,96704.0,4104169.58
SCL.INE,20210510,419.7,431.1,417.7,428.3,425.7,3.9,0.9161381254404511,120656.0,5116892.31
SCL.INE,20210511,426.3,427.7,416.6,418.6,428.3,-5.4,-1.2607985057202895,102975.0,4337069.52
SCL.INE,20210512,416.0,426.0,414.2,425.8,418.6,4.7,1.1227902532250358,116689.0,4908557.56
SCL.INE,20210513,426.6,434.5,421.9,423.8,425.8,3.2,0.7515265382808831,115876.0,4968092.71
SCL.INE,20210514,421.0,423.2,410.6,414.3,423.8,-14.4,-3.3978291647003305,98175.0,4099077.12
SCL.INE,20210517,418.9,431.2,418.5,427.1,414.3,9.6,2.3171614771904414,75715.0,3217448.09
SCL.INE,20210518,426.7,439.2,424.0,437.5,427.1,12.6,2.950128775462421,33177.0,1435045.89
SCL.INE,20210519,436.5,437.2,416.9,419.3,437.5,-13.2,-3.017142857142857,21431.0,921121.66
SCL.INE,20210520,415.7,420.0,402.1,411.4,419.3,-18.4,-4.388266157882184,1422.0,58378.06
SCL.INE,20210521,409.9,409.9,397.1,397.1,411.4,-13.4,-3.2571706368497813,288.0,11628.39
SCL.INE,20210524,405.2,416.6,404.4,415.7,397.1,12.0,3.021908839083354,516.0,21182.73
SCL.INE,20210525,417.1,425.5,416.6,424.5,415.7,14.0,3.3678133269184505,49.0,2064.47
SCL.INE,20210526,428.7,438.7,422.3,422.3,424.5,1.0,0.23557126030624262,33.0,1408.65
SCL.INE,20210527,427.5,427.5,417.5,419.8,422.3,-7.0,-1.657589391427895,34.0,1426.78
SCL.INE,20210528,429.0,429.0,429.0,429.0,419.8,9.4,2.2391615054787994,2.0,85.8
SCL.INE,20210531,394.6,438.6,394.6,420.1,429.0,-8.9,-2.0745920745920747,1020.0,42038.59
SCL.INE,20210601,432.0,453.6,427.5,440.0,420.1,10.5,2.499404903594382,93810.0,4083358.75
SCL.INE,20210602,445.5,447.1,435.4,438.9,440.0,3.7,0.8409090909090909,115269.0,5081851.14
SCL.INE,20210603,441.2,451.5,440.2,448.1,438.9,7.3,1.6632490316700843,101389.0,4511710.33
SCL.INE,20210604,446.0,447.3,438.6,445.2,448.1,0.3,0.06694934166480696,119979.0,5318029.64
SCL.INE,20210607,447.0,454.4,440.6,442.8,445.2,-0.4,-0.08984725965858043,124786.0,5586993.75
SCL.INE,20210608,444.4,448.6,437.2,443.0,442.8,-4.7,-1.061427280939476,96028.0,4261008.52
SCL.INE,20210609,442.5,455.5,441.5,453.2,443.0,9.5,2.144469525959368,104789.0,4702268.35
SCL.INE,20210610,452.6,454.4,442.5,446.4,453.2,-2.3,-0.5075022065313327,104666.0,4693082.28
SCL.INE,20210611,450.1,454.0,439.2,453.5,446.4,5.2,1.1648745519713262,119805.0,5383127.89
SCL.INE,20210615,458.3,463.7,451.7,454.4,453.5,5.1,1.1245865490628444,46035.0,2103879.52
SCL.INE,20210616,458.0,463.5,455.1,458.5,454.4,1.5,0.33010563380281693,74637.0,3427428.86
SCL.INE,20210617,457.6,458.3,449.6,452.7,458.5,-6.5,-1.4176663031624863,46275.0,2101883.38
SCL.INE,20210618,451.7,454.5,434.7,435.0,452.7,-19.2,-4.241219350563287,21647.0,964014.13
SCL.INE,20210621,430.1,450.5,430.1,445.6,435.0,0.3,0.06896551724137931,1069.0,47061.53
SCL.INE,20210622,442.2,454.6,439.9,453.2,445.6,13.0,2.9174147217235187,816.0,36742.21
SCL.INE,20210623,451.0,459.0,450.7,458.8,453.2,8.6,1.8976169461606356,628.0,28531.28
SCL.INE,20210624,457.7,460.5,454.9,458.3,458.8,4.0,0.8718395815170008,62.0,2830.17
SCL.INE,20210625,453.6,463.1,453.2,458.7,458.3,2.3,0.5018546803403884,242.0,11135.47
SCL.INE,20210628,465.0,466.0,454.0,458.0,458.7,-2.1,-0.4578155657292349,121.0,5556.31
SCL.INE,20210629,455.2,457.3,446.0,447.9,458.0,-11.2,-2.445414847161572,275.0,12281.48
SCL.INE,20210630,449.8,451.8,449.8,449.8,447.9,3.3,0.7367716008037508,15.0,675.79
SCL.INE,20210701,462.5,464.6,454.5,459.5,449.8,-1.1,-0.24455313472654516,110784.0,5096812.77
SCL.INE,20210702,470.1,473.0,464.1,468.1,459.5,8.1,1.76278563656148,131311.0,6147916.27
SCL.INE,20210705,469.2,472.4,464.6,471.6,468.1,3.5,0.7477034821619312,102514.0,4798374.08
SCL.INE,20210706,471.9,479.0,465.7,474.1,471.6,6.1,1.2934690415606445,99543.0,4698095.95
SCL.INE,20210707,468.0,468.7,448.3,450.9,474.1,-21.0,-4.429445264712086,162057.0,7423971.22
SCL.INE,20210708,450.9,453.3,437.2,438.9,450.9,-19.2,-4.258150365934797,148715.0,6596316.0
SCL.INE,20210709,439.9,446.7,436.1,444.6,438.9,1.1,0.25062656641604014,120023.0,5295822.3
SCL.INE,20210712,447.0,454.6,447.0,448.6,444.6,7.4,1.6644174538911383,80511.0,3628339.32
SCL.INE,20210713,444.6,455.6,444.6,454.7,448.6,4.1,0.9139545251894782,67119.0,3023744.13
SCL.INE,20210714,452.2,462.0,450.8,460.9,454.7,10.4,2.2872223444029034,80700.0,3689373.0
SCL.INE,20210715,461.5,461.8,439.0,439.3,460.9,-17.8,-3.8620091126057714,109257.0,4914307.63
SCL.INE,20210716,439.3,443.9,431.8,434.0,439.3,-15.7,-3.5738675165035283,87634.0,3843072.66
SCL.INE,20210719,437.5,438.9,424.0,427.9,434.0,-10.6,-2.442396313364055,72666.0,3140429.98
SCL.INE,20210720,420.6,422.4,402.7,406.6,427.9,-25.5,-5.959336293526525,30388.0,1253542.11
SCL.INE,20210721,397.0,410.0,397.0,406.7,406.6,-5.8,-1.426463354648303,913.0,36955.82
SCL.INE,20210722,406.7,420.4,406.7,417.7,406.7,13.0,3.1964593066142117,556.0,23094.54
SCL.INE,20210723,419.0,431.7,419.0,429.1,417.7,13.8,3.303806559731865,451.0,19144.43
SCL.INE,20210726,430.3,435.6,429.2,430.9,429.1,6.5,1.5147984152878116,679.0,29408.24
SCL.INE,20210727,433.7,443.3,433.7,437.7,430.9,4.6,1.067533070317939,181.0,7965.74
SCL.INE,20210728,439.6,445.0,437.8,443.6,437.7,3.6,0.822481151473612,2911.0,129176.73
SCL.INE,20210729,442.5,448.5,442.4,445.5,443.6,1.8,0.40577096483318303,35.0,1552.57
SCL.INE,20210730,408.2,408.2,408.2,408.2,445.5,-35.3,-7.923681257014589,1.0,40.82
SCL.INE,20210802,454.0,460.4,443.8,449.3,408.2,-5.0,-1.224889759921607,109173.0,4937644.67
SCL.INE,20210803,449.0,452.4,434.6,435.2,449.3,-17.0,-3.7836634765190293,121153.0,5353183.17
SCL.INE,20210804,427.4,436.6,424.4,436.4,435.2,-5.4,-1.240808823529412,130443.0,5635980.71
SCL.INE,20210805,429.7,433.4,420.3,421.4,436.4,-10.6,-2.4289642529789184,142491.0,6107669.11
SCL.INE,20210806,424.4,435.6,422.5,433.2,421.4,4.6,1.0915994304698624,96168.0,4121044.07
SCL.INE,20210809,435.6,439.1,415.7,418.6,433.2,-9.9,-2.285318559556787,146352.0,6241334.63
SCL.INE,20210810,414.3,424.9,413.2,424.4,418.6,-2.0,-0.47778308647873863,107221.0,4478917.06
SCL.INE,20210811,423.5,433.7,423.2,433.2,424.4,15.5,3.6522148916116874,96372.0,4142154.26
SCL.INE,20210812,427.1,436.1,422.8,431.4,433.2,1.6,0.36934441366574333,108508.0,4652182.08
SCL.INE,20210813,430.5,435.4,425.8,429.1,431.4,0.4,0.0927213722763097,80483.0,3472529.54
SCL.INE,20210816,429.4,435.0,421.3,423.9,429.1,-7.5,-1.7478443253320903,69266.0,2969127.35
SCL.INE,20210817,417.7,428.0,416.7,422.0,423.9,-6.6,-1.556970983722576,57911.0,2444212.82
SCL.INE,20210818,422.7,427.6,420.0,426.4,422.0,4.4,1.042654028436019,25034.0,1061681.27
SCL.INE,20210819,428.0,429.0,409.5,410.6,426.4,-13.4,-3.1425891181988748,12939.0,543733.81
SCL.INE,20210820,409.7,413.6,403.5,410.0,410.6,-10.2,-2.4841695080370187,1721.0,70432.94
SCL.INE,20210823,405.1,409.5,399.0,407.4,410.0,-1.8,-0.4390243902439025,1882.0,76209.17
SCL.INE,20210824,408.3,426.3,408.3,424.7,407.4,19.8,4.860088365243005,849.0,35186.59
SCL.INE,20210825,429.0,433.8,427.2,430.7,424.7,16.3,3.838003296444549,2508.0,107290.08
SCL.INE,20210826,431.6,437.5,431.6,434.0,430.7,6.3,1.4627350824239609,64.0,2778.09
SCL.INE,20210827,433.0,435.0,433.0,435.0,434.0,1.0,0.2304147465437788,6.0,260.63
SCL.INE,20210830,434.3,434.3,434.3,434.3,435.0,0.0,0.0,0.0,0.0
SCL.INE,20210831,434.3,434.3,434.3,434.3,434.3,0.0,0.0,0.0,0.0
SCL.INE,20210901,438.3,446.7,436.3,446.5,434.3,6.8,1.5657379691457516,101038.0,4449476.85
SCL.INE,20210902,444.9,445.2,434.0,444.8,446.5,4.5,1.007838745800672,139100.0,6105511.15
SCL.INE,20210903,448.8,458.8,448.6,456.0,444.8,17.1,3.844424460431655,102423.0,4668286.81
SCL.INE,20210906,458.8,459.5,445.3,447.5,456.0,-8.2,-1.7982456140350873,90290.0,4078330.73
SCL.INE,20210907,451.5,459.0,450.0,456.9,447.5,5.3,1.1843575418994412,69185.0,3143080.99
SCL.INE,20210908,450.5,454.8,447.6,453.8,456.9,-0.5,-0.1094331363536879,78746.0,3552093.41
SCL.INE,20210909,456.3,459.2,451.8,457.1,453.8,6.1,1.3442044953724106,40566.0,1844816.83
SCL.INE,20210910,455.1,471.4,442.2,456.0,457.1,1.3,0.28440166265587397,7961.0,361083.44
SCL.INE,20210913,458.3,466.6,458.0,462.6,456.0,9.1,1.9956140350877192,1335.0,61693.02
SCL.INE,20210914,465.1,467.0,459.5,462.9,462.6,0.8,0.17293558149589278,607.0,28123.19
SCL.INE,20210915,462.9,466.9,458.1,461.2,462.9,-2.1,-0.45366169799092676,1786.0,82837.2
SCL.INE,20210916,463.7,485.3,463.7,473.7,461.2,9.9,2.146574154379879,1509.0,70663.15
SCL.INE,20210917,474.2,494.9,460.9,471.1,473.7,2.9,0.612201815495039,1593.0,75564.57
SCL.INE,20210922,471.1,471.1,456.3,467.1,471.1,-7.2,-1.5283379324984079,1130.0,53228.76
SCL.INE,20210923,474.7,474.7,474.7,474.7,467.1,3.7,0.7921216013701562,4.0,189.88
SCL.INE,20210924,479.6,490.8,477.1,488.6,474.7,11.6,2.4436486201811674,113626.0,5509528.13
SCL.INE,20210927,486.4,501.1,483.8,494.5,488.6,9.7,1.9852640196479736,114256.0,5624122.69
SCL.INE,20210928,497.7,509.4,496.3,507.6,494.5,15.4,3.1142568250758345,112029.0,5623581.48
SCL.INE,20210929,505.0,508.1,486.0,489.2,507.6,-12.7,-2.5019700551615442,128645.0,6387944.81
SCL.INE,20210930,493.2,500.6,491.1,494.6,489.2,-1.9,-0.3883892068683565,88967.0,4410152.82
SCL.INE,20211008,523.2,529.8,522.1,528.1,494.6,32.4,6.550748079255964,50004.0,2634791.99
SCL.INE,20211011,524.4,532.6,519.9,530.0,528.1,3.1,0.5870100359780345,92557.0,4877157.91
SCL.INE,20211012,532.0,534.3,526.8,529.5,530.0,2.6,0.49056603773584906,73322.0,3896106.2
SCL.INE,20211013,529.0,535.3,520.0,524.0,529.5,-7.3,-1.3786591123701606,102273.0,5400670.25
SCL.INE,20211014,519.5,530.2,514.3,526.5,524.0,-1.5,-0.2862595419847328,67431.0,3511027.31
SCL.INE,20211015,528.5,531.7,520.0,529.2,526.5,8.6,1.6334283000949665,53539.0,2812277.36
SCL.INE,20211018,528.8,546.7,525.3,537.9,529.2,12.7,2.399848828420257,27174.0,1451506.45
SCL.INE,20211019,538.6,538.6,520.2,532.2,537.9,-1.9,-0.3532255065997397,9762.0,517610.45
SCL.INE,20211020,533.4,538.0,523.7,523.7,532.2,-6.5,-1.2213453588876362,316.0,16752.55
SCL.INE,20211021,523.7,540.6,523.7,530.5,523.7,0.4,0.07637960664502579,75.0,3985.79
SCL.INE,20211022,527.6,535.5,517.0,519.4,530.5,-12.0,-2.2620169651272386,116.0,6127.12
SCL.INE,20211025,526.0,531.1,521.8,527.7,519.4,-0.5,-0.09626492106276474,26.0,1371.87
SCL.INE,20211026,527.7,531.7,522.4,528.9,527.7,1.3,0.24635209399279895,1510.0,79683.14
SCL.INE,20211027,523.5,525.6,521.7,523.6,528.9,-4.1,-0.7751937984496124,45.0,2353.91
SCL.INE,20211028,524.4,524.4,496.0,500.0,523.6,-23.0,-4.39266615737204,12.0,612.79
SCL.INE,20211029,516.6,517.3,516.6,517.3,500.0,6.7,1.34,2.0,103.39
SCL.INE,20211101,520.1,526.6,515.8,520.3,517.3,1.0,0.1933114247052001,115450.0,6015266.44
SCL.INE,20211102,528.2,535.9,527.7,534.8,520.3,13.8,2.6523159715548728,97727.0,5193209.53
SCL.INE,20211103,532.3,533.6,520.3,524.3,534.8,-7.0,-1.3089005235602096,111395.0,5868330.5
SCL.INE,20211104,518.8,519.8,506.6,510.2,524.3,-16.6,-3.1661262635895486,123377.0,6336728.89
SCL.INE,20211105,525.3,530.8,501.6,508.5,510.2,-5.1,-0.9996079968639748,174718.0,9016463.97
SCL.INE,20211108,509.8,534.0,508.1,532.0,508.5,16.0,3.146509341199607,135409.0,7071632.47
SCL.INE,20211109,530.0,530.6,523.2,524.9,532.0,2.7,0.5075187969924813,83081.0,4373202.38
SCL.INE,20211110,527.0,539.9,524.0,538.0,524.9,11.7,2.22899599923795,90879.0,4823716.01
SCL.INE,20211111,531.7,536.6,517.5,519.3,538.0,-11.4,-2.1189591078066914,114467.0,6029241.01
SCL.INE,20211112,516.0,522.7,513.2,514.7,519.3,-12.0,-2.310803004043905,103146.0,5340650.49
SCL.INE,20211115,508.7,519.3,506.2,508.1,514.7,-9.6,-1.8651641733048376,89795.0,4609298.67
SCL.INE,20211116,505.1,520.3,503.7,518.0,508.1,4.7,0.9250147608738437,76643.0,3915014.76
SCL.INE,20211117,517.4,519.8,510.1,519.0,518.0,8.2,1.583011583011583,53462.0,2752758.29
SCL.INE,20211118,517.4,520.0,501.2,504.9,519.0,-9.9,-1.907514450867052,23520.0,1203859.91
SCL.INE,20211119,507.7,518.8,507.6,516.3,504.9,4.5,0.8912655971479502,1230.0,63168.68
SCL.INE,20211122,499.8,509.3,488.0,500.5,516.3,-13.0,-2.517915940344761,2406.0,120324.85
SCL.INE,20211123,498.3,507.9,497.2,501.7,500.5,1.6,0.3196803196803197,373.0,18820.01
SCL.INE,20211124,507.9,523.8,507.7,523.1,501.7,18.6,3.7073948574845526,64.0,3321.26
SCL.INE,20211125,523.8,526.0,511.1,511.1,523.1,-7.8,-1.4911106862932517,2268.0,119066.88
SCL.INE,20211126,495.2,502.0,495.2,502.0,511.1,-22.9,-4.480532185482292,4.0,199.44
SCL.INE,20211129,498.9,498.9,477.9,495.0,502.0,-3.6,-0.7171314741035857,8.0,392.93
SCL.INE,20211130,451.9,462.9,451.9,456.8,495.0,-34.3,-6.929292929292928,3.0,137.16
SCL.INE,20211201,451.1,454.9,428.7,451.4,456.8,-14.5,-3.1742556917688263,253532.0,11276383.59
SCL.INE,20211202,455.2,455.9,435.5,441.1,451.4,-3.6,-0.7975188303057157,225469.0,10038839.6
SCL.INE,20211203,435.4,449.5,417.5,446.7,441.1,1.5,0.3400589435502154,305326.0,13302008.78
SCL.INE,20211206,451.0,457.9,443.1,451.2,446.7,15.6,3.4922766957689726,197015.0,8883841.08
SCL.INE,20211207,453.7,466.9,448.3,463.8,451.2,12.9,2.8590425531914896,153649.0,7014559.13
SCL.INE,20211208,470.0,479.8,466.3,473.4,463.8,16.9,3.6438119879258295,145878.0,6905904.28
SCL.INE,20211209,476.9,481.8,470.8,477.7,473.4,4.3,0.9083227714406422,110916.0,5273127.59
SCL.INE,20211210,470.0,477.6,464.6,465.0,477.7,-10.4,-2.177098597446096,105758.0,4996753.39
SCL.INE,20211213,472.0,486.5,471.0,486.0,465.0,13.6,2.924731182795699,69252.0,3290744.3
SCL.INE,20211214,475.1,478.8,467.4,468.9,486.0,-6.2,-1.2757201646090535,8126.0,384942.46
SCL.INE,20211215,468.9,469.8,453.0,462.2,468.9,-11.5,-2.4525485178076347,1098.0,50535.16
SCL.INE,20211216,462.2,477.0,454.9,476.0,462.2,15.8,3.41843357853743,502.0,23372.81
SCL.INE,20211217,474.7,484.7,470.8,479.3,476.0,13.8,2.899159663865546,69.0,3297.73
SCL.INE,20211220,474.7,515.5,443.5,447.5,479.3,-30.4,-6.342582933444605,86.0,3954.96
SCL.INE,20211221,454.8,455.0,454.3,455.0,447.5,-4.8,-1.0726256983240223,14.0,636.69
SCL.INE,20211222,454.7,462.0,454.7,462.0,455.0,7.3,1.6043956043956045,2.0,91.67
SCL.INE,20211223,458.3,458.3,458.3,458.3,462.0,0.0,0.0,0.0,0.0
SCL.INE,20211227,475.3,484.5,470.8,472.9,472.9,-2.0,-0.4229223937407486,92894.0,4418378.24
SCL.INE,20211228,473.0,494.6,472.4,494.0,472.9,18.4,3.890886022414887,162817.0,7914799.52
SCL.INE,20211229,497.0,498.0,489.3,493.4,494.0,7.3,1.4777327935222673,148949.0,7344665.41
SCL.INE,20211230,490.3,501.1,488.9,498.6,493.4,5.6,1.1349817592217268,183633.0,9078225.68
SCL.INE,20211231,496.0,501.7,490.3,499.0,498.6,4.7,0.94263939029282,141418.0,7024789.31
SCL.INE,20220104,494.8,497.0,491.0,494.1,499.0,-2.6,-0.5210420841683366,47269.0,2335609.88
SCL.INE,20220105,496.8,505.2,495.4,502.8,494.1,8.7,1.7607771706132358,134441.0,6734767.01
SCL.INE,20220106,503.3,509.5,498.3,501.0,502.8,0.1,0.01988862370723946,113525.0,5732090.14
SCL.INE,20220107,512.6,519.7,511.4,519.4,501.0,14.5,2.8942115768463075,120332.0,6206688.46
SCL.INE,20220110,516.8,517.5,506.5,512.0,519.4,-3.7,-0.7123604158644591,92155.0,4714654.52
SCL.INE,20220111,508.9,513.1,504.2,504.6,512.0,-7.0,-1.3671875,46818.0,2383880.68
SCL.INE,20220112,510.9,521.2,506.9,520.2,504.6,11.1,2.199762187871581,8460.0,435797.45
SCL.INE,20220113,521.1,531.8,520.1,530.3,520.2,15.2,2.9219530949634756,1653.0,86795.85
SCL.INE,20220114,535.9,535.9,528.4,531.4,530.3,6.4,1.2068640392230814,874.0,46622.33
SCL.INE,20220117,533.2,546.3,531.3,541.0,531.4,7.6,1.4301844185171246,3371.0,182743.47
SCL.INE,20220118,538.0,553.8,537.0,543.6,541.0,1.5,0.27726432532347506,327.0,17733.66
SCL.INE,20220119,561.7,561.7,536.7,547.0,543.6,4.7,0.8646063281824872,10.0,545.37
SCL.INE,20220120,520.0,546.6,520.0,546.6,547.0,1.3,0.23765996343692872,16.0,863.07
SCL.INE,20220121,534.0,534.0,533.5,533.5,546.6,-5.9,-1.0793999268203438,2.0,106.75
SCL.INE,20220124,537.3,547.8,534.5,543.8,533.5,3.8,0.712277413308341,163670.0,8846736.61
SCL.INE,20220125,540.7,540.9,522.5,533.8,543.8,-6.7,-1.232070614196396,240361.0,12737347.78
SCL.INE,20220126,530.7,540.3,528.1,539.1,533.8,9.2,1.7234919445485202,151929.0,8107405.06
SCL.INE,20220127,544.0,549.7,539.5,542.6,539.1,9.0,1.669449081803005,122569.0,6687449.9
SCL.INE,20220128,551.0,551.2,532.5,534.5,542.6,-11.1,-2.0457058606708443,126600.0,6866999.02
SCL.INE,20220207,560.0,571.6,558.2,566.9,534.5,24.5,4.583723105706268,41203.0,2335860.57
SCL.INE,20220208,562.0,562.8,553.3,558.4,566.9,-8.5,-1.4993826071617569,93369.0,5217365.32
SCL.INE,20220209,549.0,552.3,543.7,544.4,558.4,-14.3,-2.560888252148997,90885.0,4978006.54
SCL.INE,20220210,544.4,553.7,541.9,549.7,544.4,2.0,0.36737692872887584,82384.0,4522655.66
SCL.INE,20220211,554.6,560.8,544.7,546.1,549.7,-2.8,-0.5093687465890484,78802.0,4364475.86
SCL.INE,20220214,555.1,576.3,552.6,571.5,546.1,17.7,3.2411646218641272,38939.0,2186875.0
SCL.INE,20220215,560.2,572.5,558.2,572.1,571.5,10.5,1.837270341207349,18154.0,1025947.59
SCL.INE,20220216,558.8,563.8,548.7,556.8,572.1,-8.3,-1.4507953155042825,12489.0,693803.41
SCL.INE,20220217,561.9,568.2,521.8,559.9,556.8,4.4,0.7902298850574714,2303.0,129254.21
SCL.INE,20220218,559.9,564.2,553.8,562.3,559.9,1.1,0.1964636542239686,1467.0,81991.29
SCL.INE,20220221,558.9,573.5,552.2,564.6,562.3,5.7,1.0136937577805443,1099.0,61886.99
SCL.INE,20220222,565.1,594.0,565.1,593.5,564.6,30.4,5.384342897626638,290.0,16896.94
SCL.INE,20220223,592.5,592.5,578.7,583.8,593.5,1.2,0.20219039595619206,774.0,45689.56
SCL.INE,20220224,583.8,616.1,582.0,616.1,583.8,25.8,4.419321685508736,1758.0,102771.15
SCL.INE,20220225,629.8,629.8,601.0,605.1,616.1,20.6,3.3436130498295733,63.0,3838.33
SCL.INE,20220228,590.5,610.0,584.2,609.7,605.1,0.5,0.08263097008758882,27.0,1621.42
SCL.INE,20220301,609.9,625.5,608.1,622.8,609.7,23.6,3.87075610956208,173902.0,10692835.74
SCL.INE,20220302,642.9,663.9,633.9,663.9,622.8,49.1,7.883750802825948,246876.0,16013159.45
SCL.INE,20220303,678.0,719.9,669.1,719.9,663.9,71.3,10.739569212230759,230032.0,15800484.21
SCL.INE,20220304,729.8,732.9,683.7,693.2,719.9,6.4,0.8890123628281706,263674.0,18590350.7
SCL.INE,20220307,706.0,761.4,700.8,761.4,693.2,56.4,8.136180034622043,136345.0,9712281.26
SCL.INE,20220308,761.6,803.0,733.2,785.0,761.4,72.7,9.548200682952457,270165.0,20639042.2
SCL.INE,20220309,781.9,823.6,768.2,806.6,785.0,42.7,5.439490445859873,247280.0,19906673.08
SCL.INE,20220310,760.0,775.8,700.3,700.3,806.6,-104.7,-12.980411604264816,191044.0,14177970.45
SCL.INE,20220311,712.0,731.8,660.3,683.0,700.3,-59.1,-8.439240325574755,268524.0,18669551.83
SCL.INE,20220314,679.0,696.6,667.7,683.5,683.0,-11.7,-1.71303074670571,169079.0,11547034.16
SCL.INE,20220315,674.4,675.6,618.0,628.1,683.5,-54.8,-8.017556693489393,223676.0,14454241.97
SCL.INE,20220316,624.7,641.0,606.1,632.9,628.1,-13.3,-2.1174972138194557,199261.0,12375354.12
SCL.INE,20220317,629.0,635.7,604.7,619.4,632.9,-1.6,-0.2528045504819087,140686.0,8686809.85
SCL.INE,20220318,639.7,679.6,638.5,676.0,619.4,58.6,9.460768485631256,86749.0,5676912.0
SCL.INE,20220321,658.0,711.5,655.0,696.3,676.0,41.9,6.1982248520710055,35055.0,2353393.97
SCL.INE,20220322,698.4,750.1,698.4,735.2,696.3,63.9,9.17707884532529,2636.0,194060.22
SCL.INE,20220323,732.3,734.0,705.3,720.0,735.2,-16.1,-2.189880304678999,2327.0,168220.64
SCL.INE,20220324,736.0,775.0,736.0,757.7,720.0,34.8,4.833333333333333,2280.0,168511.35
SCL.INE,20220325,763.6,766.0,738.8,746.5,757.7,7.5,0.9898376666226737,5011.0,377837.64
SCL.INE,20220328,735.8,754.2,727.0,736.0,746.5,-18.0,-2.4112525117213663,110.0,8088.0
SCL.INE,20220329,731.9,731.9,670.1,670.1,736.0,-65.1,-8.845108695652174,513.0,37532.7
SCL.INE,20220330,666.0,721.4,645.0,682.0,670.1,-49.6,-7.40188031637069,6.0,407.36
SCL.INE,20220331,591.0,591.0,591.0,591.0,682.0,-87.9,-12.888563049853374,1.0,59.1
SCL.INE,20220401,664.1,681.6,647.4,648.7,591.0,-37.8,-6.395939086294415,233864.0,15606036.35
SCL.INE,20220406,663.2,680.8,660.5,677.1,648.7,9.8,1.510713735162633,57806.0,3895968.64
SCL.INE,20220407,680.0,680.7,623.3,628.7,677.1,-45.2,-6.675527987003398,246482.0,15943697.33
SCL.INE,20220408,626.7,632.0,602.4,625.6,628.7,-21.2,-3.3720375377763636,228551.0,14114724.16
SCL.INE,20220411,627.5,641.1,615.1,624.6,625.6,7.1,1.1349104859335037,180614.0,11311040.05
SCL.INE,20220412,610.0,636.8,606.8,635.4,624.6,9.2,1.472942683317323,176449.0,10894500.2
SCL.INE,20220413,637.4,655.9,635.8,650.5,635.4,33.1,5.2093169656909035,147922.0,9598855.69
SCL.INE,20220414,662.2,675.0,652.7,666.0,650.5,17.1,2.628747117601845,135255.0,8988862.41
SCL.INE,20220415,662.9,693.7,661.1,690.2,666.0,25.7,3.858858858858859,115528.0,7812311.06
SCL.INE,20220418,693.0,704.7,683.4,695.7,690.2,19.5,2.8252680382497823,60501.0,4204876.65
SCL.INE,20220419,697.7,721.7,692.0,693.9,695.7,-1.1,-0.15811412965358632,35366.0,2492294.1
SCL.INE,20220420,689.9,689.9,666.5,676.5,693.9,-28.2,-4.06398616515348,1455.0,98494.96
SCL.INE,20220421,676.5,681.3,657.4,681.0,676.5,4.1,0.606060606060606,146.0,9841.64
SCL.INE,20220422,674.0,699.9,672.0,672.0,681.0,-2.0,-0.2936857562408223,222.0,15120.86
SCL.INE,20220425,672.6,677.8,635.0,640.3,672.0,-40.8,-6.07142857142857,4131.0,271090.85
SCL.INE,20220426,640.3,662.4,628.0,648.2,640.3,-8.0,-1.2494143370295177,1790.0,114429.79
SCL.INE,20220427,648.2,675.8,642.5,663.4,648.2,24.2,3.7334156124652877,1812.0,117729.11
SCL.INE,20220428,640.6,695.0,633.3,646.8,663.4,-2.9,-0.43714199577931867,33.0,2183.58
SCL.INE,20220429,709.0,709.1,662.2,676.0,646.8,14.4,2.226345083487941,13.0,879.74
SCL.INE,20220505,690.0,698.8,686.6,693.1,676.0,26.2,3.8757396449704142,42571.0,2948514.64
SCL.INE,20220506,700.6,713.0,683.1,697.7,693.1,5.1,0.7358245563410762,197279.0,13755147.03
SCL.INE,20220509,701.5,716.4,692.3,702.7,697.7,5.5,0.7883044288376093,210305.0,14823797.55
SCL.INE,20220510,695.0,702.3,646.8,657.4,702.7,-47.4,-6.745410559271381,244782.0,16471830.4
SCL.INE,20220511,661.0,667.5,641.5,661.2,657.4,-11.7,-1.7797383632491632,230761.0,15132423.75
SCL.INE,20220512,664.0,688.6,663.1,678.7,661.2,23.0,3.4785238959467635,206364.0,14016089.94
SCL.INE,20220513,678.0,703.0,676.1,690.6,678.7,11.5,1.6944157949020182,171172.0,11814677.53
SCL.INE,20220516,706.9,716.7,696.5,702.5,690.6,12.3,1.7810599478714162,142445.0,10038297.81
SCL.INE,20220517,708.1,734.5,705.4,729.9,702.5,25.2,3.587188612099644,124835.0,8979600.61
SCL.INE,20220518,729.3,732.6,707.6,711.7,729.9,-7.6,-1.0412385258254555,95093.0,6875566.92
SCL.INE,20220519,715.7,718.9,687.0,702.0,711.7,-21.0,-2.950681466910215,44882.0,3146426.17
SCL.INE,20220520,675.2,716.0,668.2,703.0,702.0,2.0,0.2849002849002849,2230.0,155029.59
SCL.INE,20220523,706.6,714.7,697.2,709.7,703.0,14.6,2.076813655761024,325.0,22956.41
SCL.INE,20220524,706.0,706.4,689.2,697.1,709.7,-9.2,-1.2963223897421443,290.0,20183.17
SCL.INE,20220525,702.0,721.2,700.1,716.0,697.1,20.1,2.883373977908478,1269.0,89209.99
SCL.INE,20220526,716.0,723.5,709.0,723.5,716.0,20.6,2.8770949720670393,3393.0,242263.66
SCL.INE,20220527,723.5,774.1,721.8,731.3,723.5,17.3,2.3911541119557707,406.0,30075.96
SCL.INE,20220530,728.7,740.0,725.7,725.7,731.3,-15.0,-2.0511418022699304,18.0,1312.55
SCL.INE,20220531,732.6,815.5,651.9,763.2,725.7,34.1,4.69891139589362,235.0,17275.78
SCL.INE,20220601,758.5,763.5,725.1,734.9,763.2,-10.2,-1.3364779874213835,228051.0,16932065.68
SCL.INE,20220602,736.0,744.6,710.0,714.5,734.9,-27.9,-3.7964348891005577,203933.0,14889255.13
SCL.INE,20220606,756.1,757.8,743.0,750.2,714.5,20.1,2.813156053184045,52101.0,3905807.31
SCL.INE,20220607,744.9,755.6,741.2,753.9,750.2,4.3,0.5731804852039456,138492.0,10356675.39
SCL.INE,20220608,748.9,759.7,742.0,758.0,753.9,10.2,1.3529645841623557,156159.0,11760356.81
SCL.INE,20220609,762.8,783.4,757.2,770.1,758.0,17.0,2.242744063324538,164872.0,12695706.81
SCL.INE,20220610,770.0,775.9,761.2,767.9,770.1,-2.1,-0.2726918582002337,133797.0,10308615.26
SCL.INE,20220613,770.5,771.0,747.1,753.5,767.9,-16.9,-2.2008073967964576,199443.0,15099804.06
SCL.INE,20220614,757.0,778.3,748.2,774.8,753.5,17.8,2.3623092236230923,198833.0,15210684.62
SCL.INE,20220615,780.0,787.2,756.1,758.0,774.8,-6.9,-0.8905524006195148,180194.0,13937323.7
SCL.INE,20220616,757.9,760.3,740.8,745.4,758.0,-28.0,-3.6939313984168867,168045.0,12593177.29
SCL.INE,20220617,733.9,738.9,717.0,738.0,745.4,-11.3,-1.5159645827743495,146111.0,10667368.25
SCL.INE,20220620,733.9,733.9,688.0,691.5,738.0,-38.5,-5.2168021680216805,57754.0,4104221.45
SCL.INE,20220621,691.6,713.0,690.0,708.2,691.5,-2.4,-0.3470715835140998,1819.0,127560.45
SCL.INE,20220622,708.4,718.9,680.7,682.0,708.2,-19.2,-2.71109855972889,764.0,54392.82
SCL.INE,20220623,673.4,703.7,670.1,692.4,682.0,-19.5,-2.859237536656891,338.0,23108.79
SCL.INE,20220624,695.5,704.5,671.0,674.1,692.4,-9.5,-1.3720392836510689,6232.0,421557.27
SCL.INE,20220627,682.7,700.1,620.1,695.0,674.1,18.6,2.7592345349354694,3494.0,240397.1
SCL.INE,20220628,702.4,720.9,692.0,720.9,695.0,32.9,4.733812949640288,64.0,4538.97
SCL.INE,20220629,719.0,730.1,716.3,720.1,720.9,10.9,1.511998890276044,12.0,865.72
SCL.INE,20220630,736.4,736.4,720.0,720.0,720.1,-1.4,-0.1944174420219414,2.0,145.64
SCL.INE,20220701,722.1,724.1,693.9,696.6,720.0,-38.0,-5.277777777777778,242438.0,17102998.68
SCL.INE,20220704,716.4,719.2,702.8,716.9,696.6,11.5,1.6508756818834336,207050.0,14718759.71
SCL.INE,20220705,723.9,736.6,719.1,723.0,716.9,12.2,1.7017715162505231,138248.0,10051562.19
SCL.INE,20220706,714.4,714.7,658.1,676.0,723.0,-51.0,-7.053941908713693,377837.0,25610568.08
SCL.INE,20220707,673.8,673.8,631.7,642.3,676.0,-35.5,-5.2514792899408285,334908.0,21634045.8
SCL.INE,20220708,651.4,685.7,651.2,678.1,642.3,32.2,5.013233691421455,258762.0,17461669.41
SCL.INE,20220711,681.0,695.7,677.9,680.3,678.1,5.5,0.8110898097625718,244690.0,16787221.24
SCL.INE,20220712,669.6,689.3,667.7,677.4,680.3,-8.6,-1.264148169925033,208966.0,14201333.13
SCL.INE,20220713,663.8,667.4,639.6,658.5,677.4,-21.1,-3.1148509005019194,219653.0,14325545.03
SCL.INE,20220714,646.4,659.3,641.9,650.3,658.5,-1.8,-0.2733485193621868,189891.0,12354461.75
SCL.INE,20220715,647.3,655.9,621.0,648.0,650.3,-2.6,-0.399815469783177,202787.0,12935733.47
SCL.INE,20220718,665.0,683.1,655.3,683.0,648.0,45.2,6.9753086419753085,127407.0,8496475.73
SCL.INE,20220719,683.9,707.0,683.6,704.4,683.0,37.6,5.5051244509516835,33525.0,2336880.23
SCL.INE,20220720,691.8,714.1,688.0,706.0,704.4,9.0,1.2776831345826236,2933.0,206049.06
SCL.INE,20220721,701.4,715.8,699.3,704.2,706.0,1.7,0.24079320113314448,2497.0,176110.93
SCL.INE,20220722,690.2,705.5,685.4,705.5,704.2,0.3,0.04260153365521158,3172.0,221096.48
SCL.INE,20220725,692.9,710.0,684.9,684.9,705.5,-12.1,-1.715095676824947,503.0,34997.55
SCL.INE,20220726,700.1,730.0,676.4,676.6,684.9,-19.1,-2.7887282815009495,313.0,22024.32
SCL.INE,20220727,686.8,686.8,645.3,650.0,676.6,-53.6,-7.921962754951227,17.0,1123.18
SCL.INE,20220728,649.0,746.4,590.6,676.4,650.0,15.8,2.430769230769231,30.0,2085.43
SCL.INE,20220729,695.1,695.1,695.1,695.1,676.4,0.0,0.0,0.0,0.0
SCL.INE,20220801,695.7,711.7,687.3,692.1,695.1,9.9,1.4242555028053518,205426.0,14380746.68
SCL.INE,20220802,680.2,681.4,663.4,681.0,692.1,-19.0,-2.7452680248519,238704.0,16082693.65
SCL.INE,20220803,680.1,689.9,675.3,677.8,681.0,4.1,0.6020558002936857,203495.0,13859009.4
SCL.INE,20220804,692.8,692.8,655.0,657.7,677.8,-23.3,-3.4375922100914726,215806.0,14468206.18
SCL.INE,20220805,660.1,660.2,643.6,653.0,657.7,-17.4,-2.6455830925954076,155469.0,10116136.0
SCL.INE,20220808,646.0,668.3,642.3,665.2,653.0,14.6,2.2358346094946397,165875.0,10913776.5
SCL.INE,20220809,654.9,675.4,653.0,671.3,665.2,13.4,2.014431749849669,131645.0,8750406.17
SCL.INE,20220810,682.0,684.4,671.4,675.5,671.3,10.9,1.623715179502458,119188.0,8076170.45
SCL.INE,20220811,678.4,693.6,666.2,691.1,675.5,13.6,2.013323464100666,139603.0,9484111.64
SCL.INE,20220812,698.9,705.0,691.0,703.6,691.1,24.3,3.5161336998987123,92978.0,6489915.29
SCL.INE,20220815,696.6,700.7,691.0,697.2,703.6,-0.8,-0.11370096645821488,97031.0,6750957.48
SCL.INE,20220816,673.5,691.6,672.0,687.6,697.2,-8.1,-1.1617900172117037,72892.0,4978483.6
SCL.INE,20220817,693.3,698.6,684.0,693.4,687.6,10.5,1.5270506108202444,34854.0,2408760.28
SCL.INE,20220818,686.0,711.7,686.0,709.5,693.4,18.4,2.653591000865301,15749.0,1097847.85
SCL.INE,20220819,721.3,748.7,715.7,745.2,709.5,48.2,6.793516560958422,12523.0,909134.24
SCL.INE,20220822,744.1,758.0,736.9,740.3,745.2,14.4,1.932367149758454,1344.0,100625.08
SCL.INE,20220823,740.9,760.9,732.0,751.0,740.3,2.4,0.32419289477238955,334.0,24914.37
SCL.INE,20220824,758.7,783.3,758.7,770.1,751.0,24.2,3.22237017310253,381.0,29333.32
SCL.INE,20220825,780.6,801.2,779.8,788.8,770.1,18.9,2.4542267238021034,392.0,31020.77
SCL.INE,20220826,788.8,796.8,777.5,780.0,788.8,-11.3,-1.4325557809330631,4498.0,353632.36
SCL.INE,20220829,780.0,780.0,716.9,724.6,780.0,-61.5,-7.884615384615384,2117.0,164534.07
SCL.INE,20220830,733.0,734.0,733.0,733.6,724.6,-43.6,-6.0171128898702735,8.0,586.96
SCL.INE,20220831,721.2,721.2,720.6,720.6,733.6,-13.1,-1.7857142857142856,2.0,144.18
SCL.INE,20220901,701.8,714.4,695.4,698.9,720.6,-18.9,-2.622814321398834,148610.0,10493628.49
SCL.INE,20220902,694.1,702.0,688.8,695.4,698.9,-10.7,-1.5309772499642293,136414.0,9476797.87
SCL.INE,20220905,701.5,704.9,687.2,703.9,695.4,9.2,1.3229795800977855,135891.0,9457269.7
SCL.INE,20220906,709.7,715.4,699.0,703.5,703.9,7.6,1.0796988208552352,94958.0,6723520.13
SCL.INE,20220907,692.6,699.0,680.0,684.1,703.5,-23.9,-3.3972992181947403,120851.0,8335860.02
SCL.INE,20220908,686.8,686.8,663.1,664.9,684.1,-24.8,-3.625200994006724,132491.0,8948280.0
SCL.INE,20220909,665.7,675.0,661.1,672.0,664.9,-3.3,-0.4963152353737404,105443.0,7056597.41
SCL.INE,20220913,699.0,725.4,688.6,703.9,672.0,34.7,5.163690476190476,33978.0,2396128.82
SCL.INE,20220914,701.2,704.5,678.7,697.4,703.9,-7.8,-1.1081119477198464,3687.0,255091.81
SCL.INE,20220915,704.8,728.8,696.7,726.7,697.4,34.9,5.004301691998853,1897.0,137089.1
SCL.INE,20220916,722.8,722.8,708.0,713.8,726.7,-8.8,-1.2109536259804596,325.0,23181.89
SCL.INE,20220919,713.6,716.5,697.0,702.6,713.8,-10.6,-1.4850098066685347,507.0,35840.99
SCL.INE,20220920,692.3,771.0,650.8,706.0,702.6,-0.9,-0.12809564474807858,340.0,24540.45
SCL.INE,20220921,686.0,706.0,630.4,673.0,706.0,-48.7,-6.898016997167139,209.0,14389.02
SCL.INE,20220922,640.3,646.9,640.3,646.9,673.0,-41.5,-6.166419019316494,18.0,1160.51
SCL.INE,20220923,653.0,657.4,643.6,645.0,646.9,0.3,0.04637501932292472,75.0,4880.59
SCL.INE,20220926,640.4,641.3,607.1,610.3,645.0,-45.5,-7.054263565891474,174453.0,10913427.29
SCL.INE,20220927,616.3,623.3,602.3,608.8,610.3,-16.7,-2.736359167622481,146265.0,8965805.26
SCL.INE,20220928,610.8,620.5,605.0,608.5,608.8,-4.4,-0.7227332457293036,145423.0,8917319.09
SCL.INE,20220929,620.5,637.8,616.9,630.9,608.5,17.8,2.9252259654889072,128869.0,8082679.94
SCL.INE,20220930,636.1,638.0,626.0,634.4,630.9,7.2,1.1412268188302426,106564.0,6732545.45
SCL.INE,20221010,705.0,705.9,694.1,701.9,634.4,70.2,11.065573770491804,40685.0,2843632.7
SCL.INE,20221011,701.7,709.5,693.5,695.3,701.9,-3.6,-0.512893574583274,81258.0,5707676.18
SCL.INE,20221012,692.7,694.5,679.5,690.9,695.3,-11.5,-1.6539623184237022,76277.0,5252158.82
SCL.INE,20221013,685.7,689.5,679.6,685.3,690.9,-3.2,-0.4631639889998553,70499.0,4826334.56
SCL.INE,20221014,679.7,694.7,678.6,690.1,685.3,5.6,0.8171603677221655,63913.0,4395078.83
SCL.INE,20221017,681.6,683.2,672.9,675.9,690.1,-11.7,-1.6954064628314736,29072.0,1969939.98
SCL.INE,20221018,675.3,685.0,670.0,683.1,675.9,5.5,0.813729841692558,13072.0,886992.3
SCL.INE,20221019,679.5,679.9,656.0,660.4,683.1,-18.1,-2.6496852583809107,10433.0,695140.26
SCL.INE,20221020,661.1,677.3,657.9,672.7,660.4,6.5,0.984251968503937,2207.0,146671.03
SCL.INE,20221021,669.0,679.4,660.0,664.4,672.7,-0.1,-0.014865467518953469,646.0,43108.15
SCL.INE,20221024,666.6,681.3,663.4,666.3,664.4,-1.0,-0.15051173991571343,281.0,18876.81
SCL.INE,20221025,665.7,675.0,664.0,672.1,666.3,0.4,0.060033018159988,1079.0,72301.78
SCL.INE,20221026,672.1,673.9,663.0,664.2,672.1,-5.8,-0.8629668204136289,541.0,36280.93
SCL.INE,20221027,673.9,681.3,671.1,677.7,664.2,7.1,1.0689551339957843,120.0,8094.26
SCL.INE,20221028,689.3,689.3,680.0,683.1,677.7,8.6,1.2689980817470856,38.0,2597.71
SCL.INE,20221031,680.0,680.0,680.0,680.0,683.1,-3.6,-0.5270092226613966,1.0,68.0
SCL.INE,20221101,677.6,696.1,674.8,692.4,680.0,8.9,1.3088235294117647,123793.0,8476976.84
SCL.INE,20221102,696.8,703.1,690.2,698.5,692.4,13.8,1.9930675909878686,92078.0,6408838.35
SCL.INE,20221103,694.7,703.1,687.9,701.8,698.5,5.8,0.8303507516105941,100952.0,7031491.8
SCL.INE,20221104,698.4,711.9,693.5,710.5,701.8,14.0,1.9948703334283273,99869.0,6991227.99
SCL.INE,20221107,718.0,722.5,711.0,714.9,710.5,14.9,2.0971147079521466,85884.0,6149457.48
SCL.INE,20221108,718.0,721.5,712.1,714.7,714.9,-1.3,-0.1818436144915373,77253.0,5538240.6
SCL.INE,20221109,714.0,714.4,684.7,689.9,714.7,-26.9,-3.7638169861480337,104123.0,7301091.56
SCL.INE,20221110,683.9,688.0,666.8,670.7,689.9,-30.4,-4.406435715321061,91404.0,6206708.83
SCL.INE,20221111,668.1,681.7,667.8,677.2,670.7,-1.8,-0.26837632324437155,104577.0,7046625.28
SCL.INE,20221114,680.5,684.6,661.6,665.1,677.2,-8.7,-1.284701712935617,91876.0,6221344.49
SCL.INE,20221115,663.0,670.3,644.4,649.7,665.1,-27.4,-4.119681250939708,62488.0,4121895.81
SCL.INE,20221116,648.0,651.5,643.2,646.1,649.7,-13.5,-2.0778820994305063,28128.0,1819778.19
SCL.INE,20221117,649.8,649.8,626.5,631.4,646.1,-15.5,-2.399009441262962,13108.0,837717.93
SCL.INE,20221118,626.0,633.4,614.8,617.1,631.4,-21.9,-3.4684827367754196,8942.0,557927.77
SCL.INE,20221121,606.6,611.5,595.2,599.5,617.1,-24.4,-3.9539782855290877,982.0,59275.25
SCL.INE,20221122,602.3,602.3,576.0,593.9,599.5,-9.7,-1.6180150125104251,586.0,35153.73
SCL.INE,20221123,602.7,606.2,597.5,598.0,593.9,-1.8,-0.30308132682269745,2363.0,141293.61
SCL.INE,20221124,592.0,592.0,566.0,569.6,598.0,-28.3,-4.7324414715719065,803.0,47399.29
SCL.INE,20221125,567.0,582.4,567.0,569.2,569.6,-21.0,-3.686797752808989,30.0,1720.08
SCL.INE,20221128,573.3,573.3,537.0,544.5,569.2,-28.8,-5.059732958538299,50.0,2732.28
SCL.INE,20221129,537.9,576.0,537.9,568.3,544.5,21.9,4.022038567493113,30.0,1702.67
SCL.INE,20221130,567.5,567.5,567.5,567.5,568.3,0.0,0.0,0.0,0.0
SCL.INE,20221201,576.5,585.3,570.3,572.0,567.5,0.3,0.05286343612334801,125464.0,7270651.09
SCL.INE,20221202,579.5,586.4,566.0,572.5,572.0,-7.0,-1.2237762237762237,127198.0,7357614.5
SCL.INE,20221205,575.3,580.9,555.6,558.6,572.5,-19.8,-3.458515283842795,156328.0,8919370.01
SCL.INE,20221206,569.0,574.6,536.7,544.2,558.6,-26.3,-4.708199069101324,167076.0,9282535.97
SCL.INE,20221207,536.0,538.3,513.3,515.0,544.2,-40.5,-7.442116868798235,173994.0,9151701.64
SCL.INE,20221208,518.7,525.4,502.1,511.7,515.0,-14.2,-2.7572815533980584,176450.0,9062911.46
SCL.INE,20221209,518.6,519.0,495.6,501.0,511.7,-12.6,-2.462380300957592,163639.0,8291894.51
SCL.INE,20221212,501.8,508.7,495.0,499.3,501.0,-7.4,-1.4770459081836327,83837.0,4211000.53
SCL.INE,20221213,497.1,520.6,493.8,518.9,499.3,16.7,3.344682555577809,4536.0,229637.27
SCL.INE,20221214,518.4,526.6,515.2,521.3,518.9,15.1,2.910001927153594,3871.0,201125.45
SCL.INE,20221215,523.8,534.6,523.1,528.8,521.3,9.3,1.7840015346249762,1294.0,68420.11
SCL.INE,20221216,535.1,535.1,521.6,527.5,528.8,-1.2,-0.22692889561270801,830.0,44092.33
SCL.INE,20221219,521.6,531.8,511.5,524.2,527.5,-7.0,-1.3270142180094786,2646.0,139751.49
SCL.INE,20221220,524.2,535.2,522.0,526.8,524.2,-1.3,-0.24799694772987407,936.0,49372.61
SCL.INE,20221221,527.1,537.8,525.9,533.7,526.8,6.3,1.1958997722095672,603.0,31882.13
SCL.INE,20221222,541.4,543.2,537.7,538.1,533.7,9.4,1.7612891137343076,62.0,3355.19
SCL.INE,20221223,552.1,554.5,540.1,544.4,538.1,-4.0,-0.7433562534844824,127914.0,7006992.62
SCL.INE,20221226,549.8,566.0,549.4,559.4,544.4,11.7,2.1491550330639235,114702.0,6404195.41
SCL.INE,20221227,559.0,568.9,555.7,566.4,559.4,8.1,1.4479799785484448,63151.0,3557784.06
SCL.INE,20221228,564.4,571.6,559.6,559.7,566.4,-3.6,-0.6355932203389831,101256.0,5722094.56
SCL.INE,20221229,560.0,562.4,547.5,552.2,559.7,-12.9,-2.304806146149723,106694.0,5910486.39
SCL.INE,20221230,553.6,563.0,546.9,562.8,552.2,8.9,1.6117348786671495,104157.0,5758739.58
SCL.INE,20230103,568.2,571.5,563.3,567.1,562.8,14.3,2.5408670931058994,29554.0,1674695.74
SCL.INE,20230104,562.1,563.0,533.6,538.0,567.1,-28.6,-5.043202257097514,57189.0,3165991.68
SCL.INE,20230105,528.6,528.6,516.5,520.1,538.0,-33.5,-6.226765799256506,4860.0,254070.68
SCL.INE,20230106,521.0,532.1,516.3,527.5,520.1,4.8,0.9228994424149201,2542.0,133132.57
SCL.INE,20230109,524.6,531.7,520.8,525.8,527.5,2.1,0.3981042654028436,566.0,29714.86
SCL.INE,20230110,532.6,535.2,512.6,521.2,525.8,-3.7,-0.7036896158235072,940.0,49261.1
SCL.INE,20230111,523.2,525.0,513.8,519.6,521.2,-4.4,-0.844205679201842,667.0,34695.72
SCL.INE,20230112,524.0,538.0,520.9,525.9,519.6,5.8,1.1162432640492685,760.0,40051.76
SCL.INE,20230113,533.0,565.0,530.6,565.0,525.9,38.1,7.244723331431832,181.0,9684.28
SCL.INE,20230116,545.0,550.0,532.0,532.0,565.0,-3.0,-0.5309734513274336,4.0,215.9
SCL.INE,20230117,543.9,550.6,538.9,547.3,532.0,6.5,1.2218045112781954,92113.0,5013385.44
SCL.INE,20230118,553.0,566.1,552.9,563.5,547.3,19.3,3.526402338753883,107287.0,5995804.18
SCL.INE,20230119,568.2,568.2,544.1,549.3,563.5,-9.5,-1.6858917480035491,106186.0,5912025.38
SCL.INE,20230120,551.3,564.5,549.5,563.9,549.3,7.2,1.310759148006554,94337.0,5272733.4
SCL.INE,20230130,562.0,563.7,550.0,552.4,563.9,-6.5,-1.1526866465685406,29861.0,1657563.23
SCL.INE,20230131,554.9,557.0,539.6,540.5,552.4,-14.5,-2.6249094858797974,99683.0,5457038.96
SCL.INE,20230201,539.2,554.1,538.1,551.4,540.5,4.0,0.7400555041628123,81967.0,4481937.56
SCL.INE,20230202,551.5,553.7,531.7,534.2,551.4,-12.5,-2.266956837141821,108121.0,5863874.72
SCL.INE,20230203,531.7,538.8,525.3,531.9,534.2,-10.4,-1.9468363908648443,109377.0,5819228.26
SCL.INE,20230206,532.9,545.8,515.4,518.6,531.9,-13.4,-2.5192705395751083,147379.0,7801273.94
SCL.INE,20230207,522.0,532.9,513.8,530.3,518.6,1.0,0.19282684149633628,114848.0,6001123.51
SCL.INE,20230208,529.2,545.3,527.1,544.6,530.3,22.1,4.167452385442203,102360.0,5483771.57
SCL.INE,20230209,546.0,556.8,543.9,554.8,544.6,19.1,3.507161219243481,90676.0,4981912.93
SCL.INE,20230210,552.8,556.3,546.6,554.0,554.8,4.6,0.829127613554434,88306.0,4875839.67
SCL.INE,20230213,565.0,567.8,557.0,563.0,554.0,10.9,1.9675090252707583,66578.0,3745839.41
SCL.INE,20230214,565.2,573.8,561.3,571.5,563.0,8.9,1.580817051509769,20798.0,1176828.5
SCL.INE,20230215,569.6,573.8,558.8,567.0,571.5,1.2,0.2099737532808399,16377.0,928841.73
SCL.INE,20230216,567.4,598.3,562.8,583.3,567.0,16.2,2.857142857142857,6661.0,381512.97
SCL.INE,20230217,582.5,584.4,572.1,573.7,583.3,1.0,0.17143836790673753,340.0,19728.08
SCL.INE,20230220,565.0,565.0,548.5,553.7,573.7,-26.5,-4.619138922781942,1325.0,73380.99
SCL.INE,20230221,553.7,560.0,550.0,557.0,553.7,3.2,0.5779302871591114,224.0,12417.99
SCL.INE,20230222,556.3,568.3,555.1,555.1,557.0,0.8,0.1436265709156194,29.0,1621.91
SCL.INE,20230223,555.1,561.1,534.4,534.4,555.1,-24.8,-4.467663484056927,956.0,52362.18
SCL.INE,20230224,544.8,554.0,544.8,553.1,534.4,5.4,1.0104790419161678,76.0,4194.29
SCL.INE,20230227,548.0,567.0,547.5,552.0,553.1,0.2,0.03615982643283312,1889.0,104435.76
SCL.INE,20230228,536.4,545.1,534.0,542.0,552.0,-10.8,-1.956521739130435,7.0,378.01
SCL.INE,20230301,551.8,559.8,551.7,557.6,542.0,12.0,2.214022140221402,109882.0,6108338.83
SCL.INE,20230302,552.7,562.0,549.0,559.0,557.6,3.2,0.5738880918220948,135846.0,7532035.47
SCL.INE,20230303,562.0,569.6,561.0,568.3,559.0,13.9,2.486583184257603,99507.0,5629654.68
SCL.INE,20230306,568.1,575.2,555.3,570.6,568.3,4.9,0.8622206581031147,146804.0,8300399.85
SCL.INE,20230307,568.4,589.7,568.0,582.8,570.6,17.4,3.049421661409043,107012.0,6185279.07
SCL.INE,20230308,580.3,580.9,563.6,564.7,582.8,-13.2,-2.264927934111187,139643.0,8004691.2
SCL.INE,20230309,563.7,565.2,556.7,560.7,564.7,-12.5,-2.213564724632548,122333.0,6856575.23
SCL.INE,20230310,560.2,568.2,545.4,546.0,560.7,-14.4,-2.568218298555377,138167.0,7731481.11
SCL.INE,20230313,546.9,558.3,545.1,552.6,546.0,-6.9,-1.2637362637362637,151605.0,8356391.23
SCL.INE,20230314,522.3,544.8,522.2,529.5,552.6,-21.6,-3.908794788273616,155473.0,8315534.46
SCL.INE,20230315,528.5,536.6,517.5,522.6,529.5,-12.2,-2.3040604343720488,145248.0,7676703.1
SCL.INE,20230316,506.3,507.8,485.2,493.8,522.6,-34.7,-6.639877535399924,189747.0,9451730.57
SCL.INE,20230317,493.6,505.2,483.2,498.5,493.8,0.4,0.08100445524503848,133987.0,6618532.9
SCL.INE,20230320,494.3,498.7,476.2,476.6,498.5,-17.3,-3.4704112337011033,67443.0,3311797.69
SCL.INE,20230321,487.3,492.6,480.8,488.5,476.6,-2.5,-0.5245488879563576,18594.0,904234.89
SCL.INE,20230322,497.9,501.0,493.3,499.7,488.5,13.4,2.7430910951893552,1599.0,79582.28
SCL.INE,20230323,500.6,509.0,499.0,503.5,499.7,5.8,1.1606964178507104,1253.0,63051.81
SCL.INE,20230324,504.1,510.8,497.0,503.3,503.5,0.1,0.019860973187686197,140.0,7040.93
SCL.INE,20230327,494.4,504.7,487.0,504.7,503.3,1.8,0.35763957878005165,5763.0,286370.5
SCL.INE,20230328,505.6,527.5,505.6,517.8,504.7,20.9,4.141073905290272,675.0,34945.45
SCL.INE,20230329,515.5,531.6,510.4,525.0,517.8,7.3,1.409810737736578,677.0,35382.12
SCL.INE,20230330,524.1,525.0,516.4,521.5,525.0,-1.1,-0.20952380952380953,384.0,19877.65
SCL.INE,20230331,523.0,525.0,521.4,522.9,521.5,5.3,1.0162991371045063,16.0,837.88
SCL.INE,20230403,529.2,572.7,527.6,569.7,522.9,43.3,8.280742015681774,167785.0,9161475.18
SCL.INE,20230404,573.8,583.7,570.0,583.4,569.7,37.4,6.564858697560119,124834.0,7190551.27
SCL.INE,20230406,580.0,585.7,577.4,584.2,583.4,8.2,1.405553651011313,36231.0,2109852.42
SCL.INE,20230407,585.4,593.6,581.4,592.0,584.2,9.7,1.6603902773022934,102614.0,6015659.57
SCL.INE,20230410,592.0,595.3,585.3,587.9,592.0,1.7,0.2871621621621621,56966.0,3356291.86
SCL.INE,20230411,582.0,590.5,580.9,588.6,587.9,-0.5,-0.08504847763225039,84715.0,4965647.65
SCL.INE,20230412,585.0,596.3,583.8,593.8,588.6,7.7,1.308188922867822,81578.0,4817895.48
SCL.INE,20230413,596.9,606.5,594.4,601.0,593.8,10.5,1.7682721455035366,81029.0,4865008.18
SCL.INE,20230414,600.3,602.5,592.0,596.2,601.0,-4.2,-0.6988352745424293,63761.0,3812281.95
SCL.INE,20230417,596.9,602.8,592.4,601.3,596.2,3.4,0.5702784300570277,48270.0,2888252.67
SCL.INE,20230418,597.6,605.7,594.5,597.2,601.3,-1.1,-0.18293696989855318,20342.0,1215653.86
SCL.INE,20230419,593.7,597.0,581.0,583.7,597.2,-13.9,-2.327528466175486,1018.0,60345.26
SCL.INE,20230420,583.2,588.1,575.0,578.0,583.7,-14.7,-2.5184169950316937,601.0,34813.91
SCL.INE,20230421,577.4,577.4,557.9,565.0,578.0,-14.2,-2.4567474048442905,852.0,48690.18
SCL.INE,20230424,567.9,572.7,557.0,562.0,565.0,-9.4,-1.6637168141592922,2732.0,154290.55
SCL.INE,20230425,562.0,576.0,561.5,575.0,562.0,10.3,1.8327402135231319,157.0,8894.44
SCL.INE,20230426,574.1,574.1,545.0,556.5,575.0,-10.0,-1.7391304347826086,792.0,45389.7
SCL.INE,20230427,546.5,546.5,513.3,525.3,556.5,-47.8,-8.589398023360287,112.0,5936.82
SCL.INE,20230428,530.0,530.0,530.0,530.0,525.3,0.0,0.0,0.0,0.0
SCL.INE,20230504,488.0,499.2,488.0,496.9,530.0,-31.1,-5.867924528301887,55512.0,2745180.69
SCL.INE,20230505,494.0,497.8,485.3,495.1,496.9,0.6,0.12074864157778226,142289.0,6986875.6
SCL.INE,20230508,500.3,514.0,499.8,513.9,495.1,22.9,4.625328216521915,120938.0,6141615.49
SCL.INE,20230509,518.0,523.3,515.0,515.6,513.9,7.8,1.5178050204319906,91194.0,4732319.91
SCL.INE,20230510,516.0,524.5,508.4,519.4,515.6,0.5,0.0969743987587277,122016.0,6303910.57
SCL.INE,20230511,523.1,523.8,505.2,513.0,519.4,-3.6,-0.693107431651906,137300.0,7064457.83
SCL.INE,20230512,505.7,508.2,494.5,494.8,513.0,-19.7,-3.840155945419103,134633.0,6768873.83
SCL.INE,20230515,501.8,506.3,489.7,494.4,494.8,-8.3,-1.677445432497979,134845.0,6711842.89
SCL.INE,20230516,497.2,510.3,497.2,503.6,494.4,5.9,1.1933656957928802,82244.0,4149504.29
SCL.INE,20230517,505.6,511.2,496.9,498.0,503.6,-6.5,-1.2907069102462272,72466.0,3660762.52
SCL.INE,20230518,502.7,518.2,502.7,513.6,498.0,8.5,1.706827309236948,42369.0,2163861.62
SCL.INE,20230519,511.0,522.2,509.6,518.6,513.6,7.9,1.5381619937694704,22013.0,1132261.96
SCL.INE,20230522,524.9,528.6,503.1,503.5,518.6,-10.8,-2.082529888160432,4026.0,204968.95
SCL.INE,20230523,507.4,517.1,507.4,514.8,503.5,5.7,1.1320754716981134,778.0,40007.26
SCL.INE,20230524,520.0,528.0,518.2,526.5,514.8,12.3,2.3892773892773898,240.0,12581.12
SCL.INE,20230525,529.0,540.1,525.4,529.2,526.5,5.0,0.949667616334283,536.0,28423.87
SCL.INE,20230526,527.3,527.3,510.6,520.0,529.2,-10.2,-1.9274376417233556,85.0,4399.63
SCL.INE,20230529,523.3,531.0,523.3,529.6,520.0,12.0,2.307692307692308,1522.0,80308.81
SCL.INE,20230530,529.4,529.4,525.0,525.0,529.6,-2.6,-0.49093655589123864,1174.0,62146.83
SCL.INE,20230531,525.0,525.0,525.0,525.0,525.0,-4.3,-0.819047619047619,291.0,15277.5
SCL.INE,20230601,491.5,506.9,489.9,505.9,525.0,-3.5,-0.6666666666666667,143690.0,7198076.3
SCL.INE,20230602,502.8,518.8,497.8,518.3,505.9,17.4,3.439414904131251,141946.0,7231834.74
SCL.INE,20230605,523.2,530.0,517.9,527.8,518.3,18.4,3.5500675284584218,131353.0,6868888.78
SCL.INE,20230606,532.0,532.4,523.2,525.0,527.8,2.1,0.39787798408488073,131853.0,6961589.07
SCL.INE,20230607,521.8,528.3,518.2,523.7,525.0,-4.2,-0.8,124565.0,6524060.84
SCL.INE,20230608,531.0,537.2,527.8,535.6,523.7,11.9,2.2722932976895165,112048.0,5978437.42
SCL.INE,20230609,537.6,538.1,514.7,525.5,535.6,-8.0,-1.4936519790888723,174571.0,9194047.38
SCL.INE,20230612,529.8,533.4,513.8,514.5,525.5,-12.1,-2.3025689819219792,133293.0,7001992.29
SCL.INE,20230613,506.7,510.8,501.5,507.9,514.5,-17.4,-3.3819241982507284,119427.0,6048412.49
SCL.INE,20230614,515.0,524.7,514.0,524.4,507.9,18.0,3.5440047253396343,83262.0,4320538.02
SCL.INE,20230615,526.5,527.9,512.5,516.0,524.4,-2.9,-0.5530129672006102,87466.0,4541268.61
SCL.INE,20230616,518.7,531.1,517.6,529.5,516.0,10.3,1.9961240310077522,25652.0,1344539.57
SCL.INE,20230619,533.5,534.1,525.0,529.5,529.5,5.4,1.019830028328612,2325.0,123198.0
SCL.INE,20230620,532.8,538.1,530.6,533.9,529.5,4.1,0.7743153918791312,1993.0,106527.93
SCL.INE,20230621,533.3,554.4,526.6,550.2,533.9,15.7,2.940625585315602,2611.0,139763.54
SCL.INE,20230626,543.7,544.1,533.5,542.0,550.2,6.8,1.2359142130134495,611.0,32789.57
SCL.INE,20230627,540.5,546.5,537.8,542.2,542.0,5.6,1.0332103321033208,237.0,12817.34
SCL.INE,20230628,539.2,544.3,530.0,533.9,542.2,-6.9,-1.2725931390630763,3534.0,188616.61
SCL.INE,20230629,533.0,553.7,530.0,532.9,533.9,-0.8,-0.14984079415620905,72.0,3842.02
SCL.INE,20230630,532.9,586.8,532.9,538.5,532.9,4.9,0.9194970913867518,1331.0,70950.39
SCL.INE,20230703,549.6,555.5,547.4,550.6,538.5,5.8,1.0770659238625813,107109.0,5905700.58
SCL.INE,20230704,556.1,557.0,546.5,549.0,550.6,-2.3,-0.4177261169633127,128267.0,7080106.68
SCL.INE,20230705,553.7,556.6,551.1,553.0,549.0,1.1,0.20036429872495445,84514.0,4679932.93
SCL.INE,20230706,555.5,561.4,553.9,557.9,553.0,4.2,0.759493670886076,119658.0,6679846.28
SCL.INE,20230707,555.8,563.8,549.7,560.8,557.9,2.6,0.4660333393081198,144665.0,8028331.95
SCL.INE,20230710,560.0,570.6,555.7,567.2,560.8,12.3,2.1932952924393727,117165.0,6602319.82
SCL.INE,20230711,566.0,571.9,565.1,567.6,567.2,4.1,0.7228490832157968,102747.0,5845381.33
SCL.INE,20230712,568.6,578.3,568.0,574.3,567.6,5.4,0.9513742071881607,101488.0,5818439.97
SCL.INE,20230713,577.4,580.9,575.5,580.0,574.3,6.7,1.1666376458297059,100787.0,5829147.67
SCL.INE,20230714,578.4,591.5,576.3,586.5,580.0,8.2,1.4137931034482758,97919.0,5713359.57
SCL.INE,20230717,587.5,588.2,574.8,576.7,586.5,-6.7,-1.1423699914748509,75383.0,4382661.55
SCL.INE,20230718,575.9,581.4,573.6,576.2,576.7,-5.1,-0.8843419455522802,27315.0,1578155.72
SCL.INE,20230719,575.7,587.5,575.7,586.7,576.2,9.0,1.5619576535925024,17096.0,995746.2
SCL.INE,20230720,589.3,596.0,583.8,584.3,586.7,1.9,0.3238452360661326,1873.0,110682.75
SCL.INE,20230721,584.8,590.6,580.0,587.6,584.3,-3.3,-0.5647783672770837,350.0,20478.01
SCL.INE,20230724,587.9,596.3,585.5,587.6,587.6,2.6,0.4424778761061947,177.0,10388.73
SCL.INE,20230725,592.2,601.0,590.6,599.3,587.6,12.4,2.110279101429544,1773.0,106156.51
SCL.INE,20230726,598.4,614.7,591.9,614.1,599.3,15.4,2.5696646087101622,405.0,24424.24
SCL.INE,20230727,601.7,616.9,599.8,602.9,614.1,-0.1,-0.016283992835043153,48.0,2906.67
SCL.INE,20230728,597.6,599.4,590.1,598.5,602.9,-7.0,-1.1610549013103333,10.0,597.16
SCL.INE,20230731,597.1,597.1,597.1,597.1,598.5,0.0,0.0,0.0,0.0
SCL.INE,20230801,614.6,621.3,613.8,619.5,597.1,12.3,2.059956456204991,136310.0,8416884.92
SCL.INE,20230802,618.0,627.6,615.6,625.0,619.5,7.6,1.2267958030669894,149918.0,9299773.55
SCL.INE,20230803,623.9,624.1,605.4,605.5,625.0,-14.8,-2.368,195465.0,11974815.53
SCL.INE,20230804,612.0,624.2,610.5,622.1,605.5,9.5,1.568951279933939,159999.0,9871785.58
SCL.INE,20230807,623.2,632.2,620.1,628.7,622.1,11.8,1.8968011573701977,146580.0,9179473.03
SCL.INE,20230808,625.8,628.5,621.1,621.4,628.7,-4.8,-0.7634801972323843,121618.0,7603213.43
SCL.INE,20230809,614.6,633.8,614.6,631.3,621.4,6.2,0.9977470228516255,155098.0,9682138.0
SCL.INE,20230810,636.6,642.8,633.2,640.2,631.3,16.0,2.534452716616506,151699.0,9673998.65
SCL.INE,20230811,637.8,642.6,635.0,642.2,640.2,4.5,0.7029053420805997,140374.0,8971029.06
SCL.INE,20230814,647.4,673.6,644.0,656.7,642.2,17.7,2.7561507318592335,211907.0,13935708.52
SCL.INE,20230815,655.9,665.7,651.9,662.9,656.7,5.3,0.8070656311862341,131681.0,8672130.86
SCL.INE,20230816,656.0,661.2,652.4,654.2,662.9,-4.3,-0.64866495700709,103464.0,6789022.23
SCL.INE,20230817,658.0,661.0,649.2,654.4,654.2,-1.7,-0.2598593702231733,81869.0,5374638.84
SCL.INE,20230818,656.5,661.0,655.5,657.8,654.4,1.4,0.2139364303178484,25275.0,1663827.66
SCL.INE,20230821,652.0,682.9,652.0,677.8,657.8,19.6,2.9796290665855887,30246.0,2019225.6
SCL.INE,20230822,679.0,679.9,666.3,670.4,677.8,2.8,0.41310120979640014,1640.0,110352.08
SCL.INE,20230823,670.4,672.0,661.2,663.3,670.4,-9.5,-1.4170644391408116,930.0,62061.89
SCL.INE,20230824,659.5,686.5,656.0,677.1,663.3,9.8,1.4774611789537164,2701.0,181936.07
SCL.INE,20230825,677.1,687.0,674.0,687.0,677.1,13.5,1.9937970757642889,780.0,52947.67
SCL.INE,20230828,689.9,703.9,682.5,686.0,687.0,7.2,1.0480349344978166,711.0,49152.06
SCL.INE,20230829,686.0,686.0,636.0,636.0,686.0,-55.3,-8.061224489795919,13.0,856.64
SCL.INE,20230830,628.2,635.0,619.5,635.0,636.0,-23.9,-3.7578616352201255,41.0,2556.32
SCL.INE,20230831,637.0,637.0,637.0,637.0,635.0,13.6,2.1417322834645667,4.0,254.8
SCL.INE,20230901,649.6,655.5,644.1,654.1,637.0,10.5,1.6483516483516485,133193.0,8640757.36
SCL.INE,20230904,659.6,671.9,657.6,664.8,654.1,16.1,2.4613973398562914,150426.0,10009664.29
SCL.INE,20230905,664.7,672.4,662.4,670.2,664.8,4.8,0.7220216606498195,86878.0,5804389.01
SCL.INE,20230906,669.3,696.7,668.6,686.6,670.2,18.5,2.7603700387943895,164841.0,11349085.18
SCL.INE,20230907,686.0,698.8,682.4,691.7,686.6,3.3,0.4806291872997378,142437.0,9827102.49
SCL.INE,20230908,691.6,700.8,687.2,690.6,691.7,0.7,0.10119994217146161,148294.0,10303310.23
SCL.INE,20230911,697.3,703.2,685.4,686.4,690.6,-8.3,-1.2018534607587605,168966.0,11762369.98
SCL.INE,20230912,688.0,699.3,687.5,696.4,686.4,0.3,0.043706293706293704,126270.0,8783760.58
SCL.INE,20230913,702.2,712.5,702.2,707.9,696.4,12.3,1.766226306720276,97029.0,6868545.79
SCL.INE,20230914,708.5,730.0,704.0,728.3,707.9,20.5,2.895889249894053,162649.0,11665641.37
SCL.INE,20230915,735.0,758.0,730.4,735.8,728.3,18.6,2.5538926266648363,112222.0,8266046.29
SCL.INE,20230918,733.0,750.2,721.2,743.7,735.8,7.2,0.9785267735797772,51228.0,3744419.52
SCL.INE,20230919,743.2,747.1,730.1,733.4,743.7,2.5,0.336157052574963,4242.0,312279.84
SCL.INE,20230920,737.0,741.8,712.1,718.4,733.4,-17.7,-2.413416962094355,1411.0,102406.07
SCL.INE,20230921,718.4,732.5,715.1,722.0,718.4,-3.7,-0.5150334075723831,240.0,17379.96
SCL.INE,20230922,724.3,746.5,724.3,736.0,722.0,11.9,1.6481994459833795,1180.0,85803.3
SCL.INE,20230925,736.0,742.0,725.0,730.0,736.0,2.9,0.39402173913043476,428.0,31404.14
SCL.INE,20230926,715.0,715.0,715.0,715.0,730.0,-18.7,-2.561643835616438,1.0,71.5
SCL.INE,20230927,682.8,698.0,682.8,696.7,715.0,-18.3,-2.5594405594405596,22.0,1518.86
SCL.INE,20230928,697.7,714.3,628.0,714.3,696.7,24.0,3.444811253050093,36.0,2481.33
SCL.INE,20231009,668.5,689.0,653.0,656.8,714.3,-56.4,-7.895842083158337,71343.0,4756150.36
SCL.INE,20231010,658.1,665.5,654.4,657.2,656.8,-9.4,-1.4311814859926921,127900.0,8448799.58
SCL.INE,20231011,659.9,663.1,651.5,662.4,657.2,1.9,0.2891052951917224,128909.0,8461763.22
SCL.INE,20231012,653.7,660.7,643.9,648.4,662.4,-8.0,-1.2077294685990339,152574.0,9940627.78
SCL.INE,20231013,658.0,660.7,645.1,656.7,648.4,5.2,0.8019740900678594,149938.0,9793848.21
SCL.INE,20231016,677.3,689.3,666.8,678.3,656.7,25.2,3.837368661489264,130556.0,8813577.92
SCL.INE,20231017,682.8,682.8,668.4,674.2,678.3,-0.8,-0.1179419136075483,98748.0,6669338.31
SCL.INE,20231018,674.5,694.0,670.5,688.1,674.2,12.8,1.8985464253930586,93053.0,6320461.42
SCL.INE,20231019,688.0,694.5,684.0,686.7,688.1,7.5,1.0899578549629414,29179.0,2010733.57
SCL.INE,20231020,686.0,703.6,680.1,699.4,686.7,10.3,1.4999271880005824,1741.0,120850.09
SCL.INE,20231023,700.1,702.9,687.1,689.2,699.4,-4.9,-0.7006005147269089,1176.0,82090.04
SCL.INE,20231024,690.9,691.2,674.1,679.9,689.2,-18.1,-2.626233313987232,1080.0,73733.72
SCL.INE,20231025,679.9,679.9,663.0,663.0,679.9,-19.7,-2.8974849242535665,1961.0,133271.39
SCL.INE,20231026,665.0,718.0,659.8,668.3,663.0,-11.3,-1.704374057315234,274.0,18613.76
SCL.INE,20231027,668.3,671.7,661.8,671.7,668.3,-7.6,-1.1372138261259914,1444.0,96500.23
SCL.INE,20231030,669.0,697.6,660.1,683.0,671.7,14.8,2.203364597290457,19.0,1277.39
SCL.INE,20231031,672.3,672.3,672.3,672.3,683.0,0.0,0.0,0.0,0.0
SCL.INE,20231101,652.7,659.1,644.3,646.5,672.3,-9.9,-1.4725568942436413,211653.0,13799245.88
SCL.INE,20231102,655.5,657.6,641.5,649.0,646.5,-2.9,-0.448569218870843,195596.0,12736014.52
SCL.INE,20231103,647.8,658.6,641.6,656.8,649.0,5.7,0.8782742681047766,202328.0,13178783.13
SCL.INE,20231106,660.1,661.0,641.0,645.8,656.8,-5.5,-0.8373934226552984,234050.0,15208840.93
SCL.INE,20231107,647.0,650.0,621.9,623.0,645.8,-26.8,-4.149891607308764,229782.0,14684415.08
SCL.INE,20231108,618.8,621.2,601.9,607.9,623.0,-31.1,-4.991974317817014,205105.0,12558902.42
SCL.INE,20231109,600.0,605.2,588.6,594.6,607.9,-17.7,-2.911663102483961,238260.0,14249350.66
SCL.INE,20231110,596.4,604.6,592.1,596.6,594.6,-1.4,-0.23545240497813655,182139.0,10884082.24
SCL.INE,20231113,599.9,607.4,590.5,594.7,596.6,-2.8,-0.4693261816962789,168206.0,10096989.8
SCL.INE,20231114,599.0,607.8,596.8,604.7,594.7,4.5,0.7566840423743063,126735.0,7627866.92
SCL.INE,20231115,601.9,611.1,597.8,603.1,604.7,1.3,0.2149826360178601,131730.0,7964709.69
SCL.INE,20231116,600.0,601.0,582.7,588.6,603.1,-16.0,-2.652959708174432,136726.0,8097740.34
SCL.INE,20231117,586.1,590.0,556.4,562.2,588.6,-30.0,-5.09683995922528,146098.0,8362190.13
SCL.INE,20231120,567.5,584.1,565.2,582.0,562.2,9.7,1.7253646389185342,33568.0,1926660.41
SCL.INE,20231121,586.5,590.7,581.4,585.5,582.0,11.6,1.9931271477663228,1958.0,114897.2
SCL.INE,20231122,585.5,593.6,585.2,588.8,585.5,2.0,0.3415883859948762,1801.0,105681.97
SCL.INE,20231123,580.9,582.8,557.6,574.6,588.8,-12.1,-2.0550271739130435,554.0,31937.06
SCL.INE,20231124,575.1,580.3,572.3,578.7,574.6,2.3,0.40027845457709704,2245.0,129902.5
SCL.INE,20231127,578.7,581.5,566.3,566.3,578.7,-12.3,-2.1254536029030584,687.0,39692.31
SCL.INE,20231128,566.3,572.1,561.1,566.5,566.3,-11.2,-1.977750309023486,997.0,56568.21
SCL.INE,20231129,566.7,574.6,565.0,571.6,566.5,4.3,0.7590467784642542,673.0,38185.64
SCL.INE,20231130,568.0,575.0,568.0,575.0,571.6,7.7,1.3470958712386283,351.0,19937.5
SCL.INE,20231201,592.0,598.8,566.1,569.7,575.0,-13.3,-2.31304347826087,320463.0,18714150.13
SCL.INE,20231204,571.9,579.4,549.2,553.2,569.7,-30.7,-5.388801123398279,252933.0,14386540.02
SCL.INE,20231205,552.7,565.1,550.3,555.1,553.2,-13.6,-2.4584237165582064,232423.0,12954374.84
SCL.INE,20231206,554.0,562.3,546.6,554.1,555.1,-3.2,-0.5764727076202486,241029.0,13381805.96
SCL.INE,20231207,549.3,549.4,529.6,535.4,554.1,-19.7,-3.555314925103772,206736.0,11148291.46
SCL.INE,20231208,536.6,558.4,536.3,548.5,535.4,9.3,1.7370190511766903,255579.0,13957120.42
SCL.INE,20231211,549.7,556.5,546.0,556.1,548.5,10.1,1.8413855970829536,173966.0,9582855.87
SCL.INE,20231212,551.8,555.6,543.5,554.6,556.1,3.8,0.6833303362704549,162622.0,8943253.05
SCL.INE,20231213,548.0,548.1,519.7,521.1,554.6,-28.8,-5.192931842769564,181224.0,9669644.44
SCL.INE,20231214,527.0,534.3,524.5,529.6,521.1,-3.9,-0.7484168105929764,130888.0,6924895.81
SCL.INE,20231215,537.0,547.4,536.3,543.9,529.6,14.9,2.8134441087613293,74458.0,4034508.05
SCL.INE,20231218,545.2,548.0,534.0,547.4,543.9,5.6,1.0296010296010296,39190.0,2123827.97
SCL.INE,20231219,546.8,561.0,546.7,551.0,547.4,9.1,1.6624040920716114,19213.0,1064613.17
SCL.INE,20231220,549.8,558.7,548.5,558.4,551.0,4.3,0.7803992740471869,895.0,49703.82
SCL.INE,20231221,562.1,565.8,551.1,559.7,558.4,4.4,0.7879656160458455,4180.0,234236.62
SCL.INE,20231222,553.8,563.8,546.7,560.4,559.7,0.1,0.017866714311238163,419.0,23281.62
SCL.INE,20231225,560.8,563.2,533.2,548.7,560.4,-6.9,-1.2312633832976447,282.0,15419.19
SCL.INE,20231226,548.7,555.8,548.7,553.3,548.7,6.6,1.2028430836522688,2095.0,115861.92
SCL.INE,20231227,553.5,568.5,553.5,568.0,553.3,15.0,2.7110066871498284,1589.0,88043.21
SCL.INE,20231228,568.0,568.0,542.9,558.8,568.0,4.8,0.8450704225352111,521.0,29553.05
SCL.INE,20231229,558.8,558.8,518.0,518.8,558.8,-48.4,-8.661417322834646,148.0,8170.61
SCL.INE,20240102,544.0,556.5,544.0,555.7,518.8,3.2,0.6168080185042406,52295.0,2893616.83
SCL.INE,20240103,557.0,562.0,535.6,538.6,555.7,-14.7,-2.6453122188231055,201192.0,11036151.96
SCL.INE,20240104,543.8,561.4,540.3,560.1,538.6,11.6,2.1537318975120683,189938.0,10491566.34
SCL.INE,20240105,560.7,561.7,543.4,552.7,560.1,0.4,0.07141581860382075,216914.0,11998960.3
SCL.INE,20240108,554.4,562.7,549.2,550.2,552.7,-2.9,-0.5246969422833363,205014.0,11432805.73
SCL.INE,20240109,543.4,544.1,533.5,540.0,550.2,-17.6,-3.198836786623046,195187.0,10513707.09
SCL.INE,20240110,552.9,558.3,546.4,558.1,540.0,19.5,3.6111111111111107,195172.0,10778194.64
SCL.INE,20240111,561.6,566.0,553.0,556.7,558.1,4.5,0.806307113420534,181825.0,10186898.24
SCL.INE,20240112,564.2,576.5,558.0,570.0,556.7,9.8,1.7603736303215374,186632.0,10549572.67
SCL.INE,20240115,577.9,579.1,553.9,555.6,570.0,-9.6,-1.6842105263157894,194804.0,11009269.62
SCL.INE,20240116,546.0,556.9,544.6,556.1,555.6,-9.0,-1.6198704103671704,120611.0,6663217.84
SCL.INE,20240117,560.0,563.6,549.8,552.5,556.1,0.1,0.01798237727027513,128959.0,7167134.95
SCL.INE,20240118,545.8,556.6,543.9,555.8,552.5,0.1,0.018099547511312215,101839.0,5591637.01
SCL.INE,20240119,549.5,562.2,547.4,561.6,555.8,12.6,2.267002518891688,34250.0,1903062.68
SCL.INE,20240122,560.9,563.9,552.5,555.6,561.6,0.0,0.0,2325.0,129695.67
SCL.INE,20240123,557.1,568.0,557.1,565.7,555.6,7.9,1.4218862491000719,1126.0,63337.89
SCL.INE,20240124,563.3,566.9,557.1,563.6,565.7,1.1,0.1944493547816864,2572.0,144704.31
SCL.INE,20240125,562.0,574.8,561.6,567.5,563.6,4.9,0.8694109297374025,3324.0,187943.4
SCL.INE,20240126,568.0,585.4,568.0,583.2,567.5,17.8,3.1365638766519828,2652.0,151275.3
SCL.INE,20240129,583.2,594.0,582.0,591.0,583.2,20.6,3.5322359396433467,1027.0,60001.01
SCL.INE,20240130,584.0,584.0,580.5,580.5,591.0,-3.7,-0.6260575296108292,4.0,232.87
SCL.INE,20240131,582.8,582.8,549.2,579.7,580.5,-2.4,-0.4134366925064599,3.0,171.17
SCL.INE,20240201,581.0,585.3,574.8,575.7,579.7,-7.4,-1.2765223391409348,265894.0,15407784.18
SCL.INE,20240202,578.1,582.2,560.7,562.7,575.7,-16.7,-2.900816397429216,288726.0,16578595.68
SCL.INE,20240205,560.0,561.2,552.7,556.1,562.7,-18.0,-3.198862626621645,231735.0,12893332.51
SCL.INE,20240206,554.4,560.3,551.4,559.5,556.1,3.2,0.5754360726488041,175535.0,9751389.76
SCL.INE,20240207,562.3,565.2,557.2,561.8,559.5,6.3,1.1260053619302948,141099.0,7929288.16
SCL.INE,20240208,564.9,572.8,563.4,572.4,561.8,10.5,1.8689925240299041,108100.0,6121487.06
SCL.INE,20240219,589.8,597.0,589.8,595.0,572.4,28.8,5.031446540880504,16436.0,977147.15
SCL.INE,20240220,595.9,600.5,595.9,598.2,595.0,3.7,0.6218487394957983,2810.0,168073.99
SCL.INE,20240221,592.0,598.0,588.2,589.3,598.2,-8.8,-1.4710799063858242,1784.0,105742.53
SCL.INE,20240222,590.9,597.4,588.5,595.7,589.3,3.0,0.509078567792296,437.0,25927.64
SCL.INE,20240223,593.0,604.8,592.1,598.3,595.7,5.0,0.8393486654356219,425.0,25284.72
SCL.INE,20240226,593.2,623.4,588.0,589.3,598.3,-5.6,-0.9359852916597026,1525.0,90344.82
SCL.INE,20240227,589.3,605.5,589.3,605.5,589.3,13.1,2.2229764126930256,760.0,44845.22
SCL.INE,20240228,612.0,612.0,612.0,612.0,605.5,22.0,3.633360858794385,1.0,61.2
SCL.INE,20240229,612.0,612.0,612.0,612.0,612.0,0.0,0.0,0.0,0.0
SCL.INE,20240301,607.0,610.8,603.4,606.1,612.0,-3.0,-0.49019607843137253,170151.0,10322245.3
SCL.INE,20240304,614.6,626.2,611.9,619.0,606.1,12.4,2.045867018643788,173407.0,10705665.75
SCL.INE,20240305,618.1,621.6,609.8,610.2,619.0,-7.1,-1.147011308562197,139706.0,8611538.69
SCL.INE,20240306,608.0,613.6,603.5,609.2,610.2,-7.2,-1.1799410029498525,201624.0,12280176.16
SCL.INE,20240307,611.2,619.2,611.0,613.3,609.2,4.3,0.7058437294812868,146011.0,8971284.95
SCL.INE,20240308,611.0,618.0,608.2,617.8,613.3,3.4,0.5543779553236589,162914.0,9970196.16
SCL.INE,20240311,610.6,615.4,604.0,608.4,617.8,-3.5,-0.5665263839430237,187380.0,11452108.35
SCL.INE,20240312,609.3,622.7,607.4,621.6,608.4,10.5,1.725838264299803,156148.0,9588215.19
SCL.INE,20240313,618.6,623.4,618.0,622.2,621.6,8.2,1.319176319176319,133597.0,8293216.84
SCL.INE,20240314,631.6,634.3,625.6,631.9,622.2,11.2,1.800064288010286,106412.0,6700753.57
SCL.INE,20240315,636.8,655.7,634.8,644.6,631.9,15.0,2.3737933217281215,133847.0,8644651.21
SCL.INE,20240318,642.8,644.2,630.6,631.7,644.6,-14.1,-2.1874030406453615,100305.0,6387950.25
SCL.INE,20240319,630.3,637.0,626.1,634.5,631.7,-2.3,-0.364096881431059,40683.0,2568186.58
SCL.INE,20240320,630.0,639.2,630.0,635.9,634.5,4.7,0.7407407407407408,4013.0,255279.79
SCL.INE,20240321,627.7,633.7,627.3,632.9,635.9,-3.2,-0.5032237773234786,1041.0,65707.5
SCL.INE,20240322,629.8,629.8,623.0,625.4,632.9,-5.7,-0.9006162110917997,2629.0,165454.85
SCL.INE,20240325,629.5,634.7,628.8,629.7,625.4,0.4,0.06395906619763352,598.0,37740.15
SCL.INE,20240326,629.7,640.4,629.7,635.1,629.7,4.0,0.6352231221216452,1456.0,91985.91
SCL.INE,20240327,635.1,635.8,625.0,627.7,635.1,-4.0,-0.629822075263738,932.0,58805.32
SCL.INE,20240328,629.8,637.0,629.6,633.0,627.7,2.1,0.3345547235940736,19.0,1203.82
SCL.INE,20240329,635.7,635.7,635.7,635.7,633.0,2.2,0.3475513428120064,3.0,190.71
SCL.INE,20240401,645.3,647.5,641.8,645.9,635.7,3.3,0.5191127890514392,51715.0,3334755.22
SCL.INE,20240402,644.9,651.7,640.6,650.3,645.9,5.5,0.8515250038705683,118681.0,7667543.33
SCL.INE,20240403,655.0,660.9,650.6,660.9,650.3,14.9,2.291250192218976,121407.0,7955591.44
SCL.INE,20240408,660.0,666.4,650.3,660.7,660.9,5.5,0.8321985171735512,57050.0,3757281.02
SCL.INE,20240409,664.0,671.9,659.4,667.3,660.7,8.8,1.3319206901770848,139015.0,9254153.16
SCL.INE,20240410,665.2,668.7,658.1,662.5,667.3,-3.1,-0.4645586692641991,103232.0,6846578.04
SCL.INE,20240411,664.7,673.0,658.4,668.5,662.5,5.3,0.8,128709.0,8556011.26
SCL.INE,20240412,664.0,673.5,662.8,669.7,668.5,5.0,0.7479431563201197,100655.0,6714472.54
SCL.INE,20240415,675.6,682.8,660.8,663.5,669.7,-3.5,-0.5226220695833955,99235.0,6673381.07
SCL.INE,20240416,661.6,671.0,656.5,667.4,663.5,-5.0,-0.7535795026375283,64860.0,4296205.13
SCL.INE,20240417,660.9,669.1,660.9,663.9,667.4,1.6,0.23973629008091102,25739.0,1712335.96
SCL.INE,20240418,659.9,663.5,643.2,644.2,663.9,-21.0,-3.1631269769543606,16699.0,1090488.57
SCL.INE,20240419,645.9,671.7,641.7,652.5,644.2,-0.5,-0.07761564731449859,1425.0,93439.39
SCL.INE,20240422,643.1,647.7,635.3,635.3,652.5,-20.4,-3.126436781609195,545.0,34992.02
SCL.INE,20240423,636.6,643.8,634.1,643.0,635.3,1.0,0.15740594994490795,2065.0,131479.15
SCL.INE,20240424,639.9,654.0,634.3,653.5,643.0,16.8,2.6127527216174182,5042.0,327245.62
SCL.INE,20240425,652.9,660.7,648.1,650.5,653.5,1.5,0.22953328232593728,447.0,29165.76
SCL.INE,20240426,650.4,653.8,641.1,651.5,650.5,-0.9,-0.13835511145272866,39.0,2528.67
SCL.INE,20240429,651.9,651.9,641.1,646.1,651.5,-2.2,-0.3376822716807368,10.0,645.09
SCL.INE,20240430,645.0,645.0,645.0,645.0,646.1,0.0,0.0,0.0,0.0
SCL.INE,20240506,615.9,619.9,611.0,619.4,645.0,-27.5,-4.263565891472868,39482.0,2432613.45
SCL.INE,20240507,618.3,620.8,612.7,617.8,619.4,1.7,0.27445915402001936,84887.0,5241058.35
SCL.INE,20240508,613.3,620.9,610.5,611.3,617.8,-6.1,-0.987374554872127,89447.0,5502053.59
SCL.INE,20240509,611.1,618.5,609.5,617.0,611.3,1.9,0.3108130214297399,78027.0,4797641.18
SCL.INE,20240510,618.8,624.8,615.6,624.6,617.0,9.8,1.588330632090762,77658.0,4809645.23
SCL.INE,20240513,623.3,623.7,608.7,615.0,624.6,-4.3,-0.6884406019852706,77421.0,4775240.98
SCL.INE,20240514,618.5,620.9,615.8,618.0,615.0,1.3,0.21138211382113822,55329.0,3421592.91
SCL.INE,20240515,613.9,617.4,609.4,614.4,618.0,-4.0,-0.6472491909385114,85621.0,5247470.27
SCL.INE,20240516,610.0,615.7,600.8,614.7,614.4,1.9,0.30924479166666663,77713.0,4723796.6
SCL.INE,20240517,616.0,620.5,613.0,620.5,614.7,12.7,2.0660484789328124,49670.0,3062429.41
SCL.INE,20240520,621.5,623.4,615.3,622.2,620.5,5.7,0.9186140209508462,24657.0,1526851.08
SCL.INE,20240521,617.7,622.6,608.2,609.8,622.2,-9.4,-1.5107682417229187,9509.0,586304.07
SCL.INE,20240522,607.4,614.5,601.7,602.7,609.8,-13.8,-2.2630370613315844,566.0,34424.18
SCL.INE,20240523,602.0,606.0,594.5,599.3,602.7,-8.9,-1.4766882362701177,152.0,9137.14
SCL.INE,20240524,604.1,607.9,595.4,597.0,599.3,-4.1,-0.6841314867345236,495.0,29866.59
SCL.INE,20240527,597.0,604.7,597.0,604.0,597.0,0.7,0.11725293132328309,1116.0,66692.69
SCL.INE,20240528,606.0,610.1,605.9,608.0,604.0,10.4,1.7218543046357615,977.0,59454.08
SCL.INE,20240529,608.6,618.7,608.6,617.3,608.0,8.8,1.4473684210526316,540.0,32897.44
SCL.INE,20240530,617.3,617.3,608.3,608.3,617.3,-0.9,-0.14579620929855824,1066.0,65770.4
SCL.INE,20240531,590.7,599.9,590.7,599.9,608.3,-17.0,-2.7946736807496304,113.0,6759.61
SCL.INE,20240603,607.5,607.8,592.5,595.8,599.9,-11.5,-1.9169861643607269,114993.0,6897226.37
SCL.INE,20240604,595.5,596.5,571.0,571.9,595.8,-27.8,-4.665995300436389,146495.0,8515516.98
SCL.INE,20240605,570.3,573.3,566.5,570.3,571.9,-10.9,-1.9059276097219795,108397.0,6179600.84
SCL.INE,20240606,574.5,579.3,568.7,577.0,570.3,7.0,1.227424162721375,100383.0,5762451.3
SCL.INE,20240607,574.8,587.7,574.4,583.9,577.0,9.9,1.7157712305025996,90439.0,5263931.89
SCL.INE,20240611,598.8,599.0,595.1,597.6,583.9,15.6,2.671690357938003,31686.0,1892973.69
SCL.INE,20240612,597.8,606.4,595.9,605.3,597.6,7.9,1.321954484605087,78555.0,4722478.07
SCL.INE,20240613,610.4,611.1,601.9,604.5,605.3,3.4,0.5617049396993227,82978.0,5028779.44
SCL.INE,20240614,604.9,610.6,601.7,602.8,604.5,-3.2,-0.5293631100082713,78949.0,4788719.72
SCL.INE,20240617,610.0,611.0,600.5,602.0,602.8,-4.5,-0.7465162574651627,70459.0,4269015.41
SCL.INE,20240618,606.1,617.9,604.7,613.5,602.0,7.7,1.2790697674418605,34099.0,2085296.08
SCL.INE,20240619,610.6,627.4,610.6,619.2,613.5,7.7,1.2550937245313774,3288.0,203797.97
SCL.INE,20240620,622.5,626.7,619.1,622.8,619.2,3.0,0.4844961240310077,633.0,39433.97
SCL.INE,20240621,624.2,628.5,623.8,624.1,622.8,1.2,0.1926782273603083,4090.0,255376.72
SCL.INE,20240624,626.4,630.0,621.9,623.5,624.1,-0.8,-0.12818458580355713,288.0,17985.56
SCL.INE,20240625,624.5,629.7,620.1,625.7,623.5,1.3,0.20850040096230954,137.0,8560.51
SCL.INE,20240626,625.7,644.9,616.0,625.2,625.7,0.4,0.0639284001917852,659.0,41179.9
SCL.INE,20240627,625.2,625.2,607.6,617.6,625.2,-7.2,-1.151631477927063,200.0,12487.93
SCL.INE,20240628,618.3,630.0,618.3,630.0,617.6,5.7,0.9229274611398963,6.0,373.82
SCL.INE,20240701,626.8,627.4,619.3,626.9,630.0,2.1,0.33333333333333337,92905.0,5788721.21
SCL.INE,20240702,626.2,634.7,623.5,634.0,626.9,11.0,1.7546658159196045,90920.0,5721226.7
SCL.INE,20240703,638.2,639.0,631.1,636.3,634.0,7.1,1.1198738170347002,88173.0,5597688.18
SCL.INE,20240704,635.3,639.7,629.7,633.3,636.3,-1.5,-0.23573785950023576,95820.0,6073316.43
SCL.INE,20240705,634.0,639.1,633.7,635.5,633.3,1.7,0.2684351807989894,70928.0,4515739.43
SCL.INE,20240708,637.2,641.1,627.7,628.0,635.5,-8.6,-1.3532651455546814,88727.0,5638444.79
SCL.INE,20240709,628.5,629.7,624.5,626.2,628.0,-9.2,-1.464968152866242,64828.0,4066283.44
SCL.INE,20240710,624.4,626.7,612.8,614.5,626.2,-12.7,-2.0281060364100925,94035.0,5842450.54
SCL.INE,20240711,616.2,627.8,614.5,625.3,614.5,4.0,0.6509357200976403,87968.0,5465170.32
SCL.INE,20240712,622.7,624.2,616.5,623.3,625.3,2.1,0.33583879737725897,76770.0,4761336.57
SCL.INE,20240715,623.7,624.4,613.7,619.0,623.3,-1.2,-0.19252366436707846,77584.0,4811769.4
SCL.INE,20240716,619.9,620.5,611.5,612.8,619.0,-7.4,-1.1954765751211631,60382.0,3721928.31
SCL.INE,20240717,605.9,611.7,604.3,606.5,612.8,-9.8,-1.599216710182768,53386.0,3245657.96
SCL.INE,20240718,611.1,619.1,609.8,618.0,606.5,10.1,1.6652926628194558,29996.0,1841107.62
SCL.INE,20240719,611.2,614.8,607.2,608.3,618.0,-5.4,-0.8737864077669903,10375.0,634123.82
SCL.INE,20240722,610.1,612.8,590.7,595.3,608.3,-15.9,-2.6138418543481836,1730.0,104225.66
SCL.INE,20240723,590.8,594.6,588.5,589.5,595.3,-12.9,-2.166974634637998,1300.0,76813.85
SCL.INE,20240724,588.2,588.3,580.4,583.6,589.5,-7.2,-1.2213740458015268,1855.0,109060.07
SCL.INE,20240725,585.3,588.4,580.0,580.4,583.6,-7.5,-1.2851267991775188,2181.0,127622.69
SCL.INE,20240726,579.3,590.9,575.1,589.1,580.4,4.0,0.6891798759476223,2148.0,124508.73
SCL.INE,20240729,586.9,590.0,581.8,590.0,589.1,10.4,1.765404854863351,2839.0,166833.71
SCL.INE,20240730,587.6,587.6,587.6,587.6,590.0,0.0,0.0,0.0,0.0
SCL.INE,20240731,587.6,587.6,587.6,587.6,587.6,0.0,0.0,0.0,0.0
SCL.INE,20240801,586.0,594.0,580.9,593.1,587.6,19.4,3.3015656909462217,108019.0,6336515.6
SCL.INE,20240802,593.7,594.6,579.2,581.7,593.1,-4.9,-0.8261675939976395,108712.0,6373654.81
SCL.INE,20240805,567.8,569.7,542.7,546.9,581.7,-39.3,-6.7560598246518815,174325.0,9721630.72
SCL.INE,20240806,544.2,557.6,541.1,548.0,546.9,-9.6,-1.755348326933626,129897.0,7125124.27
SCL.INE,20240807,540.8,550.7,540.3,545.0,548.0,-3.5,-0.6386861313868614,128207.0,6999622.72
SCL.INE,20240808,555.0,559.6,551.0,552.4,545.0,6.5,1.1926605504587156,116534.0,6472906.28
SCL.INE,20240809,556.7,564.9,554.5,561.4,552.4,6.0,1.0861694424330195,90875.0,5083014.97
SCL.INE,20240812,562.5,568.6,558.6,568.1,561.4,8.8,1.567509796936231,78804.0,4434695.18
SCL.INE,20240813,570.8,584.0,569.0,579.7,568.1,17.0,2.992430910051047,80747.0,4650187.4
SCL.INE,20240814,579.0,585.8,571.0,574.3,579.7,-1.5,-0.25875452820424355,105446.0,6067806.22
SCL.INE,20240815,574.3,575.7,565.0,567.9,574.3,-7.5,-1.305937663242208,80170.0,4565285.72
SCL.INE,20240816,569.9,578.1,569.9,571.7,567.9,2.3,0.40500088043669663,54687.0,3143076.13
SCL.INE,20240819,563.3,567.9,557.4,560.2,571.7,-14.5,-2.5362952597516175,54949.0,3096061.76
SCL.INE,20240820,561.4,564.1,541.9,543.4,560.2,-20.0,-3.5701535166012133,22643.0,1254319.94
SCL.INE,20240821,544.6,551.7,539.9,545.9,543.4,-8.0,-1.4722119985277882,1645.0,89853.8
SCL.INE,20240822,546.2,550.3,532.9,533.8,545.9,-12.4,-2.2714782927276063,1176.0,63855.91
SCL.INE,20240823,536.6,544.0,535.0,539.9,533.8,-3.0,-0.5620082427875609,2575.0,138315.12
SCL.INE,20240826,545.2,574.2,545.2,558.8,539.9,21.7,4.019262826449343,292.0,16165.54
SCL.INE,20240827,566.1,572.2,565.2,568.0,558.8,14.4,2.576950608446672,2650.0,150011.57
SCL.INE,20240828,565.2,565.2,554.1,555.2,568.0,-10.8,-1.9014084507042255,12.0,669.81
SCL.INE,20240829,552.4,552.4,542.8,545.0,555.2,-13.1,-2.359510086455331,508.0,27865.06
SCL.INE,20240830,545.1,545.1,545.1,545.1,545.0,-3.4,-0.6238532110091742,221.0,12046.71
SCL.INE,20240902,556.8,556.8,538.6,540.6,545.1,-16.9,-3.100348559897266,137897.0,7505011.39
SCL.INE,20240903,543.8,551.9,543.2,550.1,540.6,5.9,1.0913799482056974,88903.0,4867143.86
SCL.INE,20240904,538.0,538.3,520.7,522.8,550.1,-24.6,-4.471914197418651,130666.0,6905253.3
SCL.INE,20240905,526.0,528.7,518.8,521.4,522.8,-7.0,-1.3389441469013008,128722.0,6735239.77
SCL.INE,20240906,523.6,528.4,515.8,522.1,521.4,-1.1,-0.21097046413502113,144467.0,7539677.31
SCL.INE,20240909,520.1,524.1,502.6,512.6,522.1,-9.2,-1.7621145374449338,172002.0,8807496.55
SCL.INE,20240910,510.4,516.6,504.3,510.2,512.6,-1.8,-0.3511509949278189,130377.0,6649452.94
SCL.INE,20240911,510.9,513.6,492.2,503.1,510.2,-6.9,-1.3524108192865545,163916.0,8203160.28
SCL.INE,20240912,504.9,513.1,494.0,512.5,503.1,12.1,2.4050884516000792,145558.0,7320505.02
SCL.INE,20240913,511.2,518.8,507.1,513.1,512.5,10.2,1.9902439024390244,96946.0,4977456.03
SCL.INE,20240918,523.6,523.6,513.2,513.6,513.1,0.2,0.03897875657766517,17337.0,895852.29
SCL.INE,20240919,515.5,519.6,508.4,519.2,513.6,2.5,0.48676012461059187,3241.0,166790.55
SCL.INE,20240920,521.1,526.5,518.8,520.5,519.2,5.9,1.1363636363636365,539.0,28125.75
SCL.INE,20240923,519.3,525.3,516.5,523.1,520.5,1.3,0.2497598463016331,148.0,7715.44
SCL.INE,20240924,522.9,526.9,512.9,522.7,523.1,1.4,0.2676352513859683,1856.0,97016.41
SCL.INE,20240925,528.6,530.6,523.4,530.6,522.7,7.9,1.5113832026018748,460.0,24226.44
SCL.INE,20240926,526.9,538.5,520.8,520.8,530.6,-5.8,-1.0931021485111194,1032.0,54393.35
SCL.INE,20240927,512.4,517.9,512.4,517.9,520.8,-9.1,-1.7473118279569895,11.0,566.32
SCL.INE,20240930,517.9,517.9,495.0,495.0,517.9,-19.8,-3.8231318787410697,1128.0,57471.06
SCL.INE,20241008,580.1,580.1,580.1,580.1,495.0,52.7,10.646464646464647,2339.0,135685.39
SCL.INE,20241009,589.0,589.0,557.5,562.0,580.1,-18.1,-3.1201516979831068,140540.0,7968652.17
SCL.INE,20241010,557.4,559.7,546.4,556.7,562.0,-10.3,-1.8327402135231319,143657.0,7948536.34
SCL.INE,20241011,561.9,577.9,558.4,570.4,556.7,17.2,3.089635351176576,142458.0,8101238.45
SCL.INE,20241014,571.0,587.5,564.4,566.5,570.4,-2.1,-0.3681626928471249,155591.0,8949538.74
SCL.INE,20241015,561.5,571.4,540.1,546.5,566.5,-28.6,-5.048543689320389,129519.0,7263761.34
SCL.INE,20241016,544.0,545.5,535.4,536.9,546.5,-23.9,-4.3732845379688925,106089.0,5723970.6
SCL.INE,20241017,538.4,541.8,533.0,534.0,536.9,-5.5,-1.0243993294840752,74335.0,3995845.77
SCL.INE,20241018,537.0,540.3,528.6,539.5,534.0,2.0,0.37453183520599254,27016.0,1450810.04
SCL.INE,20241021,534.8,535.1,522.0,529.7,539.5,-7.3,-1.3531047265987024,13537.0,716807.03
SCL.INE,20241022,534.4,539.3,532.7,535.1,529.7,5.6,1.0572021899188218,2408.0,128727.41
SCL.INE,20241023,541.5,558.2,539.3,555.3,535.1,20.8,3.887123902074378,945.0,51812.1
SCL.INE,20241024,549.9,555.3,547.1,552.8,555.3,4.6,0.8283810552854314,1280.0,70444.99
SCL.INE,20241025,552.4,553.8,538.4,544.0,552.8,-6.3,-1.1396526772793054,310.0,17056.89
SCL.INE,20241028,544.3,548.1,518.2,519.4,544.0,-30.8,-5.661764705882353,708.0,38462.15
SCL.INE,20241029,512.9,528.3,505.1,507.3,519.4,-35.9,-6.911821332306507,101.0,5207.4
SCL.INE,20241030,508.0,511.2,508.0,511.0,507.3,-4.5,-0.8870490833826138,19.0,970.18
SCL.INE,20241031,510.6,510.6,510.6,510.6,511.0,0.0,0.0,0.0,0.0
SCL.INE,20241101,524.9,535.2,522.1,532.6,510.6,12.4,2.428515471993733,120247.0,6342221.04
SCL.INE,20241104,534.9,535.9,526.2,531.9,532.6,4.5,0.8449117536612841,108126.0,5737838.02
SCL.INE,20241105,535.9,538.9,532.5,536.0,531.9,5.4,1.0152284263959392,102451.0,5488314.18
SCL.INE,20241106,539.8,542.8,527.0,532.7,536.0,-3.0,-0.5597014925373134,112098.0,6025827.79
SCL.INE,20241107,530.4,547.1,526.3,542.7,532.7,5.2,0.9761591890369814,157516.0,8482273.63
SCL.INE,20241108,535.9,543.0,533.5,538.1,542.7,-0.4,-0.07370554634236226,135286.0,7279997.07
SCL.INE,20241111,533.9,538.7,528.5,533.3,538.1,-4.8,-0.8920275041813789,117888.0,6282776.07
SCL.INE,20241112,522.2,525.0,519.4,521.5,533.3,-11.4,-2.1376336021001316,92389.0,4822541.31
SCL.INE,20241113,524.6,528.8,522.9,525.2,521.5,3.3,0.632790028763183,95803.0,5037706.04
SCL.INE,20241114,526.0,527.6,516.2,523.5,525.2,-2.3,-0.4379284082254378,105385.0,5506981.82
SCL.INE,20241115,528.6,533.0,519.7,520.3,523.5,-2.2,-0.42024832855778416,78960.0,4170978.37
SCL.INE,20241118,525.0,526.3,515.0,518.6,520.3,-9.6,-1.845089371516433,64644.0,3370604.85
SCL.INE,20241119,519.6,532.3,518.6,531.4,518.6,10.0,1.9282684149633629,21158.0,1112835.4
SCL.INE,20241120,528.8,535.2,525.9,532.5,531.4,6.6,1.2420022581859238,1966.0,104548.08
SCL.INE,20241121,534.9,538.7,533.3,536.8,532.5,5.1,0.9577464788732395,1190.0,63725.53
SCL.INE,20241122,543.5,548.0,540.0,540.0,536.8,4.5,0.8383010432190761,432.0,23509.05
SCL.INE,20241125,535.7,553.2,533.7,540.5,540.0,-3.6,-0.6666666666666667,428.0,23262.9
SCL.INE,20241126,540.2,544.0,527.4,530.2,540.5,-13.3,-2.460684551341351,753.0,39918.23
SCL.INE,20241127,530.2,537.0,527.1,529.0,530.2,-1.1,-0.2074688796680498,74.0,3950.42
SCL.INE,20241128,529.6,535.3,521.8,532.8,529.0,-1.0,-0.1890359168241966,56.0,2964.06
SCL.INE,20241129,520.1,527.5,520.1,523.0,532.8,-6.2,-1.1636636636636637,40.0,2099.86
SCL.INE,20241202,531.8,534.6,523.6,530.9,523.0,2.3,0.43977055449330776,123475.0,6546202.85
SCL.INE,20241203,532.9,534.0,526.1,531.0,530.9,0.9,0.16952345074401962,107890.0,5720888.66
SCL.INE,20241204,536.6,541.3,533.0,540.5,531.0,10.3,1.9397363465160078,101181.0,5437278.78
SCL.INE,20241205,539.1,542.3,528.5,529.5,540.5,-7.8,-1.4431082331174838,107830.0,5784491.49
SCL.INE,20241206,530.3,532.5,524.8,526.0,529.5,-10.4,-1.964117091595845,90193.0,4772568.97
SCL.INE,20241209,522.0,526.5,518.6,526.5,526.0,-2.6,-0.4942965779467681,90737.0,4730337.03
SCL.INE,20241210,528.9,532.3,524.9,526.7,526.5,5.4,1.0256410256410255,76884.0,4071757.49
SCL.INE,20241211,527.3,533.3,526.8,532.9,526.7,3.4,0.6455287640022783,66346.0,3516105.02
SCL.INE,20241212,535.2,545.0,533.1,543.0,532.9,13.1,2.4582473259523363,80395.0,4320039.34
SCL.INE,20241213,543.5,546.8,536.6,546.0,543.0,8.7,1.6022099447513811,93245.0,5052460.55
SCL.INE,20241216,547.1,552.9,544.2,549.6,546.0,7.8,1.4285714285714286,62333.0,3416140.88
SCL.INE,20241217,547.4,550.6,546.5,549.7,549.6,1.7,0.309315866084425,34624.0,1899220.19
SCL.INE,20241218,543.4,547.6,540.7,545.0,549.7,-3.5,-0.6367109332363107,16699.0,907894.52
SCL.INE,20241219,548.9,551.6,545.0,549.3,545.0,5.7,1.0458715596330275,9553.0,523577.48
SCL.INE,20241220,549.2,552.8,539.0,543.7,549.3,-4.3,-0.7828144911705809,3964.0,216271.9
SCL.INE,20241223,543.1,547.7,538.3,545.1,543.7,-0.4,-0.07356998344675372,752.0,40749.25
SCL.INE,20241224,541.7,547.6,541.2,543.9,545.1,2.1,0.3852504127682994,189.0,10249.85
SCL.INE,20241225,544.4,552.9,544.4,551.1,543.9,8.8,1.6179444750873322,470.0,25619.04
SCL.INE,20241226,551.1,555.1,550.9,551.9,551.1,6.9,1.2520413718018508,746.0,41131.11
SCL.INE,20241227,553.5,569.5,545.0,545.0,551.9,-6.3,-1.1415111433230658,2633.0,144383.92
SCL.INE,20241230,546.4,562.9,541.5,545.8,545.0,-2.5,-0.45871559633027525,40.0,2193.22
SCL.INE,20241231,548.3,548.3,548.3,548.3,545.8,0.0,0.0,0.0,0.0
SCL.INE,20250102,563.0,566.7,559.4,560.7,548.3,5.6,1.0213386832026263,32064.0,1803716.95
SCL.INE,20250103,566.5,574.3,565.3,572.1,560.7,9.6,1.7121455323702512,96634.0,5514459.08
SCL.INE,20250106,572.5,582.4,570.8,577.0,572.1,6.4,1.1186855444852297,89295.0,5150677.1
SCL.INE,20250107,581.1,585.0,575.5,580.7,577.0,3.9,0.6759098786828422,112057.0,6499585.73
SCL.INE,20250108,584.4,594.8,583.0,589.1,580.7,9.1,1.5670742207680384,107786.0,6330385.89
SCL.INE,20250109,589.5,590.6,576.1,580.5,589.1,-6.8,-1.1543031743337293,105140.0,6144171.52
SCL.INE,20250110,581.7,589.5,581.0,588.3,580.5,4.0,0.6890611541774333,71720.0,4199002.11
SCL.INE,20250113,601.6,626.3,599.4,626.3,588.3,40.9,6.952235254122047,120295.0,7310322.19
SCL.INE,20250114,629.2,629.8,615.5,619.4,626.3,11.8,1.88408111128852,74907.0,4646512.28
SCL.INE,20250115,618.1,639.8,617.0,637.5,619.4,17.2,2.776880852437843,29412.0,1850514.81
SCL.INE,20250116,636.1,651.8,635.3,647.6,637.5,18.5,2.9019607843137254,4375.0,281652.29
SCL.INE,20250117,638.5,646.3,637.0,644.0,647.6,0.3,0.04632489190858554,564.0,36250.87
SCL.INE,20250120,639.8,647.2,637.4,645.9,644.0,3.2,0.4968944099378882,273.0,17489.98
SCL.INE,20250121,645.9,684.7,645.9,671.9,645.9,31.3,4.845951385663415,628.0,41597.39
SCL.INE,20250122,653.1,691.8,653.1,681.0,671.9,18.7,2.7831522547998215,416.0,28237.1
SCL.INE,20250123,680.0,705.0,638.9,638.9,681.0,-39.8,-5.844346549192364,147.0,10198.06
SCL.INE,20250124,645.2,645.2,645.2,645.2,638.9,-48.5,-7.591172327437784,1.0,64.52
SCL.INE,20250127,594.0,709.7,583.0,620.0,645.2,-25.2,-3.9057656540607564,18.0,1094.22
SCL.INE,20250205,597.9,606.6,592.6,605.5,620.0,2.8,0.4516129032258064,49873.0,2996509.37
SCL.INE,20250206,599.5,601.5,594.5,599.1,605.5,-1.7,-0.2807597027250206,90020.0,5385018.64
SCL.INE,20250207,599.5,604.0,593.7,603.8,599.1,5.6,0.9347354364880653,117962.0,7073286.65
SCL.INE,20250210,603.5,614.2,599.8,607.0,603.8,7.4,1.2255713812520703,112036.0,6783879.64
SCL.INE,20250211,609.7,621.4,608.9,619.8,607.0,14.3,2.355848434925865,83585.0,5148989.6
SCL.INE,20250212,625.0,625.4,617.9,620.8,619.8,4.8,0.7744433688286544,71459.0,4437352.67
SCL.INE,20250213,617.8,618.3,592.3,593.0,620.8,-27.9,-4.494201030927835,100093.0,6077913.31
SCL.INE,20250214,591.0,597.1,590.4,595.7,593.0,-11.5,-1.93929173693086,55638.0,3302652.19
SCL.INE,20250217,598.6,609.4,596.9,599.9,595.7,6.4,1.074366291757596,72422.0,4364468.74
SCL.INE,20250218,598.7,612.5,596.6,609.0,599.9,6.4,1.0668444740790133,21455.0,1299305.23
SCL.INE,20250219,608.3,617.0,599.5,616.7,609.0,11.2,1.839080459770115,1858.0,113735.09
SCL.INE,20250220,617.4,647.1,617.4,634.3,616.7,22.2,3.5998054159234636,1052.0,66659.55
SCL.INE,20250221,637.0,637.0,628.0,629.2,634.3,-4.4,-0.6936780703137317,968.0,61165.96
SCL.INE,20250224,627.0,627.5,587.5,588.1,629.2,-43.7,-6.945327399872854,908.0,54975.26
SCL.INE,20250225,589.8,605.0,563.0,563.1,588.1,-42.3,-7.192654310491413,1940.0,114693.75
SCL.INE,20250226,558.2,558.2,549.8,549.8,563.1,-41.4,-7.352157698454981,35.0,1925.27
SCL.INE,20250227,527.2,533.0,523.0,533.0,549.8,-17.0,-3.0920334667151694,11.0,581.52
SCL.INE,20250228,537.3,537.3,535.0,535.0,533.0,6.4,1.200750469043152,2.0,107.23
SCL.INE,20250303,537.4,545.1,535.2,538.6,535.0,-3.9,-0.7289719626168224,98027.0,5286126.89
SCL.INE,20250304,540.4,541.0,519.3,521.3,538.6,-17.9,-3.323431117712588,122631.0,6518001.36
SCL.INE,20250305,514.5,519.4,512.8,518.5,521.3,-13.0,-2.493765586034913,121189.0,6258592.0
SCL.INE,20250306,513.0,515.0,502.3,509.6,518.5,-6.8,-1.3114754098360655,141239.0,7185475.02
SCL.INE,20250307,509.9,512.9,507.6,512.5,509.6,3.8,0.7456828885400313,109623.0,5594479.74
SCL.INE,20250310,519.0,525.5,516.0,520.8,512.5,10.5,2.048780487804878,126235.0,6566967.78
SCL.INE,20250311,524.8,525.4,507.4,516.5,520.8,-3.7,-0.7104454685099847,101097.0,5216943.92
SCL.INE,20250312,520.0,520.7,514.2,515.1,516.5,-0.9,-0.17424975798644723,93358.0,4829631.9
SCL.INE,20250313,521.0,527.0,519.4,523.0,515.1,5.7,1.10658124635993,87536.0,4580403.0
SCL.INE,20250314,521.8,522.1,515.3,521.8,523.0,-1.4,-0.26768642447418733,78165.0,4060238.69
SCL.INE,20250317,521.1,531.5,515.8,525.6,521.8,6.2,1.1881947106170947,58629.0,3056606.28
SCL.INE,20250318,528.0,528.0,521.4,524.6,525.6,3.3,0.6278538812785388,21368.0,1120333.43
SCL.INE,20250319,527.0,527.2,514.0,517.1,524.6,-7.2,-1.3724742661075104,11017.0,573700.74
SCL.INE,20250320,517.6,525.5,517.6,525.0,517.1,4.3,0.8315606265712627,2441.0,127237.07
SCL.INE,20250321,523.5,535.5,520.9,532.6,525.0,11.4,2.1714285714285713,2023.0,106857.83
SCL.INE,20250324,532.6,533.4,524.9,532.4,532.6,4.2,0.7885843034171987,1805.0,95978.18
SCL.INE,20250325,532.4,565.9,531.9,548.1,532.4,16.4,3.0803906836964687,1795.0,95912.22
SCL.INE,20250326,548.7,548.9,540.2,545.0,548.1,10.7,1.9521985039226415,109.0,5951.03
SCL.INE,20250327,546.0,548.9,536.3,537.9,545.0,-8.0,-1.4678899082568808,23.0,1245.56
SCL.INE,20250328,537.9,539.6,534.3,539.6,537.9,-1.9,-0.3532255065997397,160.0,8604.87
SCL.INE,20250331,537.8,537.8,537.8,537.8,539.6,0.0,0.0,0.0,0.0
SCL.INE,20250401,540.2,556.7,538.8,556.1,537.8,18.7,3.47712904425437,118614.0,6512672.22
SCL.INE,20250402,555.4,558.5,551.3,552.2,556.1,3.2,0.5754360726488041,93023.0,5157522.51
SCL.INE,20250403,550.5,556.4,540.9,542.0,552.2,-12.4,-2.2455632017385003,117387.0,6440302.55
SCL.INE,20250407,510.1,510.1,510.1,510.1,542.0,-38.5,-7.103321033210332,772.0,39379.72
SCL.INE,20250408,486.7,494.3,473.2,478.6,510.1,-31.5,-6.17525975298961,246401.0,11869444.7
SCL.INE,20250409,477.2,482.6,447.9,458.1,478.6,-23.6,-4.931048892603427,217278.0,10168803.63
SCL.INE,20250410,444.0,490.0,443.7,480.0,458.1,12.0,2.619515389652914,330938.0,15306030.22
SCL.INE,20250411,467.0,474.8,459.2,472.8,480.0,10.3,2.1458333333333335,216713.0,10066631.61
SCL.INE,20250414,468.3,476.9,463.5,473.9,472.8,9.4,1.988155668358714,151168.0,7086376.88
SCL.INE,20250415,479.5,479.7,469.1,477.0,473.9,8.3,1.7514243511289305,90401.0,4288295.5
SCL.INE,20250416,473.0,478.4,465.8,469.5,477.0,-4.8,-1.0062893081761006,63730.0,3019642.75
SCL.INE,20250417,478.8,490.7,477.1,485.5,469.5,11.7,2.4920127795527156,22691.0,1093558.55
SCL.INE,20250418,488.5,500.4,487.2,494.1,485.5,12.2,2.512873326467559,11272.0,556309.93
SCL.INE,20250421,494.1,497.0,488.0,495.0,494.1,1.5,0.3035822707953855,966.0,47651.24
SCL.INE,20250422,492.3,498.7,488.5,498.1,495.0,4.9,0.9898989898989901,690.0,34089.18
SCL.INE,20250423,498.3,506.7,493.9,503.5,498.1,9.5,1.9072475406544869,2173.0,108300.88
SCL.INE,20250424,492.7,493.4,487.3,491.0,503.5,-7.3,-1.4498510427010922,38.0,1860.11
SCL.INE,20250425,496.9,497.1,490.0,496.3,491.0,6.8,1.384928716904277,40.0,1979.09
SCL.INE,20250428,490.7,498.1,487.6,498.1,496.3,3.4,0.6850695144066088,190.0,9341.77
SCL.INE,20250429,494.4,499.5,480.0,480.0,498.1,-11.6,-2.3288496285886366,33.0,1613.22
SCL.INE,20250430,476.0,499.5,465.3,490.0,480.0,1.2,0.25,9.0,430.28
SCL.INE,20250506,455.3,460.5,455.0,458.9,490.0,-17.6,-3.5918367346938775,59247.0,2712675.98
SCL.INE,20250507,461.0,469.5,460.5,468.2,458.9,10.4,2.26628895184136,106678.0,4972997.01
SCL.INE,20250508,464.1,465.1,457.4,461.0,468.2,-5.1,-1.0892780862879112,113932.0,5261637.75
SCL.INE,20250509,465.4,473.0,463.3,472.4,461.0,10.6,2.299349240780911,100159.0,4693031.06
SCL.INE,20250512,475.0,482.8,469.9,482.3,472.4,13.8,2.921253175275191,95840.0,4546790.55
SCL.INE,20250513,489.3,489.9,477.1,479.5,482.3,5.1,1.0574331329048308,77046.0,3720139.69
SCL.INE,20250514,483.7,492.5,481.4,486.6,479.5,3.8,0.7924921793534931,92522.0,4510975.13
SCL.INE,20250515,485.9,487.7,463.0,463.2,486.6,-24.3,-4.99383477188656,81962.0,3921960.29
SCL.INE,20250516,465.1,469.1,455.8,456.2,463.2,-22.3,-4.81433506044905,58686.0,2716127.92
SCL.INE,20250519,460.0,463.7,456.0,458.4,456.2,-4.4,-0.9644892590968875,18824.0,865521.0
SCL.INE,20250520,460.9,463.5,457.1,461.0,458.4,1.3,0.2835951134380454,8397.0,386157.63
SCL.INE,20250521,459.5,471.9,458.5,466.2,461.0,6.4,1.3882863340563993,646.0,30060.91
SCL.INE,20250522,466.2,466.2,448.1,449.4,466.2,-15.9,-3.410553410553411,306.0,14041.43
SCL.INE,20250523,449.0,454.0,448.1,448.4,449.4,-10.4,-2.3141967067200713,517.0,23274.92
SCL.INE,20250526,447.9,458.3,446.0,456.3,448.4,6.2,1.3826940231935771,1835.0,82405.15
SCL.INE,20250527,455.9,464.7,449.2,460.2,456.3,11.2,2.454525531448608,333.0,15124.53
SCL.INE,20250528,458.8,458.8,448.8,452.4,460.2,-1.7,-0.3694046066927423,531.0,24340.67
SCL.INE,20250529,454.1,459.3,454.1,459.3,452.4,1.0,0.22104332449160036,33.0,1500.96
SCL.INE,20250530,454.0,454.0,444.1,444.1,459.3,-10.7,-2.329632048769867,12.0,543.17
SCL.INE,20250603,462.8,468.7,461.3,462.5,444.1,9.9,2.2292276514298583,64117.0,2981817.93
SCL.INE,20250604,466.0,470.7,463.8,468.2,462.5,3.2,0.6918918918918919,109921.0,5140010.97
SCL.INE,20250605,466.7,469.8,460.5,463.7,468.2,-3.9,-0.8329773601025202,134999.0,6273952.1
SCL.INE,20250606,468.0,470.2,464.7,466.1,463.7,1.4,0.3019193444037093,109200.0,5109825.29
SCL.INE,20250609,468.8,476.8,467.7,474.3,466.1,6.4,1.373095902166917,120628.0,5715921.83
SCL.INE,20250610,478.2,482.4,474.8,479.8,474.3,6.0,1.265022137887413,92429.0,4426932.32
SCL.INE,20250611,481.1,485.0,476.9,478.1,479.8,-0.8,-0.16673614005835766,101107.0,4865359.22
SCL.INE,20250612,486.6,500.7,484.7,495.7,478.1,14.5,3.0328383183434426,143726.0,7059135.01
SCL.INE,20250613,492.9,535.2,490.8,529.9,495.7,38.8,7.827314908210611,165385.0,8496792.77
SCL.INE,20250616,539.4,553.6,532.5,541.6,529.9,27.9,5.265144366861672,228321.0,12351624.84
SCL.INE,20250617,529.7,534.9,515.0,529.8,541.6,-11.1,-2.0494830132939437,174918.0,9199625.4
SCL.INE,20250618,536.5,563.6,534.3,558.5,529.8,32.6,6.1532653831634585,64547.0,3545859.46
SCL.INE,20250619,559.2,570.0,548.0,569.7,558.5,20.4,3.652641002685765,2900.0,163191.27
SCL.INE,20250620,570.1,582.5,561.6,570.0,569.7,7.3,1.2813761628927505,2153.0,122826.34
SCL.INE,20250623,568.5,590.1,561.0,574.6,570.0,4.2,0.736842105263158,943.0,53790.59
SCL.INE,20250624,569.6,575.0,520.8,520.9,574.6,-49.5,-8.614688478941872,1677.0,95058.58
SCL.INE,20250625,520.9,520.9,515.7,515.7,520.9,-51.1,-9.809944327126129,53.0,2741.63
SCL.INE,20250626,505.0,514.6,496.2,500.7,515.7,-16.5,-3.1995346131471787,191.0,9639.95
SCL.INE,20250627,492.2,498.5,492.2,498.3,500.7,-6.4,-1.2782105052925905,16.0,794.68
SCL.INE,20250630,496.6,496.6,496.6,496.6,498.3,0.0,0.0,0.0,0.0
SCL.INE,20250701,498.0,500.2,492.8,499.4,496.6,3.3,0.6645187273459524,141647.0,7040086.3
SCL.INE,20250702,503.1,503.8,495.6,498.2,499.4,1.2,0.24028834601521826,137513.0,6855778.27
SCL.INE,20250703,501.6,509.4,499.0,506.3,498.2,7.8,1.5656362906463268,179412.0,9038566.55
SCL.INE,20250704,508.3,509.2,502.4,503.5,506.3,-0.2,-0.03950227138060439,135161.0,6845017.9
SCL.INE,20250707,501.6,505.6,493.6,502.3,503.5,-4.1,-0.814299900695134,133489.0,6692519.93
SCL.INE,20250708,505.5,513.8,505.4,510.7,502.3,9.4,1.8713915986462275,151790.0,7741069.04
SCL.INE,20250709,513.0,521.0,511.7,519.7,510.7,9.8,1.9189347953788918,128915.0,6649274.55
SCL.INE,20250710,519.7,523.6,517.6,522.5,519.7,6.8,1.3084471810659994,113995.0,5931943.05
SCL.INE,20250711,519.0,519.7,511.1,513.9,522.5,-6.4,-1.2248803827751196,129191.0,6642524.02
SCL.INE,20250714,515.5,528.1,515.3,527.5,513.9,13.4,2.607511188947266,118839.0,6216092.51
SCL.INE,20250715,530.0,530.2,516.7,518.2,527.5,-4.8,-0.9099526066350709,124246.0,6489064.37
SCL.INE,20250716,520.2,520.9,514.1,517.4,518.2,-4.8,-0.9262832883056734,86719.0,4485430.23
SCL.INE,20250717,513.0,520.5,509.1,516.8,517.4,-0.4,-0.07730962504831852,86327.0,4434000.23
SCL.INE,20250718,517.9,549.4,516.6,532.0,516.8,18.4,3.560371517027864,55711.0,2916966.71
SCL.INE,20250721,533.0,538.6,531.4,538.1,532.0,14.6,2.744360902255639,22127.0,1182977.13
SCL.INE,20250722,535.4,538.2,511.2,514.7,538.1,-19.9,-3.6981973610852994,2486.0,130144.63
SCL.INE,20250723,514.0,525.6,513.6,520.4,514.7,-3.1,-0.6022925976296871,281.0,14590.14
SCL.INE,20250724,520.4,528.0,516.5,527.0,520.4,7.8,1.498847040737894,73.0,3786.74
SCL.INE,20250725,526.9,532.7,520.5,529.4,527.0,10.7,2.030360531309298,1052.0,55427.05
SCL.INE,20250728,529.4,540.0,522.7,527.0,529.4,0.2,0.03777861730260673,102.0,5432.55
SCL.INE,20250729,541.4,556.4,508.3,531.0,527.0,-1.6,-0.3036053130929791,98.0,5294.54
SCL.INE,20250730,531.0,535.0,520.2,529.7,531.0,-10.5,-1.977401129943503,28.0,1486.95
SCL.INE,20250731,523.0,531.5,523.0,531.4,529.7,0.4,0.07551444213705871,5.0,263.32
SCL.INE,20250801,529.6,532.6,524.5,527.9,531.4,-4.1,-0.7715468573579225,119348.0,6303137.19
SCL.INE,20250804,527.6,527.7,509.7,514.3,527.9,-13.8,-2.61413146429248,145838.0,7537481.8
SCL.INE,20250805,502.7,513.2,502.2,508.8,514.3,-8.0,-1.5555123468792535,107222.0,5459613.72
SCL.INE,20250806,504.5,506.3,501.0,505.9,508.8,-3.2,-0.628930817610063,110667.0,5580831.9
SCL.INE,20250807,508.4,510.9,497.5,501.0,505.9,-3.2,-0.6325360743229888,147562.0,7442834.74
SCL.INE,20250808,500.5,501.0,488.6,489.8,501.0,-14.5,-2.8942115768463075,97506.0,4841142.49
SCL.INE,20250811,494.5,497.5,488.1,489.4,489.8,-7.0,-1.4291547570436913,135691.0,6683578.54
SCL.INE,20250812,495.4,496.6,492.3,495.2,489.4,2.7,0.551695954229669,80626.0,3985988.88
SCL.INE,20250813,491.7,493.6,486.7,489.5,495.2,-4.8,-0.9693053311793215,77476.0,3800482.76
SCL.INE,20250814,490.2,490.5,480.0,481.9,489.5,-8.6,-1.7568947906026557,77681.0,3756792.42
SCL.INE,20250815,482.6,489.4,482.6,486.3,481.9,2.7,0.5602822162274331,54720.0,2665047.52
SCL.INE,20250818,485.4,486.0,478.5,482.6,486.3,-4.4,-0.9047912811022003,22588.0,1091161.51
SCL.INE,20250819,481.2,483.9,476.7,476.9,482.6,-6.1,-1.2639867384997927,11932.0,572525.71
SCL.INE,20250820,476.0,478.0,473.0,475.9,476.9,-3.9,-0.8177815055567205,1851.0,87993.79
SCL.INE,20250821,476.3,484.9,476.0,484.7,475.9,9.4,1.9752048749737343,1609.0,77223.83
SCL.INE,20250822,484.3,487.6,481.0,487.0,484.7,7.1,1.4648236022281824,481.0,23360.11
SCL.INE,20250825,487.0,488.7,484.8,485.6,487.0,0.0,0.0,1185.0,57692.29
SCL.INE,20250826,486.9,492.6,486.7,488.8,485.6,2.0,0.41186161449752884,1290.0,63054.06
SCL.INE,20250827,484.9,486.8,472.2,472.4,488.8,-16.3,-3.3346972176759406,997.0,47801.07
SCL.INE,20250828,473.2,476.1,472.4,473.0,472.4,-6.4,-1.354784081287045,200.0,9461.74
SCL.INE,20250829,476.7,477.0,473.2,477.0,473.0,4.0,0.8456659619450317,10.0,475.82
SCL.INE,20250901,487.0,487.2,479.3,483.5,477.0,0.6,0.12578616352201258,81087.0,3921987.32
SCL.INE,20250902,487.0,492.5,487.0,490.4,483.5,6.8,1.40641158221303,79810.0,3909791.74
SCL.INE,20250903,487.7,496.0,486.4,493.2,490.4,3.4,0.6933115823817292,90880.0,4469747.35
SCL.INE,20250904,487.0,487.7,479.9,481.0,493.2,-10.8,-2.18978102189781,117977.0,5706074.98
SCL.INE,20250905,480.2,484.8,478.5,482.0,481.0,-1.6,-0.33264033264033266,88635.0,4274940.64
SCL.INE,20250908,475.6,491.4,468.8,490.5,482.0,8.2,1.7012448132780082,130455.0,6212385.97
SCL.INE,20250909,490.5,492.6,479.3,482.8,490.5,6.6,1.345565749235474,111076.0,5370032.75
SCL.INE,20250910,483.0,489.4,481.9,486.2,482.8,2.8,0.579950289975145,103360.0,5025181.2
SCL.INE,20250911,485.1,492.8,485.1,489.2,486.2,3.1,0.6375976964212259,88080.0,4305277.99
SCL.INE,20250912,483.0,483.5,473.7,475.3,489.2,-13.4,-2.7391659852820935,93831.0,4497105.2
SCL.INE,20250915,486.6,491.2,483.3,488.1,475.3,8.9,1.8725015779507679,81997.0,4001501.82
SCL.INE,20250916,488.3,495.2,486.8,493.6,488.1,5.6,1.1473058799426346,46450.0,2286253.54
SCL.INE,20250917,498.6,501.9,494.7,498.9,493.6,6.8,1.3776337115072932,23769.0,1184809.92
SCL.INE,20250918,497.9,500.2,491.7,492.4,498.9,-6.0,-1.2026458208057726,12538.0,621355.32
SCL.INE,20250919,492.4,497.0,485.9,490.0,492.4,-5.5,-1.1169780666125102,1616.0,79529.8
SCL.INE,20250922,490.0,490.9,483.7,485.8,490.0,-6.3,-1.2857142857142856,2249.0,109204.85
SCL.INE,20250923,481.2,481.2,472.5,474.1,485.8,-11.4,-2.346644709757102,2998.0,143210.46
SCL.INE,20250924,479.3,482.5,477.4,479.3,474.1,1.7,0.35857414047669267,1587.0,76070.88
SCL.INE,20250925,486.8,499.4,483.0,488.0,479.3,8.7,1.8151470895055286,622.0,30435.48
SCL.INE,20250926,488.0,492.7,483.7,488.1,488.0,-1.2,-0.24590163934426226,234.0,11409.02
SCL.INE,20250929,488.1,505.0,484.4,488.0,488.1,0.5,0.1024380249948781,40.0,1945.63
SCL.INE,20250930,480.1,480.1,479.1,479.1,488.0,-7.3,-1.4959016393442623,20.0,959.45
SCL.INE,20251009,470.9,472.5,465.8,471.0,479.1,-9.5,-1.9828845752452515,44465.0,2084237.8
SCL.INE,20251010,471.0,472.1,461.6,461.9,471.0,-6.8,-1.4437367303609343,67799.0,3161391.79
SCL.INE,20251013,455.5,457.3,444.5,453.7,461.9,-12.5,-2.7062134661182076,130132.0,5876617.09
SCL.INE,20251014,451.1,455.2,446.9,448.6,453.7,-2.9,-0.6391888913378885,76219.0,3443966.95
SCL.INE,20251015,442.4,447.1,439.7,443.7,448.6,-8.1,-1.8056174765938473,82036.0,3636243.41
SCL.INE,20251016,446.7,447.4,439.2,443.8,443.7,0.6,0.1352265043948614,54700.0,2424526.04
SCL.INE,20251017,442.6,443.4,430.5,432.6,443.8,-10.6,-2.388463271744029,61924.0,2711807.83
SCL.INE,20251020,436.7,438.8,432.2,433.1,432.6,-4.8,-1.1095700416088765,19428.0,847767.75
SCL.INE,20251021,433.0,435.8,428.9,434.1,433.1,-2.2,-0.5079658277534057,8122.0,351710.97
SCL.INE,20251022,441.0,447.0,430.3,443.1,434.1,10.1,2.3266528449665973,1645.0,71831.5
SCL.INE,20251023,443.1,458.7,442.0,455.8,443.1,19.2,4.333107650643195,1441.0,65320.31
SCL.INE,20251024,460.1,467.1,458.5,460.7,455.8,7.5,1.645458534444932,313.0,14456.18
SCL.INE,20251027,461.1,473.0,461.1,465.5,460.7,3.7,0.8031256783156069,1570.0,72455.4
SCL.INE,20251028,465.2,465.7,459.1,459.4,465.5,-2.0,-0.4296455424274973,529.0,24598.65
SCL.INE,20251029,455.1,459.8,453.7,457.9,459.4,-7.1,-1.545494122768829,1783.0,81230.32
SCL.INE,20251030,455.2,460.0,454.8,454.8,457.9,-0.7,-0.15287180607119458,9.0,410.3
SCL.INE,20251031,454.0,456.0,423.1,450.7,454.8,-5.1,-1.121372031662269,22.0,991.86
SCL.INE,20251103,462.6,469.7,460.3,467.9,450.7,8.5,1.8859551808298205,124089.0,5772828.42
SCL.INE,20251104,464.7,468.4,462.9,463.5,467.9,-1.7,-0.36332549690104726,78050.0,3631449.82
SCL.INE,20251105,460.5,465.6,459.0,463.7,463.5,-1.5,-0.3236245954692557,81799.0,3780381.96
SCL.INE,20251106,462.3,465.8,456.0,460.4,463.7,-1.7,-0.3666163467759327,92752.0,4272058.43
SCL.INE,20251107,461.5,461.5,452.9,460.6,460.4,0.1,0.021720243266724587,100862.0,4608572.69
SCL.INE,20251110,459.5,463.9,457.3,461.8,460.6,4.9,1.0638297872340425,92416.0,4253345.29
SCL.INE,20251111,460.5,462.1,457.0,458.8,461.8,-1.4,-0.303161541792984,71503.0,3283492.13
SCL.INE,20251112,462.1,470.4,461.7,466.2,458.8,7.0,1.5257192676547515,77751.0,3628314.84
SCL.INE,20251113,464.0,464.1,446.9,449.5,466.2,-17.1,-3.667953667953668,93962.0,4270569.83
SCL.INE,20251114,452.0,462.9,450.9,457.4,449.5,3.0,0.6674082313681869,71110.0,3238543.8
SCL.INE,20251117,456.6,462.2,455.4,458.1,457.4,2.7,0.590292960209882,43586.0,1999525.04
SCL.INE,20251118,461.8,464.2,456.1,456.7,458.1,-2.0,-0.43658589827548566,15788.0,727218.47
SCL.INE,20251119,459.3,502.0,458.2,465.3,456.7,4.7,1.0291219619005914,2047.0,94613.55
SCL.INE,20251120,458.7,462.6,453.6,459.0,465.3,-3.2,-0.6877283473028154,1729.0,79269.3
SCL.INE,20251121,467.9,467.9,445.4,448.8,459.0,-9.6,-2.091503267973856,2260.0,104672.18
SCL.INE,20251124,449.0,455.5,443.2,446.4,448.8,-16.7,-3.7210338680926913,910.0,40824.9
SCL.INE,20251125,447.4,458.4,444.8,447.7,446.4,-0.9,-0.20161290322580644,103.0,4617.6
SCL.INE,20251126,447.9,447.9,436.2,439.2,447.7,-9.1,-2.0326111235202142,25.0,1103.77
SCL.INE,20251127,434.3,470.0,434.2,439.4,439.2,-2.1,-0.47814207650273227,13.0,572.23
SCL.INE,20251128,446.1,446.1,446.1,446.1,439.4,6.0,1.3654984069185254,1.0,44.61
SCL.INE,20251201,451.9,458.4,449.5,455.7,446.1,4.8,1.0759919300605245,74267.0,3367552.5
SCL.INE,20251202,452.0,456.0,450.1,453.8,455.7,0.4,0.08777704630239193,65841.0,2985083.01
SCL.INE,20251203,452.2,452.8,444.6,448.1,453.8,-5.2,-1.1458792419568091,89293.0,4012024.99
SCL.INE,20251204,451.5,453.3,448.7,452.6,448.1,3.3,0.7364427583128765,66483.0,3000560.52
SCL.INE,20251205,452.5,456.8,449.5,453.7,452.6,2.4,0.5302695536897922,66825.0,3030109.48
SCL.INE,20251208,453.7,459.2,452.3,457.6,453.7,4.2,0.9257218426272869,67558.0,3083567.01
SCL.INE,20251209,451.6,453.3,444.4,446.1,457.6,-10.3,-2.250874125874126,74995.0,3370191.88
SCL.INE,20251210,447.4,447.8,442.3,443.7,446.1,-5.6,-1.255323918403945,53767.0,2389151.19
SCL.INE,20251211,444.7,445.8,438.2,439.7,443.7,-4.6,-1.0367365336939371,66227.0,2922375.1
SCL.INE,20251212,437.8,440.4,433.5,437.6,439.7,-3.6,-0.8187400500341143,60695.0,2651833.29
SCL.INE,20251215,435.9,439.7,434.9,436.5,437.6,-0.4,-0.09140767824497258,60331.0,2637613.67
SCL.INE,20251216,433.2,435.4,427.3,430.5,436.5,-6.6,-1.5120274914089344,44705.0,1926503.42
SCL.INE,20251217,426.1,427.9,417.6,425.3,430.5,-5.6,-1.3008130081300813,27929.0,1182354.21
SCL.INE,20251218,425.9,430.1,422.6,428.1,425.3,4.8,1.1286150952268985,13001.0,554471.97
SCL.INE,20251219,425.4,428.3,422.6,424.9,428.1,-1.5,-0.35038542396636296,6582.0,279789.05
SCL.INE,20251222,427.0,435.6,426.0,434.9,424.9,9.9,2.3299599905860204,1926.0,83263.72
SCL.INE,20251223,438.9,442.3,437.2,439.3,434.9,7.0,1.6095654173373193,1326.0,58239.07
SCL.INE,20251224,440.2,442.6,438.0,442.0,439.3,2.8,0.6373776462554063,1624.0,71533.02
SCL.INE,20251225,441.2,442.5,440.1,440.4,442.0,0.0,0.0,58.0,2558.77
SCL.INE,20251226,443.7,443.9,437.5,438.9,440.4,-2.2,-0.49954586739327894,935.0,41078.35
SCL.INE,20251229,438.9,443.0,431.3,431.7,438.9,-7.6,-1.7316017316017316,67.0,2906.55
SCL.INE,20251230,422.5,435.1,422.5,433.2,431.7,-0.6,-0.13898540653231412,87.0,3753.05
SCL.INE,20251231,420.0,429.4,420.0,429.4,433.2,-1.9,-0.43859649122807015,22.0,940.48
SCL.INE,20260105,436.0,436.3,421.5,421.7,429.4,-14.8,-3.4466697717745696,44486.0,1898679.59
SCL.INE,20260106,427.5,429.9,425.0,428.2,421.7,1.4,0.3319895660422101,68944.0,2946035.2
SCL.INE,20260107,430.5,437.3,411.0,416.3,428.2,-11.0,-2.568893040635217,110999.0,4715244.36
SCL.INE,20260108,421.4,422.5,414.1,416.2,416.3,-8.6,-2.0658179197693967,70288.0,2938203.76
SCL.INE,20260109,419.8,433.9,419.3,432.7,416.2,14.7,3.531955790485344,85331.0,3634017.78
SCL.INE,20260112,431.7,440.1,429.8,437.5,432.7,11.7,2.703951929743471,86573.0,3772726.57
SCL.INE,20260113,436.0,445.7,432.0,445.6,437.5,9.9,2.262857142857143,65173.0,2853070.28
SCL.INE,20260114,451.2,454.0,442.9,445.5,445.6,7.8,1.750448833034111,97963.0,4397590.66
SCL.INE,20260115,456.4,458.7,441.3,444.9,445.5,-4.0,-0.8978675645342313,56646.0,2557084.12
SCL.INE,20260116,440.5,440.5,433.8,435.3,444.9,-16.1,-3.618790739492021,23693.0,1035693.27
SCL.INE,20260119,439.8,444.1,434.8,436.2,435.3,-0.9,-0.20675396278428668,11195.0,492586.47
SCL.INE,20260120,436.3,439.7,434.5,435.1,436.2,-4.9,-1.1233379183860617,3852.0,168259.45
SCL.INE,20260121,437.0,444.7,436.4,440.2,435.1,3.4,0.7814295564238105,502.0,22077.0
SCL.INE,20260122,443.3,451.4,441.7,445.4,440.2,5.7,1.2948659700136302,2308.0,102552.47
SCL.INE,20260123,441.1,441.7,432.7,441.7,445.4,-2.6,-0.5837449483610239,2215.0,97506.33
SCL.INE,20260126,442.9,453.1,442.5,453.0,441.7,12.8,2.897894498528413,1581.0,70064.3
SCL.INE,20260127,452.0,460.8,440.1,455.0,453.0,11.9,2.6269315673289184,456.0,20444.35
SCL.INE,20260128,452.6,458.6,428.0,458.2,455.0,9.9,2.175824175824176,18.0,813.28
SCL.INE,20260129,458.1,481.0,458.1,464.7,458.2,12.9,2.815364469663902,9.0,419.12
SCL.INE,20260130,465.6,465.6,465.6,465.6,464.7,0.0,0.0,0.0,0.0
SCL.INE,20260202,478.2,485.6,449.0,449.0,465.6,-33.9,-7.280927835051545,197282.0,9326858.15
SCL.INE,20260203,450.5,453.9,446.4,449.4,449.0,-23.3,-5.189309576837417,119915.0,5394508.74
SCL.INE,20260204,453.0,466.7,451.7,462.4,449.4,12.6,2.803738317757009,99401.0,4556274.02
SCL.INE,20260205,460.8,475.0,457.5,463.5,462.4,5.2,1.124567474048443,97941.0,4542249.1
SCL.INE,20260206,460.4,470.0,454.4,465.4,463.5,1.7,0.3667745415318231,77889.0,3597135.4
SCL.INE,20260209,457.5,469.9,453.0,458.8,465.4,-3.0,-0.6446067898581865,33145.0,1527051.0
SCL.INE,20260210,463.0,472.2,459.4,470.3,458.8,9.6,2.092414995640802,3738.0,174203.57
SCL.INE,20260211,470.3,472.5,466.7,470.6,470.3,4.6,0.9780990856899849,2539.0,119421.73
SCL.INE,20260212,476.1,480.0,470.0,470.9,470.6,0.6,0.12749681257968548,2652.0,125950.19
SCL.INE,20260213,466.4,467.6,454.3,457.0,470.9,-17.9,-3.801231684009344,567.0,26131.01
SCL.INE,20260224,479.3,495.0,478.8,494.8,457.0,34.0,7.439824945295405,785.0,38026.55
SCL.INE,20260225,493.7,493.7,473.1,485.0,494.8,0.6,0.12126111560226353,1683.0,82940.06
SCL.INE,20260226,483.6,485.5,472.1,480.0,485.0,-12.8,-2.6391752577319587,131.0,6320.63
SCL.INE,20260227,475.0,475.0,475.0,475.0,480.0,-7.4,-1.5416666666666667,1.0,47.5
SCL.INE,20260302,498.2,527.8,495.0,527.8,475.0,43.5,9.157894736842104,190029.0,9711830.5
SCL.INE,20260303,545.0,572.3,544.1,572.3,527.8,61.3,11.614247821144373,208805.0,11743634.88
SCL.INE,20260304,624.7,641.1,594.1,641.1,572.3,78.7,13.751528918399442,254949.0,15909187.35
SCL.INE,20260305,625.0,711.3,619.0,664.1,641.1,40.1,6.254874434565591,469446.0,31253368.55
SCL.INE,20260306,688.0,696.6,622.1,664.8,664.1,-0.9,-0.13552175877126937,404196.0,26667957.84
SCL.INE,20260309,729.9,771.8,715.0,771.8,664.8,112.1,16.862214199759325,261752.0,19544527.9
SCL.INE,20260310,805.5,818.0,625.0,666.3,771.8,-80.3,-10.404249805649131,319095.0,23372537.94
SCL.INE,20260311,670.0,680.0,619.1,662.0,666.3,-70.4,-10.565811196157888,159647.0,10364509.9
SCL.INE,20260312,689.8,776.0,665.2,722.3,662.0,73.1,11.04229607250755,165749.0,11806599.03
SCL.INE,20260313,727.1,778.0,724.0,750.8,722.3,38.5,5.330195209746643,142180.0,10708564.03
SCL.INE,20260316,728.3,799.8,705.0,765.5,750.8,12.4,1.6515716568993075,100580.0,7662366.6
SCL.INE,20260317,720.6,769.1,708.6,751.5,765.5,-10.3,-1.3455258001306336,48562.0,3575473.32
SCL.INE,20260318,738.2,764.9,714.2,727.0,751.5,-9.2,-1.224218230206254,18156.0,1351403.21
SCL.INE,20260319,779.9,814.0,764.1,809.0,727.0,64.7,8.89958734525447,15676.0,1242497.4
SCL.INE,20260320,806.7,806.7,721.6,767.1,809.0,-25.5,-3.15203955500618,1928.0,149186.5
SCL.INE,20260323,767.1,829.3,767.1,824.7,767.1,51.0,6.64841611263199,556.0,44364.68
SCL.INE,20260324,742.5,766.9,712.5,732.2,824.7,-65.7,-7.966533284830847,759.0,56710.23
SCL.INE,20260325,732.4,747.9,682.9,715.0,732.2,-32.1,-4.384048074296641,772.0,55274.34
SCL.INE,20260326,714.3,742.0,703.7,725.2,715.0,9.3,1.3006993006993008,1004.0,72560.45
SCL.INE,20260327,736.1,736.1,724.5,730.6,725.2,7.9,1.089354660783232,234.0,17216.48
SCL.INE,20260330,750.0,774.4,750.0,754.0,730.6,18.3,2.504790583082398,668.0,50496.24
SCL.INE,20260331,754.0,760.0,733.4,737.9,754.0,-18.0,-2.3872679045092835,114.0,8494.82
SCL.INE,20260401,745.0,745.6,653.0,653.8,737.9,-95.5,-12.942133080363194,150389.0,10464277.28
SCL.INE,20260402,670.0,735.5,649.1,721.3,653.8,25.5,3.9002753135515453,131450.0,9036336.03
SCL.INE,20260403,760.0,763.3,694.8,722.0,721.3,34.6,4.796894496048801,146924.0,10542836.9
SCL.INE,20260407,715.5,724.5,706.6,710.0,722.0,-7.5,-1.0387811634349031,40502.0,2896465.68
SCL.INE,20260408,711.6,716.1,608.4,621.0,710.0,-94.1,-13.253521126760562,99641.0,6620326.21
SCL.INE,20260409,604.4,649.9,604.4,640.0,621.0,-24.4,-3.9291465378421897,72085.0,4544844.02
SCL.INE,20260410,647.8,649.0,623.7,637.3,640.0,6.9,1.078125,63642.0,4050171.19
SCL.INE,20260413,635.3,675.0,631.4,658.0,637.3,21.7,3.404989800721795,54358.0,3529164.06
SCL.INE,20260414,656.0,662.0,640.0,651.2,658.0,2.0,0.303951367781155,47034.0,3065372.82
SCL.INE,20260415,646.5,648.3,624.1,629.9,651.2,-21.8,-3.3476658476658474,42209.0,2682572.19
SCL.INE,20260416,631.9,641.7,630.5,636.0,629.9,0.5,0.07937767899666613,25049.0,1593185.97
SCL.INE,20260417,638.6,647.0,633.7,640.4,636.0,4.4,0.6918238993710693,14400.0,922331.91
SCL.INE,20260420,590.0,626.1,590.0,617.7,640.4,-22.8,-3.560274828232355,17389.0,1054716.18
SCL.INE,20260421,617.0,620.7,604.2,607.4,617.7,0.9,0.1457017969888295,2592.0,158520.93
SCL.INE,20260422,613.1,635.0,608.5,617.6,607.4,6.1,1.0042805400065853,1884.0,115854.65
SCL.INE,20260423,630.6,648.1,623.5,635.3,617.6,20.4,3.303108808290155,2119.0,133642.02
SCL.INE,20260424,632.8,652.6,628.9,642.7,635.3,12.1,1.904611994333386,840.0,53861.88
SCL.INE,20260427,642.7,652.0,632.7,648.0,642.7,6.8,1.0580364088999532,1834.0,118143.4
SCL.INE,20260428,648.0,661.9,644.8,661.9,648.0,17.8,2.746913580246914,587.0,38093.23
SCL.INE,20260429,659.1,662.9,643.2,654.3,661.9,5.4,0.815833207433147,14.0,915.86
SCL.INE,20260430,666.5,675.4,648.1,675.4,654.3,21.3,3.255387436955525,6.0,399.76
SCL.INE,20260506,665.0,675.6,661.6,665.4,689.0,-18.7,-2.714078374455733,20024.0,1336259.66
SCL.INE,20260507,641.3,646.0,622.6,625.8,665.4,-41.5,-6.236850015028554,41986.0,2664878.9
SCL.INE,20260508,609.3,636.9,607.8,624.5,625.8,-10.2,-1.6299137104506232,41561.0,2588086.83
SCL.INE,20260511,623.2,644.4,620.3,635.2,624.5,12.5,2.00160128102482,31893.0,2017818.42
SCL.INE,20260512,629.9,647.0,627.0,645.6,635.2,13.0,2.0465994962216625,24332.0,1545326.57
SCL.INE,20260513,647.8,652.0,633.1,635.3,645.6,0.2,0.030978934324659233,28566.0,1840108.52
SCL.INE,20260514,641.5,642.7,617.3,620.7,635.3,-23.4,-3.683299228710845,24074.0,1518001.12
SCL.INE,20260515,620.7,656.0,616.1,650.6,620.7,20.1,3.2382793620106334,24328.0,1544219.9
SCL.INE,20260518,651.1,682.1,650.0,675.4,650.6,40.7,6.255763910236705,16741.0,1115333.84
SCL.INE,20260519,662.0,688.6,652.7,684.8,675.4,18.6,2.753923600829139,11221.0,753831.11
SCL.INE,20260520,687.5,694.2,660.1,666.3,684.8,-5.5,-0.8031542056074767,1803.0,122533.02
SCL.INE,20260521,662.4,670.0,640.7,653.8,666.3,-25.8,-3.8721296713192257,496.0,32327.77
SCL.INE,20260522,657.8,664.8,630.2,644.5,653.8,-7.2,-1.1012542061792598,571.0,36810.18
SCL.INE,20260525,635.4,643.0,596.0,603.6,644.5,-41.0,-6.361520558572536,388.0,23705.66
SCL.INE,20260526,601.0,604.0,593.2,596.2,603.6,-14.7,-2.4353876739562623,346.0,20722.91
SCL.INE,20260527,601.3,609.0,591.0,593.1,596.2,-5.8,-0.9728279100972826,64.0,3823.09
SCL.INE,20260528,597.2,597.2,586.1,595.6,593.1,-1.7,-0.28662957342775247,101.0,5938.06
SCL.INE,20260529,598.5,598.5,561.1,561.2,595.6,-26.7,-4.482874412357287,41.0,2311.94
SCL.INE,20260601,580.0,598.0,575.3,595.9,581.0,6.1,1.0499139414802066,39580.0,2315016.44
SCL.INE,20260602,594.0,619.6,589.1,596.0,595.9,11.2,1.8795099848967947,53305.0,3231064.0
SCL.INE,20260603,595.8,613.5,594.6,611.8,596.0,5.7,0.9563758389261745,30629.0,1850264.26
SCL.INE,20260604,613.8,614.0,601.0,603.6,611.8,-0.4,-0.06538084341288004,24928.0,1516439.64
SCL.INE,20260605,593.2,600.7,590.3,594.6,603.6,-13.7,-2.269715043074884,23115.0,1375884.75
