ts_code,trade_date,open,high,low,close,pre_close,change,pct_chg,vol,amount
000001.SH,20200102,3066.3357,3098.1001,3066.3357,3085.1976,3050.124,35.0736,1.1499,292470208.0,327197122.6
000001.SH,20200103,3089.022,3093.8192,3074.5178,3083.7858,3085.1976,-1.4118,-0.0458,261496667.0,289991708.4
000001.SH,20200106,3070.9088,3107.2032,3065.3088,3083.4083,3083.7858,-0.3775,-0.0122,312575842.0,331182549.9
000001.SH,20200107,3085.4882,3105.4507,3084.329,3104.8015,3083.4083,21.3932,0.6938,276583111.0,288159227.7
000001.SH,20200108,3094.2389,3094.2389,3059.1313,3066.8925,3104.8015,-37.909,-1.221,297872553.0,306517394.5
000001.SH,20200109,3082.6398,3097.3291,3080.1313,3094.8819,3066.8925,27.9894,0.9126,243435649.0,271716020.9
000001.SH,20200110,3102.2938,3105.2248,3081.3961,3092.2907,3094.8819,-2.5912,-0.0837,210442462.0,241555668.1
000001.SH,20200113,3091.493,3115.5696,3075.3837,3115.5696,3092.2907,23.2789,0.7528,210621004.0,258524058.0
000001.SH,20200114,3120.6669,3127.1692,3105.6049,3106.8204,3115.5696,-8.7492,-0.2808,229973769.0,271542441.4
000001.SH,20200115,3103.1749,3107.9426,3082.0425,3090.0379,3106.8204,-16.7825,-0.5402,202313023.0,232913446.7
000001.SH,20200116,3095.7342,3096.3717,3070.884,3074.0814,3090.0379,-15.9565,-0.5164,203375475.0,236843360.1
000001.SH,20200117,3081.4641,3091.9516,3067.2525,3075.4955,3074.0814,1.4141,0.046,190304299.0,242273045.3
000001.SH,20200120,3082.1134,3096.3105,3070.4801,3095.7873,3075.4955,20.2918,0.6598,210493341.0,271122455.4
000001.SH,20200121,3085.7895,3085.7895,3051.2301,3052.1419,3095.7873,-43.6454,-1.4098,234830739.0,286268098.2
000001.SH,20200122,3038.4868,3069.2527,3006.2677,3060.7545,3052.1419,8.6126,0.2822,223852865.0,278456924.0
000001.SH,20200123,3037.9524,3045.0406,2955.346,2976.5281,3060.7545,-84.2264,-2.7518,272763234.0,327490360.4
000001.SH,20200203,2716.6978,2766.5773,2716.6978,2746.6056,2976.5281,-229.9225,-7.7245,215912103.0,257019597.4
000001.SH,20200204,2685.2693,2786.1642,2685.2693,2783.2875,2746.6056,36.6819,1.3355,364046200.0,374068466.8
000001.SH,20200205,2792.3713,2842.7426,2778.8641,2818.0878,2783.2875,34.8003,1.2503,309761823.0,349184114.8
000001.SH,20200206,2826.8851,2876.5878,2807.609,2866.5097,2818.0878,48.4219,1.7183,316392142.0,358582589.7
000001.SH,20200207,2858.9324,2875.9636,2838.7702,2875.9636,2866.5097,9.4539,0.3298,309479642.0,362384162.5
000001.SH,20200210,2860.499,2891.8479,2851.0503,2890.4878,2875.9636,14.5242,0.505,294929784.0,341520398.3
000001.SH,20200211,2894.5414,2913.8159,2882.2428,2901.6744,2890.4878,11.1866,0.387,269168335.0,302956847.2
000001.SH,20200212,2895.5561,2926.8991,2892.424,2926.8991,2901.6744,25.2247,0.8693,248733429.0,297534420.5
000001.SH,20200213,2927.1443,2935.406,2901.2425,2906.0735,2926.8991,-20.8256,-0.7115,274804844.0,334526327.4
000001.SH,20200214,2899.8659,2926.9427,2899.5739,2917.0077,2906.0735,10.9342,0.3763,250650627.0,308080368.7
000001.SH,20200217,2924.9913,2983.6371,2924.9913,2983.6224,2917.0077,66.6147,2.2837,313198007.0,367014340.1
000001.SH,20200218,2981.4097,2990.6003,2960.7751,2984.9716,2983.6224,1.3492,0.0452,311665913.0,374998562.6
000001.SH,20200219,2979.5223,2998.2718,2971.8219,2975.4019,2984.9716,-9.5697,-0.3206,315141151.0,381331160.4
000001.SH,20200220,2981.8802,3031.3706,2968.4451,3030.1542,2975.4019,54.7523,1.8402,345732881.0,413761364.1
000001.SH,20200221,3022.2455,3058.898,3020.141,3039.6692,3030.1542,9.515,0.314,364557276.0,445062076.7
000001.SH,20200224,3027.8925,3042.1821,3007.3557,3031.2333,3039.6692,-8.4359,-0.2775,370430044.0,451601363.1
000001.SH,20200225,2982.0696,3016.9458,2943.7168,3013.0501,3031.2333,-18.1832,-0.5999,441622762.0,513128644.6
000001.SH,20200226,2978.4195,3028.7788,2974.9423,2987.9287,3013.0501,-25.1214,-0.8338,469049552.0,495341447.3
000001.SH,20200227,2992.4919,3009.4575,2980.4774,2991.3288,2987.9287,3.4001,0.1138,350523658.0,395955641.5
000001.SH,20200228,2924.6407,2948.1261,2878.5443,2880.3038,2991.3288,-111.025,-3.7116,401216914.0,432657775.0
000001.SH,20200302,2899.31,2982.5068,2899.31,2970.9312,2880.3038,90.6274,3.1465,367333369.0,397244201.2
000001.SH,20200303,3006.8888,3026.842,2976.623,2992.8968,2970.9312,21.9656,0.7394,410108047.0,447053681.5
000001.SH,20200304,2981.806,3012.0035,2974.3583,3011.6657,2992.8968,18.7689,0.6271,353338278.0,389893917.5
000001.SH,20200305,3036.1545,3074.2571,3022.9262,3071.6771,3011.6657,60.0114,1.9926,445425806.0,482770471.4
000001.SH,20200306,3039.9395,3052.4439,3029.4632,3034.5113,3071.6771,-37.1658,-1.21,362061533.0,377388542.7
000001.SH,20200309,2987.1805,2989.2051,2940.7138,2943.2907,3034.5113,-91.2206,-3.0061,414560736.0,438143854.6
000001.SH,20200310,2918.9347,3000.2963,2904.7989,2996.7618,2943.2907,53.4711,1.8167,393296648.0,425017184.8
000001.SH,20200311,3001.7616,3010.0286,2968.5174,2968.5174,2996.7618,-28.2444,-0.9425,352470970.0,378766619.0
000001.SH,20200312,2936.0163,2944.4651,2906.2838,2923.4856,2968.5174,-45.0318,-1.517,307778457.0,328209202.4
000001.SH,20200313,2804.2322,2910.8812,2799.9841,2887.4265,2923.4856,-36.0591,-1.2334,366450436.0,393019665.2
000001.SH,20200316,2897.3009,2898.0349,2784.6616,2789.2537,2887.4265,-98.1728,-3.4,351878665.0,375627000.8
000001.SH,20200317,2796.284,2826.9068,2715.2213,2779.6407,2789.2537,-9.613,-0.3446,306149677.0,323012822.8
000001.SH,20200318,2792.3221,2815.8737,2728.7563,2728.7563,2779.6407,-50.8844,-1.8306,291159852.0,318611391.6
000001.SH,20200319,2719.4063,2736.82,2646.8048,2702.1296,2728.7563,-26.6267,-0.9758,302302747.0,330518008.5
000001.SH,20200320,2727.0186,2751.8964,2702.4933,2745.6182,2702.1296,43.4886,1.6094,252019507.0,281583369.7
000001.SH,20200323,2677.591,2703.3295,2656.5008,2660.1674,2745.6182,-85.4508,-3.1123,249820250.0,268423242.0
000001.SH,20200324,2703.0193,2723.4066,2667.1333,2722.4381,2660.1673,62.2708,2.3409,257021930.0,278999306.6
000001.SH,20200325,2775.3032,2788.6354,2757.8016,2781.5913,2722.4381,59.1532,2.1728,273144466.0,293191204.4
000001.SH,20200326,2761.8961,2788.5038,2753.4282,2764.9109,2781.5913,-16.6804,-0.5997,234084022.0,248279785.0
000001.SH,20200327,2792.9843,2805.5479,2771.7563,2772.2033,2764.9109,7.2924,0.2637,240764066.0,253630725.9
000001.SH,20200330,2739.7191,2759.0989,2723.0543,2747.2138,2772.2033,-24.9895,-0.9014,239706604.0,250687144.2
000001.SH,20200331,2767.3072,2771.1683,2743.1154,2750.2962,2747.2138,3.0824,0.1122,218598674.0,224271061.6
000001.SH,20200401,2743.5409,2773.3641,2731.0794,2734.5215,2750.2962,-15.7747,-0.5736,217253427.0,225624646.6
000001.SH,20200402,2720.2284,2780.6379,2719.9043,2780.6379,2734.5215,46.1164,1.6865,217864600.0,233111575.7
000001.SH,20200403,2773.5764,2780.5868,2754.0731,2763.9874,2780.6379,-16.6505,-0.5988,200837404.0,214062212.0
000001.SH,20200407,2806.9676,2823.2767,2801.8386,2820.7634,2763.9874,56.776,2.0541,270198186.0,286627794.3
000001.SH,20200408,2805.9166,2823.2139,2800.2963,2815.3686,2820.7634,-5.3948,-0.1913,243515305.0,253159668.1
000001.SH,20200409,2825.8393,2832.395,2820.4326,2825.9036,2815.3686,10.535,0.3742,238184843.0,247392988.0
000001.SH,20200410,2827.1873,2833.0148,2789.9756,2796.6312,2825.9036,-29.2724,-1.0359,233454768.0,246376307.2
000001.SH,20200413,2784.5979,2792.8906,2774.0808,2783.0476,2796.6312,-13.5836,-0.4857,177124554.0,184120284.1
000001.SH,20200414,2794.801,2827.2981,2789.4279,2827.283,2783.0476,44.2354,1.5895,202696569.0,223605697.3
000001.SH,20200415,2826.6618,2829.7503,2808.7039,2811.1741,2827.283,-16.1089,-0.5698,205621146.0,231631632.2
000001.SH,20200416,2798.4295,2823.3382,2796.8388,2819.935,2811.1741,8.7609,0.3116,203003773.0,222432600.9
000001.SH,20200417,2835.5581,2854.9599,2830.0217,2838.4945,2819.935,18.5595,0.6582,245736750.0,280025229.1
000001.SH,20200420,2840.4085,2852.99,2833.2615,2852.5528,2838.4945,14.0583,0.4953,211847078.0,233759313.2
000001.SH,20200421,2842.2372,2842.2372,2808.0214,2827.0133,2852.5528,-25.5395,-0.8953,233235870.0,248688585.7
000001.SH,20200422,2814.0661,2843.9804,2808.4819,2843.9804,2827.0133,16.9671,0.6002,217320000.0,232796777.8
000001.SH,20200423,2850.5104,2853.6357,2835.8961,2838.4994,2843.9804,-5.481,-0.1927,248779037.0,262662040.5
000001.SH,20200424,2834.9387,2834.9387,2802.4989,2808.5293,2838.4994,-29.9701,-1.0558,235185076.0,244122291.5
000001.SH,20200427,2812.2422,2832.6662,2802.9579,2815.4947,2808.5293,6.9654,0.248,210130981.0,225293706.3
000001.SH,20200428,2819.9914,2821.745,2758.2459,2810.0243,2815.4947,-5.4704,-0.1943,253872745.0,270534752.6
000001.SH,20200429,2801.383,2831.7642,2800.7379,2822.4424,2810.0243,12.4181,0.4419,202061807.0,222720221.7
000001.SH,20200430,2832.3843,2865.59,2832.3843,2860.0822,2822.4424,37.6398,1.3336,242455278.0,277440934.0
000001.SH,20200506,2831.6326,2879.2634,2830.6536,2878.1402,2860.0822,18.058,0.6314,249826616.0,303890031.0
000001.SH,20200507,2876.4727,2882.0222,2864.5813,2871.5232,2878.1402,-6.617,-0.2299,226736957.0,268607485.3
000001.SH,20200508,2882.7078,2903.7967,2879.2034,2895.3444,2871.5232,23.8212,0.8296,226822075.0,276562717.0
000001.SH,20200511,2901.5739,2914.2838,2884.3806,2894.802,2895.3444,-0.5424,-0.0187,225120410.0,271930641.5
000001.SH,20200512,2894.6171,2897.9018,2871.23,2891.5564,2894.802,-3.2456,-0.1121,197082985.0,238476218.8
000001.SH,20200513,2882.9552,2900.2587,2875.5354,2898.0495,2891.5564,6.4931,0.2246,185061310.0,223866906.9
000001.SH,20200514,2887.0577,2887.0577,2869.1832,2870.3422,2898.0495,-27.7073,-0.9561,197776202.0,237336974.7
000001.SH,20200515,2880.7067,2884.2199,2863.3698,2868.4587,2870.3422,-1.8835,-0.0656,188983592.0,246878191.1
000001.SH,20200518,2872.5244,2889.9795,2862.2709,2875.4176,2868.4587,6.9589,0.2426,226022882.0,289089595.5
000001.SH,20200519,2897.6867,2900.2187,2887.5768,2898.576,2875.4176,23.1584,0.8054,197222405.0,256277803.1
000001.SH,20200520,2896.4657,2896.4657,2876.1766,2883.7378,2898.576,-14.8382,-0.5119,210519985.0,269176553.6
000001.SH,20200521,2890.7213,2891.5177,2864.2073,2867.9237,2883.7378,-15.8141,-0.5484,203532038.0,250569937.6
000001.SH,20200522,2863.0462,2863.0462,2808.0177,2813.7654,2867.9237,-54.1583,-1.8884,209063712.0,245229603.7
000001.SH,20200525,2816.241,2821.4978,2802.4653,2817.9697,2813.7654,4.2043,0.1494,172885557.0,202115352.6
000001.SH,20200526,2827.8967,2848.3371,2825.901,2846.5473,2817.9697,28.5776,1.0141,174562369.0,207427833.7
000001.SH,20200527,2847.3198,2848.9965,2831.9281,2836.8036,2846.5473,-9.7437,-0.3423,198149343.0,227934395.7
000001.SH,20200528,2838.2072,2861.9241,2820.1455,2846.2217,2836.8036,9.4181,0.332,207546019.0,239234260.6
000001.SH,20200529,2835.584,2855.3756,2829.6271,2852.3512,2846.2217,6.1295,0.2154,206792804.0,233798996.6
000001.SH,20200601,2871.9641,2917.1508,2871.9641,2915.4311,2852.3512,63.0799,2.2115,260196050.0,307416215.1
000001.SH,20200602,2916.3168,2926.3588,2909.1277,2921.398,2915.4311,5.9669,0.2047,256108049.0,294402745.9
000001.SH,20200603,2930.3906,2942.7597,2922.6612,2923.3711,2921.398,1.9731,0.0675,255663980.0,300447817.0
000001.SH,20200604,2931.8376,2932.9677,2910.7516,2919.2506,2923.3711,-4.1205,-0.141,226605873.0,254345984.5
000001.SH,20200605,2923.1891,2930.7993,2909.1181,2930.7993,2919.2506,11.5487,0.3956,217360673.0,253141142.5
000001.SH,20200608,2941.9816,2950.0656,2934.2103,2937.7712,2930.7993,6.9719,0.2379,231124360.0,274611815.6
000001.SH,20200609,2939.5351,2957.1186,2932.9385,2956.1116,2937.7712,18.3404,0.6243,209048585.0,251414696.2
000001.SH,20200610,2951.2784,2951.3298,2934.8428,2943.7525,2956.1116,-12.3591,-0.4181,207925969.0,243968496.5
000001.SH,20200611,2939.7914,2952.651,2912.1932,2920.8968,2943.7525,-22.8557,-0.7764,233722947.0,289023256.1
000001.SH,20200612,2876.8029,2930.255,2872.6165,2919.7408,2920.8968,-1.156,-0.0396,236008642.0,274321726.2
000001.SH,20200615,2908.2767,2922.5364,2890.0306,2890.0306,2919.7408,-29.7102,-1.0176,243205046.0,293361556.8
000001.SH,20200616,2912.8251,2931.7791,2909.1341,2931.7493,2890.0306,41.7187,1.4435,223313065.0,270948558.5
000001.SH,20200617,2932.6708,2936.6162,2919.0353,2935.873,2931.7493,4.1237,0.1407,234654391.0,278007110.7
000001.SH,20200618,2929.8799,2942.8983,2920.1054,2939.3151,2935.873,3.4421,0.1172,258691377.0,289367727.8
000001.SH,20200619,2938.7887,2973.3164,2935.8239,2967.6341,2939.3151,28.319,0.9635,264313961.0,319089106.6
000001.SH,20200622,2966.9008,2983.4382,2959.035,2965.2717,2967.6341,-2.3624,-0.0796,267883834.0,346028748.4
000001.SH,20200623,2960.8875,2972.4025,2949.8469,2970.6203,2965.2717,5.3486,0.1804,225212208.0,305378770.5
000001.SH,20200624,2972.9827,2982.9425,2971.2235,2979.5505,2970.6203,8.9302,0.3006,213200732.0,297008784.1
000001.SH,20200629,2973.0757,2977.9122,2951.7702,2961.5164,2979.5505,-18.0341,-0.6053,220622729.0,293886016.0
000001.SH,20200630,2965.1054,2990.8253,2965.1054,2984.6741,2961.5164,23.1577,0.782,214957214.0,297312328.4
000001.SH,20200701,2991.1813,3026.1862,2984.9841,3025.981,2984.6741,41.3069,1.384,273313140.0,369883802.3
000001.SH,20200702,3023.7189,3092.4432,3021.6736,3090.5693,3025.981,64.5883,2.1345,391127996.0,478216482.3
000001.SH,20200703,3103.9952,3152.8126,3103.9952,3152.8126,3090.5693,62.2433,2.014,458793851.0,535489334.7
000001.SH,20200706,3187.8393,3337.2723,3187.8393,3332.8807,3152.8126,180.0681,5.7113,643878906.0,724153675.7
000001.SH,20200707,3380.9536,3407.0811,3336.2416,3345.3369,3332.8807,12.4562,0.3737,657840159.0,793638372.4
000001.SH,20200708,3337.5518,3421.5312,3327.7062,3403.4401,3345.3369,58.1032,1.7368,587081685.0,696807634.5
000001.SH,20200709,3403.4832,3456.9721,3393.6379,3450.5935,3403.4401,47.1534,1.3855,620001823.0,751406830.4
000001.SH,20200710,3418.9347,3433.1085,3372.5066,3383.3222,3450.5935,-67.2713,-1.9496,556120011.0,703197550.4
000001.SH,20200713,3379.3867,3458.7914,3369.0378,3443.2863,3383.3222,59.9641,1.7723,558006875.0,717397053.1
000001.SH,20200714,3435.0237,3451.2224,3366.0828,3414.6186,3443.2863,-28.6677,-0.8326,543211492.0,707327005.2
000001.SH,20200715,3422.0778,3432.4506,3345.7488,3361.3044,3414.6186,-53.3142,-1.5614,492030542.0,674727409.8
000001.SH,20200716,3356.359,3373.5317,3209.7272,3210.0986,3361.3044,-151.2058,-4.4984,490613123.0,679468340.6
000001.SH,20200717,3214.4022,3252.7786,3181.2745,3214.1287,3210.0986,4.0301,0.1255,359652413.0,486536118.3
000001.SH,20200720,3243.9105,3314.149,3220.684,3314.149,3214.1287,100.0203,3.1119,418555306.0,544045656.2
000001.SH,20200721,3330.5467,3336.6791,3300.5719,3320.8947,3314.149,6.7457,0.2035,359252029.0,488862180.4
000001.SH,20200722,3315.1816,3381.9757,3311.7862,3333.1635,3320.8947,12.2688,0.3694,393335335.0,540577040.6
000001.SH,20200723,3306.1489,3336.3002,3257.8269,3325.1102,3333.1635,-8.0533,-0.2416,407042499.0,546887089.7
000001.SH,20200724,3310.6449,3319.1268,3184.9645,3196.7684,3325.1102,-128.3418,-3.8598,427054026.0,584311865.0
000001.SH,20200727,3210.3863,3221.9846,3174.6583,3205.2268,3196.7684,8.4584,0.2646,299319021.0,402231919.3
000001.SH,20200728,3226.1329,3245.2967,3208.4939,3227.9604,3205.2268,22.7336,0.7093,289377861.0,389873696.2
000001.SH,20200729,3221.9883,3294.5521,3209.9902,3294.5521,3227.9604,66.5917,2.063,324924062.0,453094399.5
000001.SH,20200730,3299.5718,3312.4508,3282.1617,3286.822,3294.5521,-7.7301,-0.2346,340704121.0,476974005.6
000001.SH,20200731,3280.7959,3333.7859,3261.6135,3310.0065,3286.822,23.1845,0.7054,353758979.0,495778040.7
000001.SH,20200803,3332.1826,3368.1028,3327.6773,3367.9658,3310.0065,57.9593,1.751,407460867.0,572430759.8
000001.SH,20200804,3376.4402,3391.0743,3352.5017,3371.6875,3367.9658,3.7217,0.1105,442328551.0,604942141.5
000001.SH,20200805,3363.3324,3383.6365,3333.877,3377.5648,3371.6875,5.8773,0.1743,385823027.0,526515054.7
000001.SH,20200806,3380.7621,3392.7048,3334.3341,3386.4631,3377.5648,8.8983,0.2635,415302510.0,570488248.1
000001.SH,20200807,3370.5878,3374.133,3307.7127,3354.0352,3386.4631,-32.4279,-0.9576,403929633.0,561435649.6
000001.SH,20200810,3341.5276,3399.9323,3335.0427,3379.2524,3354.0352,25.2172,0.7518,381379630.0,527083944.6
000001.SH,20200811,3379.4874,3409.0589,3336.0945,3340.29,3379.2524,-38.9624,-1.153,400452706.0,514020764.1
000001.SH,20200812,3327.4929,3335.729,3263.2653,3319.2656,3340.29,-21.0244,-0.6294,378328959.0,480731246.1
000001.SH,20200813,3328.1754,3338.1518,3309.4629,3320.7261,3319.2656,1.4605,0.044,324291278.0,387162288.6
000001.SH,20200814,3315.6687,3362.0267,3302.7357,3360.0988,3320.7261,39.3727,1.1857,305998376.0,367467421.7
000001.SH,20200817,3373.9018,3450.8987,3369.3742,3438.801,3360.0988,78.7022,2.3423,434598260.0,537425075.1
000001.SH,20200818,3441.9337,3456.7206,3432.6402,3451.0894,3438.801,12.2884,0.3573,380729275.0,493052155.3
000001.SH,20200819,3444.5646,3454.4613,3406.1642,3408.1288,3451.0894,-42.9606,-1.2448,405722214.0,498262158.3
000001.SH,20200820,3385.9645,3394.557,3352.7767,3363.8988,3408.1288,-44.23,-1.2978,335600982.0,401815550.1
000001.SH,20200821,3380.2269,3393.9175,3358.0005,3380.6825,3363.8988,16.7837,0.4989,287488340.0,361281752.7
000001.SH,20200824,3391.1132,3396.5663,3368.0258,3385.6383,3380.6825,4.9558,0.1466,266227841.0,345683380.0
000001.SH,20200825,3392.8797,3408.8697,3364.1602,3373.5781,3385.6383,-12.0602,-0.3562,277113421.0,355997790.8
000001.SH,20200826,3371.8083,3382.6032,3320.1355,3329.7388,3373.5781,-43.8393,-1.2995,294451036.0,381928906.6
000001.SH,20200827,3333.4909,3351.8324,3312.9859,3350.1128,3329.7388,20.374,0.6119,237099353.0,317153391.5
000001.SH,20200828,3346.2893,3405.8768,3339.6494,3403.8066,3350.1128,53.6938,1.6027,271325549.0,379367046.4
000001.SH,20200831,3416.5497,3442.7363,3395.4675,3395.6775,3403.8066,-8.1291,-0.2388,323473890.0,436930125.4
000001.SH,20200901,3389.7424,3410.6068,3381.7108,3410.6068,3395.6775,14.9293,0.4397,246999249.0,326850955.3
000001.SH,20200902,3420.4693,3421.3959,3377.2111,3404.8017,3410.6068,-5.8051,-0.1702,261546319.0,345638982.3
000001.SH,20200903,3404.0319,3425.6294,3374.2634,3384.9806,3404.8017,-19.8211,-0.5822,255346279.0,350706563.9
000001.SH,20200904,3336.4076,3360.1061,3328.5518,3355.3666,3384.9806,-29.614,-0.8749,221636550.0,308179657.6
000001.SH,20200907,3349.9184,3368.2446,3285.6326,3292.5907,3355.3666,-62.7759,-1.8709,260616567.0,357726463.9
000001.SH,20200908,3301.2173,3324.3929,3276.4431,3316.417,3292.5907,23.8263,0.7236,271066278.0,320229901.3
000001.SH,20200909,3280.9974,3289.6148,3238.5606,3254.6279,3316.417,-61.7891,-1.8631,351509747.0,341054534.1
000001.SH,20200910,3282.232,3285.4731,3227.6435,3234.8234,3254.6279,-19.8045,-0.6085,312472804.0,309676743.6
000001.SH,20200911,3225.7836,3262.4976,3220.5363,3260.3461,3234.8234,25.5227,0.789,221698830.0,254844994.3
000001.SH,20200914,3275.9181,3283.5325,3261.1479,3278.8138,3260.3461,18.4677,0.5664,213924137.0,269219919.7
000001.SH,20200915,3277.1284,3297.6904,3263.7522,3295.6795,3278.8138,16.8657,0.5144,197684400.0,251763868.5
000001.SH,20200916,3293.1678,3302.4556,3271.075,3283.9244,3295.6795,-11.7551,-0.3567,200443364.0,242270893.5
000001.SH,20200917,3277.3238,3290.4094,3248.499,3270.435,3283.9244,-13.4894,-0.4108,202931972.0,279311053.4
000001.SH,20200918,3270.911,3338.3243,3268.526,3338.0897,3270.435,67.6547,2.0687,256260788.0,337025892.9
000001.SH,20200921,3348.8988,3350.5893,3313.0714,3316.9351,3338.0897,-21.1546,-0.6337,216503093.0,287691308.1
000001.SH,20200922,3290.6656,3320.2278,3265.7025,3274.3015,3316.9351,-42.6336,-1.2853,214015065.0,269113293.7
000001.SH,20200923,3278.8358,3289.7624,3264.8907,3279.7105,3274.3015,5.409,0.1652,169178068.0,240742428.8
000001.SH,20200924,3262.879,3265.3451,3221.2365,3223.1764,3279.7105,-56.5341,-1.7238,206736011.0,258259919.7
000001.SH,20200925,3234.3739,3239.4662,3208.0349,3219.4179,3223.1764,-3.7585,-0.1166,164822419.0,220674477.0
000001.SH,20200928,3224.9769,3238.1825,3210.8925,3217.5346,3219.4179,-1.8833,-0.0585,155982783.0,209672387.6
000001.SH,20200929,3231.8551,3242.7937,3219.7902,3224.3593,3217.5346,6.8247,0.2121,151349870.0,207307813.8
000001.SH,20200930,3232.7104,3244.9134,3202.3435,3218.0521,3224.3593,-6.3072,-0.1956,153504457.0,205762857.3
000001.SH,20201009,3262.6105,3280.5124,3260.1873,3272.0762,3218.0521,54.0241,1.6788,188325648.0,264171043.8
000001.SH,20201012,3287.3281,3359.1526,3286.1111,3358.4652,3272.0762,86.389,2.6402,259622408.0,355700113.7
000001.SH,20201013,3353.1213,3361.8315,3334.4989,3359.7499,3358.4652,1.2847,0.0383,204926103.0,288505837.5
000001.SH,20201014,3353.6247,3353.6247,3332.9635,3340.7782,3359.7499,-18.9717,-0.5647,198659382.0,281159984.7
000001.SH,20201015,3342.9222,3354.5784,3330.0014,3332.1832,3340.7782,-8.595,-0.2573,191031282.0,263848674.0
000001.SH,20201016,3334.4568,3348.9543,3319.11,3336.3582,3332.1832,4.175,0.1253,194295421.0,253448029.5
000001.SH,20201019,3351.0961,3371.0862,3307.8407,3312.6671,3336.3582,-23.6911,-0.7101,212303540.0,283882790.2
000001.SH,20201020,3307.1498,3328.1029,3293.7662,3328.1029,3312.6671,15.4358,0.466,165084762.0,227823367.1
000001.SH,20201021,3332.147,3332.147,3304.1693,3325.0247,3328.1029,-3.0782,-0.0925,177632115.0,246848139.0
000001.SH,20201022,3315.8206,3320.8787,3281.3662,3312.5005,3325.0247,-12.5242,-0.3767,165949987.0,236428248.9
000001.SH,20201023,3308.1581,3326.0489,3276.6197,3277.9972,3312.5005,-34.5033,-1.0416,174208982.0,249912883.3
000001.SH,20201026,3258.7028,3264.4464,3226.6018,3251.1188,3277.9972,-26.8784,-0.82,167731795.0,235462468.4
000001.SH,20201027,3240.7395,3258.3369,3235.5443,3254.3157,3251.1188,3.1969,0.0983,149115566.0,217487420.9
000001.SH,20201028,3256.2225,3275.8714,3238.382,3269.238,3254.3157,14.9223,0.4585,173181965.0,256213458.2
000001.SH,20201029,3235.7647,3289.7655,3231.1243,3272.7274,3269.238,3.4894,0.1067,184703589.0,278605665.2
000001.SH,20201030,3278.6312,3279.8563,3219.4216,3224.5325,3272.7274,-48.1949,-1.4726,230188803.0,328917241.6
000001.SH,20201102,3228.715,3242.8041,3209.9094,3225.1196,3224.5325,0.5871,0.0182,226779137.0,325321869.1
000001.SH,20201103,3239.8063,3278.3806,3237.8539,3271.0744,3225.1196,45.9548,1.4249,215297864.0,303730147.8
000001.SH,20201104,3273.4326,3286.6212,3254.1113,3277.4402,3271.0744,6.3658,0.1946,188514128.0,270723846.5
000001.SH,20201105,3305.5798,3320.408,3291.6,3320.1333,3277.4402,42.6931,1.3026,226801462.0,316292710.0
000001.SH,20201106,3326.4645,3326.4645,3292.1507,3312.159,3320.1333,-7.9743,-0.2402,234864132.0,325485056.7
000001.SH,20201109,3329.4285,3380.8235,3329.4285,3373.7337,3312.159,61.5747,1.8591,310219771.0,429948921.9
000001.SH,20201110,3387.6219,3387.6219,3346.1715,3360.1485,3373.7337,-13.5852,-0.4027,278701113.0,390008391.7
000001.SH,20201111,3354.0247,3365.836,3339.0407,3342.2025,3360.1485,-17.946,-0.5341,271204653.0,355802065.5
000001.SH,20201112,3344.4562,3350.2848,3329.485,3338.6788,3342.2025,-3.5237,-0.1054,216501309.0,286927436.4
000001.SH,20201113,3327.2293,3327.2293,3291.6425,3310.1046,3338.6788,-28.5742,-0.8559,227898364.0,301527966.9
000001.SH,20201116,3325.6209,3346.9692,3313.6469,3346.9692,3310.1046,36.8646,1.1137,279593761.0,333750600.1
000001.SH,20201117,3347.1513,3347.6979,3323.9506,3339.895,3346.9692,-7.0742,-0.2114,283632479.0,353623369.9
000001.SH,20201118,3337.3315,3358.8938,3333.9916,3347.3034,3339.895,7.4084,0.2218,287531259.0,358745367.4
000001.SH,20201119,3339.0864,3367.3328,3330.4496,3363.0876,3347.3034,15.7842,0.4715,253262992.0,319520194.5
000001.SH,20201120,3359.5966,3380.1489,3356.3086,3377.7267,3363.0876,14.6391,0.4353,261271219.0,312659789.1
000001.SH,20201123,3384.1039,3431.6529,3377.9862,3414.4899,3377.7267,36.7632,1.0884,373872047.0,431504375.6
000001.SH,20201124,3407.4087,3413.9263,3396.2436,3402.8225,3414.4899,-11.6674,-0.3417,300994144.0,359505804.9
000001.SH,20201125,3417.515,3423.4853,3362.3274,3362.3274,3402.8225,-40.4951,-1.19,322110207.0,383477785.2
000001.SH,20201126,3360.0609,3371.4537,3344.2822,3369.7334,3362.3274,7.406,0.2203,255886822.0,317308635.0
000001.SH,20201127,3373.8434,3408.3071,3364.4919,3408.3071,3369.7334,38.5737,1.1447,280649894.0,326069547.2
000001.SH,20201130,3418.1583,3456.7365,3391.7551,3391.7551,3408.3071,-16.552,-0.4856,384989968.0,454500571.8
000001.SH,20201201,3388.9867,3457.6354,3386.9113,3451.9384,3391.7551,60.1833,1.7744,316188980.0,385250751.3
000001.SH,20201202,3453.5181,3465.7288,3435.8712,3449.3805,3451.9384,-2.5579,-0.0741,312811114.0,383340845.1
000001.SH,20201203,3448.5403,3452.1612,3428.8044,3442.1359,3449.3805,-7.2446,-0.21,298459930.0,352422286.6
000001.SH,20201204,3436.7291,3448.4036,3417.0484,3444.5814,3442.1359,2.4455,0.071,256276705.0,329393208.3
000001.SH,20201207,3446.6478,3449.5782,3414.3142,3416.6037,3444.5814,-27.9777,-0.8122,254522508.0,336836800.3
000001.SH,20201208,3417.6936,3428.6618,3403.0263,3410.1771,3416.6037,-6.4266,-0.1881,226907328.0,304635033.5
000001.SH,20201209,3416.0782,3422.536,3371.9156,3371.964,3410.1771,-38.2131,-1.1206,260747424.0,339317806.3
000001.SH,20201210,3365.731,3384.8875,3357.7531,3373.2758,3371.964,1.3118,0.0389,247308304.0,321616357.2
000001.SH,20201211,3381.008,3383.1783,3325.172,3347.191,3373.2758,-26.0848,-0.7733,298617158.0,379848803.6
000001.SH,20201214,3349.534,3371.1291,3338.6263,3369.1201,3347.191,21.9291,0.6551,239807926.0,316229132.9
000001.SH,20201215,3366.5813,3373.5579,3348.4192,3367.2326,3369.1201,-1.8875,-0.056,225667402.0,315289741.3
000001.SH,20201216,3371.2632,3378.6626,3359.1705,3366.9832,3367.2326,-0.2494,-0.0074,220813976.0,308823385.3
000001.SH,20201217,3367.277,3406.1547,3354.0112,3404.8732,3366.9832,37.89,1.1253,275463631.0,364740477.2
000001.SH,20201218,3400.4855,3413.8134,3382.7508,3394.896,3404.8732,-9.9772,-0.293,280992641.0,354027376.9
000001.SH,20201221,3394.3945,3423.6088,3381.1158,3420.5693,3394.896,25.6733,0.7562,283759794.0,383898951.6
000001.SH,20201222,3410.9678,3415.7538,3353.8581,3356.7822,3420.5693,-63.7871,-1.8648,323037654.0,432199556.5
000001.SH,20201223,3362.4721,3394.2089,3360.2019,3382.3195,3356.7822,25.5373,0.7608,299523527.0,413254779.1
000001.SH,20201224,3382.193,3394.0746,3354.0215,3363.1133,3382.3195,-19.2062,-0.5678,275044450.0,363321144.3
000001.SH,20201225,3351.7901,3397.0066,3348.3453,3396.5626,3363.1133,33.4493,0.9946,294546895.0,359094444.7
000001.SH,20201228,3396.359,3412.5193,3383.654,3397.2854,3396.5626,0.7228,0.0213,316181542.0,398159968.8
000001.SH,20201229,3399.2939,3407.0884,3376.0876,3379.0362,3397.2854,-18.2492,-0.5372,311769185.0,382102563.8
000001.SH,20201230,3375.0086,3414.4539,3374.4156,3414.4527,3379.0362,35.4165,1.0481,291023543.0,377542350.9
000001.SH,20201231,3419.7267,3474.9182,3419.7267,3473.0693,3414.4527,58.6166,1.7167,335673926.0,450482318.9
000001.SH,20210104,3474.6793,3511.6554,3457.2061,3502.9584,3473.0693,29.8891,0.8606,380790800.0,523367700.8
000001.SH,20210105,3492.1912,3528.6767,3484.7151,3528.6767,3502.9584,25.7183,0.7342,407995934.0,568019462.2
000001.SH,20210106,3530.9072,3556.8022,3513.1262,3550.8767,3528.6767,22.2,0.6291,370230926.0,521799529.8
000001.SH,20210107,3552.9087,3576.2046,3526.6174,3576.2046,3550.8767,25.3279,0.7133,405348226.0,545709628.1
000001.SH,20210108,3577.6923,3588.0625,3544.8912,3570.1082,3576.2046,-6.0964,-0.1705,345557896.0,502170815.6
000001.SH,20210111,3571.3212,3597.7022,3516.9862,3531.4978,3570.1082,-38.6104,-1.0815,362479154.0,526895927.3
000001.SH,20210112,3518.0106,3608.3389,3517.4689,3608.3389,3531.4978,76.8411,2.1759,323406153.0,485771186.3
000001.SH,20210113,3613.281,3622.3475,3575.5945,3598.6518,3608.3389,-9.6871,-0.2685,388127791.0,554853439.1
000001.SH,20210114,3584.9324,3599.0584,3559.6001,3565.9046,3598.6518,-32.7472,-0.91,347666819.0,511325103.7
000001.SH,20210115,3566.2847,3589.2655,3533.7882,3566.3778,3565.9046,0.4732,0.0133,324612744.0,480343781.0
000001.SH,20210118,3554.7977,3608.7665,3544.2614,3596.2237,3566.3778,29.8459,0.8369,301652565.0,451740700.4
000001.SH,20210119,3596.3564,3603.1477,3553.0236,3566.3814,3596.2237,-29.8423,-0.8298,323439541.0,467402582.4
000001.SH,20210120,3564.121,3589.9624,3556.4425,3583.092,3566.3814,16.7106,0.4686,272271661.0,397144766.2
000001.SH,20210121,3590.9247,3636.2444,3585.8017,3621.2641,3583.092,38.1721,1.0653,327466995.0,469855226.6
000001.SH,20210122,3616.5401,3616.5401,3585.0339,3606.7496,3621.2641,-14.5145,-0.4008,324463084.0,485452192.4
000001.SH,20210125,3605.3611,3637.1002,3591.0204,3624.2381,3606.7496,17.4885,0.4849,327341070.0,527257347.7
000001.SH,20210126,3610.9686,3610.9686,3564.7415,3569.429,3624.2381,-54.8091,-1.5123,278139884.0,436326664.6
000001.SH,20210127,3567.5485,3578.7968,3546.492,3573.3412,3569.429,3.9122,0.1096,264107161.0,396270389.6
000001.SH,20210128,3534.6685,3549.544,3496.8788,3505.1759,3573.3412,-68.1653,-1.9076,270862461.0,391574388.0
000001.SH,20210129,3521.7175,3531.5981,3446.5471,3483.0692,3505.1759,-22.1067,-0.6307,293662664.0,416528621.0
000001.SH,20210201,3477.1715,3506.3889,3469.875,3505.2836,3483.0692,22.2144,0.6378,277567901.0,371473066.3
000001.SH,20210202,3510.8084,3535.502,3495.5681,3533.6849,3505.2836,28.4013,0.8102,264540630.0,384127851.1
000001.SH,20210203,3531.149,3544.0092,3508.5069,3517.308,3533.6849,-16.3769,-0.4635,297351716.0,413731472.0
000001.SH,20210204,3503.7785,3524.7219,3465.7706,3501.8592,3517.308,-15.4488,-0.4392,298834854.0,418742552.8
000001.SH,20210205,3509.4874,3536.5417,3492.9624,3496.3329,3501.8592,-5.5263,-0.1578,290146174.0,397391919.6
000001.SH,20210208,3504.5631,3542.2075,3492.1286,3532.4467,3496.3329,36.1138,1.0329,249799619.0,359187319.2
000001.SH,20210209,3539.7726,3604.0112,3528.6755,3603.489,3532.4467,71.0423,2.0111,253821760.0,371567972.5
000001.SH,20210210,3612.6125,3662.7655,3612.5049,3655.088,3603.489,51.599,1.4319,257940824.0,392643389.6
000001.SH,20210218,3721.0865,3731.687,3663.6637,3675.3571,3655.088,20.2691,0.5545,340309065.0,483546564.6
000001.SH,20210219,3661.7834,3699.6502,3634.0149,3696.168,3675.3571,20.8109,0.5662,361059804.0,484990205.8
000001.SH,20210222,3707.1912,3717.2669,3642.4449,3642.4449,3696.168,-53.7231,-1.4535,488821478.0,599323102.1
000001.SH,20210223,3617.7013,3672.1511,3617.7013,3636.3573,3642.4449,-6.0876,-0.1671,398873174.0,479631810.2
000001.SH,20210224,3638.9359,3645.6474,3531.5936,3564.0799,3636.3573,-72.2774,-1.9876,362158952.0,484430414.6
000001.SH,20210225,3595.5424,3608.5568,3568.4735,3585.0458,3564.0799,20.9659,0.5883,366232299.0,444735017.1
000001.SH,20210226,3514.5648,3550.4055,3500.7036,3509.0804,3585.0458,-75.9654,-2.119,333280067.0,424485913.9
000001.SH,20210301,3531.4802,3552.5665,3511.9888,3551.3998,3509.0804,42.3194,1.206,315487526.0,402477044.2
000001.SH,20210302,3566.852,3566.852,3485.3635,3508.5912,3551.3998,-42.8086,-1.2054,339830486.0,427680453.1
000001.SH,20210303,3500.1576,3577.6218,3498.7192,3576.9045,3508.5912,68.3133,1.947,347656846.0,415490345.7
000001.SH,20210304,3546.6406,3552.2024,3487.3757,3503.4916,3576.9045,-73.4129,-2.0524,393616120.0,462233734.2
000001.SH,20210305,3463.3086,3523.5682,3456.6668,3501.9867,3503.4916,-1.5049,-0.043,356409223.0,408849901.9
000001.SH,20210308,3524.983,3542.3039,3421.2153,3421.4141,3501.9867,-80.5726,-2.3008,387047954.0,453859203.3
000001.SH,20210309,3415.3391,3429.1503,3328.3119,3359.292,3421.4141,-62.1221,-1.8157,407652539.0,456196190.3
000001.SH,20210310,3389.8388,3397.0251,3354.823,3357.7372,3359.292,-1.5548,-0.0463,299749166.0,339571691.5
000001.SH,20210311,3369.9024,3436.8313,3369.9024,3436.8313,3357.7372,79.0941,2.3556,322112044.0,369805365.5
000001.SH,20210312,3447.2033,3454.5064,3417.2389,3453.0777,3436.8313,16.2464,0.4727,358027035.0,381964281.2
000001.SH,20210315,3441.882,3457.4892,3392.5089,3419.9456,3453.0777,-33.1321,-0.9595,367813293.0,381646491.3
000001.SH,20210316,3424.6524,3448.8829,3406.1746,3446.7334,3419.9456,26.7878,0.7833,316668747.0,332388484.7
000001.SH,20210317,3435.7319,3454.0562,3410.2815,3445.5509,3446.7334,-1.1825,-0.0343,280059818.0,306630472.1
000001.SH,20210318,3449.6413,3478.1447,3449.3774,3463.0681,3445.5509,17.5172,0.5084,284403891.0,316529174.1
000001.SH,20210319,3423.8733,3439.5236,3389.2929,3404.6634,3463.0681,-58.4047,-1.6865,309161716.0,339992292.8
000001.SH,20210322,3406.1227,3443.6596,3404.2341,3443.4392,3404.6634,38.7758,1.1389,312559084.0,332535035.8
000001.SH,20210323,3445.3408,3445.4159,3390.0477,3411.5088,3443.4392,-31.9304,-0.9273,326389409.0,343477167.7
000001.SH,20210324,3394.1283,3415.2949,3362.1847,3367.0606,3411.5088,-44.4482,-1.3029,317398697.0,344800038.2
000001.SH,20210325,3355.0706,3382.226,3344.9695,3363.5915,3367.0606,-3.4691,-0.103,270676097.0,290223442.6
000001.SH,20210326,3373.3171,3423.2231,3373.3171,3418.3267,3363.5915,54.7352,1.6273,274614987.0,322408619.9
000001.SH,20210329,3429.6322,3449.8338,3409.8868,3435.2958,3418.3267,16.9691,0.4964,284824243.0,327944119.7
000001.SH,20210330,3432.5288,3457.6345,3423.3154,3456.6766,3435.2958,21.3808,0.6224,285423081.0,331625651.2
000001.SH,20210331,3452.2078,3452.2078,3420.8321,3441.9115,3456.6766,-14.7651,-0.4271,283049261.0,314174120.2
000001.SH,20210401,3444.8102,3470.0311,3438.8255,3466.3315,3441.9115,24.42,0.7095,275244295.0,292651912.3
000001.SH,20210402,3472.6276,3487.5862,3462.8321,3484.3924,3466.3315,18.0609,0.521,262654873.0,317953200.8
000001.SH,20210406,3491.6336,3493.2806,3471.761,3482.9674,3484.3924,-1.425,-0.0409,234746671.0,286329672.7
000001.SH,20210407,3483.4211,3483.4211,3453.1947,3479.6256,3482.9674,-3.3418,-0.0959,295786978.0,323650987.0
000001.SH,20210408,3467.4871,3495.9086,3459.3246,3482.5548,3479.6256,2.9292,0.0842,331755329.0,348011326.8
000001.SH,20210409,3475.4434,3475.4467,3442.1392,3450.6772,3482.5548,-31.8776,-0.9154,280085196.0,306422226.3
000001.SH,20210412,3445.9696,3456.1581,3403.9012,3412.9477,3450.6772,-37.7295,-1.0934,309577239.0,338890339.6
000001.SH,20210413,3411.2928,3425.3945,3387.902,3396.47,3412.9477,-16.4777,-0.4828,270626054.0,290539879.9
000001.SH,20210414,3397.021,3420.0278,3392.9751,3416.7212,3396.47,20.2512,0.5962,233242327.0,269010070.6
000001.SH,20210415,3409.6139,3409.6139,3373.0939,3398.9875,3416.7212,-17.7337,-0.519,234005054.0,272569196.8
000001.SH,20210416,3407.188,3432.6286,3394.1344,3426.6178,3398.9875,27.6303,0.8129,258579672.0,295951094.7
000001.SH,20210419,3427.548,3479.0099,3414.3564,3477.5485,3426.6178,50.9307,1.4863,302735819.0,368472467.5
000001.SH,20210420,3467.1481,3494.2983,3463.4637,3472.9427,3477.5485,-4.6058,-0.1324,285300082.0,358982768.2
000001.SH,20210421,3456.2991,3481.2511,3450.1113,3472.9298,3472.9427,-0.0129,-0.0004,253777859.0,323914146.2
000001.SH,20210422,3482.8328,3485.3585,3456.3156,3465.1138,3472.9298,-7.816,-0.2251,251114510.0,317081034.9
000001.SH,20210423,3462.0858,3482.3587,3456.3329,3474.166,3465.1138,9.0522,0.2612,249360433.0,323015935.3
000001.SH,20210426,3484.1072,3497.1208,3438.5724,3441.1658,3474.166,-33.0002,-0.9499,276970771.0,388161675.6
000001.SH,20210427,3440.0911,3443.8538,3417.2647,3442.6111,3441.1658,1.4453,0.042,253032393.0,327046020.0
000001.SH,20210428,3432.1612,3457.0683,3423.325,3457.0683,3442.6111,14.4572,0.4199,247381120.0,349669207.3
000001.SH,20210429,3458.0819,3478.2278,3447.5878,3474.9011,3457.0683,17.8328,0.5158,276631387.0,371611589.9
000001.SH,20210430,3468.3022,3469.0872,3426.9023,3446.8564,3474.9011,-28.0447,-0.8071,312660354.0,401442334.7
000001.SH,20210506,3446.0743,3471.2396,3426.8487,3441.2826,3446.8564,-5.5738,-0.1617,310424192.0,400525169.6
000001.SH,20210507,3446.407,3457.8924,3416.7755,3418.8741,3441.2826,-22.4085,-0.6512,353785389.0,411078841.6
000001.SH,20210510,3423.5896,3429.7359,3401.9346,3427.9909,3418.8741,9.1168,0.2667,374170884.0,399717549.0
000001.SH,20210511,3406.598,3448.0959,3384.6966,3441.8454,3427.9909,13.8545,0.4042,350934112.0,390326273.8
000001.SH,20210512,3429.7544,3466.3708,3428.3944,3462.7513,3441.8454,20.9059,0.6074,311444547.0,343860406.4
000001.SH,20210513,3432.138,3448.0169,3418.3846,3429.5361,3462.7513,-33.2152,-0.9592,319325327.0,356376917.8
000001.SH,20210514,3436.0919,3490.6437,3422.5649,3490.3762,3429.5361,60.8401,1.774,336982309.0,411116942.8
000001.SH,20210517,3490.4091,3530.5055,3490.1438,3517.6158,3490.3762,27.2396,0.7804,322135969.0,424476783.4
000001.SH,20210518,3520.6488,3529.0144,3510.862,3529.0144,3517.6158,11.3986,0.324,271308558.0,336028774.7
000001.SH,20210519,3521.1097,3521.1097,3503.8151,3510.9647,3529.0144,-18.0497,-0.5115,278321117.0,349973152.3
000001.SH,20210520,3500.8773,3517.7399,3486.0662,3506.9444,3510.9647,-4.0203,-0.1145,326009333.0,390355321.5
000001.SH,20210521,3510.8353,3518.3769,3479.6744,3486.5569,3506.9444,-20.3875,-0.5813,283826285.0,356025931.3
000001.SH,20210524,3486.2711,3498.3037,3469.8746,3497.2821,3486.5569,10.7252,0.3076,289509242.0,367181627.9
000001.SH,20210525,3502.539,3584.5774,3502.4429,3581.3418,3497.2821,84.0597,2.4036,341241127.0,472213531.4
000001.SH,20210526,3586.8388,3603.4881,3585.3695,3593.357,3581.3418,12.0152,0.3355,341980288.0,455831256.7
000001.SH,20210527,3585.7337,3626.3584,3579.2601,3608.8507,3593.357,15.4937,0.4312,309551486.0,429004239.3
000001.SH,20210528,3610.7668,3622.1801,3582.358,3600.7844,3608.8507,-8.0663,-0.2235,349208830.0,452445032.0
000001.SH,20210531,3600.0702,3615.6568,3580.6524,3615.4773,3600.7844,14.6929,0.408,331523770.0,449694381.0
000001.SH,20210601,3608.5978,3626.0737,3581.9115,3624.7138,3615.4773,9.2365,0.2555,352811413.0,471663104.8
000001.SH,20210602,3626.3283,3629.2896,3584.5955,3597.1379,3624.7138,-27.5759,-0.7608,348558420.0,454678066.4
000001.SH,20210603,3595.4215,3618.5067,3584.2054,3584.2121,3597.1379,-12.9258,-0.3593,354233031.0,443506527.3
000001.SH,20210604,3565.4716,3618.8001,3561.8907,3591.8447,3584.2121,7.6326,0.213,330893038.0,435280519.9
000001.SH,20210607,3597.1413,3600.3759,3581.8988,3599.541,3591.8447,7.6963,0.2143,303718677.0,432219952.2
000001.SH,20210608,3598.7527,3621.5227,3563.2503,3580.1063,3599.541,-19.4347,-0.5399,304491470.0,443161808.0
000001.SH,20210609,3576.8015,3598.7082,3572.6364,3591.3965,3580.1063,11.2902,0.3154,298323296.0,403236322.8
000001.SH,20210610,3587.5282,3624.3433,3584.1332,3610.859,3591.3965,19.4625,0.5419,318174808.0,442117285.4
000001.SH,20210611,3614.1134,3614.4038,3587.1491,3589.7481,3610.859,-21.1109,-0.5847,360554970.0,495372693.1
000001.SH,20210615,3587.4658,3592.9465,3547.187,3556.559,3589.7481,-33.1891,-0.9246,349168566.0,444719204.2
000001.SH,20210616,3556.7139,3561.0921,3513.5592,3518.3292,3556.559,-38.2298,-1.0749,312597306.0,410609314.7
000001.SH,20210617,3508.317,3534.1976,3507.3535,3525.6042,3518.3292,7.275,0.2068,277229918.0,388761041.7
000001.SH,20210618,3520.4966,3535.6221,3503.1833,3525.0968,3525.6042,-0.5074,-0.0144,296708585.0,446297401.4
000001.SH,20210621,3515.5006,3540.2959,3504.0075,3529.1826,3525.0968,4.0858,0.1159,280898277.0,426562789.1
000001.SH,20210622,3539.7876,3560.1946,3536.812,3557.412,3529.1826,28.2294,0.7999,307536399.0,437092259.2
000001.SH,20210623,3559.3988,3577.4661,3549.8482,3566.2199,3557.412,8.8079,0.2476,310709518.0,470347635.6
000001.SH,20210624,3568.5758,3570.4874,3548.8161,3566.6539,3566.2199,0.434,0.0122,335440754.0,461273595.6
000001.SH,20210625,3567.3772,3614.2981,3564.5199,3607.5618,3566.6539,40.9079,1.147,346087832.0,483898970.9
000001.SH,20210628,3612.2469,3614.3574,3594.2174,3606.3722,3607.5618,-1.1896,-0.033,321274974.0,456029594.4
000001.SH,20210629,3601.6772,3601.8265,3570.5253,3573.1779,3606.3722,-33.1943,-0.9204,306071178.0,440898705.2
000001.SH,20210630,3572.6236,3594.1185,3569.501,3591.197,3573.1779,18.0191,0.5043,268162818.0,414698378.9
000001.SH,20210701,3600.5464,3607.7049,3573.9374,3588.7816,3591.197,-2.4154,-0.0673,291883192.0,450639037.0
000001.SH,20210702,3569.8919,3569.8919,3514.3386,3518.7595,3588.7816,-70.0221,-1.9511,291945548.0,452263194.3
000001.SH,20210705,3516.9228,3534.3222,3510.5781,3534.3222,3518.7595,15.5627,0.4423,288094837.0,445431942.1
000001.SH,20210706,3533.1304,3538.347,3496.9276,3530.2589,3534.3222,-4.0633,-0.115,314070211.0,492886901.2
000001.SH,20210707,3508.5901,3557.879,3504.4723,3553.7155,3530.2589,23.4566,0.6644,318839189.0,457607653.2
000001.SH,20210708,3557.2177,3558.6772,3521.0579,3525.5039,3553.7155,-28.2116,-0.7939,350877857.0,526858673.0
000001.SH,20210709,3512.2334,3529.3098,3485.0543,3524.0881,3525.5039,-1.4158,-0.0402,349884317.0,493020839.3
000001.SH,20210712,3545.1977,3565.0321,3527.3927,3547.8362,3524.0881,23.7481,0.6739,403639558.0,564759282.7
000001.SH,20210713,3547.5897,3567.4813,3542.8154,3566.5225,3547.8362,18.6863,0.5267,362416711.0,511917230.7
000001.SH,20210714,3560.8281,3560.8281,3525.4938,3528.5011,3566.5225,-38.0214,-1.0661,372221722.0,507716415.4
000001.SH,20210715,3519.063,3565.9347,3514.258,3564.5902,3528.5011,36.0891,1.0228,363259164.0,507481841.3
000001.SH,20210716,3559.526,3565.9992,3537.7288,3539.3038,3564.5902,-25.2864,-0.7094,366014779.0,518640630.1
000001.SH,20210719,3530.4932,3544.8793,3506.3423,3539.1225,3539.3038,-0.1813,-0.0051,336760946.0,486952459.4
000001.SH,20210720,3515.0718,3538.6361,3509.1916,3536.7905,3539.1225,-2.332,-0.0659,293780594.0,422649888.6
000001.SH,20210721,3543.0534,3569.0898,3543.0534,3562.6611,3536.7905,25.8706,0.7315,338978748.0,517239989.2
000001.SH,20210722,3563.6608,3576.4732,3558.2933,3574.7344,3562.6611,12.0733,0.3389,381067054.0,566769499.2
000001.SH,20210723,3571.7152,3571.8541,3541.5101,3550.3964,3574.7344,-24.338,-0.6808,446421246.0,604195152.7
000001.SH,20210726,3538.0143,3538.0143,3424.7424,3467.4409,3550.3964,-82.9555,-2.3365,442882203.0,639061193.8
000001.SH,20210727,3467.4473,3483.8738,3380.2763,3381.1833,3467.4409,-86.2576,-2.4876,469075443.0,702741087.5
000001.SH,20210728,3355.8189,3385.536,3312.7206,3361.5895,3381.1833,-19.5938,-0.5795,395825419.0,564697720.1
000001.SH,20210729,3403.8383,3416.6071,3382.571,3411.724,3361.5895,50.1345,1.4914,344569428.0,539748855.4
000001.SH,20210730,3398.196,3404.8813,3370.4506,3397.3574,3411.724,-14.3666,-0.4211,381440956.0,568820969.7
000001.SH,20210802,3385.6902,3464.2914,3367.643,3464.2854,3397.3574,66.928,1.97,432927871.0,657885783.9
000001.SH,20210803,3446.7841,3470.6571,3435.4619,3447.9914,3464.2854,-16.294,-0.4703,400698081.0,603419198.5
000001.SH,20210804,3442.9368,3477.5972,3440.7835,3477.2186,3447.9914,29.2272,0.8477,348744218.0,546820756.0
000001.SH,20210805,3461.7185,3486.1572,3449.3885,3466.5491,3477.2186,-10.6695,-0.3068,348436922.0,540401110.9
000001.SH,20210806,3465.4842,3466.3904,3436.9317,3458.2277,3466.5491,-8.3214,-0.24,336824400.0,516406643.1
000001.SH,20210809,3441.7502,3502.841,3438.703,3494.6348,3458.2277,36.4071,1.0528,349910094.0,539498929.6
000001.SH,20210810,3488.6642,3529.9309,3477.0641,3529.9309,3494.6348,35.2961,1.01,345112992.0,553440311.8
000001.SH,20210811,3527.1093,3544.0941,3524.0444,3532.6213,3529.9309,2.6904,0.0762,383783554.0,541942732.6
000001.SH,20210812,3522.7238,3538.396,3513.4457,3524.7374,3532.6213,-7.8839,-0.2232,381074593.0,538163449.9
000001.SH,20210813,3514.4671,3540.0799,3500.7995,3516.2989,3524.7374,-8.4385,-0.2394,378187282.0,532907854.3
000001.SH,20210816,3514.3445,3537.85,3510.8976,3517.3447,3516.2989,1.0458,0.0297,391099721.0,535458941.4
000001.SH,20210817,3512.109,3531.7249,3438.1233,3446.976,3517.3447,-70.3687,-2.0006,422885804.0,570430624.0
000001.SH,20210818,3442.3472,3487.4364,3437.6908,3485.2859,3446.976,38.3099,1.1114,389203756.0,535463068.1
000001.SH,20210819,3475.298,3480.4598,3446.0146,3465.5546,3485.2859,-19.7313,-0.5661,382383031.0,537926524.4
000001.SH,20210820,3442.5062,3453.1531,3394.9723,3427.3338,3465.5546,-38.2208,-1.1029,391136918.0,552667602.6
000001.SH,20210823,3436.7963,3481.2543,3436.6706,3477.1321,3427.3338,49.7983,1.453,384727440.0,564308155.5
000001.SH,20210824,3482.2658,3522.6973,3481.1409,3514.471,3477.1321,37.3389,1.0738,430236463.0,616084137.9
000001.SH,20210825,3517.9151,3540.3948,3510.0664,3540.3837,3514.471,25.9127,0.7373,450047019.0,598611868.7
000001.SH,20210826,3537.3139,3537.3155,3499.4529,3501.6643,3540.3837,-38.7194,-1.0936,502903147.0,622393476.0
000001.SH,20210827,3494.4176,3530.1927,3493.375,3522.1567,3501.6643,20.4924,0.5852,455345906.0,595518692.6
000001.SH,20210830,3535.0727,3539.494,3512.9929,3528.1512,3522.1567,5.9945,0.1702,512785716.0,699116242.8
000001.SH,20210831,3519.0245,3543.9402,3496.3891,3543.9402,3528.1512,15.789,0.4475,524205056.0,703504818.9
000001.SH,20210901,3543.8663,3582.3236,3514.6744,3567.1008,3543.9402,23.1606,0.6535,667276305.0,842528984.4
000001.SH,20210902,3559.9025,3597.3656,3557.6769,3597.0426,3567.1008,29.9418,0.8394,572684039.0,691113292.8
000001.SH,20210903,3602.7421,3613.948,3569.3989,3581.7344,3597.0426,-15.3082,-0.4256,614532353.0,743840780.6
000001.SH,20210906,3580.1413,3626.2865,3580.1413,3621.8593,3581.7344,40.1249,1.1203,521713276.0,654085732.9
000001.SH,20210907,3621.7099,3681.9254,3615.1444,3676.5866,3621.8593,54.7273,1.511,547721875.0,658867924.8
000001.SH,20210908,3673.4023,3695.3204,3660.9998,3675.1865,3676.5866,-1.4001,-0.0381,586436193.0,674348482.7
000001.SH,20210909,3666.8246,3693.4499,3662.1633,3693.1296,3675.1865,17.9431,0.4882,604810330.0,679465424.4
000001.SH,20210910,3691.1856,3722.8732,3681.6415,3703.1103,3693.1296,9.9807,0.2703,635200433.0,759084638.1
000001.SH,20210913,3699.2534,3716.8315,3692.8157,3715.3723,3703.1103,12.262,0.3311,557484019.0,696192354.7
000001.SH,20210914,3709.6336,3723.8451,3655.6341,3662.6015,3715.3723,-52.7708,-1.4203,564952386.0,693778088.3
000001.SH,20210915,3651.1583,3677.5265,3638.3225,3656.2232,3662.6015,-6.3783,-0.1741,474970001.0,604231544.1
000001.SH,20210916,3664.841,3677.9198,3606.7276,3607.0922,3656.2232,-49.131,-1.3438,546741474.0,673955340.4
000001.SH,20210917,3595.2715,3620.9575,3569.2707,3613.9663,3607.0922,6.8741,0.1906,516850210.0,628834394.3
000001.SH,20210922,3563.2074,3629.4539,3560.5033,3628.4897,3613.9663,14.5234,0.4019,472296053.0,559874729.6
000001.SH,20210923,3651.2661,3670.9542,3632.2822,3642.2204,3628.4897,13.7307,0.3784,534995486.0,633218929.1
000001.SH,20210924,3637.8677,3651.4294,3607.7919,3613.0673,3642.2204,-29.1531,-0.8004,507304772.0,606788609.1
000001.SH,20210927,3625.9597,3640.8077,3559.9154,3582.8307,3613.0673,-30.2366,-0.8369,510802795.0,640673648.2
000001.SH,20210928,3577.8859,3610.917,3568.8189,3602.2184,3582.8307,19.3877,0.5411,444168807.0,500081996.1
000001.SH,20210929,3573.5178,3573.5178,3518.0477,3536.2944,3602.2184,-65.924,-1.8301,452511151.0,511106926.3
000001.SH,20210930,3541.9283,3572.4259,3541.9283,3568.1668,3536.2944,31.8724,0.9013,395629626.0,445734703.1
000001.SH,20211008,3609.0874,3612.5539,3571.7338,3592.1666,3568.1668,23.9998,0.6726,407161148.0,492964826.4
000001.SH,20211011,3600.3569,3614.6988,3586.7487,3591.7087,3592.1666,-0.4579,-0.0127,394361159.0,468673831.4
000001.SH,20211012,3581.2967,3583.6391,3515.1408,3546.9362,3591.7087,-44.7725,-1.2466,405393748.0,461983492.1
000001.SH,20211013,3543.4918,3569.1332,3515.6481,3561.7623,3546.9362,14.8261,0.418,325050667.0,405020008.8
000001.SH,20211014,3555.1085,3569.6864,3547.182,3558.2795,3561.7623,-3.4828,-0.0978,294969196.0,377519263.1
000001.SH,20211015,3551.9874,3578.7661,3542.6932,3572.3662,3558.2795,14.0867,0.3959,320292984.0,425924720.9
000001.SH,20211018,3571.0482,3571.0482,3539.4779,3568.1379,3572.3662,-4.2283,-0.1184,340950616.0,455787893.4
000001.SH,20211019,3562.2955,3596.7875,3560.6221,3593.1533,3568.1379,25.0154,0.7011,334197652.0,440181531.8
000001.SH,20211020,3583.2364,3596.0499,3574.2957,3587.0009,3593.1533,-6.1524,-0.1712,344245008.0,450482950.9
000001.SH,20211021,3590.0496,3610.9602,3576.3547,3594.7831,3587.0009,7.7822,0.217,352310867.0,453571672.5
000001.SH,20211022,3594.7457,3607.5776,3578.7602,3582.6036,3594.7831,-12.1795,-0.3388,353157203.0,455441250.1
000001.SH,20211025,3574.2631,3611.0908,3564.2059,3609.8626,3582.6036,27.259,0.7609,321196816.0,443961628.8
000001.SH,20211026,3612.8332,3625.0156,3589.706,3597.6377,3609.8626,-12.2249,-0.3387,337278291.0,465179593.7
000001.SH,20211027,3589.8573,3589.8573,3553.1277,3562.3052,3597.6377,-35.3325,-0.9821,350620940.0,470777794.1
000001.SH,20211028,3548.7021,3552.0419,3509.4872,3518.4166,3562.3052,-43.8886,-1.232,378171666.0,502982768.1
000001.SH,20211029,3519.3276,3547.3361,3502.8013,3547.3361,3518.4166,28.9195,0.8219,358809377.0,527231831.4
000001.SH,20211101,3530.3963,3556.59,3519.2901,3544.4795,3547.3361,-2.8566,-0.0805,382251325.0,564100255.1
000001.SH,20211102,3543.3827,3559.0478,3477.664,3505.6283,3544.4795,-38.8512,-1.0961,417563173.0,585519469.8
000001.SH,20211103,3501.1051,3512.6089,3480.4877,3498.5368,3505.6283,-7.0915,-0.2023,306607669.0,449115126.7
000001.SH,20211104,3505.8944,3527.9517,3503.0059,3526.8657,3498.5368,28.3289,0.8097,319440829.0,468829179.6
000001.SH,20211105,3520.2073,3525.8723,3491.4565,3491.5677,3526.8657,-35.298,-1.0008,354533565.0,485823223.5
000001.SH,20211108,3491.9709,3507.2744,3484.2399,3498.6308,3491.5677,7.0631,0.2023,298183722.0,421968075.4
000001.SH,20211109,3507.1075,3514.9512,3489.0431,3507.0018,3498.6308,8.371,0.2393,287315989.0,421200703.3
000001.SH,20211110,3498.9445,3498.9445,3448.4378,3492.4616,3507.0018,-14.5402,-0.4146,307030708.0,443112742.3
000001.SH,20211111,3486.451,3534.1991,3482.8291,3532.7858,3492.4616,40.3242,1.1546,322087957.0,464803859.2
000001.SH,20211112,3534.1512,3543.648,3527.3896,3539.1002,3532.7858,6.3144,0.1787,308683354.0,443398367.0
000001.SH,20211115,3542.9034,3550.4438,3521.2924,3533.3026,3539.1002,-5.7976,-0.1638,313017612.0,464065405.7
000001.SH,20211116,3530.4575,3549.7654,3517.8065,3521.7867,3533.3026,-11.5159,-0.3259,310399909.0,444700782.8
000001.SH,20211117,3518.5646,3537.5125,3513.523,3537.3662,3521.7867,15.5795,0.4424,276735671.0,401552317.9
000001.SH,20211118,3531.4923,3537.9758,3513.1136,3520.7106,3537.3662,-16.6556,-0.4708,312426927.0,432898314.2
000001.SH,20211119,3519.2758,3561.9127,3517.6514,3560.3734,3520.7106,39.6628,1.1266,317989976.0,440593606.0
000001.SH,20211122,3562.7628,3585.1876,3562.7505,3582.0797,3560.3734,21.7063,0.6097,330009385.0,509123407.0
000001.SH,20211123,3580.5058,3598.3749,3577.3608,3589.0894,3582.0797,7.0097,0.1957,360011593.0,508083893.8
000001.SH,20211124,3590.0189,3602.7354,3575.2884,3592.7025,3589.0894,3.6131,0.1007,336775246.0,481020420.0
000001.SH,20211125,3593.3883,3597.1478,3579.5333,3584.1788,3592.7025,-8.5237,-0.2373,306451518.0,450558843.1
000001.SH,20211126,3576.1136,3576.1136,3554.8798,3564.0894,3584.1788,-20.0894,-0.5605,301000066.0,434625236.1
000001.SH,20211129,3528.672,3563.677,3526.3551,3562.6968,3564.0894,-1.3926,-0.0391,333618331.0,490038170.2
000001.SH,20211130,3570.7468,3582.115,3546.3618,3563.8872,3562.6968,1.1904,0.0334,349187938.0,493605518.0
000001.SH,20211201,3561.886,3576.8853,3558.691,3576.8853,3563.8872,12.9981,0.3647,329873517.0,467522790.6
000001.SH,20211202,3573.2468,3586.867,3567.137,3573.8358,3576.8853,-3.0495,-0.0853,354041524.0,468424828.2
000001.SH,20211203,3576.4496,3608.4698,3573.2135,3607.4322,3573.8358,33.5964,0.9401,377551048.0,493565554.8
000001.SH,20211206,3615.2356,3626.1257,3586.8052,3589.3061,3607.4322,-18.1261,-0.5025,418676743.0,528229670.8
000001.SH,20211207,3611.217,3614.2228,3572.5688,3595.0882,3589.3061,5.7821,0.1611,403842594.0,524119459.4
000001.SH,20211208,3602.824,3637.715,3591.9857,3637.5675,3595.0882,42.4793,1.1816,361036657.0,486034352.1
000001.SH,20211209,3641.1579,3688.3968,3638.7022,3673.0412,3637.5675,35.4737,0.9752,431918157.0,568529389.6
000001.SH,20211210,3654.3684,3667.8547,3651.3525,3666.3479,3673.0412,-6.6933,-0.1822,419988801.0,556324240.5
000001.SH,20211213,3686.9368,3708.9424,3678.0583,3681.082,3666.3479,14.7341,0.4019,424092009.0,574187961.7
000001.SH,20211214,3669.8067,3671.6784,3654.6561,3661.5253,3681.082,-19.5567,-0.5313,362171934.0,487468521.3
000001.SH,20211215,3655.0489,3668.4016,3645.2425,3647.6303,3661.5253,-13.895,-0.3795,377477667.0,481134370.3
000001.SH,20211216,3648.9271,3675.016,3644.6646,3675.016,3647.6303,27.3857,0.7508,381329507.0,465911359.5
000001.SH,20211217,3670.2578,3673.6535,3631.6605,3632.3638,3675.016,-42.6522,-1.1606,408487837.0,491952923.5
000001.SH,20211220,3620.0371,3643.9537,3589.3603,3593.6019,3632.3638,-38.7619,-1.0671,423851410.0,491828987.6
000001.SH,20211221,3591.4519,3627.0884,3591.4519,3625.1251,3593.6019,31.5232,0.8772,408184348.0,428379392.3
000001.SH,20211222,3632.6763,3635.8992,3616.5477,3622.6178,3625.1251,-2.5073,-0.0692,394825177.0,432451306.6
000001.SH,20211223,3625.4695,3643.5459,3618.048,3643.3391,3622.6178,20.7213,0.572,382925734.0,449988152.7
000001.SH,20211224,3645.3948,3648.9556,3612.0673,3618.0535,3643.3391,-25.2856,-0.694,390347625.0,476261146.3
000001.SH,20211227,3613.0469,3632.188,3601.9351,3615.9741,3618.0535,-2.0794,-0.0575,329235293.0,407482648.4
000001.SH,20211228,3619.6419,3631.0766,3607.3643,3630.1115,3615.9741,14.1374,0.391,316202242.0,408761369.7
000001.SH,20211229,3630.9159,3630.9159,3596.3225,3597.0002,3630.1115,-33.1113,-0.9121,305131766.0,410425339.5
000001.SH,20211230,3596.4921,3628.9177,3595.4957,3619.1886,3597.0002,22.1884,0.6169,307839291.0,413947692.8
000001.SH,20211231,3626.242,3642.843,3624.9419,3639.7754,3619.1886,20.5868,0.5688,329681932.0,433489803.1
000001.SH,20220104,3649.151,3651.8924,3610.0922,3632.3289,3639.7754,-7.4465,-0.2046,405027769.0,510251060.6
000001.SH,20220105,3628.2634,3628.2634,3583.4668,3595.1761,3632.3289,-37.1528,-1.0228,423902028.0,538963631.7
000001.SH,20220106,3581.2184,3594.489,3559.8803,3586.0792,3595.1761,-9.0969,-0.253,371540543.0,474284290.0
000001.SH,20220107,3588.9851,3607.2316,3577.0976,3579.5427,3586.0792,-6.5365,-0.1823,436306961.0,502891435.4
000001.SH,20220110,3572.7434,3593.5187,3555.1255,3593.5187,3579.5427,13.976,0.3904,356222610.0,443400848.6
000001.SH,20220111,3589.9043,3602.1454,3562.7541,3567.4409,3593.5187,-26.0778,-0.7257,359761863.0,441300566.9
000001.SH,20220112,3578.1629,3599.4993,3572.0965,3597.4321,3567.4409,29.9912,0.8407,343132956.0,435817893.0
000001.SH,20220113,3601.0265,3601.0725,3555.1576,3555.2585,3597.4321,-42.1736,-1.1723,369368365.0,457005419.3
000001.SH,20220114,3544.0652,3548.4204,3519.3222,3521.2559,3555.2585,-34.0026,-0.9564,376937024.0,463197641.9
000001.SH,20220117,3522.0851,3546.0853,3519.4257,3541.666,3521.2559,20.4101,0.5796,312886733.0,438272981.6
000001.SH,20220118,3541.8899,3579.3126,3531.3295,3569.9144,3541.666,28.2484,0.7976,377146435.0,470832038.6
000001.SH,20220119,3567.6309,3578.7348,3541.6619,3558.1796,3569.9144,-11.7348,-0.3287,333235269.0,420763364.2
000001.SH,20220120,3556.2262,3576.2594,3540.5545,3555.0629,3558.1796,-3.1167,-0.0876,379509846.0,459701843.4
000001.SH,20220121,3546.7495,3547.0003,3514.8853,3522.5679,3555.0629,-32.495,-0.914,326534880.0,417768922.6
000001.SH,20220124,3508.2441,3531.6081,3500.1391,3524.105,3522.5679,1.5371,0.0436,280268342.0,358009694.3
000001.SH,20220125,3509.2847,3519.8334,3433.0612,3433.0612,3524.105,-91.0438,-2.5835,327353813.0,383727737.5
000001.SH,20220126,3442.6916,3462.1233,3417.7585,3455.6679,3433.0612,22.6067,0.6585,275122828.0,338312361.5
000001.SH,20220127,3456.1021,3456.363,3392.0154,3394.2474,3455.6679,-61.4205,-1.7774,280606534.0,346533957.9
000001.SH,20220128,3407.5933,3417.0453,3356.5558,3361.4397,3394.2474,-32.8077,-0.9666,290855257.0,353774612.6
000001.SH,20220207,3407.7621,3434.0256,3407.7621,3429.5809,3361.4397,68.1412,2.0271,320485211.0,357140422.9
000001.SH,20220208,3428.5424,3453.1863,3390.4578,3452.6288,3429.5809,23.0479,0.672,366093865.0,387969865.7
000001.SH,20220209,3450.818,3484.739,3444.0848,3479.9458,3452.6288,27.317,0.7912,350249936.0,393719989.8
000001.SH,20220210,3481.9101,3488.8552,3464.2169,3485.9071,3479.9458,5.9613,0.1713,355666267.0,404969419.4
000001.SH,20220211,3472.2757,3500.1471,3459.3299,3462.9479,3485.9071,-22.9592,-0.6586,361356090.0,426297923.5
000001.SH,20220214,3451.8468,3457.2645,3415.4463,3428.8821,3462.9479,-34.0658,-0.9837,315274448.0,361677855.1
000001.SH,20220215,3428.0447,3447.4917,3421.6403,3446.0885,3428.8821,17.2064,0.5018,275559322.0,341638876.5
000001.SH,20220216,3457.073,3475.0576,3453.8014,3465.8305,3446.0885,19.742,0.5729,274993913.0,325563412.5
000001.SH,20220217,3464.2091,3480.9719,3454.2767,3468.0354,3465.8305,2.2049,0.0636,297262682.0,355783125.7
000001.SH,20220218,3451.6318,3490.7573,3447.0273,3490.7573,3468.0354,22.7219,0.6552,295149963.0,327220393.3
000001.SH,20220221,3488.4057,3492.1994,3471.6858,3490.6123,3490.7573,-0.145,-0.0042,301541740.0,345398586.1
000001.SH,20220222,3473.2874,3473.3931,3437.6717,3457.146,3490.6123,-33.4663,-0.9588,326279484.0,387678927.6
000001.SH,20220223,3458.5139,3490.7633,3458.1795,3489.1465,3457.146,32.0005,0.9256,325604895.0,415630339.8
000001.SH,20220224,3474.3692,3486.9773,3400.2136,3429.9564,3489.1465,-59.1901,-1.6964,488354901.0,569794044.2
000001.SH,20220225,3445.3361,3480.1756,3440.9339,3451.4061,3429.9564,21.4497,0.6254,377542556.0,441659490.6
000001.SH,20220228,3450.3155,3462.3064,3425.5162,3462.3064,3451.4061,10.9003,0.3158,345838388.0,413804526.7
000001.SH,20220301,3471.3646,3491.1317,3465.7154,3488.8347,3462.3064,26.5283,0.7662,326001662.0,412562471.2
000001.SH,20220302,3478.2925,3486.6206,3466.9999,3484.1916,3488.8347,-4.6431,-0.1331,329367684.0,380143816.2
000001.SH,20220303,3495.928,3500.2872,3473.3376,3481.1125,3484.1916,-3.0791,-0.0884,412594289.0,443621777.2
000001.SH,20220304,3459.9845,3474.8816,3437.6964,3447.649,3481.1125,-33.4635,-0.9613,393526581.0,430669055.3
000001.SH,20220307,3438.5602,3438.5602,3360.7393,3372.8552,3447.649,-74.7938,-2.1694,393588999.0,458156894.8
000001.SH,20220308,3372.5546,3383.6326,3287.3412,3293.5301,3372.8552,-79.3251,-2.3519,415926766.0,485623581.0
000001.SH,20220309,3303.706,3321.4811,3147.6768,3256.3884,3293.5301,-37.1417,-1.1277,466285569.0,519833299.6
000001.SH,20220310,3312.1789,3326.5827,3291.2352,3296.0922,3256.3884,39.7038,1.2193,378336376.0,466084008.4
000001.SH,20220311,3259.3227,3315.6603,3217.4185,3309.7467,3296.0922,13.6545,0.4143,384067127.0,458687054.7
000001.SH,20220314,3271.8902,3297.7973,3223.5328,3223.5328,3309.7467,-86.2139,-2.6048,337968687.0,418055596.1
000001.SH,20220315,3192.3637,3196.9161,3063.9652,3063.9652,3223.5328,-159.5676,-4.9501,465037164.0,508158410.1
000001.SH,20220316,3107.669,3177.7882,3023.3045,3170.7103,3063.9652,106.7451,3.4839,444667189.0,522305342.5
000001.SH,20220317,3215.0105,3260.1673,3202.9337,3215.0445,3170.7103,44.3342,1.3982,420813458.0,532549484.0
000001.SH,20220318,3207.1522,3260.7829,3197.3578,3251.0724,3215.0445,36.0279,1.1206,373035611.0,428415081.6
000001.SH,20220321,3255.6152,3267.4982,3223.3892,3253.6857,3251.0724,2.6133,0.0804,354228488.0,421076289.7
000001.SH,20220322,3249.5428,3279.1127,3239.5323,3259.8619,3253.6857,6.1762,0.1898,361196158.0,402798964.0
000001.SH,20220323,3264.7923,3279.8868,3251.9817,3271.0325,3259.8619,11.1706,0.3427,349875370.0,405422033.5
000001.SH,20220324,3256.0573,3266.8866,3236.6592,3250.2644,3271.0325,-20.7681,-0.6349,329006654.0,390727516.5
000001.SH,20220325,3247.1568,3257.1061,3211.6445,3212.2399,3250.2644,-38.0245,-1.1699,340020006.0,389770396.0
000001.SH,20220328,3185.1668,3230.2153,3159.8348,3214.5027,3212.2399,2.2628,0.0704,344994873.0,374472280.0
000001.SH,20220329,3216.0118,3229.1766,3196.4553,3203.9393,3214.5027,-10.5634,-0.3286,316273649.0,363964468.7
000001.SH,20220330,3217.5921,3266.5959,3216.3023,3266.5959,3203.9393,62.6566,1.9556,366753677.0,413008941.3
000001.SH,20220331,3256.1369,3272.04,3246.063,3252.2029,3266.5959,-14.393,-0.4406,398439934.0,428089033.6
000001.SH,20220401,3234.668,3287.2285,3226.2965,3282.7166,3252.2029,30.5137,0.9382,378210460.0,405675715.4
000001.SH,20220406,3269.427,3288.108,3255.6894,3283.4261,3282.7166,0.7095,0.0216,429642779.0,433556392.5
000001.SH,20220407,3267.8103,3290.2561,3236.4791,3236.6951,3283.4261,-46.731,-1.4232,402626660.0,398081845.5
000001.SH,20220408,3239.8767,3257.0938,3208.3521,3251.8502,3236.6951,15.1551,0.4682,413826799.0,414037258.4
000001.SH,20220411,3239.855,3239.855,3156.5066,3167.1259,3251.8502,-84.7243,-2.6054,424160185.0,435129505.1
000001.SH,20220412,3165.1197,3214.5359,3140.8998,3213.3295,3167.1259,46.2036,1.4588,418321923.0,422455849.0
000001.SH,20220413,3199.7972,3225.467,3183.533,3186.8244,3213.3295,-26.5051,-0.8248,391156925.0,398216898.5
000001.SH,20220414,3203.6337,3240.0014,3200.2346,3225.6412,3186.8244,38.8168,1.218,371242344.0,401191632.1
000001.SH,20220415,3210.6996,3229.8655,3200.1332,3211.2448,3225.6412,-14.3964,-0.4463,407842082.0,413498819.9
000001.SH,20220418,3185.9428,3204.0274,3166.9782,3195.524,3211.2448,-15.7208,-0.4896,347365123.0,366380807.9
000001.SH,20220419,3192.0924,3207.8276,3174.7138,3194.0287,3195.524,-1.4953,-0.0468,339944104.0,362769876.7
000001.SH,20220420,3189.8912,3191.8315,3142.0485,3151.0498,3194.0287,-42.9789,-1.3456,362047037.0,373572708.1
000001.SH,20220421,3138.4276,3160.8994,3069.6809,3079.8077,3151.0498,-71.2421,-2.2609,391934694.0,396542033.9
000001.SH,20220422,3058.4044,3105.6552,3049.3555,3086.9193,3079.8077,7.1116,0.2309,342000563.0,348793631.1
000001.SH,20220425,3034.2667,3043.8156,2928.5096,2928.5118,3086.9193,-158.4075,-5.1316,433606108.0,427077210.4
000001.SH,20220426,2930.4532,2957.68,2878.2563,2886.4257,2928.5118,-42.0861,-1.4371,401615154.0,395985961.3
000001.SH,20220427,2866.8161,2959.1781,2863.6497,2958.282,2886.4257,71.8563,2.4895,423060191.0,422928346.5
000001.SH,20220428,2945.8109,2991.5101,2936.7941,2975.4848,2958.282,17.2028,0.5815,375371775.0,388743021.9
000001.SH,20220429,2986.0606,3048.4941,2968.334,3047.0624,2975.4848,71.5776,2.4056,423932794.0,440422728.8
000001.SH,20220505,3044.8491,3082.2295,3042.1155,3067.7587,3047.0624,20.6963,0.6792,383072875.0,409352003.2
000001.SH,20220506,3011.3187,3030.6926,2992.7152,3001.5605,3067.7587,-66.1982,-2.1579,343264218.0,346214397.7
000001.SH,20220509,2990.199,3015.9425,2983.6119,3004.1409,3001.5605,2.5804,0.086,292061556.0,299983258.9
000001.SH,20220510,2965.7759,3043.7789,2957.3968,3035.8442,3004.1409,31.7033,1.0553,370660980.0,384012598.375
000001.SH,20220511,3035.3893,3100.8998,3034.6745,3058.7027,3035.8442,22.8585,0.753,423991912.0,472963382.2
000001.SH,20220512,3044.7997,3072.1574,3032.9452,3054.994,3058.7027,-3.7087,-0.1213,344440477.0,368879652.3
000001.SH,20220513,3068.0331,3086.0957,3059.2527,3084.2845,3054.994,29.2905,0.9588,331737852.0,340942192.7
000001.SH,20220516,3100.55,3102.577,3063.3977,3073.7488,3084.2845,-10.5357,-0.3416,338108492.0,348957705.5
000001.SH,20220517,3076.4982,3093.6965,3057.6406,3093.6965,3073.7488,19.9477,0.649,330356537.0,351671298.5
000001.SH,20220518,3095.8862,3105.8419,3071.305,3085.9768,3093.6965,-7.7197,-0.2495,315037923.0,338849162.2
000001.SH,20220519,3046.7104,3096.9648,3042.6742,3096.9648,3085.9768,10.988,0.3561,336600749.0,360018210.7
000001.SH,20220520,3107.0941,3146.5673,3107.0941,3146.5673,3096.9648,49.6025,1.6016,372336636.0,415306218.2
000001.SH,20220523,3150.4898,3150.5093,3127.8986,3146.8573,3146.5673,0.29,0.0092,353376325.0,381178569.2
000001.SH,20220524,3149.059,3153.1299,3070.9272,3070.9272,3146.8573,-75.9301,-2.4129,416312158.0,438605376.5
000001.SH,20220525,3070.1702,3107.6279,3069.9459,3107.4641,3070.9272,36.5369,1.1898,342259227.0,342322167.7
000001.SH,20220526,3111.4817,3133.2767,3079.4812,3123.1079,3107.4641,15.6438,0.5034,370305518.0,377364655.3
000001.SH,20220527,3135.0315,3151.047,3112.5443,3130.2394,3123.1079,7.1315,0.2283,359463866.0,372631595.5
000001.SH,20220530,3141.956,3150.8923,3123.1495,3149.0607,3130.2394,18.8213,0.6013,349362285.0,376667694.2
000001.SH,20220531,3149.9443,3188.6026,3142.0044,3186.4271,3149.0607,37.3664,1.1866,374523265.0,432528021.9
000001.SH,20220601,3179.6949,3190.6094,3160.0399,3182.1566,3186.4271,-4.2705,-0.134,365664432.0,402419941.2
000001.SH,20220602,3170.3055,3197.2818,3163.7555,3195.458,3182.1566,13.3014,0.418,361770632.0,413729263.9
000001.SH,20220606,3196.9552,3237.071,3181.647,3236.3719,3195.458,40.9139,1.2804,422027835.0,517314346.9
000001.SH,20220607,3235.416,3253.093,3222.6354,3241.7635,3236.3719,5.3916,0.1666,402203220.0,482203196.9
000001.SH,20220608,3245.0173,3266.6298,3216.0148,3263.7934,3241.7635,22.0299,0.6796,434183270.0,508408534.9
000001.SH,20220609,3259.4899,3270.5571,3223.4751,3238.9543,3263.7934,-24.8391,-0.7611,422728372.0,468458214.3
000001.SH,20220610,3214.1848,3286.6195,3210.8083,3284.8341,3238.9543,45.8798,1.4165,439865730.0,504153681.1
000001.SH,20220613,3256.275,3272.9906,3229.3089,3255.5511,3284.8341,-29.283,-0.8915,438578312.0,511966171.8
000001.SH,20220614,3224.2141,3289.1343,3195.8192,3288.9066,3255.5511,33.3555,1.0246,450388187.0,513844989.5
000001.SH,20220615,3289.1036,3358.5453,3288.8512,3305.4066,3288.9066,16.5,0.5017,550584131.0,621972527.7
000001.SH,20220616,3306.8353,3319.689,3277.5306,3285.3845,3305.4066,-20.0221,-0.6057,433220868.0,506053993.8
000001.SH,20220617,3265.5124,3323.2797,3262.8936,3316.7857,3285.3845,31.4012,0.9558,395300700.0,497252170.2
000001.SH,20220620,3315.7833,3333.9025,3292.9279,3315.4302,3316.7857,-1.3555,-0.0409,413460410.0,527751758.0
000001.SH,20220621,3313.7874,3329.39,3279.8269,3306.7186,3315.4302,-8.7116,-0.2628,394456891.0,471793645.4
000001.SH,20220622,3309.1184,3311.0209,3266.5427,3267.2016,3306.7186,-39.517,-1.1951,375529782.0,440850994.3
000001.SH,20220623,3269.0545,3320.1487,3262.2939,3320.1487,3267.2016,52.9471,1.6206,400614211.0,474200107.5
000001.SH,20220624,3324.736,3356.7145,3322.9496,3349.747,3320.1487,29.5983,0.8915,390819734.0,509615998.5
000001.SH,20220627,3364.003,3393.3091,3364.003,3379.1852,3349.747,29.4382,0.8788,414117738.0,541573846.1
000001.SH,20220628,3377.6793,3412.1017,3358.8666,3409.2103,3379.1852,30.0251,0.8885,412056516.0,525512509.3
000001.SH,20220629,3399.6779,3414.6467,3358.4676,3361.5177,3409.2103,-47.6926,-1.3989,440573559.0,561306976.8
000001.SH,20220630,3358.9338,3417.0085,3358.9338,3398.6161,3361.5177,37.0984,1.1036,381243178.0,510307202.9
000001.SH,20220701,3400.2616,3404.0523,3378.3621,3387.6373,3398.6161,-10.9788,-0.323,350489299.0,458435288.5
000001.SH,20220704,3381.8194,3405.6185,3364.0947,3405.4267,3387.6373,17.7894,0.5251,357737919.0,489347955.3
000001.SH,20220705,3411.1297,3424.8366,3372.0623,3404.0252,3405.4267,-1.4015,-0.0412,411699672.0,516605703.9
000001.SH,20220706,3391.0265,3391.0265,3333.0965,3355.3497,3404.0252,-48.6755,-1.4299,384630047.0,487474666.9
000001.SH,20220707,3353.1283,3375.8595,3332.3092,3364.398,3355.3497,9.0483,0.2697,334400202.0,438203112.9
000001.SH,20220708,3380.3686,3386.3149,3354.1209,3356.0778,3364.398,-8.3202,-0.2473,322921072.0,421883933.1
000001.SH,20220711,3341.1016,3341.1016,3297.005,3313.584,3356.0778,-42.4938,-1.2662,342669193.0,424942266.3
000001.SH,20220712,3307.2211,3319.2512,3277.0794,3281.4665,3313.584,-32.1175,-0.9693,334600539.0,410950560.7
000001.SH,20220713,3279.6025,3297.0185,3266.4811,3284.2918,3281.4665,2.8253,0.0861,331845669.0,394134617.5
000001.SH,20220714,3277.4545,3299.2512,3261.4934,3281.744,3284.2918,-2.5478,-0.0776,355926432.0,431969353.5
000001.SH,20220715,3261.3826,3288.9198,3228.0609,3228.0609,3281.744,-53.6831,-1.6358,380156371.0,460877019.1
000001.SH,20220718,3235.0881,3278.4715,3226.2315,3278.1033,3228.0609,50.0424,1.5502,348346022.0,423357272.3
000001.SH,20220719,3278.7221,3283.9295,3256.0152,3279.4313,3278.1033,1.328,0.0405,315651918.0,396042358.3
000001.SH,20220720,3291.5507,3308.3472,3287.7441,3304.7243,3279.4313,25.293,0.7713,301515123.0,383422746.8
000001.SH,20220721,3297.6614,3300.5345,3272.0012,3272.0012,3304.7243,-32.7231,-0.9902,332358707.0,420696576.7
000001.SH,20220722,3276.1966,3293.6439,3246.7313,3269.9739,3272.0012,-2.0273,-0.062,300690066.0,383576011.6
000001.SH,20220725,3269.707,3273.1836,3243.0311,3250.388,3269.9739,-19.5859,-0.599,271245744.0,348281871.0
000001.SH,20220726,3254.1852,3282.4133,3246.044,3277.4356,3250.388,27.0476,0.8321,259468676.0,334421587.0
000001.SH,20220727,3271.7825,3282.5739,3265.7267,3275.7553,3277.4356,-1.6803,-0.0513,249131485.0,339768241.1
000001.SH,20220728,3287.5019,3305.7057,3277.1078,3282.5758,3275.7553,6.8205,0.2082,288055056.0,395925555.5
000001.SH,20220729,3282.8114,3294.8045,3246.3677,3253.2382,3282.5758,-29.3376,-0.8937,307331047.0,410553093.4
000001.SH,20220801,3246.6161,3264.3041,3225.5533,3259.9585,3253.2382,6.7203,0.2066,292204805.0,399000239.7
000001.SH,20220802,3231.2621,3231.2621,3155.1866,3186.2664,3259.9585,-73.6921,-2.2605,394176168.0,475962696.2
000001.SH,20220803,3188.8906,3217.5496,3159.457,3163.6741,3186.2664,-22.5923,-0.7091,324885673.0,455409764.9
000001.SH,20220804,3179.4278,3190.9992,3155.7039,3189.0391,3163.6741,25.365,0.8018,260898943.0,371146916.1
000001.SH,20220805,3195.2274,3228.8863,3184.4549,3227.0267,3189.0391,37.9876,1.1912,274683729.0,414055641.5
000001.SH,20220808,3218.8511,3237.9693,3214.0826,3236.9337,3227.0267,9.907,0.307,254268050.0,392277178.5
000001.SH,20220809,3235.7351,3248.7718,3227.5394,3247.4318,3236.9337,10.4981,0.3243,259605467.0,391415560.3
000001.SH,20220810,3242.3622,3253.1662,3217.8065,3230.02,3247.4318,-17.4118,-0.5362,257583592.0,390066120.1
000001.SH,20220811,3243.4716,3281.6654,3237.9041,3281.6654,3230.02,51.6454,1.5989,300605376.0,427399149.6
000001.SH,20220812,3275.77,3288.2233,3272.8406,3276.8877,3281.6654,-4.7777,-0.1456,299932928.0,403906156.3
000001.SH,20220815,3268.3653,3286.891,3261.8151,3276.087,3276.8877,-0.8007,-0.0244,287106773.0,387257744.6
000001.SH,20220816,3278.6756,3295.0226,3271.5703,3277.8847,3276.087,1.7977,0.0549,303592274.0,409210082.3
000001.SH,20220817,3282.1008,3295.9976,3263.3483,3292.526,3277.8847,14.6413,0.4467,326124759.0,423859011.4
000001.SH,20220818,3286.3669,3289.1415,3270.5584,3277.5438,3292.526,-14.9822,-0.455,301694778.0,418075199.7
000001.SH,20220819,3275.6229,3286.4911,3258.0637,3258.0784,3277.5438,-19.4654,-0.5939,333535471.0,457863361.1
000001.SH,20220822,3249.7046,3278.1655,3247.187,3277.7943,3258.0784,19.7159,0.6051,314537869.0,427653295.8
000001.SH,20220823,3274.427,3284.5963,3262.6331,3276.2234,3277.7943,-1.5709,-0.0479,316566356.0,418311744.0
000001.SH,20220824,3279.1716,3281.8752,3212.386,3215.2033,3276.2234,-61.0201,-1.8625,366140577.0,458360278.4
000001.SH,20220825,3223.4645,3248.3505,3199.1242,3246.2481,3215.2033,31.0448,0.9656,336196165.0,419464277.0
000001.SH,20220826,3250.6276,3266.2737,3232.2766,3236.2226,3246.2481,-10.0255,-0.3088,309927554.0,397556251.3
000001.SH,20220829,3203.1022,3240.7275,3198.996,3240.7275,3236.2226,4.5049,0.1392,297015097.0,363729979.8
000001.SH,20220830,3240.1835,3243.746,3212.6346,3227.2203,3240.7275,-13.5072,-0.4168,294318914.0,353775673.8
000001.SH,20220831,3216.5257,3232.0158,3184.3936,3202.1378,3227.2203,-25.0825,-0.7772,344408829.0,431758007.4
000001.SH,20220901,3196.5367,3214.5583,3181.6256,3184.9797,3202.1378,-17.1581,-0.5358,274660541.0,336978641.2
000001.SH,20220902,3189.6439,3198.2812,3173.7929,3186.4781,3184.9797,1.4984,0.047,250456911.0,313337604.1
000001.SH,20220905,3183.946,3199.9118,3172.0394,3199.9118,3186.4781,13.4337,0.4216,280675633.0,339591536.3
000001.SH,20220906,3207.933,3244.6353,3203.8161,3243.4466,3199.9118,43.5348,1.3605,318869689.0,378636070.3
000001.SH,20220907,3232.1368,3253.7671,3227.8225,3246.2943,3243.4466,2.8477,0.0878,301014466.0,368608741.5
000001.SH,20220908,3245.557,3253.7005,3233.8007,3235.5862,3246.2943,-10.7081,-0.3299,281680358.0,328657091.6
000001.SH,20220909,3241.1809,3266.1974,3236.5078,3262.0542,3235.5862,26.468,0.818,283827665.0,338566713.3
000001.SH,20220913,3272.0492,3278.1659,3259.6644,3263.7972,3262.0542,1.743,0.0534,276189823.0,339021890.6
000001.SH,20220914,3224.6783,3250.8024,3221.9609,3237.5419,3263.7972,-26.2553,-0.8044,255193365.0,306452822.2
000001.SH,20220915,3248.9721,3254.1789,3174.3899,3199.9187,3237.5419,-37.6232,-1.1621,325206121.0,392490591.5
000001.SH,20220916,3189.8265,3191.8265,3126.3972,3126.3977,3199.9187,-73.521,-2.2976,316475893.0,355085342.9
000001.SH,20220919,3122.7549,3135.5565,3101.2207,3115.6019,3126.3977,-10.7958,-0.3453,249113662.0,289918817.1
000001.SH,20220920,3127.8356,3140.0252,3114.0368,3122.4058,3115.6019,6.8039,0.2184,219942534.0,268600300.2
000001.SH,20220921,3116.0065,3129.8245,3091.2966,3117.1774,3122.4058,-5.2284,-0.1674,232972496.0,269513754.5
000001.SH,20220922,3098.7682,3125.6797,3092.8189,3108.9096,3117.1774,-8.2678,-0.2652,221140689.0,269978597.6
000001.SH,20220923,3106.8055,3124.6583,3072.2409,3088.3695,3108.9096,-20.5401,-0.6607,243057719.0,285552915.2
000001.SH,20220926,3067.5689,3102.6544,3048.5143,3051.226,3088.3695,-37.1435,-1.2027,262698628.0,293536440.8
000001.SH,20220927,3056.3917,3094.0389,3048.365,3093.8618,3051.226,42.6358,1.3973,232735303.0,290065702.7
000001.SH,20220928,3089.0975,3089.0975,3044.864,3045.0668,3093.8618,-48.795,-1.5772,230098650.0,276039741.6
000001.SH,20220929,3067.4727,3076.7615,3026.0792,3041.2046,3045.0668,-3.8622,-0.1268,230030416.0,276441059.4
000001.SH,20220930,3042.1664,3054.6129,3021.9309,3024.3905,3041.2046,-16.8141,-0.5529,204115336.0,240262768.4
000001.SH,20221010,3026.9354,3029.4478,2968.281,2974.1454,3024.3905,-50.2451,-1.6613,243404828.0,290120024.2
000001.SH,20221011,2978.0617,2986.9116,2953.4953,2979.7926,2974.1454,5.6472,0.1899,208635950.0,246715637.0
000001.SH,20221012,2976.7168,3025.5055,2934.0922,3025.5055,2979.7926,45.7129,1.5341,248013557.0,306871328.8
000001.SH,20221013,3008.3016,3036.2485,3004.4963,3016.3561,3025.5055,-9.1494,-0.3024,249683281.0,317764786.7
000001.SH,20221014,3035.0341,3084.2724,3035.0341,3071.9868,3016.3561,55.6307,1.8443,277304061.0,372050694.6
000001.SH,20221017,3060.5176,3087.1944,3052.7149,3084.9423,3071.9868,12.9555,0.4217,262608618.0,349214469.7
000001.SH,20221018,3094.9272,3099.9182,3074.2162,3080.9574,3084.9423,-3.9849,-0.1292,245634757.0,326002905.4
000001.SH,20221019,3073.2616,3081.3903,3044.3777,3044.3777,3080.9574,-36.5797,-1.1873,230895310.0,313108348.7
000001.SH,20221020,3029.3028,3070.2648,3013.6929,3035.0504,3044.3777,-9.3273,-0.3064,244736145.0,340091337.8
000001.SH,20221021,3038.0358,3055.4157,3026.9603,3038.9291,3035.0504,3.8787,0.1278,245254122.0,315110985.8
000001.SH,20221024,3034.7458,3064.4211,2965.1675,2977.5554,3038.9291,-61.3737,-2.0196,298085356.0,394725942.5
000001.SH,20221025,2969.156,3001.715,2944.2607,2976.283,2977.5554,-1.2724,-0.0427,255554160.0,337519280.8
000001.SH,20221026,2977.5643,3028.3478,2977.5643,2999.5036,2976.283,23.2206,0.7802,268689492.0,372845274.6
000001.SH,20221027,3005.0373,3017.2629,2981.6889,2982.9029,2999.5036,-16.6007,-0.5534,265608254.0,381330371.1
000001.SH,20221028,2967.0221,2974.236,2908.9831,2915.9257,2982.9029,-66.9772,-2.2454,292531308.0,385261361.9
000001.SH,20221031,2893.1962,2926.015,2885.0894,2893.4829,2915.9257,-22.4428,-0.7697,301994203.0,396654162.1
000001.SH,20221101,2899.4985,2969.1995,2896.7572,2969.1995,2893.4829,75.7166,2.6168,319809578.0,431015902.9
000001.SH,20221102,2960.6465,3019.0486,2954.9478,3003.3699,2969.1995,34.1704,1.1508,325078248.0,457581522.0
000001.SH,20221103,2981.2038,3003.7207,2977.7162,2997.8057,3003.3699,-5.5642,-0.1853,259348567.0,370653283.8
000001.SH,20221104,2996.9971,3081.5903,2996.9971,3070.7964,2997.8057,72.9907,2.4348,329806740.0,458770093.7
000001.SH,20221107,3062.859,3088.1927,3054.4571,3077.817,3070.7964,7.0206,0.2286,320567097.0,424429131.5
000001.SH,20221108,3077.3056,3078.276,3047.4624,3064.4928,3077.817,-13.3242,-0.4329,256522007.0,338966942.0
000001.SH,20221109,3064.4633,3073.9183,3046.1881,3048.1676,3064.4928,-16.3252,-0.5327,235637324.0,306860895.7
000001.SH,20221110,3031.6915,3047.9803,3022.8506,3036.1318,3048.1676,-12.0358,-0.3949,270371798.0,335925917.7
000001.SH,20221111,3099.65,3117.7419,3070.3007,3087.2926,3036.1318,51.1608,1.6851,409604534.0,513784597.3
000001.SH,20221114,3100.8669,3121.4056,3075.2152,3083.4013,3087.2926,-3.8913,-0.126,361788216.0,454546731.4
000001.SH,20221115,3081.1349,3135.5903,3074.4982,3134.0778,3083.4013,50.6765,1.6435,331470577.0,446460007.9
000001.SH,20221116,3133.6504,3145.7526,3115.3453,3119.9804,3134.0778,-14.0974,-0.4498,303429844.0,386992905.1
000001.SH,20221117,3110.9649,3115.4351,3087.1737,3115.4347,3119.9804,-4.5457,-0.1457,287028407.0,377900109.3
000001.SH,20221118,3116.7291,3126.7107,3096.8858,3097.2432,3115.4347,-18.1915,-0.5839,299954276.0,389207386.5
000001.SH,20221121,3078.0569,3085.2426,3056.1703,3085.0444,3097.2432,-12.1988,-0.3939,256045549.0,345025496.5
000001.SH,20221122,3084.2328,3118.1197,3076.3214,3088.9426,3085.0444,3.8982,0.1264,327565927.0,374142821.1
000001.SH,20221123,3084.7403,3108.2438,3075.3241,3096.9073,3088.9426,7.9647,0.2578,326155449.0,356400844.3
000001.SH,20221124,3104.0955,3113.2392,3084.8554,3089.3096,3096.9073,-7.5977,-0.2453,267482928.0,308190185.8
000001.SH,20221125,3085.4611,3111.4214,3077.9671,3101.6932,3089.3096,12.3836,0.4009,311431979.0,325426338.4
000001.SH,20221128,3055.2899,3080.1843,3034.7045,3078.5485,3101.6932,-23.1447,-0.7462,305811284.0,338549350.8
000001.SH,20221129,3096.1126,3152.0027,3096.1126,3149.7478,3078.5485,71.1993,2.3128,391449748.0,439102619.3
000001.SH,20221130,3141.3992,3158.5732,3137.3687,3151.3353,3149.7478,1.5875,0.0504,372718321.0,404504379.3
000001.SH,20221201,3187.9899,3198.4088,3164.5348,3165.4711,3151.3353,14.1358,0.4486,387013056.0,462184974.0
000001.SH,20221202,3160.5789,3170.898,3149.8406,3156.1442,3165.4711,-9.3269,-0.2946,307812484.0,366318678.8
000001.SH,20221205,3181.9155,3213.4395,3177.0642,3211.8144,3156.1442,55.6702,1.7639,447398437.0,479203617.4
000001.SH,20221206,3200.275,3224.822,3195.0788,3212.5334,3211.8144,0.719,0.0224,373590296.0,435248700.2
000001.SH,20221207,3204.9352,3226.0817,3188.6705,3199.6194,3212.5334,-12.914,-0.402,354113078.0,402146133.1
000001.SH,20221208,3196.0156,3206.7151,3187.2566,3197.3499,3199.6194,-2.2695,-0.0709,320969294.0,364935622.7
000001.SH,20221209,3197.1183,3212.1059,3182.9068,3206.9502,3197.3499,9.6003,0.3003,373343209.0,447750222.0
000001.SH,20221212,3195.868,3196.7247,3176.5752,3179.0417,3206.9502,-27.9085,-0.8703,333381792.0,394919615.2
000001.SH,20221213,3179.4354,3187.2035,3171.4827,3176.3255,3179.0417,-2.7162,-0.0854,285821200.0,333539763.0
000001.SH,20221214,3178.5542,3189.835,3168.5925,3176.5253,3176.3255,0.1998,0.0063,265623569.0,333950671.1
000001.SH,20221215,3177.1995,3179.1,3158.4515,3168.6478,3176.5253,-7.8775,-0.248,243023333.0,305204998.6
000001.SH,20221216,3156.1349,3175.3526,3151.6089,3167.8576,3168.6478,-0.7902,-0.0249,259771795.0,307227738.4
000001.SH,20221219,3165.3092,3170.2552,3096.0981,3107.115,3167.8576,-60.7426,-1.9175,278513541.0,307934621.5
000001.SH,20221220,3098.9532,3100.7477,3061.5098,3073.7659,3107.115,-33.3491,-1.0733,218836766.0,261716073.4
000001.SH,20221221,3078.3312,3085.7951,3060.5542,3068.4105,3073.7659,-5.3554,-0.1742,189067920.0,226852792.6
000001.SH,20221222,3085.8004,3096.2449,3044.5991,3054.4313,3068.4105,-13.9792,-0.4556,223639537.0,266315477.4
000001.SH,20221223,3038.8416,3061.867,3031.5358,3045.8664,3054.4313,-8.5649,-0.2804,192020305.0,233335246.2
000001.SH,20221226,3048.1963,3071.8363,3047.3491,3065.5626,3045.8664,19.6962,0.6467,206503893.0,255470265.3
000001.SH,20221227,3077.7469,3098.0783,3074.3133,3095.5678,3065.5626,30.0052,0.9788,222218322.0,267946785.4
000001.SH,20221228,3088.6174,3098.6496,3079.4338,3087.3997,3095.5678,-8.1681,-0.2639,224554151.0,260508525.7
000001.SH,20221229,3076.7264,3086.0048,3064.4594,3073.7016,3087.3997,-13.6981,-0.4437,215570676.0,253916981.2
000001.SH,20221230,3084.5226,3096.3135,3082.1964,3089.2579,3073.7016,15.5563,0.5061,217545344.0,250355950.9
000001.SH,20230103,3087.513,3119.8556,3073.054,3116.5119,3089.2579,27.254,0.8822,281370362.0,331392138.9
000001.SH,20230104,3117.5711,3129.0937,3109.4512,3123.5164,3116.5119,7.0045,0.2248,273313626.0,316391228.7
000001.SH,20230105,3132.7614,3159.427,3130.23,3155.2162,3123.5164,31.6998,1.0149,257003018.0,335635934.5
000001.SH,20230106,3155.0747,3170.7418,3151.8407,3157.6365,3155.2162,2.4203,0.0767,257380255.0,338539843.7
000001.SH,20230109,3169.3737,3183.583,3165.4282,3176.0845,3157.6365,18.448,0.5842,258115218.0,342693771.0
000001.SH,20230110,3178.022,3178.1569,3165.1446,3169.5072,3176.0845,-6.5773,-0.2071,232984175.0,310357698.6
000001.SH,20230111,3172.3759,3184.757,3160.8896,3161.8376,3169.5072,-7.6696,-0.242,237742869.0,309248892.9
000001.SH,20230112,3167.273,3171.5905,3153.4038,3163.4509,3161.8376,1.6133,0.051,216671305.0,275371843.3
000001.SH,20230113,3170.3548,3195.3067,3167.5098,3195.3059,3163.4509,31.855,1.007,220226897.0,288062499.1
000001.SH,20230116,3198.5189,3251.3739,3197.3186,3227.5916,3195.3059,32.2857,1.0104,306749549.0,413219641.0
000001.SH,20230117,3229.4354,3231.2645,3211.7573,3224.2448,3227.5916,-3.3468,-0.1037,226592230.0,302611778.5
000001.SH,20230118,3227.5947,3234.8169,3220.3703,3224.406,3224.2448,0.1612,0.005,212109730.0,266068176.7
000001.SH,20230119,3221.5179,3240.2794,3210.3825,3240.2794,3224.406,15.8734,0.4923,226465030.0,296815557.3
000001.SH,20230120,3247.2031,3267.0579,3247.2031,3264.8138,3240.2794,24.5344,0.7572,273219182.0,329028168.4
000001.SH,20230130,3308.8694,3310.4903,3266.758,3269.318,3264.8138,4.5042,0.138,353325829.0,453177014.1
000001.SH,20230131,3266.1442,3277.2524,3252.0145,3255.6692,3269.318,-13.6488,-0.4175,300162957.0,375260749.6
000001.SH,20230201,3262.1961,3284.9224,3245.4113,3284.9213,3255.6692,29.2521,0.8985,339509410.0,413395187.7
000001.SH,20230202,3291.7828,3295.7636,3272.414,3285.6705,3284.9213,0.7492,0.0228,333413133.0,428662803.4
000001.SH,20230203,3275.6578,3275.6578,3235.3533,3263.4059,3285.6705,-22.2646,-0.6776,293342814.0,378648523.0
000001.SH,20230206,3244.7007,3250.3514,3226.2112,3238.6978,3263.4059,-24.7081,-0.7571,267053107.0,349127264.9
000001.SH,20230207,3245.2297,3250.033,3233.8334,3248.094,3238.6978,9.3962,0.2901,250946450.0,321257641.9
000001.SH,20230208,3251.5006,3257.114,3230.4393,3232.1063,3248.094,-15.9877,-0.4922,234530481.0,293332736.1
000001.SH,20230209,3227.7278,3270.3826,3225.7724,3270.3826,3232.1063,38.2763,1.1843,254754529.0,351760831.7
000001.SH,20230210,3266.4367,3269.9944,3247.2296,3260.6734,3270.3826,-9.7092,-0.2969,260626926.0,341749872.0
000001.SH,20230213,3256.9881,3285.0913,3252.6327,3284.1599,3260.6734,23.4865,0.7203,297213188.0,397011413.4
000001.SH,20230214,3288.9742,3293.7338,3279.1894,3293.2825,3284.1599,9.1226,0.2778,270974168.0,355558052.4
000001.SH,20230215,3294.015,3296.1995,3274.5505,3280.4919,3293.2825,-12.7906,-0.3884,269939123.0,357621816.1
000001.SH,20230216,3281.7352,3308.8279,3231.3421,3249.0295,3280.4919,-31.4624,-0.9591,380863545.0,468382512.2
000001.SH,20230217,3244.7325,3262.4729,3223.2581,3224.0243,3249.0295,-25.0052,-0.7696,278451237.0,355625842.5
000001.SH,20230220,3230.4728,3291.0388,3225.8427,3290.3383,3224.0243,66.314,2.0569,325007733.0,397720315.3
000001.SH,20230221,3291.6312,3308.7908,3282.436,3306.5236,3290.3383,16.1853,0.4919,324409449.0,390691271.6
000001.SH,20230222,3292.0489,3307.0343,3286.7207,3291.1477,3306.5236,-15.3759,-0.465,255403985.0,320515620.0
000001.SH,20230223,3293.5219,3307.4385,3275.3621,3287.477,3291.1477,-3.6707,-0.1115,262324304.0,334364534.4
000001.SH,20230224,3287.2553,3288.3922,3253.9748,3267.1597,3287.477,-20.3173,-0.618,234206306.0,308004347.7
000001.SH,20230227,3256.9998,3276.5791,3251.7213,3258.0344,3267.1597,-9.1253,-0.2793,242855344.0,324605090.9
000001.SH,20230228,3265.742,3280.4154,3246.1446,3279.6053,3258.0344,21.5709,0.6621,251625032.0,318030137.3
000001.SH,20230301,3279.1364,3315.1604,3272.0351,3312.3478,3279.6053,32.7425,0.9984,318398704.0,384387413.8
000001.SH,20230302,3308.0113,3320.7441,3306.4554,3310.6536,3312.3478,-1.6942,-0.0511,328520016.0,389390626.9
000001.SH,20230303,3314.7727,3330.6046,3302.6231,3328.3927,3310.6536,17.7391,0.5358,343996919.0,388860006.7
000001.SH,20230306,3332.0235,3333.0619,3308.7255,3322.0259,3328.3927,-6.3668,-0.1913,340530446.0,431616811.1
000001.SH,20230307,3320.211,3342.8585,3284.4099,3285.0988,3322.0259,-36.9271,-1.1116,389957956.0,430081145.2
000001.SH,20230308,3271.8798,3283.2479,3263.6927,3283.2479,3285.0988,-1.8509,-0.0563,260443547.0,312822175.7
000001.SH,20230309,3285.9427,3289.06,3259.9999,3276.0937,3283.2479,-7.1542,-0.2179,264021859.0,328825695.5
000001.SH,20230310,3255.5121,3262.147,3229.4959,3230.0766,3276.0937,-46.0171,-1.4046,281135410.0,342198577.6
000001.SH,20230313,3228.1239,3268.6955,3228.1239,3268.6955,3230.0766,38.6189,1.1956,294928087.0,364414206.5
000001.SH,20230314,3261.9219,3262.0025,3216.9927,3245.3123,3268.6955,-23.3832,-0.7154,319906033.0,409976276.1
000001.SH,20230315,3261.0284,3273.1232,3256.8566,3263.3148,3245.3123,18.0025,0.5547,305168798.0,373276384.4
000001.SH,20230316,3244.4699,3257.433,3224.7223,3226.8912,3263.3148,-36.4236,-1.1162,327389632.0,392910208.4
000001.SH,20230317,3245.2604,3279.9228,3240.157,3250.546,3226.8912,23.6548,0.7331,343001022.0,431983057.7
000001.SH,20230320,3253.9302,3267.9931,3231.6459,3234.9103,3250.546,-15.6357,-0.481,392517391.0,480292404.9
000001.SH,20230321,3240.8388,3255.9997,3237.8934,3255.6505,3234.9103,20.7402,0.6411,301810779.0,388047055.9
000001.SH,20230322,3263.4129,3279.3938,3255.7394,3265.7475,3255.6505,10.097,0.3101,290840462.0,382509081.3
000001.SH,20230323,3258.7791,3286.6491,3252.9917,3286.6491,3265.7475,20.9016,0.64,306118393.0,426564792.6
000001.SH,20230324,3282.739,3282.739,3260.8444,3265.6537,3286.6491,-20.9954,-0.6388,324513337.0,430761598.9
000001.SH,20230327,3261.8235,3261.8235,3229.7037,3251.3971,3265.6537,-14.2566,-0.4366,337861206.0,453585768.7
000001.SH,20230328,3256.6023,3264.0978,3241.7368,3245.376,3251.3971,-6.0211,-0.1852,295682660.0,396882943.4
000001.SH,20230329,3253.6212,3254.5564,3229.5848,3240.0568,3245.376,-5.3192,-0.1639,296900508.0,405542776.9
000001.SH,20230330,3243.0683,3263.7379,3220.9846,3261.2485,3240.0568,21.1917,0.6541,299898295.0,401634271.1
000001.SH,20230331,3263.4061,3278.4231,3260.0396,3272.8602,3261.2485,11.6117,0.3561,283613746.0,396689286.3
000001.SH,20230403,3277.34,3299.7321,3276.4158,3296.396,3272.8602,23.5358,0.7191,357676775.0,513390565.5
000001.SH,20230404,3297.183,3312.5615,3290.9925,3312.5578,3296.396,16.1618,0.4903,385871617.0,555811064.0
000001.SH,20230406,3302.751,3314.5262,3296.055,3312.628,3312.5578,0.0702,0.0021,327155424.0,506500167.2
000001.SH,20230407,3312.4813,3328.8455,3308.061,3327.6457,3312.628,15.0177,0.4533,283032247.0,436372798.9
000001.SH,20230410,3331.5051,3332.7152,3309.9171,3315.3578,3327.6457,-12.2879,-0.3693,340819845.0,516434325.4
000001.SH,20230411,3317.0771,3317.4484,3298.2498,3313.5705,3315.3578,-1.7873,-0.0539,320566055.0,466895849.3
000001.SH,20230412,3316.8623,3330.7079,3315.3991,3327.1816,3313.5705,13.6111,0.4108,343025315.0,482066170.1
000001.SH,20230413,3321.2733,3334.4697,3309.2515,3318.3638,3327.1816,-8.8178,-0.265,347862106.0,477587943.4
000001.SH,20230414,3326.3704,3340.0764,3316.8101,3338.1525,3318.3638,19.7887,0.5963,338299275.0,478345417.5
000001.SH,20230417,3337.0605,3385.6095,3336.3881,3385.6095,3338.1525,47.457,1.4217,402809926.0,523790271.0
000001.SH,20230418,3379.2267,3396.1745,3375.7803,3393.3312,3385.6095,7.7217,0.2281,348399486.0,474287388.9
000001.SH,20230419,3391.3549,3394.959,3364.6419,3370.1283,3393.3312,-23.2029,-0.6838,346123443.0,476496941.0
000001.SH,20230420,3367.0525,3371.3679,3344.016,3367.031,3370.1283,-3.0973,-0.0919,350354965.0,499672394.2
000001.SH,20230421,3363.9987,3367.6093,3301.2575,3301.2575,3367.031,-65.7735,-1.9535,387395098.0,530517857.8
000001.SH,20230424,3300.8125,3303.0908,3264.9349,3275.413,3301.2575,-25.8445,-0.7829,354255626.0,473265986.3
000001.SH,20230425,3276.403,3288.5685,3229.4461,3264.8717,3275.413,-10.5413,-0.3218,380895729.0,494240131.4
000001.SH,20230426,3255.2171,3277.9797,3239.9893,3264.1006,3264.8717,-0.7711,-0.0236,357917842.0,480418149.4
000001.SH,20230427,3256.2278,3299.301,3253.1117,3285.8844,3264.1006,21.7838,0.6674,341590534.0,466175350.4
000001.SH,20230428,3283.1224,3324.8808,3283.1224,3323.2746,3285.8844,37.3902,1.1379,401554785.0,514904620.7
000001.SH,20230504,3306.4827,3352.7463,3302.0275,3350.4587,3323.2746,27.1841,0.818,483364916.0,550494850.3
000001.SH,20230505,3350.6538,3364.1417,3321.1872,3334.5028,3350.4587,-15.9559,-0.4762,436504494.0,499294430.5
000001.SH,20230508,3340.9904,3400.1766,3340.9904,3395.0036,3334.5028,60.5008,1.8144,534103659.0,564661993.5
000001.SH,20230509,3402.3938,3418.9534,3356.1183,3357.6707,3395.0036,-37.3329,-1.0996,573013309.0,619108477.5
000001.SH,20230510,3347.7015,3349.7213,3305.2506,3319.1506,3357.6707,-38.5201,-1.1472,451739731.0,489553667.3
000001.SH,20230511,3323.6583,3333.2496,3307.2887,3309.5512,3319.1506,-9.5994,-0.2892,354258271.0,401313953.4
000001.SH,20230512,3304.4582,3319.1307,3271.4311,3272.3619,3309.5512,-37.1893,-1.1237,347314983.0,387081199.3
000001.SH,20230515,3269.8781,3310.7367,3235.8679,3310.7367,3272.3619,38.3748,1.1727,388045887.0,431706863.3
000001.SH,20230516,3310.1607,3317.9012,3282.4918,3290.9874,3310.7367,-19.7493,-0.5965,322479410.0,385386011.2
000001.SH,20230517,3281.9664,3298.519,3269.8936,3284.232,3290.9874,-6.7554,-0.2053,285744050.0,340482661.5
000001.SH,20230518,3288.4112,3313.8622,3284.1679,3297.3199,3284.232,13.0879,0.3985,309967472.0,368435071.0
000001.SH,20230519,3288.8911,3302.3424,3268.2242,3283.5417,3297.3199,-13.7782,-0.4179,285404064.0,359507956.5
000001.SH,20230522,3278.596,3308.5325,3276.5398,3296.4696,3283.5417,12.9279,0.3937,273889998.0,342448401.6
000001.SH,20230523,3294.7877,3298.2257,3246.238,3246.238,3296.4696,-50.2316,-1.5238,275279083.0,324667932.9
000001.SH,20230524,3237.7045,3237.7045,3204.3813,3204.7494,3246.238,-41.4886,-1.2781,288720257.0,342677325.7
000001.SH,20230525,3197.3644,3207.021,3168.5716,3201.2605,3204.7494,-3.4889,-0.1089,283588925.0,347709231.7
000001.SH,20230526,3198.8825,3220.7737,3179.8217,3212.5038,3201.2605,11.2433,0.3512,261700479.0,333319266.0
000001.SH,20230529,3219.7553,3230.9706,3208.955,3221.4484,3212.5038,8.9446,0.2784,297389487.0,377875996.1
000001.SH,20230530,3214.6728,3230.6317,3186.6256,3224.2133,3221.4484,2.7649,0.0858,303532460.0,376622572.9
000001.SH,20230531,3214.6551,3216.3597,3190.2736,3204.5644,3224.2133,-19.6489,-0.6094,294573338.0,384999190.2
000001.SH,20230601,3196.1547,3225.093,3189.5174,3204.6345,3204.5644,0.0701,0.0022,312330759.0,400981483.2
000001.SH,20230602,3212.4489,3233.9916,3211.737,3230.0686,3204.6345,25.4341,0.7937,294667098.0,377507927.7
000001.SH,20230605,3231.8108,3244.1801,3221.6254,3232.441,3230.0686,2.3724,0.0734,278060203.0,357810090.6
000001.SH,20230606,3228.4068,3247.349,3189.2692,3195.3404,3232.441,-37.1006,-1.1478,308285872.0,387492228.8
000001.SH,20230607,3197.4677,3210.3295,3188.0053,3197.7587,3195.3404,2.4183,0.0757,258063400.0,331083866.7
000001.SH,20230608,3194.8348,3225.5263,3180.5354,3213.5855,3197.7587,15.8268,0.4949,293530741.0,353551633.2
000001.SH,20230609,3213.033,3231.4055,3206.1027,3231.4055,3213.5855,17.82,0.5545,314155501.0,413341768.4
000001.SH,20230612,3225.3049,3239.4368,3210.7135,3228.8336,3231.4055,-2.5719,-0.0796,313784444.0,403241619.6
000001.SH,20230613,3223.8958,3235.0854,3215.4989,3233.6734,3228.8336,4.8398,0.1499,280628454.0,377193491.4
000001.SH,20230614,3238.1189,3248.4609,3226.7743,3228.9887,3233.6734,-4.6847,-0.1449,303537260.0,404009517.8
000001.SH,20230615,3230.4512,3252.9751,3229.1452,3252.9751,3228.9887,23.9864,0.7428,313255752.0,437522981.5
000001.SH,20230616,3256.2989,3276.5522,3255.4988,3273.3341,3252.9751,20.359,0.6259,326281846.0,444375632.4
000001.SH,20230619,3271.1635,3271.1635,3251.7789,3255.8057,3273.3341,-17.5284,-0.5355,327753047.0,455226178.2
000001.SH,20230620,3252.5435,3252.8435,3237.7857,3240.3648,3255.8057,-15.4409,-0.4743,298260596.0,433243981.5
000001.SH,20230621,3230.1142,3236.3626,3197.9011,3197.9011,3240.3648,-42.4637,-1.3105,294377372.0,406234561.4
000001.SH,20230626,3177.2293,3181.0758,3144.2484,3150.6189,3197.9011,-47.2822,-1.4785,308129811.0,398859657.4
000001.SH,20230627,3153.3132,3194.4086,3148.2657,3189.4427,3150.6189,38.8238,1.2323,287604327.0,354487810.6
000001.SH,20230628,3183.4865,3192.6589,3157.1229,3189.3758,3189.4427,-0.0669,-0.0021,276231948.0,360118192.5
000001.SH,20230629,3185.4242,3196.5025,3179.5251,3182.3812,3189.3758,-6.9946,-0.2193,250340074.0,340636710.9
000001.SH,20230630,3178.9242,3212.9928,3177.9913,3202.0623,3182.3812,19.6811,0.6184,265379873.0,359739563.4
000001.SH,20230703,3209.1623,3246.8605,3209.1623,3243.975,3202.0623,41.9127,1.3089,312371395.0,421353472.4
000001.SH,20230704,3241.2305,3246.9576,3233.9895,3245.3492,3243.975,1.3742,0.0424,279248721.0,387115944.1
000001.SH,20230705,3240.0486,3241.8353,3218.6022,3222.9469,3245.3492,-22.4023,-0.6903,264016426.0,351234984.7
000001.SH,20230706,3215.8633,3229.4799,3199.7164,3205.5748,3222.9469,-17.3721,-0.539,246119032.0,320808312.6
000001.SH,20230707,3197.4716,3212.0472,3189.2114,3196.6092,3205.5748,-8.9656,-0.2797,255688469.0,313607453.2
000001.SH,20230710,3208.7349,3216.5348,3192.6579,3203.6958,3196.6092,7.0866,0.2217,236560367.0,311462495.6
000001.SH,20230711,3211.1222,3221.6804,3200.3845,3221.3666,3203.6958,17.6708,0.5516,227600467.0,309950254.7
000001.SH,20230712,3220.3758,3224.3312,3193.4366,3196.1337,3221.3666,-25.2329,-0.7833,271423386.0,365433182.3
000001.SH,20230713,3202.6992,3238.4675,3202.6992,3236.48,3196.1337,40.3463,1.2623,276620508.0,373242517.8
000001.SH,20230714,3240.9695,3248.3849,3233.9985,3237.7012,3236.48,1.2212,0.0377,273327494.0,368337829.1
000001.SH,20230717,3219.0162,3219.0162,3195.8862,3209.6298,3237.7012,-28.0714,-0.867,250208376.0,322074497.1
000001.SH,20230718,3206.786,3210.2482,3190.0049,3197.8201,3209.6298,-11.8097,-0.3679,235030259.0,307331649.3
000001.SH,20230719,3195.0085,3204.3612,3181.5611,3198.8358,3197.8201,1.0157,0.0318,217355860.0,281206091.2
000001.SH,20230720,3201.9111,3209.0554,3165.6739,3169.522,3198.8358,-29.3138,-0.9164,238932891.0,302376024.1
000001.SH,20230721,3163.421,3185.6357,3157.3335,3167.7452,3169.522,-1.7768,-0.0561,225331363.0,280673190.4
000001.SH,20230724,3157.4694,3178.7335,3151.1252,3164.1608,3167.7452,-3.5844,-0.1132,216595211.0,260119088.9
000001.SH,20230725,3201.4575,3231.7486,3201.4575,3231.5213,3164.1608,67.3605,2.1289,348617714.0,410846601.1
000001.SH,20230726,3228.0873,3229.8921,3212.8801,3223.0279,3231.5213,-8.4934,-0.2628,317206051.0,328306929.4
000001.SH,20230727,3225.4763,3245.6028,3210.4699,3216.6709,3223.0279,-6.357,-0.1972,327118867.0,332145068.3
000001.SH,20230728,3206.741,3280.2777,3200.9939,3275.9257,3216.6709,59.2548,1.8421,411068434.0,436923617.4
000001.SH,20230731,3287.2089,3322.1291,3281.0133,3291.0398,3275.9257,15.1141,0.4614,459030994.0,511505348.4
000001.SH,20230801,3288.7604,3305.3402,3279.5656,3290.9493,3291.0398,-0.0905,-0.0027,459890833.0,441023318.6
000001.SH,20230802,3281.8583,3290.8203,3252.3036,3261.6903,3290.9493,-29.259,-0.8891,405341499.0,388952704.0
000001.SH,20230803,3254.5651,3280.8636,3247.2719,3280.4626,3261.6903,18.7723,0.5755,384691317.0,389530672.0
000001.SH,20230804,3296.0944,3315.0492,3281.7343,3288.0842,3280.4626,7.6216,0.2323,470927697.0,497188089.4
000001.SH,20230807,3276.7756,3276.7756,3258.5372,3268.8311,3288.0842,-19.2531,-0.5855,360341484.0,393056934.2
000001.SH,20230808,3260.7218,3274.5186,3246.6745,3260.6196,3268.8311,-8.2115,-0.2512,316520733.0,355750325.3
000001.SH,20230809,3251.1521,3257.0816,3240.2888,3244.4867,3260.6196,-16.1329,-0.4948,271218538.0,309778299.6
000001.SH,20230810,3242.2057,3257.0298,3234.1158,3254.5597,3244.4867,10.073,0.3105,287412142.0,307263291.7
000001.SH,20230811,3254.4751,3254.4751,3189.248,3189.248,3254.5597,-65.3117,-2.0068,330137750.0,339187129.8
000001.SH,20230814,3159.7138,3180.5067,3141.6551,3178.4272,3189.248,-10.8208,-0.3393,299840327.0,322632054.4
000001.SH,20230815,3180.5579,3186.234,3147.3459,3176.1758,3178.4272,-2.2514,-0.0708,273251922.0,300827985.4
000001.SH,20230816,3164.7019,3176.626,3149.7226,3150.1277,3176.1758,-26.0481,-0.8201,281728292.0,303611332.6
000001.SH,20230817,3137.3514,3167.4457,3123.2495,3163.7393,3150.1277,13.6116,0.4321,294692586.0,320785474.1
000001.SH,20230818,3165.0998,3179.1159,3131.953,3131.953,3163.7393,-31.7863,-1.0047,294390352.0,320449006.9
000001.SH,20230821,3125.9897,3134.9571,3092.9777,3092.9777,3131.953,-38.9753,-1.2444,265753423.0,293721061.6
000001.SH,20230822,3103.7807,3126.7838,3074.5307,3120.3338,3092.9777,27.3561,0.8845,309316335.0,348637687.6
000001.SH,20230823,3116.2661,3116.3765,3077.6056,3078.4021,3120.3338,-41.9317,-1.3438,272244124.0,297986364.4
000001.SH,20230824,3085.9107,3106.1824,3072.9511,3082.2439,3078.4021,3.8418,0.1248,300024637.0,332447831.3
000001.SH,20230825,3068.615,3085.047,3053.0373,3064.0747,3082.2439,-18.1692,-0.5895,293347686.0,317757173.4
000001.SH,20230828,3219.0432,3219.0432,3089.1194,3098.6363,3064.0747,34.5616,1.128,485607764.0,517234120.9
000001.SH,20230829,3091.9379,3145.761,3090.4377,3135.8867,3098.6363,37.2504,1.2022,398875780.0,443979437.0
000001.SH,20230830,3144.4067,3153.689,3126.9024,3137.1375,3135.8867,1.2508,0.0399,347511867.0,414729469.6
000001.SH,20230831,3134.5529,3139.9801,3113.9459,3119.8764,3137.1375,-17.2611,-0.5502,313448242.0,362507128.8
000001.SH,20230901,3126.0234,3143.8457,3123.1896,3133.2467,3119.8764,13.3703,0.4286,292310992.0,334739632.9
000001.SH,20230904,3145.9435,3177.0603,3143.3793,3177.0603,3133.2467,43.8136,1.3983,366391140.0,404500273.0
000001.SH,20230905,3169.7384,3169.7384,3150.0753,3154.3693,3177.0603,-22.691,-0.7142,294061849.0,342760613.4
000001.SH,20230906,3147.1363,3162.1547,3136.8998,3158.0769,3154.3693,3.7076,0.1175,267002230.0,324001129.7
000001.SH,20230907,3152.2028,3152.2662,3120.8229,3122.3523,3158.0769,-35.7246,-1.1312,269264733.0,317186963.3
000001.SH,20230908,3114.2296,3126.0412,3104.6743,3116.7191,3122.3523,-5.6332,-0.1804,228125064.0,270006714.9
000001.SH,20230911,3119.6101,3155.1026,3113.8164,3142.779,3116.7191,26.0599,0.8361,290442917.0,351883736.0
000001.SH,20230912,3140.3409,3147.5141,3134.3176,3137.0593,3142.779,-5.7197,-0.182,234672051.0,281897501.8
000001.SH,20230913,3137.7718,3143.7577,3106.9693,3123.0669,3137.0593,-13.9924,-0.446,249701038.0,282015557.2
000001.SH,20230914,3124.8482,3135.025,3111.8588,3126.5511,3123.0669,3.4842,0.1116,263990138.0,281641855.5
000001.SH,20230915,3133.5883,3141.9642,3107.448,3117.7434,3126.5511,-8.8077,-0.2817,292026365.0,326091455.9
000001.SH,20230918,3110.4404,3128.7009,3098.496,3125.9319,3117.7434,8.1885,0.2626,259444257.0,299644725.4
000001.SH,20230919,3123.9862,3131.1298,3113.5254,3124.9567,3125.9319,-0.9752,-0.0312,253652761.0,274062664.4
000001.SH,20230920,3118.6671,3122.1277,3108.1578,3108.5679,3124.9567,-16.3888,-0.5244,228124462.0,243019998.7
000001.SH,20230921,3103.1754,3113.4939,3084.701,3084.701,3108.5679,-23.8669,-0.7678,228659100.0,243536277.5
000001.SH,20230922,3084.7567,3132.5578,3078.8007,3132.4316,3084.701,47.7306,1.5473,285978351.0,321443778.9
000001.SH,20230925,3131.2079,3131.2079,3112.1505,3115.6071,3132.4316,-16.8245,-0.5371,258071885.0,294635829.6
000001.SH,20230926,3114.0214,3120.2889,3102.2726,3102.2726,3115.6071,-13.3345,-0.428,222644313.0,270006131.0
000001.SH,20230927,3104.0395,3125.447,3103.8441,3107.3156,3102.2726,5.043,0.1626,240495830.0,293421022.4
000001.SH,20230928,3117.7549,3121.8352,3105.9397,3110.4753,3107.3156,3.1597,0.1017,236329981.0,288396222.8
000001.SH,20231009,3099.9998,3103.3597,3072.6418,3096.9224,3110.4753,-13.5529,-0.4357,264422205.0,302662162.1
000001.SH,20231010,3104.3651,3109.9822,3073.1864,3075.2361,3096.9224,-21.6863,-0.7003,255327379.0,293653291.7
000001.SH,20231011,3085.6989,3095.6594,3071.936,3078.9556,3075.2361,3.7195,0.121,259918692.0,326562386.2
000001.SH,20231012,3101.7051,3109.9898,3092.1771,3107.9007,3078.9556,28.9451,0.9401,274827998.0,325865894.4
000001.SH,20231013,3091.9972,3094.9153,3080.5481,3088.0991,3107.9007,-19.8016,-0.6371,255085235.0,309538085.3
000001.SH,20231016,3091.0647,3091.1257,3063.6856,3073.813,3088.0991,-14.2861,-0.4626,263882363.0,314394203.0
000001.SH,20231017,3076.4283,3084.0725,3064.8897,3083.4964,3073.813,9.6834,0.315,259019588.0,300026228.5
000001.SH,20231018,3076.5796,3076.5796,3057.0588,3058.7098,3083.4964,-24.7866,-0.8038,268647155.0,310306035.8
000001.SH,20231019,3043.1955,3043.1955,3004.7745,3005.3934,3058.7098,-53.3164,-1.7431,304038910.0,355069177.0
000001.SH,20231020,2995.3575,3006.2746,2977.1731,2983.0585,3005.3934,-22.3349,-0.7432,267113594.0,307388393.3
000001.SH,20231023,2969.7858,2973.6611,2923.5113,2939.2913,2983.0585,-43.7672,-1.4672,278904128.0,304028962.5
000001.SH,20231024,2944.3105,2964.7605,2929.0883,2962.2437,2939.2913,22.9524,0.7809,310985389.0,339902176.9
000001.SH,20231025,2986.4066,2993.2951,2972.4177,2974.1135,2962.2437,11.8698,0.4007,332392004.0,362846635.5
000001.SH,20231026,2960.1038,2990.3277,2956.006,2988.2992,2974.1135,14.1857,0.477,291814511.0,332258828.0
000001.SH,20231027,2978.4026,3029.2101,2974.8802,3017.7842,2988.2992,29.485,0.9867,321803717.0,385692318.1
000001.SH,20231030,3009.6104,3028.2641,3002.3477,3021.5534,3017.7842,3.7692,0.1249,360604238.0,439587974.8
000001.SH,20231031,3019.646,3023.0014,3006.6088,3018.7706,3021.5534,-2.7828,-0.0921,319859967.0,386277226.4
000001.SH,20231101,3038.1821,3038.3303,3013.933,3023.0765,3018.7706,4.3059,0.1426,280110445.0,347121456.5
000001.SH,20231102,3028.6647,3038.6422,3009.121,3009.4058,3023.0765,-13.6707,-0.4522,268794581.0,311936400.8
000001.SH,20231103,3012.4654,3040.9807,3012.4654,3030.7977,3009.4058,21.3919,0.7108,268486347.0,329300477.5
000001.SH,20231106,3047.1301,3058.9891,3037.6941,3058.4105,3030.7977,27.6128,0.9111,372949630.0,447638159.9
000001.SH,20231107,3052.9202,3064.5771,3042.4689,3057.2697,3058.4105,-1.1408,-0.0373,326853455.0,401065573.9
000001.SH,20231108,3051.1531,3062.991,3037.2888,3052.3726,3057.2697,-4.8971,-0.1602,335677834.0,415289260.1
000001.SH,20231109,3047.6532,3063.4674,3045.8336,3053.2792,3052.3726,0.9066,0.0297,315621764.0,388556747.1
000001.SH,20231110,3043.5585,3044.0007,3027.0878,3038.9699,3053.2792,-14.3093,-0.4687,285546497.0,346913084.5
000001.SH,20231113,3044.0319,3048.6209,3028.168,3046.5329,3038.9699,7.563,0.2489,290430588.0,344120017.2
000001.SH,20231114,3046.8171,3059.5294,3044.4259,3056.0703,3046.5329,9.5374,0.3131,294844733.0,358249840.2
000001.SH,20231115,3077.0291,3080.1284,3064.3464,3072.8348,3056.0703,16.7645,0.5486,304250107.0,389515978.0
000001.SH,20231116,3066.8554,3071.4522,3050.9257,3050.9257,3072.8348,-21.9091,-0.713,271079460.0,329364382.7
000001.SH,20231117,3043.617,3055.8561,3033.7472,3054.3655,3050.9257,3.4398,0.1127,267606393.0,328568598.8
000001.SH,20231120,3056.9268,3072.5134,3043.5148,3068.3191,3054.3655,13.9536,0.4568,287556998.0,367109310.2
000001.SH,20231121,3074.8281,3089.7738,3063.3449,3067.9328,3068.3191,-0.3863,-0.0126,330733102.0,391558034.9
000001.SH,20231122,3060.4984,3067.9625,3043.611,3043.611,3067.9328,-24.3218,-0.7928,289056490.0,330385482.7
000001.SH,20231123,3041.6779,3062.8665,3034.2969,3061.8562,3043.611,18.2452,0.5995,276592059.0,315612515.6
000001.SH,20231124,3060.3306,3060.3306,3037.2012,3040.9717,3061.8562,-20.8845,-0.6821,287788413.0,311509355.9
000001.SH,20231127,3038.1864,3038.3578,3015.0076,3031.7002,3040.9717,-9.2715,-0.3049,310517868.0,350705835.5
000001.SH,20231128,3028.5983,3039.6945,3020.2306,3038.5545,3031.7002,6.8543,0.2261,268920746.0,317303697.7
000001.SH,20231129,3038.4641,3038.9767,3017.6611,3021.6874,3038.5545,-16.8671,-0.5551,277956448.0,322141206.1
000001.SH,20231130,3021.1025,3030.9086,3013.7678,3029.6727,3021.6874,7.9853,0.2643,282945357.0,326755696.1
000001.SH,20231201,3027.353,3035.7599,3010.2333,3031.6358,3029.6727,1.9631,0.0648,286089700.0,335547176.4
000001.SH,20231204,3033.298,3038.9794,3022.3477,3022.9138,3031.6358,-8.722,-0.2877,288162053.0,344279696.0
000001.SH,20231205,3017.0102,3017.0102,2972.2959,2972.2959,3022.9138,-50.6179,-1.6745,293943278.0,340454488.1
000001.SH,20231206,2966.9475,2985.3143,2959.603,2968.9334,2972.2959,-3.3625,-0.1131,294104187.0,336218906.4
000001.SH,20231207,2965.6523,2976.0148,2949.1438,2966.2061,2968.9334,-2.7273,-0.0919,296243687.0,348039624.0
000001.SH,20231208,2965.3901,2980.8344,2962.327,2969.5594,2966.2061,3.3533,0.1131,369138705.0,423492311.9
000001.SH,20231211,2956.2905,2995.6698,2930.422,2991.4385,2969.5594,21.8791,0.7368,360216344.0,405351583.2
000001.SH,20231212,2986.3282,3003.7455,2980.4462,3003.4378,2991.4385,11.9993,0.4011,287638762.0,333170576.4
000001.SH,20231213,2997.3358,2997.3358,2968.7606,2968.7606,3003.4378,-34.6772,-1.1546,282754098.0,331476614.7
000001.SH,20231214,2979.699,2986.1773,2958.066,2958.9856,2968.7606,-9.775,-0.3293,271457650.0,312658124.6
000001.SH,20231215,2966.3015,2976.3094,2940.0266,2942.5568,2958.9856,-16.4288,-0.5552,289327642.0,322083690.8
000001.SH,20231218,2936.5751,2951.1479,2924.3254,2930.8036,2942.5568,-11.7532,-0.3994,293086999.0,304915893.0
000001.SH,20231219,2928.7631,2940.5014,2914.1253,2932.3908,2930.8036,1.5872,0.0542,265926980.0,283234126.2
000001.SH,20231220,2932.1186,2937.1011,2902.0395,2902.1096,2932.3908,-30.2812,-1.0326,265562454.0,290838402.1
000001.SH,20231221,2892.0201,2924.2562,2882.0195,2918.7149,2902.1096,16.6053,0.5722,282541827.0,315943775.5
000001.SH,20231222,2919.2879,2935.7002,2906.5094,2914.7752,2918.7149,-3.9397,-0.135,296628367.0,327498019.6
000001.SH,20231225,2909.8751,2920.6323,2903.987,2918.8126,2914.7752,4.0374,0.1385,229814178.0,261487251.0
000001.SH,20231226,2917.9708,2917.9708,2892.8373,2898.8787,2918.8126,-19.9339,-0.6829,228140855.0,260220552.8
000001.SH,20231227,2900.1491,2917.9564,2890.165,2914.6138,2898.8787,15.7351,0.5428,247900882.0,279048608.0
000001.SH,20231228,2913.1096,2961.6476,2909.3886,2954.7035,2914.6138,40.0897,1.3755,339213116.0,392449073.5
000001.SH,20231229,2950.8372,2975.0319,2950.0173,2974.9348,2954.7035,20.2313,0.6847,290672687.0,349002967.3
000001.SH,20240102,2972.775,2976.2682,2962.2762,2962.2762,2974.9348,-12.6586,-0.4255,304141793.0,345950729.2
000001.SH,20240103,2957.1117,2971.2834,2953.2901,2967.2472,2962.2762,4.971,0.1678,285455945.0,321018391.3
000001.SH,20240104,2965.5087,2966.6828,2936.6347,2954.3486,2967.2472,-12.8986,-0.4347,264980924.0,296291346.9
000001.SH,20240105,2949.8221,2967.9677,2916.7206,2929.1833,2954.3486,-25.1653,-0.8518,301040239.0,325917001.2
000001.SH,20240108,2923.457,2924.4559,2887.5379,2887.5379,2929.1833,-41.6454,-1.4217,270275055.0,290730589.6
000001.SH,20240109,2887.1095,2900.7266,2878.4123,2893.2513,2887.5379,5.7134,0.1979,262955975.0,294446373.7
000001.SH,20240110,2886.9807,2903.1621,2870.4155,2877.7023,2893.2513,-15.549,-0.5374,244046526.0,281192192.4
000001.SH,20240111,2873.7982,2896.1788,2867.7223,2886.6502,2877.7023,8.9479,0.3109,267050764.0,298552532.9
000001.SH,20240112,2880.0399,2904.1743,2878.8752,2881.9769,2886.6502,-4.6733,-0.1619,261602931.0,282877466.3
000001.SH,20240115,2872.5562,2904.4643,2869.2236,2886.2908,2881.9769,4.3139,0.1497,244611236.0,269229737.1
000001.SH,20240116,2881.5602,2896.683,2861.1302,2893.9886,2886.2908,7.6978,0.2667,286286714.0,300837919.2
000001.SH,20240117,2887.2917,2887.4893,2833.6152,2833.6152,2893.9886,-60.3734,-2.0862,261251308.0,283073939.8
000001.SH,20240118,2822.6672,2849.2559,2760.978,2845.7839,2833.6152,12.1687,0.4294,390396855.0,400709904.7
000001.SH,20240119,2836.9749,2849.8755,2822.8434,2832.2793,2845.7839,-13.5046,-0.4745,266664388.0,296717043.8
000001.SH,20240122,2826.5034,2828.3202,2735.3721,2756.3399,2832.2793,-75.9394,-2.6812,350165758.0,359918989.6
000001.SH,20240123,2746.8923,2784.8407,2724.1573,2770.9763,2756.3399,14.6364,0.531,308749417.0,312191330.2
000001.SH,20240124,2782.1415,2823.6953,2743.3971,2820.7719,2770.9763,49.7956,1.797,369070600.0,357316181.6
000001.SH,20240125,2823.8259,2906.794,2821.7093,2906.1087,2820.7719,85.3368,3.0253,442009045.0,437679811.3
000001.SH,20240126,2897.9149,2924.3065,2890.4819,2910.2227,2906.1087,4.114,0.1416,421109084.0,402400231.3
000001.SH,20240129,2910.6072,2923.8992,2883.3327,2883.356,2910.2227,-26.8667,-0.9232,410581311.0,397014731.4
000001.SH,20240130,2866.2795,2881.3468,2829.2498,2830.5266,2883.356,-52.8294,-1.8322,335661226.0,329254005.9
000001.SH,20240131,2815.5042,2834.011,2782.5869,2788.5482,2830.5266,-41.9784,-1.4831,377103965.0,355636999.8
000001.SH,20240201,2773.4239,2805.0146,2752.7824,2770.7403,2788.5482,-17.8079,-0.6386,352889185.0,337547960.5
000001.SH,20240202,2773.2949,2791.6756,2666.3335,2730.152,2770.7403,-40.5883,-1.4649,426230199.0,392661142.3
000001.SH,20240205,2716.081,2739.7383,2635.0897,2702.185,2730.152,-27.967,-1.0244,478990292.0,424877418.3
000001.SH,20240206,2680.4846,2802.9312,2669.6732,2789.486,2702.185,87.301,3.2308,502849313.0,441215054.1
000001.SH,20240207,2791.5145,2829.6956,2770.5293,2829.6956,2789.486,40.2096,1.4415,547117439.0,495919878.1
000001.SH,20240208,2832.4855,2867.4738,2827.902,2865.9032,2829.6956,36.2076,1.2796,531108893.0,482939732.0
000001.SH,20240219,2886.5871,2910.544,2867.7103,2910.544,2865.9032,44.6408,1.5577,458967704.0,442148454.6
000001.SH,20240220,2902.8765,2927.308,2887.4741,2922.7302,2910.544,12.1862,0.4187,350138735.0,357057492.0
000001.SH,20240221,2906.0243,2994.6149,2898.0496,2950.9556,2922.7302,28.2254,0.9657,444245463.0,450922050.7
000001.SH,20240222,2945.4465,2988.3578,2944.4988,2988.3578,2950.9556,37.4022,1.2675,354132536.0,365264217.9
000001.SH,20240223,2992.9115,3009.1359,2979.9728,3004.881,2988.3578,16.5232,0.5529,380083270.0,398232220.7
000001.SH,20240226,3002.1179,3009.479,2967.0571,2977.0221,3004.881,-27.8589,-0.9271,409026558.0,427564895.8
000001.SH,20240227,2966.4166,3015.4807,2961.1479,3015.4807,2977.0221,38.4586,1.2918,372984687.0,412614978.5
000001.SH,20240228,3016.2555,3031.4881,2957.8524,2957.8524,3015.4807,-57.6283,-1.9111,544109093.0,576555221.7
000001.SH,20240229,2943.6242,3015.1712,2943.6242,3015.1712,2957.8524,57.3188,1.9379,409696374.0,452808746.1
000001.SH,20240301,3013.8229,3032.2315,3003.7632,3027.0204,3015.1712,11.8492,0.393,379132184.0,442984248.2
000001.SH,20240304,3026.6071,3040.3447,3007.6829,3039.3055,3027.0204,12.2851,0.4058,387760002.0,461727516.6
000001.SH,20240305,3027.1028,3052.5413,3022.1777,3047.7931,3039.3055,8.4876,0.2793,383509955.0,458900476.8
000001.SH,20240306,3041.7518,3060.5629,3034.3536,3039.9309,3047.7931,-7.8622,-0.258,340982739.0,401334635.6
000001.SH,20240307,3040.2111,3063.6924,3023.1177,3027.4013,3039.9309,-12.5296,-0.4122,377154391.0,423391257.0
000001.SH,20240308,3026.1654,3049.194,3016.9032,3046.0192,3027.4013,18.6179,0.615,319204392.0,370647474.8
000001.SH,20240311,3042.6188,3068.4554,3035.4451,3068.4554,3046.0192,22.4362,0.7366,361608821.0,427851361.3
000001.SH,20240312,3068.182,3075.1308,3044.8572,3055.935,3068.4554,-12.5204,-0.408,415743914.0,494558502.8
000001.SH,20240313,3053.3413,3061.951,3031.8985,3043.8346,3055.935,-12.1004,-0.396,365047453.0,442453946.3
000001.SH,20240314,3042.4131,3059.9975,3020.637,3038.2339,3043.8346,-5.6007,-0.184,364072290.0,436338838.3
000001.SH,20240315,3031.5229,3056.4473,3023.2152,3054.6359,3038.2339,16.402,0.5399,360268463.0,405917704.0
000001.SH,20240318,3057.2093,3085.3124,3055.9221,3084.9262,3054.6359,30.2903,0.9916,406653508.0,485520636.5
000001.SH,20240319,3077.9805,3090.0459,3062.6279,3062.7558,3084.9262,-22.1704,-0.7187,384123680.0,446930657.8
000001.SH,20240320,3058.6478,3081.7547,3056.645,3079.6859,3062.7558,16.9301,0.5528,349187729.0,407432569.7
000001.SH,20240321,3084.4116,3090.0513,3069.272,3077.113,3079.6859,-2.5729,-0.0835,366877968.0,437634616.3
000001.SH,20240322,3070.5481,3073.2058,3027.7615,3048.0336,3077.113,-29.0794,-0.945,394740486.0,456762466.6
000001.SH,20240325,3040.501,3065.2611,3026.3055,3026.3055,3048.0336,-21.7281,-0.7129,387485389.0,443472341.3
000001.SH,20240326,3026.9218,3036.4939,3006.2597,3031.4809,3026.3055,5.1754,0.171,345928787.0,396410716.1
000001.SH,20240327,3026.8138,3030.4495,2993.1388,2993.1388,3031.4809,-38.3421,-1.2648,343198010.0,376242896.1
000001.SH,20240328,2988.5899,3033.3666,2984.1201,3010.6636,2993.1388,17.5248,0.5855,353200026.0,392929088.7
000001.SH,20240329,3008.3757,3041.2978,3008.1672,3041.1669,3010.6636,30.5033,1.0132,334822785.0,364571210.1
000001.SH,20240401,3049.0207,3078.4883,3049.0207,3077.3786,3041.1669,36.2117,1.1907,375393640.0,420902006.8
000001.SH,20240402,3076.8752,3085.5365,3063.9808,3074.9586,3077.3786,-2.42,-0.0786,367304262.0,396705813.3
000001.SH,20240403,3074.8929,3079.02,3057.3972,3069.2959,3074.9586,-5.6627,-0.1842,363211380.0,392704394.0
000001.SH,20240408,3057.3255,3077.3512,3045.4692,3047.0526,3069.2959,-22.2433,-0.7247,402936740.0,421808399.7
000001.SH,20240409,3044.6136,3051.5851,3033.2089,3048.5369,3047.0526,1.4843,0.0487,333489965.0,347834663.5
000001.SH,20240410,3045.9609,3049.6072,3013.5897,3027.3349,3048.5369,-21.202,-0.6955,348991721.0,364717833.5
000001.SH,20240411,3013.5727,3050.3372,3009.8972,3034.2464,3027.3349,6.9115,0.2283,340894392.0,364147836.5
000001.SH,20240412,3035.5773,3043.5599,3014.8297,3019.4735,3034.2464,-14.7729,-0.4869,334229771.0,363119193.0
000001.SH,20240415,3013.6722,3066.9412,2995.542,3057.3776,3019.4735,37.9041,1.2553,461239244.0,459849043.3
000001.SH,20240416,3043.5505,3052.4346,3005.34,3007.0681,3057.3776,-50.3095,-1.6455,448070473.0,435170805.5
000001.SH,20240417,3008.0614,3071.3806,3002.0564,3071.3806,3007.0681,64.3125,2.1387,413358368.0,416254660.8
000001.SH,20240418,3060.0309,3102.5527,3057.7606,3074.2246,3071.3806,2.844,0.0926,416321349.0,441432075.8
000001.SH,20240419,3060.2989,3080.3227,3055.0577,3065.261,3074.2246,-8.9636,-0.2916,375543855.0,396614941.1
000001.SH,20240422,3059.0649,3078.4226,3042.542,3044.5952,3065.261,-20.6658,-0.6742,357216399.0,382192259.2
000001.SH,20240423,3038.6118,3044.9438,3016.5169,3021.9775,3044.5952,-22.6177,-0.7429,325595128.0,348651765.4
000001.SH,20240424,3029.4028,3045.6398,3019.1239,3044.8223,3021.9775,22.8448,0.756,305264093.0,335157362.7
000001.SH,20240425,3037.9273,3060.2635,3034.6499,3052.9,3044.8223,8.0777,0.2653,292280148.0,315797661.2
000001.SH,20240426,3054.9793,3092.43,3054.9793,3088.6357,3052.9,35.7357,1.1705,439382563.0,484160093.0
000001.SH,20240429,3086.6819,3119.6857,3080.5858,3113.0432,3088.6357,24.4075,0.7902,506925445.0,554918811.2
000001.SH,20240430,3110.1594,3123.2876,3104.2943,3104.8245,3113.0432,-8.2187,-0.264,440213213.0,473803228.5
000001.SH,20240506,3132.5115,3142.3816,3126.7689,3140.7204,3104.8245,35.8959,1.1561,450656899.0,511256135.6
000001.SH,20240507,3139.6637,3151.219,3133.6904,3147.738,3140.7204,7.0176,0.2234,379102564.0,426951665.9
000001.SH,20240508,3141.4874,3144.9856,3126.1729,3128.4798,3147.738,-19.2582,-0.6118,334000320.0,367220116.5
000001.SH,20240509,3128.1644,3158.4646,3128.1644,3154.3201,3128.4798,25.8403,0.826,360881462.0,398979066.9
000001.SH,20240510,3158.5891,3163.1441,3137.1517,3154.5472,3154.3201,0.2271,0.0072,384287495.0,406707822.8
000001.SH,20240513,3139.4753,3157.3656,3126.1697,3148.0207,3154.5472,-6.5265,-0.2069,397030565.0,425963088.2
000001.SH,20240514,3148.8488,3155.8071,3137.6091,3145.7743,3148.0207,-2.2464,-0.0714,343526194.0,370069674.9
000001.SH,20240515,3141.2518,3142.9725,3117.9287,3119.9021,3145.7743,-25.8722,-0.8224,321027962.0,333005622.2
000001.SH,20240516,3127.1841,3137.8779,3116.1627,3122.401,3119.9021,2.4989,0.0801,367417361.0,377502921.5
000001.SH,20240517,3121.7126,3154.0263,3116.7842,3154.0263,3122.401,31.6253,1.0129,383915244.0,389572549.3
000001.SH,20240520,3156.1482,3174.2658,3155.9903,3171.1451,3154.0263,17.1188,0.5428,426867280.0,448816915.0
000001.SH,20240521,3164.6826,3165.2237,3148.342,3157.9657,3171.1451,-13.1794,-0.4156,335783572.0,346584200.8
000001.SH,20240522,3157.1889,3166.9191,3152.457,3158.5399,3157.9657,0.5742,0.0182,354098082.0,364137830.7
000001.SH,20240523,3149.8752,3150.6282,3110.2773,3116.387,3158.5399,-42.1529,-1.3346,353943727.0,356689462.9
000001.SH,20240524,3110.7533,3130.4245,3087.7941,3088.8705,3116.387,-27.5165,-0.883,306532279.0,322748606.4
000001.SH,20240527,3094.14,3125.5064,3091.9893,3124.0427,3088.8705,35.1722,1.1387,319396765.0,345383767.8
000001.SH,20240528,3122.3877,3130.3103,3106.3645,3109.5721,3124.0427,-14.4706,-0.4632,310066974.0,320985406.5
000001.SH,20240529,3108.0267,3128.1365,3100.9797,3111.0176,3109.5721,1.4455,0.0465,289970346.0,297512177.3
000001.SH,20240530,3103.7078,3121.218,3085.3841,3091.6778,3111.0176,-19.3398,-0.6217,302380762.0,318475183.0
000001.SH,20240531,3094.7587,3107.6035,3086.8134,3086.8134,3091.6778,-4.8644,-0.1573,276072816.0,301121881.3
000001.SH,20240603,3085.9814,3097.2043,3061.2766,3078.4887,3086.8134,-8.3247,-0.2697,357563362.0,367608352.5
000001.SH,20240604,3071.3196,3095.3221,3063.5879,3091.1992,3078.4887,12.7105,0.4129,309287598.0,325589691.9
000001.SH,20240605,3086.0509,3092.3459,3064.7359,3065.4034,3091.1992,-25.7958,-0.8345,290542344.0,299722764.4
000001.SH,20240606,3069.4393,3077.6725,3040.8295,3048.7939,3065.4034,-16.6095,-0.5418,369867104.0,371317019.0
000001.SH,20240607,3053.9153,3065.0247,3031.0443,3051.2787,3048.7939,2.4848,0.0815,316342484.0,318911097.5
000001.SH,20240611,3042.1338,3043.1997,3013.8611,3028.0451,3051.2787,-23.2336,-0.7614,310481942.0,332683377.8
000001.SH,20240612,3025.2963,3042.0423,3021.3085,3037.4675,3028.0451,9.4224,0.3112,279452106.0,312058601.5
000001.SH,20240613,3038.0859,3040.4021,3022.8224,3028.9187,3037.4675,-8.5488,-0.2814,297862463.0,336871037.1
000001.SH,20240614,3020.9588,3037.9046,3011.5773,3032.6333,3028.9187,3.7146,0.1226,348746753.0,396194698.3
000001.SH,20240617,3017.7169,3026.6242,3012.0452,3015.8907,3032.6333,-16.7426,-0.5521,295763448.0,338146875.6
000001.SH,20240618,3015.0713,3031.9758,3012.5234,3030.2464,3015.8907,14.3557,0.476,273625999.0,317319995.7
000001.SH,20240619,3029.0993,3030.2259,3015.3263,3018.0491,3030.2464,-12.1973,-0.4025,261296248.0,300290286.7
000001.SH,20240620,3015.7224,3028.5143,3001.7677,3005.4369,3018.0491,-12.6122,-0.4179,295515907.0,324101266.4
000001.SH,20240621,2998.2413,3011.9141,2985.9291,2998.1377,3005.4369,-7.2992,-0.2429,255001251.0,280275384.8
000001.SH,20240624,2982.8263,2990.6429,2960.1267,2963.0989,2998.1377,-35.0388,-1.1687,298653884.0,318595817.7
000001.SH,20240625,2962.7654,2971.6534,2935.5382,2949.9963,2963.0989,-13.1026,-0.4422,273209938.0,296569297.3
000001.SH,20240626,2943.4471,2976.669,2933.3304,2972.5251,2949.9963,22.5288,0.7637,282388409.0,276215175.5
000001.SH,20240627,2962.6964,2963.0644,2944.8979,2945.8524,2972.5251,-26.6727,-0.8973,270548519.0,266670979.4
000001.SH,20240628,2940.3032,2985.4679,2939.984,2967.4028,2945.8524,21.5504,0.7316,315201432.0,313347004.2
000001.SH,20240701,2965.2452,2996.4086,2961.8556,2994.7303,2967.4028,27.3275,0.9209,297782235.0,294321888.8
000001.SH,20240702,2992.8556,3004.987,2989.4701,2997.0111,2994.7303,2.2808,0.0762,281364683.0,282559369.5
000001.SH,20240703,2995.6642,2998.5369,2978.0686,2982.3756,2997.0111,-14.6355,-0.4883,246284642.0,257840296.8
000001.SH,20240704,2984.8303,2995.5695,2955.2895,2957.567,2982.3756,-24.8086,-0.8318,274268789.0,259006711.0
000001.SH,20240705,2954.3723,2957.1069,2920.2046,2949.9333,2957.567,-7.6337,-0.2581,272324556.0,271508929.4
000001.SH,20240708,2939.8367,2947.61,2917.2322,2922.4498,2949.9333,-27.4835,-0.9317,277533424.0,270872022.9
000001.SH,20240709,2919.5729,2963.7822,2904.0389,2959.3724,2922.4498,36.9226,1.2634,315062031.0,320361092.8
000001.SH,20240710,2949.0261,2958.8594,2935.3304,2939.3636,2959.3724,-20.0088,-0.6761,301549456.0,306035255.4
000001.SH,20240711,2957.2502,2971.3608,2947.4027,2970.3874,2939.3636,31.0238,1.0555,328372424.0,337653177.1
000001.SH,20240712,2965.6121,2977.1417,2963.3033,2971.295,2970.3874,0.9076,0.0306,303713014.0,302581576.0
000001.SH,20240715,2963.8472,2977.3126,2959.1288,2974.0107,2971.295,2.7157,0.0914,268992597.0,268733339.5
000001.SH,20240716,2963.9001,2977.3613,2959.6655,2976.3043,2974.0107,2.2936,0.0771,260783630.0,279121370.5
000001.SH,20240717,2970.8081,2972.7949,2957.948,2962.8549,2976.3043,-13.4494,-0.4519,282307991.0,305469106.0
000001.SH,20240718,2951.1434,2978.0919,2937.9045,2977.1334,2962.8549,14.2785,0.4819,278022665.0,301283750.6
000001.SH,20240719,2963.5144,2986.2425,2955.1199,2982.3086,2977.1334,5.1752,0.1738,280932413.0,319112460.5
000001.SH,20240722,2978.1932,2978.6007,2946.5608,2964.2155,2982.3086,-18.0931,-0.6067,278749559.0,316415459.9
000001.SH,20240723,2960.5004,2960.5004,2915.3682,2915.3685,2964.2155,-48.847,-1.6479,296295994.0,307194049.9
000001.SH,20240724,2909.1521,2922.0298,2894.2885,2901.9518,2915.3685,-13.4167,-0.4602,306118853.0,288660361.6
000001.SH,20240725,2891.8918,2897.7674,2872.8497,2886.7416,2901.9518,-15.2102,-0.5241,274639500.0,273281622.5
000001.SH,20240726,2885.9953,2899.1162,2875.3959,2890.8973,2886.7416,4.1557,0.144,278387536.0,275443435.0
000001.SH,20240729,2889.4726,2898.9512,2878.5825,2891.8453,2890.8973,0.948,0.0328,256899727.0,260094898.4
000001.SH,20240730,2885.2152,2885.2152,2865.1493,2879.2996,2891.8453,-12.5457,-0.4338,262478837.0,269477482.6
000001.SH,20240731,2877.5409,2940.5927,2876.3009,2938.7493,2879.2996,59.4497,2.0647,412723417.0,418871723.4
000001.SH,20240801,2940.12,2947.8768,2928.8262,2932.3871,2938.7493,-6.3622,-0.2165,346621137.0,352586120.4
000001.SH,20240802,2913.0198,2931.2593,2902.7202,2905.3375,2932.3871,-27.0496,-0.9224,312205039.0,314917985.4
000001.SH,20240805,2889.3634,2919.0252,2860.6978,2860.6978,2905.3375,-44.6397,-1.5365,355540572.0,356863001.4
000001.SH,20240806,2878.6508,2888.2009,2845.335,2867.2837,2860.6978,6.5859,0.2302,297300803.0,295835558.8
000001.SH,20240807,2864.0101,2886.9417,2857.7247,2869.8338,2867.2837,2.5501,0.0889,263097150.0,263793649.8
000001.SH,20240808,2864.758,2886.3994,2850.8745,2869.9014,2869.8338,0.0676,0.0024,289128632.0,271107919.5
000001.SH,20240809,2879.8726,2887.8489,2862.1941,2862.1941,2869.9014,-7.7073,-0.2686,284253916.0,252884027.0
000001.SH,20240812,2858.8946,2869.2688,2851.2952,2858.2046,2862.1941,-3.9895,-0.1394,244241371.0,217626684.5
000001.SH,20240813,2860.4099,2867.946,2845.3099,2867.946,2858.2046,9.7414,0.3408,231674601.0,210908509.4
000001.SH,20240814,2866.2434,2866.2434,2850.401,2850.6539,2867.946,-17.2921,-0.6029,217885170.0,207457552.4
000001.SH,20240815,2844.2005,2889.0866,2839.3875,2877.3579,2850.6539,26.704,0.9368,271900000.0,254987115.6
000001.SH,20240816,2877.9403,2888.6753,2873.0601,2879.4298,2877.3579,2.0719,0.072,263653441.0,243608265.4
000001.SH,20240819,2877.9542,2905.1547,2877.7709,2893.6738,2879.4298,14.244,0.4947,261687730.0,242994885.3
000001.SH,20240820,2895.5506,2896.5194,2855.3293,2866.661,2893.6738,-27.0128,-0.9335,263658002.0,237307804.0
000001.SH,20240821,2858.9388,2863.891,2848.1509,2856.5839,2866.661,-10.0771,-0.3515,229200027.0,209909187.8
000001.SH,20240822,2856.2001,2861.6071,2845.5024,2848.7718,2856.5839,-7.8121,-0.2735,245399415.0,230124077.2
000001.SH,20240823,2844.7703,2860.7327,2839.3371,2854.3675,2848.7718,5.5957,0.1964,226692565.0,214581900.3
000001.SH,20240826,2855.4741,2860.6545,2844.3828,2855.5203,2854.3675,1.1528,0.0404,227351523.0,216806649.0
000001.SH,20240827,2850.8773,2853.7804,2843.1576,2848.7312,2855.5203,-6.7891,-0.2378,230693006.0,215686326.2
000001.SH,20240828,2844.3269,2852.5621,2830.9615,2837.4293,2848.7312,-11.3019,-0.3967,228730623.0,213862368.7
000001.SH,20240829,2829.4506,2831.4309,2815.3829,2823.106,2837.4293,-14.3233,-0.5048,277510534.0,257644228.8
000001.SH,20240830,2819.6498,2867.9649,2817.0141,2842.2142,2823.106,19.1082,0.6769,397516975.0,384092892.1
000001.SH,20240902,2832.3499,2839.2784,2810.3739,2811.035,2842.2142,-31.1792,-1.097,340714193.0,314813036.7
000001.SH,20240903,2809.1733,2814.903,2794.9111,2802.9787,2811.035,-8.0563,-0.2866,275736139.0,252782482.5
000001.SH,20240904,2786.5046,2800.6065,2781.9352,2784.2783,2802.9787,-18.7004,-0.6672,257453500.0,234711697.3
000001.SH,20240905,2785.2635,2796.0186,2777.471,2788.3141,2784.2783,4.0358,0.1449,242040948.0,227514507.2
000001.SH,20240906,2791.7645,2804.0932,2765.6394,2765.8066,2788.3141,-22.5075,-0.8072,253645375.0,228570135.0
000001.SH,20240909,2754.7237,2756.556,2726.9667,2736.4876,2765.8066,-29.319,-1.0601,261468847.0,236605848.5
000001.SH,20240910,2737.881,2750.1181,2718.6273,2744.1921,2736.4876,7.7045,0.2815,262159015.0,226408493.0
000001.SH,20240911,2732.7314,2732.7314,2710.6208,2721.7952,2744.1921,-22.3969,-0.8162,242264900.0,219755948.4
000001.SH,20240912,2722.1382,2734.6832,2716.5552,2717.1231,2721.7952,-4.6721,-0.1717,240084315.0,218571098.7
000001.SH,20240913,2718.9864,2728.7797,2703.3689,2704.0896,2717.1231,-13.0335,-0.4797,251270038.0,227818801.1
000001.SH,20240918,2705.3451,2724.1141,2689.6952,2717.2813,2704.0896,13.1917,0.4878,247817132.0,213090588.6
000001.SH,20240919,2723.2053,2747.7402,2697.7756,2736.0222,2717.2813,18.7409,0.6897,315208389.0,280536046.2
000001.SH,20240920,2734.2277,2741.1552,2717.9451,2736.8139,2736.0222,0.7917,0.0289,285644627.0,255433329.9
000001.SH,20240923,2735.3895,2760.4799,2731.3571,2748.9177,2736.8139,12.1038,0.4423,257642154.0,235214505.9
000001.SH,20240924,2770.7543,2863.1519,2761.3717,2863.1255,2748.9177,114.2078,4.1546,477619545.0,442795296.9
000001.SH,20240925,2901.4185,2952.4511,2889.048,2896.3057,2863.1255,33.1802,1.1589,568259816.0,516698093.6
000001.SH,20240926,2893.7451,3000.9526,2889.0143,3000.9526,2896.3057,104.6469,3.6131,576319261.0,524669070.9
000001.SH,20240927,3049.1026,3087.5286,3017.4453,3087.5286,3000.9526,86.576,2.885,492287163.0,480612559.5
000001.SH,20240930,3194.7224,3358.5883,3153.697,3336.4974,3087.5286,248.9688,8.0637,1102337917.0,1167772550.0
000001.SH,20241008,3674.4048,3674.4048,3372.1868,3489.7751,3336.4974,153.2777,4.594,1313460195.0,1510513250.8
000001.SH,20241009,3427.2199,3437.1571,3249.1591,3258.8578,3489.7751,-230.9173,-6.617,992757256.0,1264311454.4
000001.SH,20241010,3277.6916,3379.8053,3228.1248,3301.9259,3258.8578,43.0681,1.3216,834500257.0,947788515.0
000001.SH,20241011,3287.8727,3297.7517,3187.9882,3217.7377,3301.9259,-84.1882,-2.5497,606027433.0,664332794.5
000001.SH,20241014,3241.4275,3294.6199,3203.901,3284.3225,3217.7377,66.5848,2.0693,631466859.0,701499242.6
000001.SH,20241015,3265.7461,3285.2147,3201.2919,3201.2919,3284.3225,-83.0306,-2.5281,566054558.0,619091471.9
000001.SH,20241016,3169.1685,3236.848,3167.7364,3202.948,3201.2919,1.6561,0.0517,515813997.0,533062408.9
000001.SH,20241017,3220.7334,3241.5675,3169.3843,3169.3843,3202.948,-33.5637,-1.0479,528611772.0,557347351.4
000001.SH,20241018,3165.9745,3313.9784,3152.8213,3261.5633,3169.3843,92.179,2.9084,693014623.0,827948922.1
000001.SH,20241021,3276.0598,3300.664,3239.0965,3268.11,3261.5633,6.5467,0.2007,668150299.0,855781454.0
000001.SH,20241022,3263.8224,3294.9612,3255.1375,3285.8669,3268.11,17.7569,0.5433,574913781.0,698861461.3
000001.SH,20241023,3285.2474,3331.0823,3277.0663,3302.8028,3285.8669,16.9359,0.5154,650444128.0,760066419.6
000001.SH,20241024,3287.8243,3292.9448,3266.8823,3280.2625,3302.8028,-22.5403,-0.6825,519827074.0,585248947.0
000001.SH,20241025,3280.7616,3319.3571,3276.1303,3299.7003,3280.2625,19.4378,0.5926,595651707.0,677255321.3
000001.SH,20241028,3300.4634,3322.1975,3279.715,3322.1975,3299.7003,22.4972,0.6818,672373131.0,717510218.0
000001.SH,20241029,3328.0885,3340.4584,3284.2108,3286.407,3322.1975,-35.7905,-1.0773,725326154.0,806573822.3
000001.SH,20241030,3273.6421,3291.6795,3244.8063,3266.2378,3286.407,-20.1692,-0.6137,669018090.0,730619786.7
000001.SH,20241031,3267.975,3295.7421,3252.3899,3279.8244,3266.2378,13.5866,0.416,784649094.0,864970969.0
000001.SH,20241101,3275.5768,3305.3181,3258.7346,3272.0142,3279.8244,-7.8102,-0.2381,852055320.0,878112793.9
000001.SH,20241104,3275.6787,3310.2072,3263.8421,3310.2072,3272.0142,38.193,1.1673,665077454.0,692341763.3
000001.SH,20241105,3306.8098,3386.9869,3302.0472,3386.9869,3310.2072,76.7797,2.3195,821124902.0,929931429.4
000001.SH,20241106,3395.2217,3420.9986,3367.0812,3383.8062,3386.9869,-3.1807,-0.0939,895855930.0,1026807640.4
000001.SH,20241107,3359.9851,3470.6609,3356.258,3470.6609,3383.8062,86.8547,2.5668,959556680.0,1048841306.1
000001.SH,20241108,3502.1331,3509.8182,3443.193,3452.2971,3470.6609,-18.3638,-0.5291,964034562.0,1107932295.6
000001.SH,20241111,3432.3672,3471.1222,3416.7266,3470.0657,3452.2971,17.7686,0.5147,818025436.0,1024334899.5
000001.SH,20241112,3469.8908,3489.4244,3402.0422,3421.9701,3470.0657,-48.0956,-1.386,817926524.0,1039600859.3
000001.SH,20241113,3406.9164,3442.2983,3404.5254,3439.2778,3421.9701,17.3077,0.5058,673662348.0,829435317.0
000001.SH,20241114,3429.5054,3441.7746,3376.1528,3379.8389,3439.2778,-59.4389,-1.7282,631556690.0,762884198.8
000001.SH,20241115,3369.8092,3391.3204,3330.7263,3330.7263,3379.8389,-49.1126,-1.4531,630285583.0,745937122.4
000001.SH,20241118,3344.6904,3386.9031,3309.0076,3323.8486,3330.7263,-6.8777,-0.2065,743950692.0,755809644.5
000001.SH,20241119,3324.8831,3346.7577,3284.133,3346.0098,3323.8486,22.1612,0.6667,625024151.0,651575376.3
000001.SH,20241120,3337.6778,3375.2482,3333.0023,3367.9893,3346.0098,21.9795,0.6569,566154289.0,627858323.2
000001.SH,20241121,3362.9444,3378.5175,3348.8552,3370.4039,3367.9893,2.4146,0.0717,530331830.0,614517433.7
000001.SH,20241122,3368.043,3372.0034,3267.1916,3267.1916,3370.4039,-103.2123,-3.0623,630687790.0,707626460.3
000001.SH,20241125,3274.884,3285.4555,3232.9178,3263.7597,3267.1916,-3.4319,-0.105,538897390.0,596502088.3
000001.SH,20241126,3256.8576,3285.3281,3252.8661,3259.7572,3263.7597,-4.0025,-0.1226,472219304.0,509490596.3
000001.SH,20241127,3250.591,3309.8805,3227.3553,3309.7789,3259.7572,50.0217,1.5345,511202303.0,571617596.0
000001.SH,20241128,3308.2797,3319.2559,3290.3641,3295.6983,3309.7789,-14.0806,-0.4254,511953047.0,558164131.7
000001.SH,20241129,3295.2096,3357.5013,3293.6899,3326.4557,3295.6983,30.7574,0.9333,580227102.0,663851511.0
000001.SH,20241202,3328.482,3369.3032,3323.0091,3363.9823,3326.4557,37.5266,1.1281,668477762.0,709509517.8
000001.SH,20241203,3366.2853,3386.6176,3348.3742,3378.8063,3363.9823,14.824,0.4407,663030139.0,683982592.8
000001.SH,20241204,3376.5715,3388.0241,3352.9434,3364.6498,3378.8063,-14.1565,-0.419,621028862.0,653467546.7
000001.SH,20241205,3353.0573,3377.055,3353.0573,3368.8553,3364.6498,4.2055,0.125,543885746.0,565551128.3
000001.SH,20241206,3370.9405,3418.2608,3364.2061,3404.0764,3368.8553,35.2211,1.0455,698186572.0,685981058.1
000001.SH,20241209,3402.6288,3426.6451,3385.9588,3402.5343,3404.0764,-1.5421,-0.0453,694905205.0,649443191.3
000001.SH,20241210,3490.2892,3494.8669,3417.7654,3422.6607,3402.5343,20.1264,0.5915,794668034.0,860483994.8
000001.SH,20241211,3416.0874,3437.8103,3416.0874,3432.4902,3422.6607,9.8295,0.2872,681544610.0,692929618.7
000001.SH,20241212,3432.2786,3464.1162,3425.9755,3461.4998,3432.4902,29.0096,0.8451,700096689.0,734168982.7
000001.SH,20241213,3442.9259,3442.9259,3390.7537,3391.8782,3461.4998,-69.6216,-2.0113,777464144.0,850714863.0
000001.SH,20241216,3390.083,3401.9263,3376.5358,3386.3312,3391.8782,-5.547,-0.1635,625578996.0,675237492.9
000001.SH,20241217,3381.8141,3396.2074,3357.7694,3361.485,3386.3312,-24.8462,-0.7337,568941505.0,584789337.3
000001.SH,20241218,3371.2955,3396.4603,3371.2955,3382.2081,3361.485,20.7231,0.6165,512524979.0,539790684.4
000001.SH,20241219,3355.9041,3377.5321,3346.469,3370.0331,3382.2081,-12.175,-0.36,513909063.0,559130979.0
000001.SH,20241220,3364.481,3390.6182,3362.8193,3368.0693,3370.0331,-1.9638,-0.0583,490964621.0,596821938.6
000001.SH,20241223,3367.9037,3384.9918,3348.277,3351.2571,3368.0693,-16.8122,-0.4992,556747248.0,623117789.3
000001.SH,20241224,3353.5354,3394.9044,3352.9474,3393.5281,3351.2571,42.271,1.2613,471992673.0,530758037.6
000001.SH,20241225,3395.1072,3406.2125,3374.0113,3393.3501,3393.5281,-0.178,-0.0052,471315592.0,522168241.9
000001.SH,20241226,3389.3383,3401.0951,3380.255,3398.0765,3393.3501,4.7264,0.1393,422177271.0,518937022.6
000001.SH,20241227,3397.2939,3418.952,3388.3215,3400.142,3398.0765,2.0655,0.0608,500488130.0,586090438.9
000001.SH,20241230,3395.3962,3412.8414,3394.9648,3407.3259,3400.142,7.1839,0.2113,455262383.0,522245330.2
000001.SH,20241231,3406.9652,3413.4545,3351.763,3351.763,3407.3259,-55.5629,-1.6307,502731062.0,562584237.4
000001.SH,20250102,3347.9392,3351.722,3242.0865,3262.5607,3351.763,-89.2023,-2.6614,561375199.0,603340526.7
000001.SH,20250103,3267.0766,3273.5656,3205.7755,3211.4299,3262.5607,-51.1308,-1.5672,517592014.0,523159754.7
000001.SH,20250106,3209.7832,3219.4877,3185.4631,3206.9228,3211.4299,-4.5071,-0.1403,430978403.0,444188212.8
000001.SH,20250107,3203.3068,3230.8529,3190.4612,3229.6439,3206.9228,22.7211,0.7085,409660529.0,436388386.6
000001.SH,20250108,3218.8577,3246.2908,3175.7247,3230.1679,3229.6439,0.524,0.0162,472864390.0,508148444.9
000001.SH,20250109,3220.7205,3228.9725,3205.9103,3211.3933,3230.1679,-18.7746,-0.5812,382943557.0,434445510.3
000001.SH,20250110,3211.7068,3220.1073,3168.5238,3168.5238,3211.3933,-42.8695,-1.3349,403663348.0,465939368.0
000001.SH,20250113,3148.8259,3172.7,3140.9775,3160.755,3168.5238,-7.7688,-0.2452,372742023.0,411773991.8
000001.SH,20250114,3165.1613,3245.2196,3159.432,3240.94,3160.755,80.185,2.5369,469212704.0,538983836.0
000001.SH,20250115,3234.7152,3245.9042,3222.2359,3227.1167,3240.94,-13.8233,-0.4265,404723199.0,466216166.9
000001.SH,20250116,3239.0261,3265.2824,3217.0966,3236.032,3227.1167,8.9153,0.2763,430655539.0,499055442.4
000001.SH,20250117,3226.7616,3256.5067,3219.7734,3241.8212,3236.032,5.7892,0.1789,383599260.0,456553133.0
000001.SH,20250120,3256.1492,3268.2626,3238.1214,3244.3776,3241.8212,2.5564,0.0789,403337948.0,469741031.4
000001.SH,20250121,3256.8325,3258.6103,3229.0689,3242.6226,3244.3776,-1.755,-0.0541,384583718.0,468263378.9
000001.SH,20250122,3235.4925,3235.5013,3203.3801,3213.6237,3242.6226,-28.9989,-0.8943,364817518.0,452312867.4
000001.SH,20250123,3237.5988,3273.5203,3229.5716,3230.1637,3213.6237,16.54,0.5147,458246803.0,539800587.2
000001.SH,20250124,3222.8774,3260.0112,3221.7121,3252.6264,3230.1637,22.4627,0.6954,398653033.0,480685058.0
000001.SH,20250127,3256.6136,3274.3924,3250.6007,3250.6007,3252.6264,-2.0257,-0.0623,387467642.0,450231535.8
000001.SH,20250205,3270.1604,3271.022,3220.2794,3229.4876,3250.6007,-21.1131,-0.6495,406388181.0,521103029.3
000001.SH,20250206,3226.575,3271.4271,3225.8459,3270.6594,3229.4876,41.1718,1.2749,460842730.0,590421697.8
000001.SH,20250207,3269.2269,3324.428,3262.5085,3303.6666,3270.6594,33.0072,1.0092,600558451.0,757613811.2
000001.SH,20250210,3308.04,3325.3558,3299.2429,3322.1698,3303.6666,18.5032,0.5601,546589749.0,677038155.5
000001.SH,20250211,3323.6694,3324.1727,3304.4443,3318.0569,3322.1698,-4.1129,-0.1238,511943541.0,632166670.9
000001.SH,20250212,3312.2572,3346.3854,3310.3904,3346.3854,3318.0569,28.3285,0.8538,513437828.0,647387578.5
000001.SH,20250213,3343.2347,3359.1807,3332.4826,3332.4826,3346.3854,-13.9028,-0.4155,568631161.0,705799792.0
000001.SH,20250214,3328.483,3349.0836,3322.5289,3346.7242,3332.4826,14.2416,0.4274,532332965.0,667555376.4
000001.SH,20250217,3355.4171,3357.1212,3333.1948,3355.8296,3346.7242,9.1054,0.2721,589546569.0,750113054.9
000001.SH,20250218,3348.9827,3366.0119,3314.3006,3324.4906,3355.8296,-31.339,-0.9339,562679240.0,696798784.1
000001.SH,20250219,3320.7801,3352.0867,3320.5809,3351.5392,3324.4906,27.0486,0.8136,502912965.0,675146370.4
000001.SH,20250220,3347.5893,3355.5571,3338.0335,3350.7833,3351.5392,-0.7559,-0.0226,504357114.0,670099045.7
000001.SH,20250221,3356.6947,3381.0575,3339.0256,3379.1128,3350.7833,28.3295,0.8455,608190206.0,855656954.8
000001.SH,20250224,3374.0813,3384.8106,3355.8694,3373.0276,3379.1128,-6.0852,-0.1801,598188203.0,802847050.1
000001.SH,20250225,3345.6534,3369.5583,3337.8448,3346.0398,3373.0276,-26.9878,-0.8001,527578562.0,727509770.1
000001.SH,20250226,3351.2093,3380.2144,3351.2093,3380.2144,3346.0398,34.1746,1.0213,553992031.0,747887357.9
000001.SH,20250227,3378.4494,3388.7808,3353.5712,3388.0622,3380.2144,7.8478,0.2322,575815020.0,774059980.1
000001.SH,20250228,3374.6636,3383.1909,3318.7162,3320.8973,3388.0622,-67.1649,-1.9824,568319504.0,758054890.4
000001.SH,20250303,3328.3955,3349.0169,3304.5931,3316.9253,3320.8973,-3.972,-0.1196,502417862.0,643980683.0
000001.SH,20250304,3300.498,3327.8242,3297.5304,3324.2099,3316.9253,7.2846,0.2196,429996111.0,568728427.2
000001.SH,20250305,3324.6962,3342.7143,3314.1478,3341.9649,3324.2099,17.755,0.5341,460952696.0,587767599.8
000001.SH,20250306,3353.5703,3387.0538,3348.684,3381.0983,3341.9649,39.1334,1.171,539992709.0,736438106.7
000001.SH,20250307,3373.1808,3390.9442,3363.9288,3372.5458,3381.0983,-8.5525,-0.253,517663551.0,687879051.0
000001.SH,20250310,3373.2588,3375.7978,3347.1859,3366.163,3372.5458,-6.3828,-0.1893,450380832.0,595026433.9
000001.SH,20250311,3335.4394,3379.8287,3334.8313,3379.8284,3366.163,13.6654,0.406,448468323.0,592285777.9
000001.SH,20250312,3385.6853,3392.4086,3370.2204,3371.9235,3379.8284,-7.9049,-0.2339,502195100.0,648501625.9
000001.SH,20250313,3371.0945,3377.1183,3341.1182,3358.7285,3371.9235,-13.195,-0.3913,519013479.0,636211623.5
000001.SH,20250314,3361.6861,3421.2333,3360.6063,3419.5616,3358.7285,60.8331,1.8112,582663388.0,750041647.2
000001.SH,20250317,3430.8093,3436.3516,3422.4618,3426.1285,3419.5616,6.5669,0.192,515685138.0,639349980.4
000001.SH,20250318,3434.5653,3437.0654,3423.3005,3429.7593,3426.1285,3.6308,0.106,454916063.0,586338207.3
000001.SH,20250319,3424.1726,3439.0463,3414.5933,3426.4291,3429.7593,-3.3302,-0.0971,440316299.0,559970207.9
000001.SH,20250320,3425.2157,3427.0454,3404.662,3408.9482,3426.4291,-17.4809,-0.5102,451630682.0,565607596.6
000001.SH,20250321,3401.7593,3414.7094,3355.8396,3364.8307,3408.9482,-44.1175,-1.2942,520862630.0,623164007.3
000001.SH,20250324,3364.8342,3373.6936,3340.2383,3370.0283,3364.8307,5.1976,0.1545,513310260.0,586745474.4
000001.SH,20250325,3370.0008,3379.9884,3361.0462,3369.9763,3370.0283,-0.052,-0.0015,456357393.0,516435662.2
000001.SH,20250326,3365.6658,3382.3424,3365.6658,3368.6973,3369.9763,-1.279,-0.038,428533770.0,485185602.3
000001.SH,20250327,3362.7123,3394.0349,3351.1739,3373.7489,3368.6973,5.0516,0.15,414776314.0,496457111.7
000001.SH,20250328,3372.0388,3375.0528,3346.0807,3351.3068,3373.7489,-22.4421,-0.6652,412284289.0,468807615.3
000001.SH,20250331,3343.3442,3361.7415,3317.7381,3335.7462,3351.3068,-15.5606,-0.4643,472571978.0,531475775.8
000001.SH,20250401,3340.7121,3357.6215,3338.7788,3348.4351,3335.7462,12.6889,0.3804,422588670.0,499415666.0
000001.SH,20250402,3344.1711,3361.134,3343.1155,3350.1266,3348.4351,1.6915,0.0505,350127364.0,411666039.5
000001.SH,20250403,3319.6057,3358.4256,3319.6057,3342.0077,3350.1266,-8.1189,-0.2423,400517827.0,486510413.0
000001.SH,20250407,3193.1024,3217.7818,3040.6932,3096.5762,3342.0077,-245.4315,-7.3438,662199584.0,735367327.5
000001.SH,20250408,3094.2619,3145.5491,3085.1229,3145.5491,3096.5762,48.9729,1.5815,662242387.0,730166160.7
000001.SH,20250409,3110.0101,3186.8099,3070.0778,3186.8099,3145.5491,41.2608,1.3117,684797174.0,755430247.4
000001.SH,20250410,3227.8362,3239.9408,3201.5714,3223.6379,3186.8099,36.828,1.1556,591208273.0,682356544.8
000001.SH,20250411,3219.5053,3249.8536,3211.3497,3238.2268,3223.6379,14.5889,0.4526,475531804.0,580791402.2
000001.SH,20250414,3251.9779,3272.7203,3244.7327,3262.8075,3238.2268,24.5807,0.7591,471373220.0,543811431.5
000001.SH,20250415,3260.685,3268.9848,3246.3369,3267.6623,3262.8075,4.8548,0.1488,396662895.0,456332610.4
000001.SH,20250416,3267.665,3276.0045,3233.7911,3276.0039,3267.6623,8.3416,0.2553,429534854.0,489200692.7
000001.SH,20250417,3261.7177,3285.9154,3258.1451,3280.3412,3276.0039,4.3373,0.1324,382012698.0,442596764.0
000001.SH,20250418,3270.3534,3283.0896,3262.3916,3276.7304,3280.3412,-3.6108,-0.1101,358836193.0,380313472.6
000001.SH,20250421,3273.1383,3298.6398,3270.0131,3291.4341,3276.7304,14.7037,0.4487,379307588.0,429391687.8
000001.SH,20250422,3289.1664,3311.1529,3288.3316,3299.7571,3291.4341,8.323,0.2529,403167615.0,452675442.0
000001.SH,20250423,3308.1514,3312.1923,3293.0633,3296.3552,3299.7571,-3.4019,-0.1031,411633212.0,486209315.2
000001.SH,20250424,3295.1487,3313.5087,3286.2363,3297.2881,3296.3552,0.9329,0.0283,392844749.0,434706037.2
000001.SH,20250425,3300.3916,3305.2618,3288.7545,3295.06,3297.2881,-2.2281,-0.0676,411043192.0,445417627.3
000001.SH,20250428,3292.0559,3296.9318,3279.8773,3288.4147,3295.06,-6.6453,-0.2017,410665863.0,441916383.1
000001.SH,20250429,3281.4453,3294.9815,3277.6271,3286.6548,3288.4147,-1.7599,-0.0535,388961672.0,430881033.5
000001.SH,20250430,3284.0812,3292.2002,3277.5499,3279.0314,3286.6548,-7.6234,-0.232,435794335.0,505572584.2
000001.SH,20250506,3295.2504,3316.4476,3286.9886,3316.1135,3279.0314,37.0821,1.1309,474369617.0,551825065.6
000001.SH,20250507,3354.9737,3356.6884,3324.8088,3342.6651,3316.1135,26.5516,0.8007,511159606.0,595230089.1
000001.SH,20250508,3331.2052,3359.7309,3327.9024,3351.9958,3342.6651,9.3307,0.2791,428377766.0,501611375.5
000001.SH,20250509,3350.405,3351.2198,3335.127,3341.9989,3351.9958,-9.9969,-0.2982,398909191.0,464862361.5
000001.SH,20250512,3352.9698,3372.4724,3344.2687,3369.2445,3341.9989,27.2456,0.8152,418239910.0,522080702.4
000001.SH,20250513,3386.2344,3386.2344,3370.2516,3374.8707,3369.2445,5.6262,0.167,426240700.0,506608943.8
000001.SH,20250514,3374.2353,3417.3142,3368.0781,3403.9481,3374.8707,29.0774,0.8616,464934441.0,534872944.6
000001.SH,20250515,3398.4272,3402.8656,3378.0208,3380.8214,3403.9481,-23.1267,-0.6794,424100916.0,461292249.4
000001.SH,20250516,3374.7061,3380.29,3356.6609,3367.4619,3380.8214,-13.3595,-0.3952,395401030.0,435647042.7
000001.SH,20250519,3365.8823,3373.5994,3356.6483,3367.5829,3367.4619,0.121,0.0036,403074805.0,437177569.2
000001.SH,20250520,3371.6886,3387.804,3369.9629,3380.478,3367.5829,12.8951,0.3829,405544534.0,450290477.2
000001.SH,20250521,3380.2094,3394.7541,3380.2094,3387.5736,3380.478,7.0956,0.2099,412496165.0,465956993.4
000001.SH,20250522,3381.865,3390.5925,3376.2331,3380.1885,3387.5736,-7.3851,-0.218,394217206.0,438334515.3
000001.SH,20250523,3376.8691,3389.4686,3348.3717,3348.3717,3380.1885,-31.8168,-0.9413,400227004.0,468587869.6
000001.SH,20250526,3346.561,3362.307,3336.3552,3346.8388,3348.3717,-1.5329,-0.0458,347562101.0,400526568.4
000001.SH,20250527,3346.5029,3351.5718,3332.4895,3340.687,3346.8388,-6.1518,-0.1838,344071157.0,394408732.9
000001.SH,20250528,3341.8518,3348.234,3336.7273,3339.9319,3340.687,-0.7551,-0.0226,341555443.0,389341214.7
000001.SH,20250529,3340.4012,3368.6334,3337.415,3363.4455,3339.9319,23.5136,0.704,393233806.0,453741382.2
000001.SH,20250530,3358.8093,3361.2751,3341.6484,3347.4873,3363.4455,-15.9582,-0.4745,385602170.0,443358967.7
000001.SH,20250603,3340.0666,3366.9974,3340.0666,3361.9755,3347.4873,14.4882,0.4328,398060772.0,468292670.3
000001.SH,20250604,3363.391,3379.6401,3363.391,3376.2029,3361.9755,14.2274,0.4232,386494643.0,446844610.7
000001.SH,20250605,3378.2169,3387.7645,3371.1457,3384.0985,3376.2029,7.8956,0.2339,406252093.0,498241228.9
000001.SH,20250606,3384.2949,3391.451,3379.7641,3385.3579,3384.0985,1.2594,0.0372,380122886.0,452743716.1
000001.SH,20250609,3388.7783,3402.0503,3383.0742,3399.7716,3385.3579,14.4137,0.4258,427347947.0,511879937.0
000001.SH,20250610,3402.013,3406.4515,3365.6674,3384.8163,3399.7716,-14.9553,-0.4399,481618568.0,557427629.0
000001.SH,20250611,3385.4568,3413.5132,3385.4568,3402.3159,3384.8163,17.4996,0.517,424090313.0,501807385.8
000001.SH,20250612,3397.972,3408.2049,3388.8657,3402.658,3402.3159,0.3421,0.0101,409490610.0,501624560.6
000001.SH,20250613,3397.4844,3401.5526,3370.5924,3376.996,3402.658,-25.662,-0.7542,510065221.0,605384839.4
000001.SH,20250616,3369.3661,3389.7563,3368.8764,3388.7293,3376.996,11.7333,0.3474,405383278.0,481594409.5
000001.SH,20250617,3388.1801,3393.3127,3376.4201,3387.4049,3388.7293,-1.3244,-0.0391,390012447.0,458038158.7
000001.SH,20250618,3386.136,3391.7087,3369.9859,3388.8086,3387.4049,1.4037,0.0414,378684891.0,441011095.4
000001.SH,20250619,3384.2932,3386.9194,3353.9355,3362.1082,3388.8086,-26.7004,-0.7879,415327655.0,473258595.4
000001.SH,20250620,3358.9128,3370.7984,3357.7061,3359.8954,3362.1082,-2.2128,-0.0658,350223662.0,410873272.6
000001.SH,20250623,3349.4603,3389.4524,3347.6508,3381.5816,3359.8954,21.6862,0.6454,384561397.0,442789178.5
000001.SH,20250624,3380.08,3423.7835,3380.08,3420.566,3381.5816,38.9844,1.1528,460963800.0,544882077.6
000001.SH,20250625,3419.0914,3459.0093,3417.4105,3455.9736,3420.566,35.4076,1.0351,509384064.0,620173277.6
000001.SH,20250626,3451.7193,3462.752,3446.1855,3448.4534,3455.9736,-7.5202,-0.2176,496541077.0,603095111.9
000001.SH,20250627,3450.6863,3462.6273,3421.0403,3424.2267,3448.4534,-24.2267,-0.7025,523129432.0,605731616.3
000001.SH,20250630,3423.4738,3447.46,3420.1118,3444.4256,3424.2267,20.1989,0.5899,457348049.0,567137246.0
000001.SH,20250701,3445.8457,3459.5866,3441.0379,3457.7474,3444.4256,13.3218,0.3868,444356739.0,553556536.2
000001.SH,20250702,3458.171,3461.328,3447.9557,3454.7924,3457.7474,-2.955,-0.0855,498116776.0,543130721.7
000001.SH,20250703,3456.1519,3463.6198,3446.9739,3461.1506,3454.7924,6.3582,0.184,438543465.0,500211767.8
000001.SH,20250704,3459.5924,3497.2248,3455.4938,3472.3192,3461.1506,11.1686,0.3227,500195210.0,567241277.9
000001.SH,20250707,3467.9849,3474.8007,3462.7923,3473.1271,3472.3192,0.8079,0.0233,436631340.0,476197431.4
000001.SH,20250708,3474.6316,3499.8857,3474.6316,3497.4753,3473.1271,24.3482,0.701,493484773.0,567506524.8
000001.SH,20250709,3498.724,3512.6687,3491.2007,3493.0495,3497.4753,-4.4258,-0.1265,523920088.0,595962525.1
000001.SH,20250710,3491.4973,3526.5899,3491.4973,3509.6818,3493.0495,16.6323,0.4762,564159805.0,613160543.9
000001.SH,20250711,3511.3656,3555.2179,3506.7994,3510.1772,3509.6818,0.4954,0.0141,664185249.0,753549049.1
000001.SH,20250714,3513.2515,3532.1183,3513.2515,3519.6498,3510.1772,9.4726,0.2699,572084705.0,623102482.3
000001.SH,20250715,3519.8052,3527.0379,3483.3798,3504.9988,3519.6498,-14.651,-0.4163,572074726.0,646851665.1
000001.SH,20250716,3502.8987,3511.8058,3489.1368,3503.7769,3504.9988,-1.2219,-0.0349,470878578.0,572419318.7
000001.SH,20250717,3500.3715,3517.2847,3499.1856,3516.8255,3503.7769,13.0486,0.3724,472211056.0,609791010.3
000001.SH,20250718,3519.4752,3536.0143,3518.2313,3534.4827,3516.8255,17.6572,0.5021,493484088.0,643627574.9
000001.SH,20250721,3542.8164,3560.6285,3542.5677,3559.7912,3534.4827,25.3085,0.716,633649736.0,730905862.9
000001.SH,20250722,3561.6316,3584.7185,3547.252,3581.8611,3559.7912,22.0699,0.62,716155230.0,840573441.9
000001.SH,20250723,3588.8777,3613.0223,3577.5942,3582.298,3581.8611,0.4369,0.0122,767672388.0,857045959.5
000001.SH,20250724,3578.9121,3608.7278,3577.1131,3605.7269,3582.298,23.4289,0.654,773265835.0,852239625.3
000001.SH,20250725,3604.4505,3610.0287,3586.22,3593.6553,3605.7269,-12.0716,-0.3348,697189549.0,821609575.9
000001.SH,20250728,3594.2313,3606.2742,3582.1489,3597.9369,3593.6553,4.2816,0.1191,594187877.0,761265438.4
000001.SH,20250729,3595.8099,3611.3532,3585.9435,3609.7113,3597.9369,11.7744,0.3273,610642058.0,793606423.7
000001.SH,20250730,3608.354,3636.1664,3593.7338,3615.7167,3609.7113,6.0054,0.1664,637221916.0,819627949.1
000001.SH,20250731,3604.6959,3606.3744,3562.6072,3573.2082,3615.7167,-42.5085,-1.1757,654509349.0,845893058.1
000001.SH,20250801,3568.2608,3581.7457,3550.0434,3559.9518,3573.2082,-13.2564,-0.371,509563080.0,684645226.0
000001.SH,20250804,3547.1629,3583.3088,3547.1629,3583.3088,3559.9518,23.357,0.6561,458573618.0,639775598.5
000001.SH,20250805,3588.8077,3617.5976,3586.9686,3617.5976,3583.3088,34.2888,0.9569,499797780.0,656382505.1
000001.SH,20250806,3615.808,3634.3135,3613.9894,3633.9949,3617.5976,16.3973,0.4533,512467273.0,707221251.6
000001.SH,20250807,3637.7811,3645.117,3622.5224,3639.6666,3633.9949,5.6717,0.1561,535501202.0,749699997.3
000001.SH,20250808,3634.8546,3645.3667,3625.4508,3635.1281,3639.6666,-4.5385,-0.1247,526407572.0,713569731.1
000001.SH,20250811,3637.0534,3656.8517,3629.6267,3647.5467,3635.1281,12.4186,0.3416,551393348.0,751329446.8
000001.SH,20250812,3647.9625,3669.0384,3647.9625,3665.9177,3647.5467,18.371,0.5037,536623739.0,778161034.2
000001.SH,20250813,3668.6581,3688.6276,3666.5468,3683.4648,3665.9177,17.5471,0.4787,613528884.0,887022595.7
000001.SH,20250814,3685.5223,3704.7715,3662.5695,3666.4426,3683.4648,-17.0222,-0.4621,647829587.0,949464273.6
000001.SH,20250815,3659.8146,3702.2553,3658.3762,3696.7705,3666.4426,30.3279,0.8272,678521703.0,960624988.9
000001.SH,20250818,3712.4952,3745.939,3702.3802,3728.0273,3696.7705,31.2568,0.8455,776016669.0,1133941943.2
000001.SH,20250819,3728.4851,3746.669,3718.1467,3727.2879,3728.0273,-0.7394,-0.0198,696099750.0,1060899235.7
000001.SH,20250820,3716.6847,3767.43,3704.9912,3766.2104,3727.2879,38.9225,1.0443,679836426.0,1017500164.1
000001.SH,20250821,3770.6757,3787.9806,3757.9918,3771.0989,3766.2104,4.8885,0.1298,691552959.0,997741900.8
000001.SH,20250822,3772.2769,3825.7592,3772.2769,3825.7592,3771.0989,54.6603,1.4495,698136277.0,1095091495.7
000001.SH,20250825,3848.1629,3883.5617,3839.9724,3883.5617,3825.7592,57.8025,1.5109,885474802.0,1360903869.0
000001.SH,20250826,3871.471,3888.5985,3859.7575,3868.382,3883.5617,-15.1797,-0.3909,734565305.0,1114187895.3
000001.SH,20250827,3869.6116,3887.198,3800.3499,3800.3499,3868.382,-68.0321,-1.7587,858633499.0,1326848744.0
000001.SH,20250828,3796.7112,3845.0871,3761.4221,3843.5974,3800.3499,43.2475,1.138,788351947.0,1265185534.2
000001.SH,20250829,3842.8234,3867.6058,3839.2059,3857.9274,3843.5974,14.33,0.3728,739462366.0,1221691851.6
000001.SH,20250901,3869.7457,3879.0453,3853.6584,3875.5304,3857.9274,17.603,0.4563,747709536.0,1208347980.9
000001.SH,20250902,3877.0858,3885.3145,3828.6775,3858.1334,3875.5304,-17.397,-0.4489,762618833.0,1222777664.0
000001.SH,20250903,3865.286,3868.3877,3794.8837,3813.5566,3858.1334,-44.5768,-1.1554,645668510.0,1012296084.0
000001.SH,20250904,3807.7571,3808.3955,3732.8404,3765.8759,3813.5566,-47.6807,-1.2503,710227933.0,1107892043.2
000001.SH,20250905,3761.8801,3817.1589,3745.3091,3812.5143,3765.8759,46.6384,1.2384,626223380.0,979061710.2
000001.SH,20250908,3811.6692,3833.143,3803.6033,3826.8407,3812.5143,14.3264,0.3758,660066898.0,1025883750.0
000001.SH,20250909,3816.6574,3834.671,3791.7243,3807.2923,3826.8407,-19.5484,-0.5108,600239380.0,917795306.2
000001.SH,20250910,3806.5842,3826.9959,3794.0574,3812.2212,3807.2923,4.9289,0.1295,534539825.0,821113584.5
000001.SH,20250911,3806.0564,3875.3094,3796.4345,3875.3094,3812.2212,63.0882,1.6549,617012930.0,1016794001.4
000001.SH,20250912,3875.5072,3892.7375,3866.5388,3870.5984,3875.3094,-4.711,-0.1216,700641784.0,1093807300.7
000001.SH,20250915,3876.0974,3879.7365,3855.9725,3860.5036,3870.5984,-10.0948,-0.2608,644793944.0,986171993.9
000001.SH,20250916,3865.9801,3876.6901,3838.6483,3861.8651,3860.5036,1.3615,0.0353,673439723.0,989786137.9
000001.SH,20250917,3854.0726,3882.6687,3848.9455,3876.3409,3861.8651,14.4758,0.3748,663434713.0,1006679080.9
000001.SH,20250918,3876.0592,3899.9594,3800.9953,3831.6562,3876.3409,-44.6847,-1.1528,876027389.0,1365962423.6
000001.SH,20250919,3830.4437,3843.1696,3811.9029,3820.0894,3831.6562,-11.5668,-0.3019,682292613.0,1016348310.7
000001.SH,20250922,3822.0096,3831.7404,3806.2016,3828.5764,3820.0894,8.487,0.2222,568325686.0,941799982.1
000001.SH,20250923,3830.1379,3838.6059,3774.5282,3821.8327,3828.5764,-6.7437,-0.1761,701902868.0,1071697826.1
000001.SH,20250924,3804.4833,3854.923,3804.3279,3853.6422,3821.8327,31.8095,0.8323,602056670.0,1015707870.5
000001.SH,20250925,3852.431,3866.1058,3840.459,3853.3021,3853.6422,-0.3401,-0.0088,589950531.0,1001211369.1
000001.SH,20250926,3839.8553,3856.6062,3828.106,3828.106,3853.3021,-25.1961,-0.6539,551275335.0,927864903.4
000001.SH,20250929,3828.1656,3881.0023,3809.5352,3862.5317,3828.106,34.4257,0.8993,608466399.0,968212397.6
000001.SH,20250930,3869.7046,3887.57,3866.2808,3882.7774,3862.5317,20.2457,0.5242,569734631.0,973274951.6
000001.SH,20251009,3898.307,3936.5761,3885.7437,3933.9724,3882.7774,51.195,1.3185,725218501.0,1216888716.1
000001.SH,20251010,3915.4752,3933.0053,3886.305,3897.0281,3933.9724,-36.9443,-0.9391,718917673.0,1132127151.7
000001.SH,20251013,3800.1055,3895.83,3800.1055,3889.5022,3897.0281,-7.5259,-0.1931,709506101.0,1085413591.3
000001.SH,20251014,3910.7825,3918.4357,3851.1209,3865.2289,3889.5022,-24.2733,-0.6241,800839631.0,1209983827.7
000001.SH,20251015,3867.5364,3912.2912,3857.6668,3912.2095,3865.2289,46.9806,1.2155,645012955.0,961552165.6
000001.SH,20251016,3900.6834,3931.05,3899.1673,3916.228,3912.2095,4.0185,0.1027,595451491.0,869264580.5
000001.SH,20251017,3912.0403,3921.0648,3835.3648,3839.7553,3916.228,-76.4727,-1.9527,617563018.0,873181597.9
000001.SH,20251020,3865.5523,3877.7215,3850.3673,3863.8926,3839.7553,24.1373,0.6286,549261712.0,772503219.6
000001.SH,20251021,3870.7488,3919.3183,3868.1453,3916.3322,3863.8926,52.4396,1.3572,599415713.0,837938398.3
000001.SH,20251022,3896.0736,3918.5924,3893.325,3913.7576,3916.3322,-2.5746,-0.0657,543117344.0,741524798.4
000001.SH,20251023,3904.159,3926.2171,3877.5294,3922.4101,3913.7576,8.6525,0.2211,565189264.0,718931052.0
000001.SH,20251024,3929.115,3950.3115,3928.9598,3950.3115,3922.4101,27.9014,0.7113,567858443.0,858491253.2
000001.SH,20251027,3969.2197,3999.0667,3963.1017,3996.9445,3950.3115,46.633,1.1805,637589545.0,1043404043.2
000001.SH,20251028,3986.8912,4010.7275,3976.8326,3988.2239,3996.9445,-8.7206,-0.2182,577357684.0,940760864.5
000001.SH,20251029,3990.2655,4016.331,3986.9414,4016.331,3988.2239,28.1071,0.7048,612917466.0,968215713.3
000001.SH,20251030,4007.8207,4025.7048,3984.8284,3986.9008,4016.331,-29.4302,-0.7328,668485609.0,1070058589.4
000001.SH,20251031,3985.0641,3986.7433,3951.7308,3954.79,3986.9008,-32.1108,-0.8054,675615406.0,1031104616.8
000001.SH,20251103,3954.0783,3977.3051,3937.0215,3976.5207,3954.79,21.7307,0.5495,641245945.0,941703699.3
000001.SH,20251104,3973.4575,3985.8822,3938.5197,3960.186,3976.5207,-16.3347,-0.4108,615493792.0,852938368.4
000001.SH,20251105,3922.5844,3979.7537,3922.5844,3969.2483,3960.186,9.0623,0.2288,614991618.0,827133576.9
000001.SH,20251106,3973.3493,4008.7991,3973.3493,4007.7599,3969.2483,38.5116,0.9702,627367547.0,930275554.4
000001.SH,20251107,3994.3167,4012.0054,3993.691,3997.5557,4007.7599,-10.2042,-0.2546,596507034.0,875486746.4
000001.SH,20251110,4001.7939,4018.6958,3990.8359,4018.5972,3997.5557,21.0415,0.5264,634049993.0,960588645.8
000001.SH,20251111,4023.877,4024.939,3991.5156,4002.7576,4018.5972,-15.8396,-0.3942,581994921.0,858362142.6
000001.SH,20251112,3996.5648,4020.3775,3980.6756,4000.1396,4002.7576,-2.618,-0.0654,586193228.0,840467209.9
000001.SH,20251113,3996.5143,4030.3983,3994.7712,4029.5012,4000.1396,29.3616,0.734,613031061.0,876400923.6
000001.SH,20251114,4007.1258,4034.0786,3990.3074,3990.4921,4029.5012,-39.0091,-0.9681,622017118.0,837969502.2
000001.SH,20251117,3988.5564,3992.4041,3958.9484,3972.0348,3990.4921,-18.4573,-0.4625,592017950.0,805733125.7
000001.SH,20251118,3962.4437,3966.8854,3926.5885,3939.8131,3972.0348,-32.2217,-0.8112,594411046.0,790948598.4
000001.SH,20251119,3937.9198,3960.0518,3930.0745,3946.7424,3939.8131,6.9293,0.1759,531149601.0,720908759.2
000001.SH,20251120,3960.6993,3967.971,3927.5124,3931.0512,3946.7424,-15.6912,-0.3976,534749540.0,711341284.0
000001.SH,20251121,3896.6646,3912.0063,3834.749,3834.8908,3931.0512,-96.1604,-2.4462,631646251.0,824931134.8
000001.SH,20251124,3848.6565,3854.3305,3816.5757,3836.7655,3834.8908,1.8747,0.0489,504601716.0,715539247.4
000001.SH,20251125,3850.571,3882.0299,3845.1383,3870.0228,3836.7655,33.2573,0.8668,478727611.0,722788782.8
000001.SH,20251126,3867.429,3879.9231,3861.1769,3864.1844,3870.0228,-5.8384,-0.1509,457589755.0,701019872.5
000001.SH,20251127,3867.1971,3895.5892,3864.1311,3875.2594,3864.1844,11.075,0.2866,444021947.0,698519107.2
000001.SH,20251128,3870.9438,3888.8885,3856.25,3888.5962,3875.2594,13.3368,0.3442,449931973.0,645755815.1
000001.SH,20251201,3894.2132,3914.4644,3890.9485,3914.0061,3888.5962,25.4099,0.6534,537554133.0,785658341.9
000001.SH,20251202,3908.4559,3908.7688,3888.3275,3897.7116,3914.0061,-16.2945,-0.4163,455584494.0,627440672.5
000001.SH,20251203,3894.1556,3901.696,3869.9528,3877.9996,3897.7116,-19.712,-0.5057,485617270.0,647166528.2
000001.SH,20251204,3879.7417,3888.8595,3859.0491,3875.7933,3877.9996,-2.2063,-0.0569,445040290.0,623712571.5
000001.SH,20251205,3873.1207,3907.7816,3863.3137,3902.8076,3875.7933,27.0143,0.697,500368768.0,716742448.9
000001.SH,20251208,3909.226,3936.3111,3904.7377,3924.0778,3902.8076,21.2702,0.545,547349789.0,839439003.4
000001.SH,20251209,3916.5087,3923.8986,3902.1278,3909.5216,3924.0778,-14.5562,-0.3709,524538256.0,781160399.4
000001.SH,20251210,3901.1275,3906.1163,3876.4745,3900.496,3909.5216,-9.0256,-0.2309,497331504.0,730359828.4
000001.SH,20251211,3903.8948,3904.9632,3862.821,3873.3176,3900.496,-27.1784,-0.6968,525658600.0,764350151.6
000001.SH,20251212,3869.4127,3891.8068,3850.5968,3889.3457,3873.3176,16.0281,0.4138,573947130.0,909950905.5
000001.SH,20251215,3865.4021,3896.9769,3863.6296,3867.9209,3889.3457,-21.4248,-0.5509,500922790.0,764604815.5
000001.SH,20251216,3861.5145,3862.4271,3815.8444,3824.8119,3867.9209,-43.109,-1.1145,512494827.0,733294004.0
000001.SH,20251217,3822.5086,3881.7519,3817.9955,3870.2775,3824.8119,45.4656,1.1887,512313692.0,766820526.3
000001.SH,20251218,3857.2568,3888.2853,3856.4229,3876.3705,3870.2775,6.093,0.1574,461172625.0,704895595.2
000001.SH,20251219,3878.227,3902.6708,3871.7767,3890.4475,3876.3705,14.077,0.3631,513511893.0,738066004.8
000001.SH,20251222,3900.535,3920.0121,3900.5152,3917.3638,3890.4475,26.9163,0.6919,522938992.0,789756386.8
000001.SH,20251223,3919.1063,3937.127,3910.7449,3919.9786,3917.3638,2.6148,0.0667,521156952.0,806853443.0
000001.SH,20251224,3920.3466,3947.0408,3912.3107,3940.947,3919.9786,20.9684,0.5349,474896447.0,773928624.5
000001.SH,20251225,3937.7196,3964.0733,3936.0782,3959.6211,3940.947,18.6741,0.4738,469313093.0,785018650.1
000001.SH,20251226,3957.8326,3977.7062,3945.5238,3963.6789,3959.6211,4.0578,0.1025,555489592.0,893644363.9
000001.SH,20251229,3964.6513,3983.9787,3956.9455,3965.2796,3963.6789,1.6007,0.0404,563687197.0,903819726.8
000001.SH,20251230,3947.8707,3979.9901,3947.4187,3965.1159,3965.2796,-0.1637,-0.0041,525932588.0,887533318.6
000001.SH,20251231,3968.7256,3977.5358,3955.4871,3968.8401,3965.1159,3.7242,0.0939,490751490.0,829511897.5
000001.SH,20260105,3986.9721,4025.2632,3983.5759,4023.4167,3968.8401,54.5766,1.3751,596950455.0,1067334169.2
000001.SH,20260106,4026.0158,4083.6672,4025.088,4083.6672,4023.4167,60.2505,1.4975,702472270.0,1175768705.0
000001.SH,20260107,4083.843,4098.7771,4069.4358,4085.7723,4083.6672,2.1051,0.0515,683384352.0,1197422798.3
000001.SH,20260108,4077.715,4093.8718,4067.1216,4082.9788,4085.7723,-2.7935,-0.0684,666131337.0,1183188756.0
000001.SH,20260109,4086.7624,4121.7226,4083.6155,4120.426,4082.9788,37.4472,0.9172,729837985.0,1289205972.3
000001.SH,20260112,4134.893,4168.3569,4119.8793,4165.287,4120.426,44.861,1.0887,839456089.0,1446230122.0
000001.SH,20260113,4169.7041,4179.702,4126.2343,4138.7585,4165.287,-26.5285,-0.6369,868382717.0,1481574218.6
000001.SH,20260114,4138.6454,4190.8663,4103.6205,4126.0932,4138.7585,-12.6653,-0.306,952551289.0,1607041237.8
000001.SH,20260115,4106.2241,4133.0726,4096.8496,4112.6012,4126.0932,-13.492,-0.327,680250791.0,1175915097.4
000001.SH,20260116,4127.0632,4140.2251,4091.8106,4101.9127,4112.6012,-10.6885,-0.2599,763588465.0,1338017280.0
000001.SH,20260119,4090.7185,4126.5175,4090.0567,4114.0001,4101.9127,12.0874,0.2947,688905870.0,1190137813.6
000001.SH,20260120,4116.3659,4128.9304,4080.2938,4113.649,4114.0001,-0.3511,-0.0085,734362496.0,1221485626.2
000001.SH,20260121,4103.5291,4135.9585,4103.5291,4116.94,4113.649,3.291,0.08,666989507.0,1180184557.0
000001.SH,20260122,4126.0717,4140.8378,4109.9232,4122.576,4116.94,5.636,0.1369,709695409.0,1201764210.2
000001.SH,20260123,4130.1076,4143.7498,4120.204,4136.1642,4122.576,13.5882,0.3296,782115454.0,1336857054.8
000001.SH,20260126,4144.7782,4160.9852,4124.7004,4132.6052,4136.1642,-3.559,-0.086,887439731.0,1451859840.0
000001.SH,20260127,4125.2155,4158.8019,4101.8299,4139.9041,4132.6052,7.2989,0.1766,754990869.0,1289432378.9
000001.SH,20260128,4150.2152,4170.1468,4138.0188,4151.2378,4139.9041,11.3337,0.2738,823026748.0,1365526057.1
000001.SH,20260129,4155.9185,4170.2138,4138.2992,4157.9845,4151.2378,6.7467,0.1625,905908371.0,1485795395.4
000001.SH,20260130,4131.9929,4152.8501,4064.7769,4117.9476,4157.9845,-40.0369,-0.9629,804342746.0,1269855689.0
000001.SH,20260202,4079.7075,4103.4073,4013.6557,4015.7464,4117.9476,-102.2012,-2.4818,732953698.0,1163532654.2
000001.SH,20260203,4043.9061,4069.4179,4002.782,4067.7379,4015.7464,51.9915,1.2947,637684249.0,1110720213.0
000001.SH,20260204,4064.6772,4104.6207,4062.6825,4102.202,4067.7379,34.4641,0.8473,674254244.0,1063544769.9
000001.SH,20260205,4075.0254,4088.9041,4048.939,4075.9167,4102.202,-26.2853,-0.6408,596722236.0,946988891.3
000001.SH,20260206,4040.2992,4095.0303,4029.9731,4065.5834,4075.9167,-10.3333,-0.2535,556709801.0,898655033.0
000001.SH,20260209,4103.5396,4123.1587,4093.0561,4123.0897,4065.5834,57.5063,1.4145,572632582.0,949726336.0
000001.SH,20260210,4127.7658,4134.3382,4117.5635,4128.3731,4123.0897,5.2834,0.1281,524620969.0,882201747.0
000001.SH,20260211,4124.4277,4142.5612,4122.4283,4131.985,4128.3731,3.6119,0.0875,500685278.0,822607547.3
000001.SH,20260212,4136.99,4140.5931,4124.1308,4134.0178,4131.985,2.0328,0.0492,529370116.0,897955034.8
000001.SH,20260213,4115.9243,4123.8443,4079.7702,4082.0726,4134.0178,-51.9452,-1.2565,500799472.0,846808337.5
000001.SH,20260224,4129.1338,4131.5499,4105.9369,4117.4089,4082.0726,35.3363,0.8656,566322249.0,938611376.0
000001.SH,20260225,4123.7808,4167.8438,4122.6987,4147.2305,4117.4089,29.8216,0.7243,724787214.0,1085969561.2
000001.SH,20260226,4151.068,4152.1926,4127.1531,4146.6311,4147.2305,-0.5994,-0.0145,651702826.0,1067198717.4
000001.SH,20260227,4128.8974,4166.2344,4128.36,4162.8815,4146.6311,16.2504,0.3919,682047646.0,1072367831.6
000001.SH,20260302,4151.8011,4188.7702,4131.3676,4182.5909,4162.8815,19.7094,0.4735,861579218.0,1345892469.4
000001.SH,20260303,4189.4079,4197.228,4116.011,4122.676,4182.5909,-59.9149,-1.4325,921139170.0,1425790202.3
000001.SH,20260304,4087.632,4106.0397,4055.4125,4082.474,4122.676,-40.202,-0.9751,765169531.0,1113081986.1
000001.SH,20260305,4109.777,4125.6166,4090.6213,4108.567,4082.474,26.093,0.6391,689746535.0,1068043734.8
000001.SH,20260306,4085.8954,4129.4647,4085.8954,4124.194,4108.567,15.627,0.3804,646765760.0,978805927.1
000001.SH,20260309,4098.6987,4106.5336,4052.5454,4096.6023,4124.194,-27.5917,-0.669,797803556.0,1194106193.2
000001.SH,20260310,4098.5869,4123.9578,4098.5869,4123.138,4096.6023,26.5357,0.6477,674922194.0,1036427205.3
000001.SH,20260311,4123.6663,4135.8392,4112.7998,4133.4331,4123.138,10.2951,0.2497,707727169.0,1063600874.4
000001.SH,20260312,4133.1996,4141.6488,4103.1636,4129.1026,4133.4331,-4.3305,-0.1048,786151182.0,1078215329.8
000001.SH,20260313,4117.5738,4134.0794,4086.8469,4095.4485,4129.1026,-33.6541,-0.815,792054764.0,1063918169.4
000001.SH,20260316,4092.2491,4096.1333,4048.0866,4084.7858,4095.4485,-10.6627,-0.2604,732227098.0,1037223834.0
000001.SH,20260317,4086.2953,4108.4,4049.5801,4049.9073,4084.7858,-34.8785,-0.8539,678771224.0,951228129.3
000001.SH,20260318,4053.3052,4065.3734,4023.0295,4062.9844,4049.9073,13.0771,0.3229,623873102.0,876327491.4
000001.SH,20260319,4028.542,4042.0221,3994.1651,4006.5523,4062.9844,-56.4321,-1.3889,667255422.0,935264956.1
000001.SH,20260320,4004.5732,4022.7033,3955.7113,3957.0527,4006.5523,-49.4996,-1.2355,666798387.0,964863108.6
000001.SH,20260323,3904.9513,3906.622,3794.6844,3813.2829,3957.0527,-143.7698,-3.6333,804738850.0,1086248286.0
000001.SH,20260324,3849.6312,3881.4236,3807.9937,3881.2797,3813.2829,67.9968,1.7832,680622039.0,931418842.7
000001.SH,20260325,3892.269,3933.0613,3891.8159,3931.8375,3881.2797,50.5578,1.3026,688343626.0,967854261.2
000001.SH,20260326,3924.9621,3937.1041,3880.5729,3889.0835,3931.8375,-42.754,-1.0874,615973981.0,848361335.1
000001.SH,20260327,3852.0936,3924.1075,3852.0936,3913.7238,3889.0835,24.6403,0.6336,561342963.0,799696430.9
000001.SH,20260330,3884.2769,3924.2893,3872.7756,3923.2869,3913.7238,9.5631,0.2443,595589479.0,839822434.7
000001.SH,20260331,3924.067,3948.8107,3891.8605,3891.8605,3923.2869,-31.4264,-0.801,606704983.0,891945339.6
000001.SH,20260401,3939.5658,3955.943,3929.9213,3948.5521,3891.8605,56.6916,1.4567,564611598.0,897278213.9
000001.SH,20260402,3940.7989,3952.5761,3900.1164,3919.2852,3948.5521,-29.2669,-0.7412,544212835.0,811896567.0
000001.SH,20260403,3927.5923,3929.5285,3871.3004,3880.0967,3919.2852,-39.1885,-0.9999,492699082.0,713830332.1
000001.SH,20260407,3884.1505,3902.6065,3875.6843,3890.1645,3880.0967,10.0678,0.2595,473615076.0,723905837.3
000001.SH,20260408,3930.2507,3994.9975,3926.2489,3994.9975,3890.1645,104.833,2.6948,644135352.0,1074211701.3
000001.SH,20260409,3967.6296,3979.1271,3955.2458,3966.1712,3994.9975,-28.8263,-0.7216,541569801.0,902481840.1
000001.SH,20260410,3985.464,4011.0243,3979.814,3986.2247,3966.1712,20.0535,0.5056,546415541.0,955664107.2
000001.SH,20260413,3971.1985,3991.2622,3966.1981,3988.558,3986.2247,2.3333,0.0585,545781768.0,919436481.8
000001.SH,20260414,4006.7267,4026.6256,3992.4071,4026.6256,3988.558,38.0676,0.9544,570259003.0,998435132.0
000001.SH,20260415,4039.4711,4050.6208,4020.9039,4027.2095,4026.6256,0.5839,0.0145,569458589.0,1028851871.5
000001.SH,20260416,4030.1378,4057.8314,4028.9086,4055.5468,4027.2095,28.3373,0.7036,545876967.0,976565489.7
000001.SH,20260417,4043.3813,4058.6041,4038.4287,4051.4254,4055.5468,-4.1214,-0.1016,548791406.0,1013520660.2
000001.SH,20260420,4053.3745,4083.1902,4051.685,4082.1271,4051.4254,30.7017,0.7578,589841379.0,1084578006.4
000001.SH,20260421,4075.8454,4086.6369,4062.1326,4085.0766,4082.1271,2.9495,0.0723,576689450.0,1033349016.2
000001.SH,20260422,4074.8131,4106.8441,4074.6796,4106.2581,4085.0766,21.1815,0.5185,582466346.0,1093625892.4
000001.SH,20260423,4110.7883,4114.8443,4070.4598,4093.2501,4106.2581,-13.008,-0.3168,671166092.0,1234396207.6
000001.SH,20260424,4081.0326,4092.6131,4061.1453,4079.9004,4093.2501,-13.3497,-0.3261,605031798.0,1143000195.1
000001.SH,20260427,4074.8109,4092.8305,4071.0803,4086.3442,4079.9004,6.4438,0.1579,589950867.0,1136051921.7
000001.SH,20260428,4076.1431,4090.2014,4062.872,4078.6374,4086.3442,-7.7068,-0.1886,600507498.0,1113955561.9
000001.SH,20260429,4061.8221,4112.1518,4061.8221,4107.5144,4078.6374,28.877,0.708,614221451.0,1126615371.1
000001.SH,20260430,4107.2974,4118.7552,4100.9656,4112.1593,4107.5144,4.6449,0.1131,656912728.0,1276194739.1
000001.SH,20260506,4135.4505,4166.1469,4129.9108,4160.1737,4112.1593,48.0144,1.1676,701177480.0,1465903193.4
000001.SH,20260507,4168.4467,4180.2099,4163.1365,4180.0922,4160.1737,19.9185,0.4788,685574249.0,1359099510.0
000001.SH,20260508,4163.8537,4183.0631,4154.2456,4179.9524,4180.0922,-0.1398,-0.0033,697019094.0,1331673066.1
000001.SH,20260511,4201.3465,4229.5795,4186.0819,4225.0207,4179.9524,45.0683,1.0782,762736287.0,1584366746.2
000001.SH,20260512,4229.2833,4230.1839,4199.344,4214.4891,4225.0207,-10.5316,-0.2493,718984002.0,1465272590.6
000001.SH,20260513,4192.3145,4245.0684,4192.3145,4242.572,4214.4891,28.0829,0.6663,705018739.0,1447463947.7
000001.SH,20260514,4256.1569,4258.8631,4177.9175,4177.9175,4242.572,-64.6545,-1.5239,764235004.0,1498116800.6
000001.SH,20260515,4174.175,4191.8068,4114.0856,4135.3894,4177.9175,-42.5281,-1.0179,733162357.0,1519240026.5
000001.SH,20260518,4120.1401,4145.6612,4108.6044,4131.5276,4135.3894,-3.8618,-0.0934,627233137.0,1315084195.4
000001.SH,20260519,4122.9608,4170.2887,4107.9944,4169.5378,4131.5276,38.0102,0.92,617611067.0,1306522478.0
000001.SH,20260520,4152.6984,4169.8468,4139.9744,4162.1845,4169.5378,-7.3533,-0.1764,624152035.0,1358926939.2
000001.SH,20260521,4174.3772,4199.5269,4074.2167,4077.2765,4162.1845,-84.908,-2.04,727218701.0,1595726694.7
000001.SH,20260522,4096.1723,4120.0875,4067.7471,4112.8996,4077.2765,35.6231,0.8737,589459644.0,1285847521.7
000001.SH,20260525,4126.3376,4153.8788,4119.7996,4152.5686,4112.8996,39.669,0.9645,615930861.0,1445655378.4
000001.SH,20260526,4137.3196,4150.2888,4104.4593,4145.373,4152.5686,-7.1956,-0.1733,654777756.0,1461685377.7
000001.SH,20260527,4138.8053,4153.5614,4077.616,4093.7266,4145.373,-51.6464,-1.2459,660467399.0,1473449051.0
000001.SH,20260528,4080.3044,4110.7821,4055.8275,4098.6358,4093.7266,4.9092,0.1199,621179950.0,1361325732.9
000001.SH,20260529,4110.5212,4112.9553,4055.8861,4068.5691,4098.6358,-30.0667,-0.7336,731597710.0,1532067353.0
000001.SH,20260601,4067.1578,4093.0405,4045.6898,4057.74,4068.5691,-10.8291,-0.2662,676025806.0,1319801914.0
000001.SH,20260602,4061.4629,4089.5747,4032.5826,4075.1016,4057.74,17.3616,0.4279,642244656.0,1280966176.2
000001.SH,20260603,4068.3408,4107.0458,4059.9067,4083.974,4075.1016,8.8724,0.2177,668452583.0,1429755844.6
000001.SH,20260604,4053.6702,4080.7178,4043.4331,4057.7811,4083.974,-26.1929,-0.6414,621194774.0,1274652182.4
000001.SH,20260605,4044.8292,4078.9317,4015.0629,4027.7362,4057.7811,-30.0449,-0.7404,662918577.0,1363887868.5
