ts_code,trade_date,open,high,low,close,pre_close,change,pct_chg,vol,amount
000852.SH,20200102,5603.9331,5682.6426,5586.1399,5676.5579,5567.033,109.5249,1.9674,178712563.0,176874948.019
000852.SH,20200103,5685.0849,5717.5054,5667.7417,5706.0438,5676.5579,29.4859,0.5194,179006818.0,178295040.891
000852.SH,20200106,5686.1612,5803.8619,5670.343,5764.7334,5706.0438,58.6896,1.0286,208487509.0,203211064.767
000852.SH,20200107,5772.6649,5852.3609,5772.6649,5852.3609,5764.7334,87.6275,1.5201,203440347.0,201537254.68
000852.SH,20200108,5827.3803,5858.8716,5759.3335,5772.4742,5852.3609,-79.8867,-1.365,218974060.0,213888094.699
000852.SH,20200109,5815.7396,5864.1821,5815.7396,5864.1821,5772.4742,91.7079,1.5887,186388460.0,187336849.364
000852.SH,20200110,5879.2137,5885.3312,5824.6524,5851.8928,5864.1821,-12.2893,-0.2096,169185946.0,173850556.719
000852.SH,20200113,5844.9636,5926.7222,5822.4232,5926.7222,5851.8928,74.8294,1.2787,160728794.0,172362974.861
000852.SH,20200114,5939.9026,5948.0429,5911.693,5914.1131,5926.7222,-12.6091,-0.2127,176822328.0,184340199.175
000852.SH,20200115,5903.7635,5920.0849,5859.1131,5913.518,5914.1131,-0.5951,-0.0101,160084737.0,165877789.555
000852.SH,20200116,5917.2317,5934.173,5892.7303,5902.1318,5913.518,-11.3862,-0.1925,147953859.0,162778573.69
000852.SH,20200117,5913.7922,5927.5366,5869.1739,5879.4121,5902.1318,-22.7197,-0.3849,142819686.0,157111565.03
000852.SH,20200120,5880.1327,5954.891,5862.1437,5954.8668,5879.4121,75.4547,1.2834,148360279.0,167625390.987
000852.SH,20200121,5951.9985,5951.9985,5901.0014,5901.8587,5954.8668,-53.0081,-0.8902,156332321.0,172604389.451
000852.SH,20200122,5867.2178,5942.1077,5784.6801,5919.587,5901.8587,17.7283,0.3004,162728303.0,180180672.739
000852.SH,20200123,5852.2033,5897.8997,5643.8412,5699.0083,5919.587,-220.5787,-3.7263,184762621.0,199558188.298
000852.SH,20200203,5180.5868,5227.0713,5179.2568,5200.1624,5699.0083,-498.8459,-8.7532,84416544.0,82967244.446
000852.SH,20200204,4923.1872,5234.2523,4923.1872,5212.1,5200.1624,11.9376,0.2296,238201147.0,217391387.299
000852.SH,20200205,5242.3292,5414.764,5242.3292,5348.3408,5212.1,136.2408,2.6139,207940041.0,211215505.958
000852.SH,20200206,5353.1888,5538.9364,5326.2112,5515.6411,5348.3408,167.3003,3.1281,218481717.0,221846850.782
000852.SH,20200207,5535.1292,5588.7663,5472.8651,5583.5955,5515.6411,67.9544,1.232,226928728.0,234210907.572
000852.SH,20200210,5586.9484,5662.422,5567.0504,5661.5621,5583.5955,77.9666,1.3964,218068133.0,225934645.91
000852.SH,20200211,5656.5222,5666.7273,5590.8892,5623.2586,5661.5621,-38.3035,-0.6766,188157880.0,190484765.963
000852.SH,20200212,5605.9308,5754.2577,5602.3037,5754.2577,5623.2586,130.9991,2.3296,202279086.0,212220811.03
000852.SH,20200213,5758.9153,5782.5655,5690.0052,5707.5326,5754.2577,-46.7251,-0.812,221916197.0,234650257.291
000852.SH,20200214,5696.1042,5783.6377,5677.7851,5727.8291,5707.5326,20.2965,0.3556,199679955.0,213876159.031
000852.SH,20200217,5766.5457,5936.4827,5766.5457,5936.4827,5727.8291,208.6536,3.6428,228914794.0,242894906.805
000852.SH,20200218,5948.6491,6072.1933,5940.6211,6072.1933,5936.4827,135.7106,2.286,254099391.0,275800965.332
000852.SH,20200219,6058.6942,6113.8677,6018.0505,6018.0505,6072.1933,-54.1428,-0.8917,259320330.0,289044889.829
000852.SH,20200220,6032.3978,6135.3506,5979.0539,6134.388,6018.0505,116.3375,1.9331,248953942.0,271785954.512
000852.SH,20200221,6141.7923,6278.4817,6136.0843,6243.4783,6134.388,109.0903,1.7783,277767258.0,310673738.092
000852.SH,20200224,6254.3208,6399.2959,6236.0866,6380.4145,6243.4783,136.9362,2.1933,298299514.0,343773410.543
000852.SH,20200225,6233.5245,6420.3462,6096.1462,6407.1434,6380.4145,26.7289,0.4189,348239766.0,395393684.965
000852.SH,20200226,6315.331,6388.0632,6200.2552,6221.835,6407.1434,-185.3084,-2.8922,327093035.0,348120245.542
000852.SH,20200227,6254.3937,6321.116,6135.9539,6232.089,6221.835,10.254,0.1648,268029216.0,282370521.85
000852.SH,20200228,5999.2136,6091.6936,5870.9092,5870.9664,6232.089,-361.1226,-5.7946,284615928.0,287562561.996
000852.SH,20200302,5946.8329,6143.7279,5931.04,6113.4111,5870.9664,242.4447,4.1296,245865457.0,253459829.41
000852.SH,20200303,6225.9628,6322.2748,6132.7096,6195.8915,6113.4111,82.4804,1.3492,294093196.0,307524313.165
000852.SH,20200304,6146.7657,6231.64,6101.0522,6226.533,6195.8915,30.6415,0.4945,254454054.0,255394345.474
000852.SH,20200305,6312.4329,6327.5363,6248.9768,6315.8349,6226.533,89.3019,1.4342,296079776.0,291549028.795
000852.SH,20200306,6236.2564,6344.0774,6225.7049,6296.7385,6315.8349,-19.0964,-0.3024,266263128.0,254972181.157
000852.SH,20200309,6198.1974,6239.2541,6049.6211,6049.6211,6296.7385,-247.1174,-3.9245,287184490.0,282561225.684
000852.SH,20200310,5965.3638,6206.408,5902.3874,6206.408,6049.6211,156.7869,2.5917,285396200.0,281697179.89
000852.SH,20200311,6219.9277,6268.939,6122.9093,6122.9093,6206.408,-83.4987,-1.3454,264576806.0,263523061.378
000852.SH,20200312,6026.0591,6071.6244,5938.9256,5999.6395,6122.9093,-123.2698,-2.0133,219646037.0,213040444.575
000852.SH,20200313,5681.5876,5999.7687,5681.5876,5945.4645,5999.6395,-54.175,-0.903,251191641.0,242885912.82
000852.SH,20200316,5999.5444,6007.2598,5638.3877,5657.7747,5945.4645,-287.6898,-4.8388,246604652.0,242635524.305
000852.SH,20200317,5707.4161,5756.2011,5436.5998,5642.9188,5657.7747,-14.8559,-0.2626,207157724.0,196893927.135
000852.SH,20200318,5702.1729,5804.3007,5556.1082,5556.1082,5642.9188,-86.8106,-1.5384,205114829.0,208457587.163
000852.SH,20200319,5552.5087,5641.0383,5453.0388,5617.1948,5556.1082,61.0866,1.0994,190815761.0,188376962.928
000852.SH,20200320,5676.9674,5688.9471,5574.6173,5670.471,5617.1948,53.2762,0.9484,172744000.0,174169396.391
000852.SH,20200323,5514.9258,5575.5314,5398.9506,5416.5708,5670.471,-253.9002,-4.4776,170338393.0,164487504.595
000852.SH,20200324,5522.1784,5535.933,5344.4175,5517.2552,5416.5708,100.6844,1.8588,175452306.0,170351799.546
000852.SH,20200325,5632.408,5652.4337,5589.9557,5646.6252,5517.2552,129.37,2.3448,182114811.0,173826281.07
000852.SH,20200326,5606.6345,5666.1258,5582.9295,5595.4333,5646.6252,-51.1919,-0.9066,165999234.0,156197376.317
000852.SH,20200327,5659.5895,5665.6227,5550.5353,5553.6122,5595.4333,-41.8211,-0.7474,154391842.0,148738322.872
000852.SH,20200330,5472.148,5472.148,5362.7971,5415.4107,5553.6122,-138.2015,-2.4885,159550463.0,152032095.018
000852.SH,20200331,5465.3722,5479.0211,5414.3061,5427.1324,5415.4107,11.7217,0.2165,141809524.0,134577123.555
000852.SH,20200401,5413.5463,5491.4688,5391.5446,5403.303,5427.1324,-23.8294,-0.4391,147263582.0,141779249.943
000852.SH,20200402,5376.6593,5538.604,5367.5651,5538.604,5403.303,135.301,2.504,145938759.0,145762147.824
000852.SH,20200403,5525.7749,5558.379,5482.0559,5507.1187,5538.604,-31.4853,-0.5685,140577689.0,142765023.766
000852.SH,20200407,5605.2711,5697.7599,5599.8157,5695.1689,5507.1187,188.0502,3.4147,178924142.0,176686381.426
000852.SH,20200408,5673.3431,5739.3005,5661.9543,5718.1282,5695.1689,22.9593,0.4031,183301367.0,176221119.095
000852.SH,20200409,5750.8866,5802.6505,5740.0305,5789.2646,5718.1282,71.1364,1.2441,182524761.0,171622575.709
000852.SH,20200410,5787.5438,5787.5438,5619.7035,5637.5316,5789.2646,-151.733,-2.6209,191472398.0,182471017.554
000852.SH,20200413,5590.3193,5613.4121,5542.5724,5578.856,5637.5316,-58.6756,-1.0408,139328572.0,131715042.982
000852.SH,20200414,5605.9055,5692.0009,5599.908,5692.0009,5578.856,113.1449,2.0281,142344159.0,141850181.136
000852.SH,20200415,5689.7349,5720.4227,5655.2217,5657.9482,5692.0009,-34.0527,-0.5983,164401927.0,163166374.511
000852.SH,20200416,5626.8448,5711.7164,5617.0537,5700.9604,5657.9482,43.0122,0.7602,156294197.0,156510143.338
000852.SH,20200417,5735.9013,5764.792,5702.0133,5710.0533,5700.9604,9.0929,0.1595,185552049.0,188354568.942
000852.SH,20200420,5722.7343,5803.4022,5714.317,5803.4021,5710.0533,93.3488,1.6348,163679968.0,166394712.722
000852.SH,20200421,5780.8581,5780.8581,5711.166,5773.0079,5803.4021,-30.3942,-0.5237,175001519.0,174277551.265
000852.SH,20200422,5721.5262,5826.5825,5710.8116,5826.5596,5773.0079,53.5517,0.9276,168439605.0,163030609.782
000852.SH,20200423,5841.4025,5846.3812,5789.1018,5789.4817,5826.5596,-37.0779,-0.6364,187886350.0,183378206.089
000852.SH,20200424,5782.2882,5784.1147,5654.2167,5675.5096,5789.4817,-113.9721,-1.9686,181572077.0,169234196.142
000852.SH,20200427,5675.565,5699.7744,5617.519,5645.6565,5675.5096,-29.8531,-0.526,146874427.0,138599116.36
000852.SH,20200428,5641.2921,5644.351,5395.5725,5561.1976,5645.6565,-84.4589,-1.496,183952128.0,169968465.71
000852.SH,20200429,5532.9972,5600.764,5524.8692,5547.6279,5561.1976,-13.5697,-0.244,143724315.0,132053812.508
000852.SH,20200430,5572.5733,5695.2115,5572.5733,5678.1658,5547.6279,130.5379,2.353,160186056.0,161685978.4
000852.SH,20200506,5636.8668,5802.4645,5632.0329,5802.4187,5678.1658,124.2529,2.1883,160515351.0,168544766.034
000852.SH,20200507,5809.5372,5837.3294,5787.6076,5795.872,5802.4187,-6.5467,-0.1128,162316275.0,167389808.202
000852.SH,20200508,5825.737,5885.9959,5822.8103,5862.7665,5795.872,66.8945,1.1542,161392585.0,165949771.133
000852.SH,20200511,5892.5656,5902.1604,5813.6709,5851.8037,5862.7665,-10.9628,-0.187,158065336.0,163332597.984
000852.SH,20200512,5847.7012,5869.5858,5780.0935,5869.5065,5851.8037,17.7028,0.3025,141835687.0,147147225.539
000852.SH,20200513,5849.4597,5923.2605,5835.3291,5917.0268,5869.5065,47.5203,0.8096,139578278.0,147515060.094
000852.SH,20200514,5889.1381,5915.6051,5861.7753,5863.2364,5917.0268,-53.7904,-0.9091,158974226.0,160866269.779
000852.SH,20200515,5886.7778,5924.7664,5859.9009,5889.9767,5863.2364,26.7403,0.4561,155187827.0,166475103.474
000852.SH,20200518,5905.9235,5916.7084,5841.7165,5860.0427,5889.9767,-29.934,-0.5082,175785977.0,189759008.665
000852.SH,20200519,5896.1545,5936.6638,5886.9021,5936.5992,5860.0427,76.5565,1.3064,151779169.0,167009746.14
000852.SH,20200520,5928.4697,5928.4697,5844.5801,5865.8412,5936.5992,-70.758,-1.1919,161717837.0,180294652.741
000852.SH,20200521,5878.7245,5883.7813,5780.1063,5791.6402,5865.8412,-74.201,-1.265,152293102.0,158337084.694
000852.SH,20200522,5782.6249,5782.6603,5643.396,5683.9962,5791.6402,-107.644,-1.8586,143844880.0,145612134.936
000852.SH,20200525,5674.3018,5691.1406,5640.2793,5671.9722,5683.9962,-12.024,-0.2115,115873608.0,120563570.978
000852.SH,20200526,5690.3988,5808.5486,5690.3988,5808.5486,5671.9722,136.5764,2.4079,125079483.0,132765358.165
000852.SH,20200527,5813.9847,5817.0612,5758.1812,5772.0836,5808.5486,-36.465,-0.6278,145944599.0,150578071.941
000852.SH,20200528,5769.7869,5790.1813,5675.4945,5758.9271,5772.0836,-13.1565,-0.2279,149011880.0,149103385.996
000852.SH,20200529,5744.2338,5834.6205,5732.3789,5816.4003,5758.9271,57.4732,0.998,146234702.0,150136748.134
000852.SH,20200601,5855.3308,5996.4154,5855.3308,5993.7853,5816.4003,177.385,3.0497,182804490.0,188451522.805
000852.SH,20200602,6012.566,6021.2651,5978.7724,6002.8363,5993.7853,9.051,0.151,194954803.0,197788386.661
000852.SH,20200603,6010.4092,6043.1037,5987.5719,5994.6378,6002.8363,-8.1985,-0.1366,192954778.0,195243573.259
000852.SH,20200604,6004.4588,6016.1167,5973.2,6006.7648,5994.6378,12.127,0.2023,172027794.0,168485470.618
000852.SH,20200605,6009.884,6028.9985,5970.1502,6015.3274,6006.7648,8.5626,0.1425,163123246.0,161508818.261
000852.SH,20200608,6039.2455,6049.8559,5993.1708,6001.4315,6015.3274,-13.8959,-0.231,157469710.0,163815206.139
000852.SH,20200609,6005.8362,6042.3606,5979.2313,6042.3353,6001.4315,40.9038,0.6816,147305077.0,152026368.627
000852.SH,20200610,6033.4876,6049.6883,6007.9847,6049.322,6042.3353,6.9867,0.1156,145670199.0,151981628.039
000852.SH,20200611,6050.1206,6107.3369,5999.5125,6027.4085,6049.322,-21.9135,-0.3622,161281051.0,172161069.637
000852.SH,20200612,5901.0702,6058.7736,5888.2281,6031.1709,6027.4085,3.7624,0.0624,158717942.0,167290673.675
000852.SH,20200615,6031.0934,6106.4507,6028.9364,6028.9556,6031.1709,-2.2153,-0.0367,169084773.0,189672191.799
000852.SH,20200616,6076.6046,6151.6855,6064.2569,6151.6855,6028.9556,122.7299,2.0357,160014620.0,180425933.243
000852.SH,20200617,6160.2024,6178.1413,6124.2179,6178.1413,6151.6855,26.4558,0.4301,173539704.0,193744325.679
000852.SH,20200618,6168.0509,6168.2353,6121.065,6149.2892,6178.1413,-28.8521,-0.467,162112225.0,183028638.087
000852.SH,20200619,6147.8841,6198.0516,6140.5194,6187.1082,6149.2892,37.819,0.615,152205993.0,173462469.211
000852.SH,20200622,6204.4993,6246.0457,6204.4993,6228.0162,6187.1082,40.908,0.6612,160944754.0,192810179.29
000852.SH,20200623,6229.6458,6245.152,6196.6871,6238.8971,6228.0162,10.8809,0.1747,152363808.0,181644238.941
000852.SH,20200624,6242.5593,6258.825,6210.9676,6227.5693,6238.8971,-11.3278,-0.1816,144540469.0,178738787.191
000852.SH,20200629,6214.8834,6233.269,6190.4126,6211.3813,6227.5693,-16.188,-0.2599,143407567.0,173959852.927
000852.SH,20200630,6239.6101,6330.0879,6236.6385,6319.5558,6211.3813,108.1745,1.7416,144583784.0,181632340.549
000852.SH,20200701,6341.5421,6357.1034,6267.1355,6339.3685,6319.5558,19.8127,0.3135,176108739.0,213263391.85
000852.SH,20200702,6341.9516,6416.9552,6316.9587,6413.952,6339.3685,74.5835,1.1765,208171938.0,241364270.934
000852.SH,20200703,6424.0941,6479.2471,6397.5104,6478.3539,6413.952,64.4019,1.0041,221048096.0,249939764.522
000852.SH,20200706,6516.9221,6732.6166,6516.9221,6725.9962,6478.3539,247.6423,3.8226,304890186.0,331901734.648
000852.SH,20200707,6784.8214,6917.5374,6711.3146,6817.865,6725.9962,91.8688,1.3659,331205124.0,374657718.481
000852.SH,20200708,6817.8308,6973.9967,6769.2077,6973.9967,6817.865,156.1317,2.29,303883025.0,351470291.291
000852.SH,20200709,6976.7175,7187.7591,6972.0035,7182.1769,6973.9967,208.1802,2.9851,344438868.0,406142789.421
000852.SH,20200710,7161.6188,7238.3778,7105.7588,7150.4243,7182.1769,-31.7526,-0.4421,316909079.0,379011160.073
000852.SH,20200713,7179.972,7403.0857,7179.972,7403.0857,7150.4243,252.6614,3.5335,315544264.0,381440417.137
000852.SH,20200714,7412.2716,7447.5088,7201.4899,7344.9876,7403.0857,-58.0981,-0.7848,334328131.0,411063726.682
000852.SH,20200715,7355.5631,7368.0028,7096.5763,7131.4636,7344.9876,-213.524,-2.9071,307301021.0,366699098.039
000852.SH,20200716,7130.0423,7165.7654,6748.5027,6758.1403,7131.4636,-373.3233,-5.2349,280755485.0,324154549.373
000852.SH,20200717,6759.1037,6885.8535,6690.4535,6772.5322,6758.1403,14.3919,0.213,208176424.0,240558176.772
000852.SH,20200720,6851.3171,7003.6672,6789.3131,7003.6672,6772.5322,231.135,3.4128,219450622.0,252685853.79
000852.SH,20200721,7026.9758,7067.3198,6977.4713,7058.7908,7003.6672,55.1236,0.7871,217536562.0,252381394.451
000852.SH,20200722,7050.4004,7181.1932,7020.5485,7125.5686,7058.7908,66.7778,0.946,228498916.0,272397056.868
000852.SH,20200723,7068.4007,7130.4534,6921.1864,7119.6711,7125.5686,-5.8975,-0.0828,244783429.0,288563974.957
000852.SH,20200724,7098.5138,7133.696,6766.5103,6784.6347,7119.6711,-335.0364,-4.7058,265481767.0,311932207.622
000852.SH,20200727,6807.9826,6839.8272,6717.3248,6786.529,6784.6347,1.8943,0.0279,191464459.0,220049471.287
000852.SH,20200728,6835.5635,6886.4438,6796.824,6857.9427,6786.529,71.4137,1.0523,184867890.0,212545887.891
000852.SH,20200729,6843.8359,7060.5347,6816.3111,7060.5347,6857.9427,202.592,2.9541,204312743.0,238009412.507
000852.SH,20200730,7082.7197,7107.4828,7029.0189,7048.9813,7060.5347,-11.5534,-0.1636,234198735.0,268238848.254
000852.SH,20200731,7030.305,7143.5936,6997.6316,7141.592,7048.9813,92.6107,1.3138,232331248.0,270041731.957
000852.SH,20200803,7204.1729,7373.3585,7193.0692,7373.3412,7141.592,231.7492,3.2451,273951455.0,323209869.61
000852.SH,20200804,7398.9853,7406.2579,7296.1197,7326.1893,7373.3412,-47.1519,-0.6395,276232099.0,331413494.399
000852.SH,20200805,7340.5533,7442.3876,7284.6746,7427.1891,7326.1893,100.9998,1.3786,246411105.0,301601517.03
000852.SH,20200806,7425.5472,7457.1592,7309.361,7432.7659,7427.1891,5.5768,0.0751,254526747.0,315215469.196
000852.SH,20200807,7407.6837,7417.0937,7209.9442,7339.8113,7432.7659,-92.9546,-1.2506,243946170.0,304012182.083
000852.SH,20200810,7319.5425,7414.0968,7288.7486,7358.862,7339.8113,19.0507,0.2596,225892914.0,284390438.387
000852.SH,20200811,7358.7272,7377.8224,7203.7887,7213.4452,7358.862,-145.4168,-1.9761,229927964.0,279826494.465
000852.SH,20200812,7176.8874,7196.2814,6932.2954,7092.355,7213.4452,-121.0902,-1.6787,210726322.0,250760812.109
000852.SH,20200813,7112.3361,7158.9503,7076.7763,7113.9297,7092.355,21.5747,0.3042,191269926.0,210659776.102
000852.SH,20200814,7103.071,7183.9582,7058.5401,7183.9582,7113.9297,70.0285,0.9844,175757774.0,196519348.386
000852.SH,20200817,7206.3793,7339.6933,7194.1236,7339.6933,7183.9582,155.7351,2.1678,207192411.0,243906635.357
000852.SH,20200818,7348.4193,7422.1372,7339.891,7410.2411,7339.6933,70.5478,0.9612,215555413.0,260025317.328
000852.SH,20200819,7397.883,7397.883,7248.8883,7256.1312,7410.2411,-154.1099,-2.0797,216784392.0,253768040.21
000852.SH,20200820,7196.3546,7257.0084,7126.0365,7151.261,7256.1312,-104.8702,-1.4453,183396773.0,206434705.747
000852.SH,20200821,7182.3031,7244.164,7137.0533,7194.274,7151.261,43.013,0.6015,173774553.0,198408317.869
000852.SH,20200824,7212.5307,7267.0917,7119.9389,7253.6399,7194.274,59.3659,0.8252,167551942.0,198458102.809
000852.SH,20200825,7258.01,7283.2826,7188.1713,7213.6824,7253.6399,-39.9575,-0.5509,195115712.0,224709858.688
000852.SH,20200826,7209.5106,7211.296,7010.0809,7037.9776,7213.6824,-175.7048,-2.4357,199859576.0,228341901.649
000852.SH,20200827,7041.5208,7125.8771,6998.0284,7113.8036,7037.9776,75.826,1.0774,171559195.0,195256207.913
000852.SH,20200828,7102.2724,7208.4148,7083.134,7204.7816,7113.8036,90.978,1.2789,174713277.0,205452187.191
000852.SH,20200831,7238.6587,7308.5956,7221.5538,7224.0458,7204.7816,19.2642,0.2674,184766841.0,226598185.93
000852.SH,20200901,7216.6458,7258.8872,7169.4024,7258.8872,7224.0458,34.8414,0.4823,164072651.0,193143478.01
000852.SH,20200902,7270.9483,7301.273,7197.2124,7272.6243,7258.8872,13.7371,0.1892,199255967.0,222937861.246
000852.SH,20200903,7263.604,7265.8998,7165.7704,7189.8606,7272.6243,-82.7637,-1.138,189863756.0,213757371.591
000852.SH,20200904,7064.2811,7189.1266,7045.5507,7182.1053,7189.8606,-7.7553,-0.1079,170637849.0,195514690.533
000852.SH,20200907,7189.9693,7240.0463,7027.921,7057.1942,7182.1053,-124.9111,-1.7392,211259977.0,240337422.033
000852.SH,20200908,7070.6797,7108.6453,6981.5732,7103.0863,7057.1942,45.8921,0.6503,210910537.0,222397705.269
000852.SH,20200909,7023.2953,7034.4884,6871.7719,6877.602,7103.0863,-225.4843,-3.1745,258714909.0,263183141.594
000852.SH,20200910,6921.4583,6938.0763,6615.5627,6633.8901,6877.602,-243.7119,-3.5436,215057643.0,209888700.656
000852.SH,20200911,6592.8995,6746.1746,6591.3068,6742.0594,6633.8901,108.1693,1.6306,151139928.0,153052036.936
000852.SH,20200914,6781.6956,6871.0504,6762.2405,6848.3586,6742.0594,106.2992,1.5767,171065211.0,181353457.242
000852.SH,20200915,6861.0258,6883.0227,6818.2235,6881.5858,6848.3586,33.2272,0.4852,154497971.0,169021320.861
000852.SH,20200916,6871.0719,6871.0719,6777.4322,6812.9115,6881.5858,-68.6743,-0.9979,136829449.0,147270154.899
000852.SH,20200917,6800.3531,6876.0147,6746.2184,6825.1524,6812.9115,12.2409,0.1797,138963661.0,154602836.222
000852.SH,20200918,6822.9722,6933.6583,6811.9049,6929.7672,6825.1524,104.6148,1.5328,151994574.0,168901949.858
000852.SH,20200921,6951.7521,6975.1327,6912.0356,6927.1898,6929.7672,-2.5774,-0.0372,147689314.0,167830648.575
000852.SH,20200922,6862.3387,6912.0977,6793.6814,6815.777,6927.1898,-111.4128,-1.6083,135534517.0,149668907.423
000852.SH,20200923,6839.4716,6881.4811,6805.1339,6862.9655,6815.777,47.1885,0.6923,118540658.0,140615004.126
000852.SH,20200924,6814.0089,6814.0089,6675.0584,6675.1518,6862.9655,-187.8137,-2.7366,131268051.0,144666426.785
000852.SH,20200925,6703.6216,6717.2421,6604.6745,6634.3886,6675.1518,-40.7632,-0.6107,103410915.0,120179722.129
000852.SH,20200928,6649.1819,6660.1822,6550.0017,6550.3689,6634.3886,-84.0197,-1.2664,96264154.0,111085958.508
000852.SH,20200929,6585.182,6651.7384,6562.8196,6621.0317,6550.3689,70.6628,1.0788,95051523.0,114719731.017
000852.SH,20200930,6641.3849,6665.8813,6584.8852,6617.1587,6621.0317,-3.873,-0.0585,95018529.0,111390909.43
000852.SH,20201009,6737.5285,6828.9767,6727.3932,6822.3647,6617.1587,205.206,3.1011,126973237.0,150455877.358
000852.SH,20201012,6881.6257,7036.2753,6875.6998,7036.2753,6822.3647,213.9106,3.1354,171267161.0,211054929.393
000852.SH,20201013,7023.4356,7059.2429,6989.6715,7053.8711,7036.2753,17.5958,0.2501,145584911.0,182425638.779
000852.SH,20201014,7036.8703,7036.8703,6975.1872,6988.6091,7053.8711,-65.262,-0.9252,138335733.0,177624661.641
000852.SH,20201015,6991.736,6992.2948,6924.1861,6926.8462,6988.6091,-61.7629,-0.8838,129563641.0,160593829.402
000852.SH,20201016,6924.811,6942.6276,6846.1654,6906.3883,6926.8462,-20.4579,-0.2953,116392184.0,143600861.869
000852.SH,20201019,6943.7994,6947.9495,6842.9995,6858.3558,6906.3883,-48.0325,-0.6955,120084585.0,148409262.804
000852.SH,20201020,6846.3616,6923.3842,6804.8397,6923.3842,6858.3558,65.0284,0.9482,113726512.0,136913522.801
000852.SH,20201021,6926.5326,6926.6907,6793.4929,6815.0928,6923.3842,-108.2914,-1.5641,115787266.0,143322048.506
000852.SH,20201022,6788.0033,6800.0448,6714.1475,6771.8073,6815.0928,-43.2855,-0.6351,107660596.0,130130456.671
000852.SH,20201023,6774.7669,6811.3297,6627.696,6641.3292,6771.8073,-130.4781,-1.9268,110708760.0,137054187.18
000852.SH,20201026,6620.188,6674.5748,6545.7876,6648.521,6641.3292,7.1918,0.1083,98661452.0,119290491.538
000852.SH,20201027,6630.7188,6689.032,6620.0932,6682.5376,6648.521,34.0166,0.5116,100707026.0,122904862.743
000852.SH,20201028,6680.44,6700.4702,6589.7685,6685.429,6682.5376,2.8914,0.0433,115349880.0,139876950.149
000852.SH,20201029,6592.8921,6698.7237,6573.6981,6674.7417,6685.429,-10.6873,-0.1599,116175399.0,142806407.411
000852.SH,20201030,6685.5932,6694.5237,6502.1206,6511.1579,6674.7417,-163.5838,-2.4508,136545161.0,165146549.975
000852.SH,20201102,6517.422,6537.3224,6461.7068,6513.7878,6511.1579,2.6299,0.0404,123187315.0,150018713.993
000852.SH,20201103,6538.2827,6647.575,6518.6641,6647.575,6513.7878,133.7872,2.0539,125339563.0,153123644.965
000852.SH,20201104,6652.5817,6658.5839,6585.8004,6632.6822,6647.575,-14.8928,-0.224,113033552.0,138683943.106
000852.SH,20201105,6685.2035,6756.8966,6665.8133,6754.9495,6632.6822,122.2673,1.8434,136534629.0,164787764.964
000852.SH,20201106,6771.1832,6771.1832,6645.5701,6688.6623,6754.9495,-66.2872,-0.9813,138608165.0,168933507.628
000852.SH,20201109,6723.4287,6873.4353,6723.4287,6851.9834,6688.6623,163.3211,2.4418,167674029.0,208255330.863
000852.SH,20201110,6854.7004,6854.7726,6747.7426,6779.4907,6851.9834,-72.4927,-1.058,146370421.0,183639146.537
000852.SH,20201111,6761.3488,6771.5344,6659.2833,6663.7308,6779.4907,-115.7599,-1.7075,130925314.0,161158470.908
000852.SH,20201112,6680.1967,6702.302,6647.7682,6676.4219,6663.7308,12.6911,0.1905,112641881.0,137048414.059
000852.SH,20201113,6663.2215,6700.2045,6621.4997,6686.3913,6676.4219,9.9694,0.1493,109345005.0,138023818.673
000852.SH,20201116,6703.1816,6747.8105,6668.4225,6747.8105,6686.3913,61.4192,0.9186,135652613.0,159852458.499
000852.SH,20201117,6743.8687,6743.8687,6637.5177,6681.7234,6747.8105,-66.0871,-0.9794,143321097.0,167286791.677
000852.SH,20201118,6673.5954,6723.6079,6653.6469,6682.1248,6681.7234,0.4014,0.006,134446332.0,151152448.723
000852.SH,20201119,6664.8314,6725.4904,6625.0898,6718.4582,6682.1248,36.3334,0.5437,134931805.0,154146748.464
000852.SH,20201120,6713.6481,6770.056,6701.4901,6766.0605,6718.4582,47.6023,0.7085,133167459.0,152519866.839
000852.SH,20201123,6776.2432,6833.623,6738.6465,6807.7175,6766.0605,41.657,0.6157,166030510.0,183405820.14
000852.SH,20201124,6798.8315,6827.4733,6785.2502,6807.9974,6807.7175,0.2799,0.0041,143456517.0,167896340.685
000852.SH,20201125,6816.2311,6817.7558,6691.8739,6691.8739,6807.9974,-116.1235,-1.7057,151667249.0,170841521.047
000852.SH,20201126,6678.1362,6693.8716,6597.7657,6643.1846,6691.8739,-48.6893,-0.7276,124948306.0,142739211.669
000852.SH,20201127,6639.5986,6644.3497,6578.724,6641.7734,6643.1846,-1.4112,-0.0212,119054618.0,133606292.308
000852.SH,20201130,6642.1547,6674.2601,6591.6899,6622.3592,6641.7734,-19.4142,-0.2923,130805342.0,149582267.263
000852.SH,20201201,6608.6201,6717.2545,6600.7253,6713.2303,6622.3592,90.8711,1.3722,134546042.0,147694519.565
000852.SH,20201202,6712.8889,6741.5445,6699.7544,6735.712,6713.2303,22.4817,0.3349,149384457.0,161755616.286
000852.SH,20201203,6726.2601,6736.4236,6679.5155,6711.8429,6735.712,-23.8691,-0.3544,137204247.0,147926078.227
000852.SH,20201204,6700.6877,6755.5753,6688.6316,6746.6295,6711.8429,34.7866,0.5183,119005147.0,135066144.027
000852.SH,20201207,6760.104,6770.8447,6731.6837,6733.002,6746.6295,-13.6275,-0.202,130050966.0,147139608.234
000852.SH,20201208,6735.2288,6753.7004,6720.603,6734.372,6733.002,1.37,0.0203,119558853.0,138808514.327
000852.SH,20201209,6734.1215,6736.1725,6602.5166,6602.5166,6734.372,-131.8554,-1.9579,140747529.0,158766773.326
000852.SH,20201210,6576.0634,6647.4456,6552.1086,6605.1915,6602.5166,2.6749,0.0405,120849979.0,137778936.149
000852.SH,20201211,6610.5547,6617.4424,6441.2857,6498.2391,6605.1915,-106.9524,-1.6192,144586345.0,160582018.029
000852.SH,20201214,6493.649,6578.4103,6459.9151,6576.8161,6498.2391,78.577,1.2092,116492766.0,140696279.12
000852.SH,20201215,6565.4974,6603.3999,6548.7887,6596.503,6576.8161,19.6869,0.2993,107134787.0,140803863.118
000852.SH,20201216,6597.3116,6598.9303,6538.9721,6543.3624,6596.503,-53.1406,-0.8056,118561620.0,144189418.678
000852.SH,20201217,6530.6555,6599.1079,6460.6262,6597.8596,6543.3624,54.4972,0.8329,135780084.0,163044631.084
000852.SH,20201218,6604.0254,6625.9656,6564.1811,6573.4036,6597.8596,-24.456,-0.3707,133704174.0,164303646.907
000852.SH,20201221,6576.713,6692.3771,6571.5868,6691.5884,6573.4036,118.1848,1.7979,143601290.0,183389850.809
000852.SH,20201222,6668.2129,6684.704,6545.8378,6549.9694,6691.5884,-141.619,-2.1164,161411454.0,201278428.007
000852.SH,20201223,6552.2749,6615.2009,6551.0703,6601.2429,6549.9694,51.2735,0.7828,163014563.0,206344944.445
000852.SH,20201224,6591.7892,6596.5875,6484.4088,6496.3259,6601.2429,-104.917,-1.5894,160886586.0,191348348.674
000852.SH,20201225,6466.3504,6570.2995,6454.2777,6561.2749,6496.3259,64.949,0.9998,154563507.0,179694541.061
000852.SH,20201228,6561.7675,6566.6549,6484.4443,6519.4714,6561.2749,-41.8035,-0.6371,174273839.0,199661749.782
000852.SH,20201229,6514.9092,6548.7108,6473.4,6477.2617,6519.4714,-42.2097,-0.6474,165003139.0,190483180.104
000852.SH,20201230,6469.8912,6549.3847,6465.3909,6526.8785,6477.2617,49.6168,0.766,150299134.0,175274043.622
000852.SH,20201231,6536.8609,6646.4981,6536.8609,6646.4735,6526.8785,119.595,1.8323,156307191.0,187774927.79
000852.SH,20210104,6671.927,6809.4266,6662.7993,6798.7644,6646.4735,152.2909,2.2913,183204775.0,227626018.85
000852.SH,20210105,6785.5199,6827.4972,6726.4621,6807.4471,6798.7644,8.6827,0.1277,197247556.0,250731503.474
000852.SH,20210106,6803.687,6816.257,6686.132,6724.9502,6807.4471,-82.4969,-1.2119,179080173.0,234002446.129
000852.SH,20210107,6708.7154,6709.0716,6557.2731,6616.5524,6724.9502,-108.3978,-1.6119,193680051.0,238048917.82
000852.SH,20210108,6603.505,6638.8596,6514.1803,6585.3587,6616.5524,-31.1937,-0.4714,161815950.0,208803739.651
000852.SH,20210111,6579.6418,6584.2182,6437.0328,6475.9548,6585.3587,-109.4039,-1.6613,166706872.0,214024719.29
000852.SH,20210112,6453.0136,6566.1447,6433.222,6564.7354,6475.9548,88.7806,1.3709,140365271.0,187562417.324
000852.SH,20210113,6567.6031,6567.6031,6471.776,6513.6399,6564.7354,-51.0955,-0.7783,162127981.0,213667984.422
000852.SH,20210114,6488.7474,6557.2551,6414.7394,6506.8268,6513.6399,-6.8131,-0.1046,147196836.0,199066138.854
000852.SH,20210115,6496.9062,6539.1707,6435.4588,6528.461,6506.8268,21.6342,0.3325,131954642.0,177611581.595
000852.SH,20210118,6515.577,6655.0531,6510.9969,6652.0961,6528.461,123.6351,1.8938,137393155.0,185540404.755
000852.SH,20210119,6647.9455,6677.4078,6602.7768,6614.0707,6652.0961,-38.0254,-0.5716,155029358.0,198089390.336
000852.SH,20210120,6606.7307,6671.4485,6584.8791,6671.4485,6614.0707,57.3778,0.8675,130748779.0,171733985.227
000852.SH,20210121,6670.1785,6770.8653,6669.4052,6745.1085,6671.4485,73.66,1.1041,159360713.0,203918038.744
000852.SH,20210122,6736.0054,6737.5519,6671.2929,6721.9167,6745.1085,-23.1918,-0.3438,158667993.0,210019026.583
000852.SH,20210125,6710.8009,6728.4481,6631.6936,6657.2723,6721.9167,-64.6444,-0.9617,166133978.0,226714686.594
000852.SH,20210126,6630.3601,6645.8056,6525.3836,6534.0973,6657.2723,-123.175,-1.8502,142066314.0,195248483.915
000852.SH,20210127,6519.4497,6552.4334,6449.3709,6537.7538,6534.0973,3.6565,0.056,130789778.0,174269124.03
000852.SH,20210128,6466.569,6545.7236,6395.7629,6399.1265,6537.7538,-138.6273,-2.1204,132320843.0,166111945.259
000852.SH,20210129,6438.6135,6459.343,6221.8667,6304.1181,6399.1265,-95.0084,-1.4847,145546544.0,178522473.493
000852.SH,20210201,6282.0307,6347.1668,6280.3707,6345.8142,6304.1181,41.6961,0.6614,131086847.0,155005222.719
000852.SH,20210202,6351.6598,6419.0348,6307.8116,6417.4609,6345.8142,71.6467,1.129,128040832.0,163105371.68
000852.SH,20210203,6404.0723,6404.0723,6306.0913,6307.3903,6417.4609,-110.0706,-1.7152,131192545.0,168984844.828
000852.SH,20210204,6277.9702,6295.7004,6077.2802,6167.7466,6307.3903,-139.6437,-2.214,139596610.0,166461911.034
000852.SH,20210205,6179.4871,6214.2768,6044.613,6045.297,6167.7466,-122.4496,-1.9853,119798217.0,146098526.983
000852.SH,20210208,6056.9109,6122.3204,6000.9594,6088.8187,6045.297,43.5217,0.7199,103575978.0,125072578.598
000852.SH,20210209,6101.678,6264.1768,6097.0918,6254.0114,6088.8187,165.1927,2.7131,111416852.0,136524985.714
000852.SH,20210210,6265.4139,6316.7926,6236.3501,6303.3064,6254.0114,49.295,0.7882,105447348.0,135598368.547
000852.SH,20210218,6405.0228,6441.5066,6363.1979,6404.5949,6303.3064,101.2885,1.6069,139118773.0,172637699.199
000852.SH,20210219,6395.5768,6527.9034,6374.5758,6527.6465,6404.5949,123.0516,1.9213,155493626.0,174247205.891
000852.SH,20210222,6553.9121,6659.4098,6534.5739,6534.5739,6527.6465,6.9274,0.1061,203594183.0,229273521.252
000852.SH,20210223,6496.751,6545.5442,6447.9695,6489.9615,6534.5739,-44.6124,-0.6827,158481358.0,177899887.509
000852.SH,20210224,6490.3787,6542.2823,6378.6708,6437.8367,6489.9615,-52.1248,-0.8032,149391685.0,174898934.275
000852.SH,20210225,6480.9214,6492.4193,6390.4086,6399.3466,6437.8367,-38.4901,-0.5979,135072293.0,150532549.522
000852.SH,20210226,6287.4898,6381.3212,6276.7122,6325.4046,6399.3466,-73.942,-1.1555,123205195.0,138979958.129
000852.SH,20210301,6362.9357,6495.1922,6362.9357,6495.1565,6325.4046,169.7519,2.6837,128960440.0,148068662.266
000852.SH,20210302,6518.3247,6518.994,6423.9543,6466.6317,6495.1565,-28.5248,-0.4392,136222317.0,160394826.703
000852.SH,20210303,6456.7096,6553.9466,6446.8389,6553.596,6466.6317,86.9643,1.3448,136766202.0,151718894.441
000852.SH,20210304,6519.0396,6534.6037,6417.8902,6434.894,6553.596,-118.702,-1.8112,150190997.0,167852363.381
000852.SH,20210305,6369.2328,6484.2963,6366.4716,6456.2791,6434.894,21.3851,0.3323,139905673.0,147790494.052
000852.SH,20210308,6496.2148,6529.8662,6327.6493,6327.6493,6456.2791,-128.6298,-1.9923,156811839.0,164778684.709
000852.SH,20210309,6314.3545,6321.0248,6035.9114,6126.2831,6327.6493,-201.3662,-3.1823,161753224.0,161655176.837
000852.SH,20210310,6192.1474,6208.7738,6069.9059,6078.2443,6126.2831,-48.0388,-0.7841,117963399.0,120671600.123
000852.SH,20210311,6086.0934,6219.6635,6055.3971,6219.6635,6078.2443,141.4192,2.3266,124964076.0,128575418.352
000852.SH,20210312,6231.6906,6234.3448,6155.7013,6220.4779,6219.6635,0.8144,0.0131,137675183.0,136378733.732
000852.SH,20210315,6204.8196,6238.2021,6130.3959,6177.7382,6220.4779,-42.7397,-0.6871,133597000.0,131813838.9
000852.SH,20210316,6182.5202,6233.463,6145.5168,6233.463,6177.7382,55.7248,0.902,137725927.0,134210914.77
000852.SH,20210317,6225.5234,6283.6034,6184.0609,6277.5814,6233.463,44.1184,0.7078,125504532.0,124790972.989
000852.SH,20210318,6276.7964,6322.455,6268.8563,6298.8857,6277.5814,21.3043,0.3394,127601116.0,130271867.77
000852.SH,20210319,6230.0743,6307.2235,6208.7578,6250.8147,6298.8857,-48.071,-0.7632,125290138.0,128556100.761
000852.SH,20210322,6256.524,6359.6674,6253.6215,6359.6002,6250.8147,108.7855,1.7403,136096739.0,138130217.766
000852.SH,20210323,6364.8177,6372.6637,6259.8019,6289.0012,6359.6002,-70.599,-1.1101,148304553.0,151761502.258
000852.SH,20210324,6249.2316,6286.8545,6183.2012,6196.267,6289.0012,-92.7342,-1.4745,137984976.0,138421515.993
000852.SH,20210325,6172.3957,6233.6931,6130.2493,6190.712,6196.267,-5.555,-0.0897,125392928.0,123533451.359
000852.SH,20210326,6198.5324,6309.5874,6198.5324,6301.3414,6190.712,110.6294,1.787,124641822.0,131109124.224
000852.SH,20210329,6323.9412,6364.5414,6309.7705,6326.6093,6301.3414,25.2679,0.401,126449839.0,138044294.148
000852.SH,20210330,6313.4841,6316.8239,6268.2486,6301.5848,6326.6093,-25.0245,-0.3955,127030210.0,135741010.151
000852.SH,20210331,6289.6044,6298.788,6252.4007,6293.3922,6301.5848,-8.1926,-0.13,109810596.0,118374103.734
000852.SH,20210401,6302.561,6341.2433,6286.0582,6335.7913,6293.3922,42.3991,0.6737,110959297.0,116301204.288
000852.SH,20210402,6354.7073,6383.4632,6337.9827,6361.2515,6335.7913,25.4602,0.4018,115189624.0,127464871.317
000852.SH,20210406,6376.7221,6425.3899,6374.7247,6421.4868,6361.2515,60.2353,0.9469,112882527.0,123752514.492
000852.SH,20210407,6419.9924,6422.7687,6372.2522,6422.7617,6421.4868,1.2749,0.0199,125134730.0,128879006.109
000852.SH,20210408,6411.0302,6435.3573,6387.913,6404.1284,6422.7617,-18.6333,-0.2901,136741809.0,138981358.808
000852.SH,20210409,6399.1469,6410.5338,6378.273,6399.5218,6404.1284,-4.6066,-0.0719,122690981.0,130323907.326
000852.SH,20210412,6398.5123,6402.3327,6251.49,6263.3991,6399.5218,-136.1227,-2.1271,132052545.0,139761863.767
000852.SH,20210413,6252.7106,6282.9657,6216.1864,6231.1394,6263.3991,-32.2597,-0.5151,122869979.0,120402625.058
000852.SH,20210414,6227.2541,6320.5731,6225.5554,6320.0672,6231.1394,88.9278,1.4272,116919813.0,118610597.391
000852.SH,20210415,6304.7384,6304.7899,6258.9509,6296.6084,6320.0672,-23.4588,-0.3712,118742397.0,117020362.031
000852.SH,20210416,6295.5308,6379.9677,6295.5308,6368.846,6296.6084,72.2376,1.1472,135266662.0,134720826.707
000852.SH,20210419,6368.8647,6477.4073,6357.4952,6477.388,6368.846,108.542,1.7043,143642913.0,155002380.906
000852.SH,20210420,6460.5209,6506.88,6450.3898,6457.6294,6477.388,-19.7586,-0.305,139720478.0,158701516.477
000852.SH,20210421,6425.3368,6470.9367,6408.0421,6457.7147,6457.6294,0.0853,0.0013,119477084.0,136567826.237
000852.SH,20210422,6470.4643,6496.444,6463.1401,6485.2112,6457.7147,27.4965,0.4258,118546167.0,139471177.204
000852.SH,20210423,6478.9317,6478.9317,6425.6632,6453.3025,6485.2112,-31.9087,-0.492,121669107.0,142037770.209
000852.SH,20210426,6467.8755,6527.3268,6427.7577,6431.0888,6453.3025,-22.2137,-0.3442,133406111.0,161805682.267
000852.SH,20210427,6423.7878,6429.8573,6338.1271,6400.9046,6431.0888,-30.1842,-0.4693,121314356.0,138737723.145
000852.SH,20210428,6395.0242,6437.2654,6366.0145,6437.2467,6400.9046,36.3421,0.5678,121918028.0,145603699.628
000852.SH,20210429,6419.0448,6441.8483,6394.3732,6405.1028,6437.2467,-32.1439,-0.4993,120927347.0,146138222.941
000852.SH,20210430,6389.1706,6397.2654,6348.7953,6382.1364,6405.1028,-22.9664,-0.3586,130027676.0,152175446.82
000852.SH,20210506,6385.319,6420.4164,6347.9854,6398.4374,6382.1364,16.301,0.2554,129283601.0,151692887.238
000852.SH,20210507,6403.9804,6409.346,6320.0747,6320.2529,6398.4374,-78.1845,-1.2219,153125255.0,164129196.921
000852.SH,20210510,6330.1546,6351.4194,6300.861,6338.5735,6320.2529,18.3206,0.2899,150515685.0,161260345.32
000852.SH,20210511,6303.5767,6354.2358,6239.2628,6343.8627,6338.5735,5.2892,0.0834,149454823.0,157533784.579
000852.SH,20210512,6321.977,6420.3376,6311.9086,6420.3372,6343.8627,76.4745,1.2055,138850373.0,146828434.637
000852.SH,20210513,6365.0039,6432.628,6354.2268,6375.0148,6420.3372,-45.3224,-0.7059,153001739.0,160167348.181
000852.SH,20210514,6395.5089,6462.498,6374.8693,6462.4764,6375.0148,87.4616,1.3719,152664336.0,164857674.941
000852.SH,20210517,6456.9159,6496.3759,6438.869,6457.2768,6462.4764,-5.1996,-0.0805,146156637.0,166775852.634
000852.SH,20210518,6451.0695,6486.9153,6431.2377,6486.8215,6457.2768,29.5447,0.4575,129048326.0,148691019.174
000852.SH,20210519,6470.2919,6500.1195,6455.8228,6488.9489,6486.8215,2.1274,0.0328,133008427.0,153000631.789
000852.SH,20210520,6455.7243,6505.5176,6445.9687,6482.8358,6488.9489,-6.1131,-0.0942,142946580.0,162941003.097
000852.SH,20210521,6492.8455,6509.3689,6468.4494,6480.3741,6482.8358,-2.4617,-0.038,130968375.0,147932908.468
000852.SH,20210524,6480.5531,6537.8602,6471.2169,6537.8571,6480.3741,57.483,0.887,138109498.0,153822853.061
000852.SH,20210525,6542.6796,6617.4322,6532.8985,6615.7141,6537.8571,77.857,1.1909,149127618.0,171576235.151
000852.SH,20210526,6618.1809,6666.2116,6609.9142,6644.751,6615.7141,29.0369,0.4389,155716936.0,176675027.687
000852.SH,20210527,6636.7675,6706.379,6630.0254,6705.0451,6644.751,60.2941,0.9074,154465323.0,183790791.1
000852.SH,20210528,6709.8875,6735.5503,6669.9187,6694.3457,6705.0451,-10.6994,-0.1596,168672482.0,201076414.984
000852.SH,20210531,6712.7478,6814.3641,6712.7478,6814.3631,6694.3457,120.0174,1.7928,161891755.0,202848608.38
000852.SH,20210601,6810.4711,6854.7469,6782.6591,6854.7336,6814.3631,40.3705,0.5924,172711794.0,212099119.082
000852.SH,20210602,6844.8508,6852.6418,6742.0277,6759.459,6854.7336,-95.2746,-1.3899,171553765.0,208753898.524
000852.SH,20210603,6754.7785,6824.9837,6729.559,6754.0697,6759.459,-5.3893,-0.0797,163047123.0,192981417.786
000852.SH,20210604,6725.8173,6803.7765,6718.7624,6785.8035,6754.0697,31.7338,0.4698,159605578.0,192969533.064
000852.SH,20210607,6811.037,6861.8517,6807.9316,6861.8502,6785.8035,76.0467,1.1207,158871549.0,203918218.927
000852.SH,20210608,6865.7566,6886.9411,6779.9274,6809.8642,6861.8502,-51.986,-0.7576,167777357.0,210928242.322
000852.SH,20210609,6807.4806,6834.0368,6783.0054,6823.4073,6809.8642,13.5431,0.1989,159067202.0,189042236.273
000852.SH,20210610,6817.5854,6903.878,6808.6642,6898.2061,6823.4073,74.7988,1.0962,178116699.0,219424596.295
000852.SH,20210611,6907.8305,6907.9489,6852.9728,6852.9728,6898.2061,-45.2333,-0.6557,190230799.0,238809079.827
000852.SH,20210615,6854.8052,6866.1805,6796.8791,6815.1187,6852.9728,-37.8541,-0.5524,163778570.0,214928430.465
000852.SH,20210616,6808.6338,6810.1976,6668.0398,6673.2446,6815.1187,-141.8741,-2.0818,156086276.0,208080324.081
000852.SH,20210617,6669.6653,6790.7115,6669.6653,6787.6684,6673.2446,114.4238,1.7147,148476838.0,206785950.885
000852.SH,20210618,6783.9948,6869.2585,6765.9569,6863.7156,6787.6684,76.0472,1.1204,157958939.0,213850199.583
000852.SH,20210621,6844.344,6970.6386,6833.3575,6968.2963,6863.7156,104.5807,1.5237,157869004.0,220549422.325
000852.SH,20210622,6987.5129,7010.6172,6947.8692,7000.2518,6968.2963,31.9555,0.4586,168334055.0,222850112.345
000852.SH,20210623,6997.4056,7060.4012,6978.7676,7046.1745,7000.2518,45.9227,0.656,162649502.0,222684709.547
000852.SH,20210624,7045.05,7045.05,6969.5457,6974.642,7046.1745,-71.5325,-1.0152,162062962.0,212191574.101
000852.SH,20210625,6975.4879,7016.0787,6947.1224,7000.4297,6974.642,25.7877,0.3697,163774032.0,216200622.344
000852.SH,20210628,7007.4259,7081.0468,7005.9301,7063.4706,7000.4297,63.0409,0.9005,152113850.0,212154422.922
000852.SH,20210629,7068.4016,7082.0703,6999.7452,7004.3036,7063.4706,-59.167,-0.8376,155950034.0,221964395.084
000852.SH,20210630,7011.1764,7083.9891,7004.7536,7083.6997,7004.3036,79.3961,1.1335,148620294.0,218687134.307
000852.SH,20210701,7094.1901,7099.1316,6969.5316,6969.5316,7083.6997,-114.1681,-1.6117,155170164.0,223812255.853
000852.SH,20210702,6947.4463,6960.4805,6891.474,6908.9318,6969.5316,-60.5998,-0.8695,144228533.0,216582554.629
000852.SH,20210705,6930.2648,7006.7242,6930.2648,7006.6997,6908.9318,97.7679,1.4151,150762865.0,223489244.302
000852.SH,20210706,7013.9886,7045.1933,6885.0947,6979.0624,7006.6997,-27.6373,-0.3944,162135485.0,248979386.027
000852.SH,20210707,6932.9412,7093.0455,6913.5047,7089.6646,6979.0624,110.6022,1.5848,153671393.0,233955803.774
000852.SH,20210708,7102.6667,7138.757,7082.389,7099.4105,7089.6646,9.7459,0.1375,174040696.0,265134996.163
000852.SH,20210709,7064.9922,7165.8766,7000.5917,7142.8994,7099.4105,43.4889,0.6126,169401412.0,253401299.917
000852.SH,20210712,7184.0881,7301.0986,7171.0449,7284.2346,7142.8994,141.3352,1.9787,192465587.0,291238640.176
000852.SH,20210713,7285.9589,7331.7263,7263.1604,7331.7263,7284.2346,47.4917,0.652,192094228.0,289353537.337
000852.SH,20210714,7301.6113,7338.3073,7240.9765,7243.8162,7331.7263,-87.9101,-1.199,188693518.0,284232588.937
000852.SH,20210715,7218.3432,7250.0284,7103.9669,7241.6231,7243.8162,-2.1931,-0.0303,181873511.0,269135630.744
000852.SH,20210716,7230.8458,7311.4482,7214.0368,7228.3631,7241.6231,-13.26,-0.1831,182770696.0,275657933.913
000852.SH,20210719,7213.629,7259.0274,7174.1124,7205.2678,7228.3631,-23.0953,-0.3195,177030272.0,263845387.11
000852.SH,20210720,7145.5438,7253.37,7137.888,7253.2763,7205.2678,48.0085,0.6663,163146121.0,235171690.685
000852.SH,20210721,7285.4095,7416.4741,7285.4095,7398.8084,7253.2763,145.5321,2.0064,190468877.0,283891003.474
000852.SH,20210722,7405.649,7447.028,7349.1289,7446.4812,7398.8084,47.6728,0.6443,203728649.0,301835554.558
000852.SH,20210723,7442.6233,7473.1377,7348.3151,7379.7905,7446.4812,-66.6907,-0.8956,219221253.0,317119668.125
000852.SH,20210726,7368.1328,7395.2744,7140.7299,7286.1475,7379.7905,-93.643,-1.2689,212857936.0,311265253.17
000852.SH,20210727,7298.3326,7373.0948,7093.8631,7093.8696,7286.1475,-192.2779,-2.639,221926719.0,340951417.104
000852.SH,20210728,7019.0479,7058.5141,6750.5852,6945.5087,7093.8696,-148.3609,-2.0914,197276061.0,282261771.388
000852.SH,20210729,7057.8769,7226.5,7057.8769,7207.4826,6945.5087,261.9739,3.7718,182692230.0,284565746.268
000852.SH,20210730,7209.0379,7279.0623,7155.2236,7262.383,7207.4826,54.9004,0.7617,202917306.0,315095884.199
000852.SH,20210802,7264.3726,7402.3973,7248.8923,7402.3541,7262.383,139.9711,1.9273,213300146.0,338912944.282
000852.SH,20210803,7375.2243,7419.3445,7284.1776,7308.9553,7402.3541,-93.3988,-1.2617,209470826.0,318057358.861
000852.SH,20210804,7295.5705,7478.2072,7295.4508,7478.2072,7308.9553,169.2519,2.3157,186334118.0,297192357.353
000852.SH,20210805,7454.2802,7494.3309,7402.3849,7447.9394,7478.2072,-30.2678,-0.4047,198831153.0,303102914.279
000852.SH,20210806,7462.8559,7490.9802,7419.7283,7482.1737,7447.9394,34.2343,0.4596,186015124.0,291705911.007
000852.SH,20210809,7459.3494,7509.3279,7386.3144,7507.0824,7482.1737,24.9087,0.3329,181108880.0,287557697.468
000852.SH,20210810,7489.1555,7566.7312,7467.0558,7549.552,7507.0824,42.4696,0.5657,189048528.0,303106788.139
000852.SH,20210811,7538.8211,7611.645,7498.5787,7605.9175,7549.552,56.3655,0.7466,196350392.0,293467645.353
000852.SH,20210812,7595.2639,7677.7427,7588.7361,7657.5268,7605.9175,51.6093,0.6785,210250483.0,307992404.107
000852.SH,20210813,7635.4916,7724.437,7605.8572,7641.9169,7657.5268,-15.6099,-0.2039,208006530.0,310770377.827
000852.SH,20210816,7628.1579,7633.6582,7546.5384,7568.1374,7641.9169,-73.7795,-0.9655,201569545.0,292491129.785
000852.SH,20210817,7559.2971,7578.4314,7338.0248,7360.033,7568.1374,-208.1044,-2.7497,207426805.0,283827878.533
000852.SH,20210818,7352.969,7454.0269,7338.8182,7405.4856,7360.033,45.4526,0.6176,178940546.0,248677524.524
000852.SH,20210819,7387.442,7511.1899,7330.601,7468.7727,7405.4856,63.2871,0.8546,182890322.0,261439116.693
000852.SH,20210820,7438.6951,7505.5549,7354.1694,7467.3611,7468.7727,-1.4116,-0.0189,176822352.0,260935227.706
000852.SH,20210823,7501.4106,7668.8869,7501.4106,7652.5587,7467.3611,185.1976,2.4801,201491657.0,305726382.633
000852.SH,20210824,7654.189,7737.5973,7614.942,7715.0732,7652.5587,62.5145,0.8169,212658510.0,322685537.102
000852.SH,20210825,7707.0931,7769.7048,7664.2857,7769.6268,7715.0732,54.5536,0.7071,206398314.0,303214016.077
000852.SH,20210826,7754.6815,7771.8538,7662.3844,7669.5282,7769.6268,-100.0986,-1.2883,228221412.0,319065759.861
000852.SH,20210827,7634.9272,7686.336,7584.2786,7680.0781,7669.5282,10.5499,0.1376,212891234.0,302869378.358
000852.SH,20210830,7701.4204,7792.5174,7687.1463,7727.7454,7680.0781,47.6673,0.6207,236841828.0,350488457.029
000852.SH,20210831,7714.1707,7728.4217,7636.773,7728.4217,7727.7454,0.6763,0.0088,235455501.0,325712852.044
000852.SH,20210901,7738.2681,7743.1788,7495.7642,7606.8742,7728.4217,-121.5475,-1.5727,267723537.0,372375967.438
000852.SH,20210902,7572.0465,7703.7244,7568.0652,7690.8589,7606.8742,83.9847,1.1041,226086526.0,307631326.161
000852.SH,20210903,7696.4637,7766.4645,7561.2285,7630.8413,7690.8589,-60.0176,-0.7804,267044514.0,357957527.858
000852.SH,20210906,7625.7443,7735.5516,7552.9478,7735.0996,7630.8413,104.2583,1.3663,227954100.0,314079151.637
000852.SH,20210907,7735.221,7881.8694,7718.5933,7878.3488,7735.0996,143.2492,1.8519,228559607.0,314304834.649
000852.SH,20210908,7886.269,7911.0175,7854.888,7894.2516,7878.3488,15.9028,0.2019,254321788.0,333805403.38
000852.SH,20210909,7888.8263,7922.4116,7835.1506,7900.2375,7894.2516,5.9859,0.0758,238201734.0,318584828.295
000852.SH,20210910,7897.3313,7954.4817,7832.9599,7932.6512,7900.2375,32.4137,0.4103,240016301.0,335009104.2
000852.SH,20210913,7941.2086,7955.9832,7874.9975,7947.4812,7932.6512,14.83,0.1869,230685196.0,331165025.672
000852.SH,20210914,7927.8945,8042.5163,7895.1824,7916.896,7947.4812,-30.5852,-0.3848,243225554.0,353788173.973
000852.SH,20210915,7900.6932,7988.3699,7862.3113,7972.2325,7916.896,55.3365,0.699,213453916.0,315047723.282
000852.SH,20210916,7974.0826,7993.222,7749.6579,7754.9469,7972.2325,-217.2856,-2.7255,236666551.0,335038218.299
000852.SH,20210917,7740.559,7786.1863,7575.0786,7730.2239,7754.9469,-24.723,-0.3188,214238032.0,302870263.383
000852.SH,20210922,7640.472,7774.5051,7633.2787,7769.0601,7730.2239,38.8362,0.5024,182733915.0,252891873.966
000852.SH,20210923,7818.7256,7850.2414,7792.5921,7806.8018,7769.0601,37.7417,0.4858,212400135.0,294020855.222
000852.SH,20210924,7799.9245,7806.8145,7685.1061,7695.6176,7806.8018,-111.1842,-1.4242,206463409.0,286416524.871
000852.SH,20210927,7717.1034,7733.2093,7399.8127,7467.8178,7695.6176,-227.7998,-2.9601,213183646.0,291997510.924
000852.SH,20210928,7428.4052,7496.3277,7409.3714,7468.7328,7467.8178,0.915,0.0123,158064850.0,220715356.034
000852.SH,20210929,7409.9607,7413.7976,7199.1111,7199.1794,7468.7328,-269.5534,-3.6091,172550145.0,227988709.79
000852.SH,20210930,7237.5385,7411.2831,7237.5385,7405.4623,7199.1794,206.2829,2.8654,146442233.0,199724657.604
000852.SH,20211008,7501.2411,7514.2444,7382.015,7425.6688,7405.4623,20.2065,0.2729,159460337.0,220528170.939
000852.SH,20211011,7441.6243,7442.3502,7346.8586,7384.8436,7425.6688,-40.8252,-0.5498,150601221.0,206333884.117
000852.SH,20211012,7366.1615,7376.7257,7125.5352,7208.473,7384.8436,-176.3706,-2.3883,156643677.0,210114885.163
000852.SH,20211013,7213.005,7297.2977,7147.0115,7289.3627,7208.473,80.8897,1.1221,131191523.0,181326973.999
000852.SH,20211014,7276.5078,7362.4629,7256.9844,7342.2544,7289.3627,52.8917,0.7256,128930725.0,180774917.36
000852.SH,20211015,7321.5793,7374.3354,7288.2799,7350.4129,7342.2544,8.1585,0.1111,145334937.0,205628057.598
000852.SH,20211018,7344.5733,7429.6256,7322.697,7429.6256,7350.4129,79.2127,1.0777,144948204.0,210714460.24
000852.SH,20211019,7420.4762,7506.093,7408.1219,7504.0545,7429.6256,74.4289,1.0018,152408117.0,218453954.43
000852.SH,20211020,7467.3394,7560.8476,7456.812,7523.5614,7504.0545,19.5069,0.26,155743734.0,233243184.57
000852.SH,20211021,7520.9275,7548.819,7481.4388,7503.5343,7523.5614,-20.0271,-0.2662,158742478.0,231495317.501
000852.SH,20211022,7506.8715,7530.5768,7436.1447,7438.4806,7503.5343,-65.0537,-0.867,167656958.0,234923341.447
000852.SH,20211025,7438.4267,7532.3726,7417.1991,7532.3726,7438.4806,93.892,1.2622,150472175.0,229352708.07
000852.SH,20211026,7547.751,7583.1259,7492.3915,7508.6886,7532.3726,-23.684,-0.3144,161427463.0,247127097.235
000852.SH,20211027,7490.6891,7501.5395,7408.5783,7433.5459,7508.6886,-75.1427,-1.0007,162086332.0,237450353.227
000852.SH,20211028,7395.4877,7422.0984,7253.1052,7267.8506,7433.5459,-165.6953,-2.229,165925078.0,245016892.455
000852.SH,20211029,7276.5124,7385.4126,7234.4992,7385.3049,7267.8506,117.4543,1.6161,158534550.0,242992419.491
000852.SH,20211101,7374.4506,7488.4787,7357.6728,7455.6105,7385.3049,70.3056,0.952,172033253.0,261518592.698
000852.SH,20211102,7462.1317,7501.9645,7301.6496,7368.5999,7455.6105,-87.0106,-1.167,187513416.0,275960322.375
000852.SH,20211103,7362.1163,7391.0536,7312.2534,7385.1994,7368.5999,16.5995,0.2253,145619008.0,217571923.209
000852.SH,20211104,7402.6595,7483.6923,7402.6595,7483.6923,7385.1994,98.4929,1.3337,161717927.0,250815025.557
000852.SH,20211105,7476.1384,7488.1194,7388.2001,7389.5866,7483.6923,-94.1057,-1.2575,181677566.0,263997505.361
000852.SH,20211108,7376.7078,7423.0056,7351.5048,7422.9067,7389.5866,33.3201,0.4509,152051651.0,232399366.184
000852.SH,20211109,7443.4533,7532.2519,7435.5141,7531.9583,7422.9067,109.0516,1.4691,155570244.0,238368109.883
000852.SH,20211110,7516.0037,7535.243,7425.2272,7535.2279,7531.9583,3.2696,0.0434,166809268.0,247966822.805
000852.SH,20211111,7524.163,7601.1986,7515.714,7593.7315,7535.2279,58.5036,0.7764,171153194.0,251993407.44
000852.SH,20211112,7593.4521,7705.0527,7593.4521,7697.8082,7593.7315,104.0767,1.3706,173746790.0,262031372.104
000852.SH,20211115,7713.8507,7727.0195,7653.7102,7676.4847,7697.8082,-21.3235,-0.277,189553649.0,282613803.551
000852.SH,20211116,7659.0184,7691.6452,7579.6802,7589.1814,7676.4847,-87.3033,-1.1373,177013065.0,259612341.923
000852.SH,20211117,7603.3291,7725.0924,7603.3291,7725.0924,7589.1814,135.911,1.7909,174824288.0,252238405.127
000852.SH,20211118,7724.0343,7765.7426,7686.1382,7714.7966,7725.0924,-10.2958,-0.1333,198504448.0,286034813.027
000852.SH,20211119,7709.3131,7806.0275,7705.8377,7803.7626,7714.7966,88.966,1.1532,188001126.0,276256499.326
000852.SH,20211122,7822.9609,7948.0212,7822.9609,7947.3717,7803.7626,143.6091,1.8403,190400270.0,305323561.642
000852.SH,20211123,7950.2492,7974.5092,7933.2012,7941.5587,7947.3717,-5.813,-0.0731,193422045.0,303524169.41
000852.SH,20211124,7939.5905,7971.4446,7917.6759,7938.7737,7941.5587,-2.785,-0.0351,188605678.0,289619716.104
000852.SH,20211125,7937.3958,7959.8407,7919.6584,7925.7602,7938.7737,-13.0135,-0.1639,175838157.0,273718377.999
000852.SH,20211126,7912.8938,7954.7865,7906.349,7940.7888,7925.7602,15.0286,0.1896,173916847.0,277650502.411
000852.SH,20211129,7837.3913,7999.9353,7828.9242,7999.8331,7940.7888,59.0443,0.7436,176453409.0,289465062.018
000852.SH,20211130,8037.2553,8082.8967,7991.1857,8054.2904,7999.8331,54.4573,0.6807,197562643.0,309404450.684
000852.SH,20211201,8050.8873,8068.3799,8000.8064,8055.8207,8054.2904,1.5303,0.019,189074930.0,288748402.251
000852.SH,20211202,8045.7304,8046.2453,7964.741,7968.235,8055.8207,-87.5857,-1.0872,184672448.0,273790811.831
000852.SH,20211203,7973.6204,8034.6871,7952.3736,8023.9634,7968.235,55.7284,0.6994,179063016.0,265004140.729
000852.SH,20211206,8018.4583,8029.8268,7899.9145,7906.7563,8023.9634,-117.2071,-1.4607,191520328.0,274404843.805
000852.SH,20211207,7937.2268,7948.17,7713.9234,7781.4416,7906.7563,-125.3147,-1.5849,182389995.0,272840125.067
000852.SH,20211208,7806.3816,7922.5518,7803.4436,7922.5518,7781.4416,141.1102,1.8134,161307050.0,242658250.407
000852.SH,20211209,7924.5256,7948.0309,7903.6801,7931.7565,7922.5518,9.2047,0.1162,181252221.0,261370673.351
000852.SH,20211210,7898.6401,7964.3524,7886.1345,7949.1249,7931.7565,17.3684,0.219,173465763.0,257041896.637
000852.SH,20211213,7963.4817,8000.1106,7936.6224,7984.8993,7949.1249,35.7744,0.45,189522058.0,274566342.037
000852.SH,20211214,7969.6002,7997.1771,7952.7504,7981.8275,7984.8993,-3.0718,-0.0385,193212509.0,277460584.034
000852.SH,20211215,7982.0987,8019.2956,7942.9406,7955.5813,7981.8275,-26.2462,-0.3288,200207035.0,277025956.382
000852.SH,20211216,7966.5001,8005.9752,7959.179,8005.9752,7955.5813,50.3939,0.6334,194865198.0,259653986.858
000852.SH,20211217,7997.4688,7997.4688,7894.1034,7894.1034,8005.9752,-111.8718,-1.3974,202303676.0,264934151.851
000852.SH,20211220,7873.669,7920.6475,7747.3602,7751.9508,7894.1034,-142.1526,-1.8007,199008302.0,263220863.586
000852.SH,20211221,7749.8236,7849.0325,7749.8236,7849.0325,7751.9508,97.0817,1.2524,191460577.0,226989097.068
000852.SH,20211222,7868.2991,7943.242,7854.3573,7930.8115,7849.0325,81.779,1.0419,205942185.0,255276249.464
000852.SH,20211223,7932.1024,7947.125,7892.8864,7932.6616,7930.8115,1.8501,0.0233,202910623.0,267757755.536
000852.SH,20211224,7940.3784,7940.4346,7771.4179,7776.6064,7932.6616,-156.0552,-1.9672,212132316.0,278501099.538
000852.SH,20211227,7768.3826,7833.5814,7739.291,7776.4312,7776.6064,-0.1752,-0.0023,175431928.0,232653035.423
000852.SH,20211228,7794.0256,7863.5299,7783.0984,7863.5299,7776.4312,87.0987,1.12,170744598.0,237637913.069
000852.SH,20211229,7858.9432,7886.7136,7838.2804,7855.4293,7863.5299,-8.1006,-0.103,172273111.0,244249905.689
000852.SH,20211230,7863.1748,7949.9552,7861.5396,7924.5275,7855.4293,69.0982,0.8796,178545904.0,250673283.092
000852.SH,20211231,7946.9446,8016.4036,7946.9446,8010.3235,7924.5275,85.796,1.0827,189602903.0,264776590.576
000852.SH,20220104,8045.0957,8060.9903,7948.9137,7983.0677,8010.3235,-27.2558,-0.3403,225957706.0,309512979.161
000852.SH,20220105,7968.7389,7968.9176,7733.5067,7781.6778,7983.0677,-201.3899,-2.5227,218791495.0,299531733.404
000852.SH,20220106,7743.8624,7863.5489,7721.7784,7844.5166,7781.6778,62.8388,0.8075,192735028.0,259362890.7
000852.SH,20220107,7841.1337,7867.4898,7681.125,7682.6973,7844.5166,-161.8193,-2.0628,214441281.0,276004630.982
000852.SH,20220110,7669.045,7756.9704,7624.9336,7734.1865,7682.6973,51.4892,0.6702,183118474.0,243826238.697
000852.SH,20220111,7734.5362,7768.7439,7632.0716,7646.6932,7734.1865,-87.4933,-1.1313,184256677.0,246010054.172
000852.SH,20220112,7691.845,7779.5237,7682.5524,7779.5237,7646.6932,132.8305,1.7371,179028770.0,249094030.939
000852.SH,20220113,7781.3108,7781.3108,7644.7873,7644.7873,7779.5237,-134.7364,-1.7319,196718813.0,258476507.678
000852.SH,20220114,7611.2909,7714.4965,7590.1936,7675.3707,7644.7873,30.5834,0.4001,195437286.0,258256239.441
000852.SH,20220117,7687.7103,7815.6558,7683.3755,7808.0861,7675.3707,132.7154,1.7291,199048670.0,283638423.267
000852.SH,20220118,7808.9899,7827.1863,7743.7191,7758.6048,7808.0861,-49.4813,-0.6337,221945152.0,298301903.76
000852.SH,20220119,7728.1576,7745.8112,7617.0571,7665.1848,7758.6048,-93.42,-1.2041,188170844.0,252520833.835
000852.SH,20220120,7664.1197,7672.7618,7488.8588,7492.6095,7665.1848,-172.5753,-2.2514,199876175.0,262493949.535
000852.SH,20220121,7474.7553,7493.0205,7384.4037,7388.7443,7492.6095,-103.8652,-1.3862,176628567.0,229180680.728
000852.SH,20220124,7346.3861,7462.5267,7332.9977,7425.402,7388.7443,36.6577,0.4961,154415827.0,208467434.781
000852.SH,20220125,7398.7631,7440.5452,7133.0663,7133.0663,7425.402,-292.3357,-3.937,178576999.0,220574271.353
000852.SH,20220126,7158.5673,7226.6386,7071.4707,7171.0289,7133.0663,37.9626,0.5322,143072475.0,177201522.835
000852.SH,20220127,7178.5439,7191.4839,6959.4648,6960.1096,7171.0289,-210.9193,-2.9413,146786371.0,176645968.676
000852.SH,20220128,6996.7679,7071.3194,6861.4739,6973.0104,6960.1096,12.9008,0.1854,138984344.0,170642747.208
000852.SH,20220207,7080.6116,7102.4202,7037.1567,7061.6204,6973.0104,88.61,1.2708,145506305.0,172407917.151
000852.SH,20220208,7058.2468,7080.6181,6928.9024,7080.6181,7061.6204,18.9977,0.269,160900402.0,181069632.952
000852.SH,20220209,7083.4255,7212.7513,7056.6174,7211.4299,7080.6181,130.8118,1.8475,172399731.0,208591945.488
000852.SH,20220210,7208.5675,7222.1866,7126.0691,7175.6171,7211.4299,-35.8128,-0.4966,165781454.0,197454786.521
000852.SH,20220211,7140.9296,7151.2352,7024.7932,7033.8514,7175.6171,-141.7657,-1.9757,168615165.0,207661884.883
000852.SH,20220214,6991.6334,7096.5532,6961.3009,7006.0752,7033.8514,-27.7762,-0.3949,147217812.0,177109077.372
000852.SH,20220215,7020.1331,7125.0964,6990.4005,7124.8489,7006.0752,118.7737,1.6953,143297601.0,178296061.342
000852.SH,20220216,7164.2292,7201.0819,7132.0806,7183.1058,7124.8489,58.2569,0.8177,147188972.0,181452903.12
000852.SH,20220217,7169.7202,7265.0303,7146.592,7220.6066,7183.1058,37.5008,0.5221,165944068.0,211816617.036
000852.SH,20220218,7174.587,7252.06,7164.2676,7251.7923,7220.6066,31.1857,0.4319,156097027.0,187819463.22
000852.SH,20220221,7264.4445,7334.9097,7259.755,7334.5912,7251.7923,82.7989,1.1418,169847848.0,209089466.896
000852.SH,20220222,7310.6572,7310.6572,7212.2734,7279.2355,7334.5912,-55.3557,-0.7547,179502634.0,228319653.233
000852.SH,20220223,7290.703,7450.3998,7289.7436,7450.3998,7279.2355,171.1643,2.3514,182730485.0,254406852.942
000852.SH,20220224,7414.4655,7481.1437,7174.7841,7285.1172,7450.3998,-165.2826,-2.2184,255720585.0,330551055.989
000852.SH,20220225,7346.8536,7435.4011,7344.7761,7361.9573,7285.1172,76.8401,1.0548,177757004.0,239033138.2
000852.SH,20220228,7370.4315,7419.8306,7291.0757,7419.8306,7361.9573,57.8733,0.7861,167402030.0,227995523.681
000852.SH,20220301,7433.7457,7454.9024,7379.818,7429.4432,7419.8306,9.6126,0.1296,166187061.0,228666185.14
000852.SH,20220302,7400.9465,7421.6395,7341.8328,7414.3087,7429.4432,-15.1345,-0.2037,160209921.0,209899647.509
000852.SH,20220303,7440.9403,7446.4699,7334.2761,7342.6135,7414.3087,-71.6952,-0.967,183181947.0,224684682.743
000852.SH,20220304,7299.9956,7360.258,7219.6406,7241.5625,7342.6135,-101.051,-1.3762,178438419.0,219627323.043
000852.SH,20220307,7230.8106,7230.8106,7050.3511,7085.7316,7241.5625,-155.8309,-2.1519,166051775.0,212810973.375
000852.SH,20220308,7089.5123,7118.506,6824.033,6871.2202,7085.7316,-214.5114,-3.0274,191960627.0,242299631.186
000852.SH,20220309,6889.5084,6925.5507,6511.9079,6796.0393,6871.2202,-75.1809,-1.0941,213261914.0,251456777.515
000852.SH,20220310,6946.576,7017.2769,6914.8914,6952.5204,6796.0393,156.4811,2.3025,185354471.0,239213381.233
000852.SH,20220311,6856.874,7001.6024,6778.5927,6990.7781,6952.5204,38.2577,0.5503,180993184.0,229253721.341
000852.SH,20220314,6938.2241,6972.9054,6800.5947,6800.5947,6990.7781,-190.1834,-2.7205,162662118.0,209426537.953
000852.SH,20220315,6745.5976,6790.2437,6473.4807,6473.4807,6800.5947,-327.114,-4.8101,195750814.0,232508541.805
000852.SH,20220316,6586.8229,6704.1802,6330.4053,6692.9664,6473.4807,219.4857,3.3905,197558967.0,246843416.947
000852.SH,20220317,6777.7384,6934.4932,6768.6051,6818.5448,6692.9664,125.5784,1.8763,205054389.0,273063659.428
000852.SH,20220318,6792.3237,6882.6569,6773.4568,6879.3659,6818.5448,60.8211,0.892,173890405.0,209608678.636
000852.SH,20220321,6886.0315,6983.5214,6867.3053,6954.4056,6879.3659,75.0397,1.0908,179428388.0,224493452.291
000852.SH,20220322,6938.9702,6976.3938,6893.6482,6923.4427,6954.4056,-30.9629,-0.4452,178456271.0,214266470.541
000852.SH,20220323,6938.5127,6989.722,6910.325,6966.9526,6923.4427,43.5099,0.6284,175942212.0,207033471.588
000852.SH,20220324,6934.1254,6950.7437,6847.1719,6900.8066,6966.9526,-66.146,-0.9494,175917865.0,208970254.471
000852.SH,20220325,6906.6791,6939.8718,6819.5546,6819.8127,6900.8066,-80.9939,-1.1737,173818597.0,207338041.616
000852.SH,20220328,6772.4442,6828.3971,6692.9086,6767.2513,6819.8127,-52.5614,-0.7707,168398609.0,191046714.993
000852.SH,20220329,6785.378,6808.8779,6700.4099,6725.677,6767.2513,-41.5743,-0.6143,166201696.0,194872626.141
000852.SH,20220330,6750.0048,6864.7486,6734.0734,6864.7486,6725.677,139.0716,2.0678,171325803.0,196283755.398
000852.SH,20220331,6846.3333,6846.3333,6760.0469,6772.0652,6864.7486,-92.6834,-1.3501,195679084.0,222112491.73
000852.SH,20220401,6723.2585,6790.7646,6688.701,6772.6042,6772.0652,0.539,0.008,171530586.0,189378818.009
000852.SH,20220406,6769.7394,6769.7394,6711.304,6764.2883,6772.6042,-8.3159,-0.1228,179932763.0,194867322.323
000852.SH,20220407,6736.3355,6768.451,6623.5857,6623.5857,6764.2883,-140.7026,-2.0801,188432684.0,200882260.976
000852.SH,20220408,6635.6927,6644.7641,6496.1835,6575.2832,6623.5857,-48.3025,-0.7293,191574074.0,206608721.145
000852.SH,20220411,6544.2921,6544.2921,6297.3906,6328.0652,6575.2832,-247.218,-3.7598,204208292.0,213999658.201
000852.SH,20220412,6314.2162,6414.5006,6259.0516,6414.4186,6328.0652,86.3534,1.3646,193676857.0,196890756.063
000852.SH,20220413,6381.7827,6388.7023,6286.2509,6286.2509,6414.4186,-128.1677,-1.9981,184434050.0,189187911.522
000852.SH,20220414,6313.1003,6388.5558,6294.3684,6359.7083,6286.2509,73.4574,1.1685,175754732.0,183660827.023
000852.SH,20220415,6328.2314,6334.4817,6229.4086,6275.0725,6359.7083,-84.6358,-1.3308,190007521.0,200901915.93
000852.SH,20220418,6233.4211,6339.1064,6164.4363,6326.0246,6275.0725,50.9521,0.812,158964836.0,166723132.88
000852.SH,20220419,6324.4186,6379.4262,6304.2523,6345.7861,6326.0246,19.7615,0.3124,150941628.0,166851629.257
000852.SH,20220420,6347.7995,6351.6358,6208.7928,6234.2514,6345.7861,-111.5347,-1.7576,165357430.0,174579261.33
000852.SH,20220421,6206.1763,6236.5498,5966.0254,5981.3843,6234.2514,-252.8671,-4.0561,173454906.0,177864921.933
000852.SH,20220422,5937.391,5965.4131,5851.2278,5891.8083,5981.3843,-89.576,-1.4976,144729195.0,151155936.368
000852.SH,20220425,5776.1798,5776.1798,5431.6079,5431.6079,5891.8083,-460.2004,-7.8109,183166673.0,174524590.815
000852.SH,20220426,5432.6106,5483.0283,5251.5195,5266.5515,5431.6079,-165.0564,-3.0388,178323322.0,165807825.798
000852.SH,20220427,5192.5047,5541.1073,5164.7494,5540.7173,5266.5515,274.1658,5.2058,192927271.0,184237856.946
000852.SH,20220428,5501.5232,5578.6172,5425.7711,5493.9075,5540.7173,-46.8098,-0.8448,169714058.0,176020109.305
000852.SH,20220429,5534.1731,5753.0836,5517.7227,5734.4931,5493.9075,240.5856,4.3791,186660549.0,194308131.75
000852.SH,20220505,5723.1838,5884.379,5712.0581,5836.9281,5734.4931,102.435,1.7863,168932975.0,179484911.788
000852.SH,20220506,5690.1412,5812.476,5665.9299,5764.6919,5836.9281,-72.2362,-1.2376,154196363.0,153608753.806
000852.SH,20220509,5749.9015,5857.7089,5749.9015,5840.8902,5764.6919,76.1983,1.3218,138943474.0,136636743.005
000852.SH,20220510,5761.8473,5952.7225,5746.7163,5950.6674,5840.8902,109.7772,1.8795,169630054.0,175537619.101
000852.SH,20220511,5959.789,6147.8584,5959.789,6003.0282,5950.6674,52.3608,0.8799,206311093.0,225487279.2
000852.SH,20220512,5971.209,6061.1798,5964.829,6034.5727,6003.0282,31.5445,0.5255,166809919.0,171688073.4
000852.SH,20220513,6058.9991,6079.1592,6001.9133,6071.6673,6034.5727,37.0946,0.6147,154708863.0,156378894.0
000852.SH,20220516,6110.9935,6154.6976,6057.3246,6082.8819,6071.6673,11.2146,0.1847,158814937.0,162466414.9
000852.SH,20220517,6079.297,6120.8441,6013.7036,6118.4572,6082.8819,35.5753,0.5848,160980872.0,174362784.5
000852.SH,20220518,6124.378,6183.4569,6103.6253,6127.8036,6118.4572,9.3464,0.1528,151802570.0,164756082.821
000852.SH,20220519,6032.7273,6180.1862,6020.4066,6180.1862,6127.8036,52.3826,0.8548,161512314.0,175297021.843
000852.SH,20220520,6203.9144,6263.4432,6176.1266,6263.4432,6180.1862,83.257,1.3472,167859417.0,187575882.31
000852.SH,20220523,6284.5988,6345.0006,6267.8318,6343.4672,6263.4432,80.024,1.2776,164866544.0,186473051.012
000852.SH,20220524,6343.8855,6345.1231,6081.6423,6081.6423,6343.4672,-261.8249,-4.1275,198397600.0,221027385.077
000852.SH,20220525,6079.9378,6188.2694,6070.9618,6188.2694,6081.6423,106.6271,1.7533,161353725.0,169986108.957
000852.SH,20220526,6195.2106,6252.556,6095.7539,6227.0994,6188.2694,38.83,0.6275,168440235.0,175940574.556
000852.SH,20220527,6252.3633,6283.7234,6157.8143,6210.0937,6227.0994,-17.0057,-0.2731,170565783.0,177212700.091
000852.SH,20220530,6231.6352,6282.3554,6171.7356,6282.3554,6210.0937,72.2617,1.1636,159200760.0,169965799.929
000852.SH,20220531,6283.1598,6356.554,6224.6136,6353.3468,6282.3554,70.9914,1.13,173551180.0,194983645.616
000852.SH,20220601,6332.3926,6398.3542,6316.5824,6373.3182,6353.3468,19.9714,0.3143,172991852.0,189585194.724
000852.SH,20220602,6349.5602,6449.9749,6329.0674,6442.9338,6373.3182,69.6156,1.0923,164947433.0,190173332.799
000852.SH,20220606,6449.546,6612.7985,6449.2408,6604.9759,6442.9338,162.0421,2.515,183176282.0,236744951.515
000852.SH,20220607,6613.1652,6631.3245,6539.7121,6597.8349,6604.9759,-7.141,-0.1081,187679372.0,226233068.181
000852.SH,20220608,6594.9158,6660.0918,6474.2258,6608.8922,6597.8349,11.0573,0.1676,196322415.0,235551929.179
000852.SH,20220609,6591.9201,6591.9201,6453.6521,6490.3753,6608.8922,-118.5169,-1.7933,178041439.0,207132899.086
000852.SH,20220610,6446.8066,6630.2635,6438.8025,6627.7477,6490.3753,137.3724,2.1166,176920936.0,216472763.742
000852.SH,20220613,6582.6886,6683.9138,6573.5692,6674.8036,6627.7477,47.0559,0.71,200857241.0,239249879.35
000852.SH,20220614,6607.1159,6665.253,6460.4332,6665.253,6674.8036,-9.5506,-0.1431,207224045.0,237101198.95
000852.SH,20220615,6671.0527,6759.376,6653.7617,6653.7617,6665.253,-11.4913,-0.1724,228596635.0,259960615.605
000852.SH,20220616,6651.2002,6755.6309,6651.2002,6696.7629,6653.7617,43.0012,0.6463,204190710.0,233202108.586
000852.SH,20220617,6652.5391,6782.4896,6643.1024,6774.7375,6696.7629,77.9746,1.1644,195544984.0,241013889.303
000852.SH,20220620,6787.3407,6874.3763,6783.6193,6848.7548,6774.7375,74.0173,1.0925,202855378.0,261623249.044
000852.SH,20220621,6849.7331,6854.921,6709.3641,6779.1447,6848.7548,-69.6101,-1.0164,196105622.0,242436586.882
000852.SH,20220622,6781.8655,6811.5475,6688.3923,6691.8118,6779.1447,-87.3329,-1.2883,179497157.0,219574888.485
000852.SH,20220623,6694.2484,6845.4548,6649.9285,6845.4548,6691.8118,153.643,2.296,192680032.0,238813201.794
000852.SH,20220624,6865.3582,6954.4533,6862.4642,6931.6542,6845.4548,86.1994,1.2592,199532053.0,260609800.889
000852.SH,20220627,6968.1341,7012.1212,6940.5156,7002.934,6931.6542,71.2798,1.0283,209258643.0,274018808.659
000852.SH,20220628,7001.2571,7081.2823,6956.2954,7079.7247,7002.934,76.7907,1.0966,214707144.0,272953953.627
000852.SH,20220629,7061.7915,7075.5173,6900.9926,6900.9926,7079.7247,-178.7321,-2.5246,229280025.0,291483505.808
000852.SH,20220630,6909.7387,7032.6697,6909.7387,6995.5297,6900.9926,94.5371,1.3699,192461610.0,250604924.014
000852.SH,20220701,6999.677,7039.8504,6967.4839,6994.5009,6995.5297,-1.0288,-0.0147,178054494.0,233832177.533
000852.SH,20220704,6985.0534,7076.3219,6928.4012,7076.3219,6994.5009,81.821,1.1698,181180357.0,252318362.549
000852.SH,20220705,7081.9016,7098.5729,6950.2368,7036.002,7076.3219,-40.3199,-0.5698,204398610.0,264570261.821
000852.SH,20220706,7014.4512,7041.872,6890.9273,6953.9802,7036.002,-82.0218,-1.1657,182114585.0,238627648.649
000852.SH,20220707,6955.5319,7053.4512,6910.0868,7041.8666,6953.9802,87.8864,1.2638,170304242.0,228172329.065
000852.SH,20220708,7067.0328,7084.8969,6990.7406,7000.785,7041.8666,-41.0816,-0.5834,174515690.0,229822927.631
000852.SH,20220711,6976.0956,6976.0956,6830.4695,6893.6346,7000.785,-107.1504,-1.5305,174549462.0,222946715.644
000852.SH,20220712,6891.5793,6911.8035,6779.5552,6779.5552,6893.6346,-114.0794,-1.6549,168057200.0,210812628.177
000852.SH,20220713,6780.6119,6855.0679,6737.8762,6834.9024,6779.5552,55.3472,0.8164,167268153.0,203183722.36
000852.SH,20220714,6823.0925,6954.9138,6809.1021,6920.8735,6834.9024,85.9711,1.2578,184064915.0,236000197.168
000852.SH,20220715,6889.8101,6966.0435,6852.8163,6852.8163,6920.8735,-68.0572,-0.9834,198625735.0,249001066.013
000852.SH,20220718,6868.2993,6953.9319,6839.1318,6953.9319,6852.8163,101.1156,1.4755,182047985.0,234953104.95
000852.SH,20220719,6956.8634,7033.25,6932.7365,7009.3239,6953.9319,55.392,0.7966,182240492.0,235415924.702
000852.SH,20220720,7028.7918,7110.1043,7019.5129,7110.1043,7009.3239,100.7804,1.4378,181533719.0,241532114.467
000852.SH,20220721,7098.2697,7134.2176,7067.1473,7075.2943,7110.1043,-34.81,-0.4896,196769740.0,260583934.97
000852.SH,20220722,7081.5627,7124.3035,6969.4308,7034.5975,7075.2943,-40.6968,-0.5752,173030973.0,221488794.666
000852.SH,20220725,7037.7554,7068.3408,6933.8186,6948.9088,7034.5975,-85.6887,-1.2181,162390844.0,210550924.686
000852.SH,20220726,6949.1898,7031.1124,6901.9321,7027.4189,6948.9088,78.5101,1.1298,147218445.0,194799480.702
000852.SH,20220727,7018.2244,7109.5393,7005.0698,7099.4335,7027.4189,72.0146,1.0248,152269128.0,206541488.861
000852.SH,20220728,7138.3164,7196.7307,7112.7436,7150.198,7099.4335,50.7645,0.7151,180354305.0,241095066.353
000852.SH,20220729,7152.3253,7179.4714,7105.3349,7117.4341,7150.198,-32.7639,-0.4582,176841179.0,231274234.716
000852.SH,20220801,7100.7119,7180.4544,7055.6067,7180.4544,7117.4341,63.0203,0.8854,162803032.0,228160015.439
000852.SH,20220802,7098.1829,7098.1829,6872.7542,6957.9819,7180.4544,-222.4725,-3.0983,223088287.0,279667759.205
000852.SH,20220803,6968.2919,7079.8536,6893.5238,6916.6704,6957.9819,-41.3115,-0.5937,199046301.0,267708334.074
000852.SH,20220804,6953.9832,6977.3924,6853.6962,6960.3118,6916.6704,43.6414,0.631,157896065.0,210363578.737
000852.SH,20220805,6975.8897,7096.4347,6961.646,7090.0027,6960.3118,129.6909,1.8633,170848496.0,239898855.818
000852.SH,20220808,7082.5358,7176.4835,7062.3669,7176.105,7090.0027,86.1023,1.2144,158561305.0,232418782.736
000852.SH,20220809,7168.9596,7207.3961,7131.3362,7207.3961,7176.105,31.2911,0.436,162912878.0,235299436.685
000852.SH,20220810,7183.1815,7231.4319,7169.8802,7212.0752,7207.3961,4.6791,0.0649,159636618.0,233901774.524
000852.SH,20220811,7241.7323,7295.8915,7212.3996,7294.4863,7212.0752,82.4111,1.1427,179506207.0,248429232.286
000852.SH,20220812,7287.651,7311.8938,7228.3421,7228.8345,7294.4863,-65.6518,-0.9,181288905.0,235585532.129
000852.SH,20220815,7218.0913,7296.3373,7215.2042,7283.5,7228.8345,54.6655,0.7562,169082597.0,224364656.908
000852.SH,20220816,7290.2408,7356.1096,7280.9231,7324.6198,7283.5,41.1198,0.5646,183674820.0,241350466.89
000852.SH,20220817,7330.4818,7342.6962,7280.5736,7328.6735,7324.6198,4.0537,0.0553,183612140.0,245094600.753
000852.SH,20220818,7315.4098,7358.7071,7298.9297,7351.4373,7328.6735,22.7638,0.3106,176377692.0,242504373.693
000852.SH,20220819,7353.4344,7369.7314,7234.4052,7234.4052,7351.4373,-117.0321,-1.592,190774466.0,256614238.594
000852.SH,20220822,7214.4808,7289.3086,7170.2037,7288.5766,7234.4052,54.1714,0.7488,172667603.0,232384012.726
000852.SH,20220823,7275.3834,7310.1297,7267.7859,7306.0209,7288.5766,17.4443,0.2393,171067069.0,228827949.562
000852.SH,20220824,7312.554,7315.1008,7029.8782,7039.4103,7306.0209,-266.6106,-3.6492,207521602.0,261715052.646
000852.SH,20220825,7065.3359,7080.7254,6930.8387,7016.3057,7039.4103,-23.1046,-0.3282,174351312.0,214927185.144
000852.SH,20220826,7032.6553,7103.8343,6966.0658,6980.1803,7016.3057,-36.1254,-0.5149,161725036.0,208825351.115
000852.SH,20220829,6884.7298,7022.7944,6858.431,7021.3148,6980.1803,41.1345,0.5893,153571445.0,190249844.424
000852.SH,20220830,7018.7227,7025.4635,6943.144,6976.7218,7021.3148,-44.593,-0.6351,153832925.0,190519769.58
000852.SH,20220831,6954.5087,6966.9915,6738.5243,6750.7429,6976.7218,-225.9789,-3.239,166559930.0,208164754.909
000852.SH,20220901,6757.0061,6819.6172,6698.8382,6717.1001,6750.7429,-33.6428,-0.4984,136821290.0,167515966.848
000852.SH,20220902,6731.6726,6801.3496,6695.1043,6776.8268,6717.1001,59.7267,0.8892,128555383.0,162328853.042
000852.SH,20220905,6774.1928,6831.2212,6739.1353,6791.0921,6776.8268,14.2653,0.2105,131911039.0,161721445.332
000852.SH,20220906,6808.8744,6919.6464,6780.437,6919.6464,6791.0921,128.5543,1.893,144344325.0,183761283.708
000852.SH,20220907,6894.7141,6989.7548,6882.5945,6963.5196,6919.6464,43.8732,0.634,142998350.0,186886081.899
000852.SH,20220908,6965.562,6975.1324,6889.863,6897.0996,6963.5196,-66.42,-0.9538,133014603.0,165823754.363
000852.SH,20220909,6908.7126,6918.2042,6848.2697,6913.579,6897.0996,16.4794,0.2389,130940777.0,158316315.505
000852.SH,20220913,6935.5905,6957.3526,6886.3606,6904.0775,6913.579,-9.5015,-0.1374,125982583.0,156495592.936
000852.SH,20220914,6800.927,6851.0935,6783.1881,6829.5579,6904.0775,-74.5196,-1.0794,121309407.0,150215220.64
000852.SH,20220915,6859.2486,6866.5538,6543.1991,6619.1888,6829.5579,-210.3691,-3.0803,160634562.0,196010799.836
000852.SH,20220916,6599.2703,6632.5598,6480.0965,6481.2442,6619.1888,-137.9446,-2.084,135704169.0,160257556.466
000852.SH,20220919,6468.3945,6504.7515,6364.0725,6399.8014,6481.2442,-81.4428,-1.2566,107934181.0,130349058.199
000852.SH,20220920,6441.0957,6536.4244,6436.7608,6482.1313,6399.8014,82.3299,1.2864,99898034.0,126916550.647
000852.SH,20220921,6461.2491,6506.0617,6378.6339,6480.6023,6482.1313,-1.529,-0.0236,105600093.0,122346817.424
000852.SH,20220922,6438.2859,6554.2989,6429.4954,6487.2748,6480.6023,6.6725,0.103,105146988.0,129139062.116
000852.SH,20220923,6486.7864,6504.0334,6306.9619,6363.6835,6487.2748,-123.5913,-1.9051,111965685.0,136013846.998
000852.SH,20220926,6318.2988,6404.0148,6274.3391,6283.5925,6363.6835,-80.091,-1.2586,110453493.0,129054876.614
000852.SH,20220927,6302.8876,6409.776,6287.7747,6409.776,6283.5925,126.1835,2.0081,106033494.0,133034781.238
000852.SH,20220928,6397.8366,6401.8407,6211.1091,6211.1091,6409.776,-198.6669,-3.0994,104960077.0,128903902.412
000852.SH,20220929,6270.9062,6307.782,6192.7715,6228.7788,6211.1091,17.6697,0.2845,105730744.0,127446447.139
000852.SH,20220930,6221.8314,6241.9587,6123.9884,6124.8639,6228.7788,-103.9149,-1.6683,92564600.0,113064814.086
000852.SH,20221010,6136.7118,6154.0634,5964.6212,5984.5008,6124.8639,-140.3631,-2.2917,102448137.0,122828919.867
000852.SH,20221011,5994.7629,6044.2849,5939.068,6017.7194,5984.5008,33.2186,0.5551,94238001.0,111536274.574
000852.SH,20221012,6017.6748,6192.6534,5918.0208,6192.6534,6017.7194,174.934,2.907,120053053.0,146042371.698
000852.SH,20221013,6162.7051,6311.5061,6146.4041,6252.2225,6192.6534,59.5691,0.9619,128700906.0,157054880.04
000852.SH,20221014,6296.3513,6427.4688,6286.6716,6406.4573,6252.2225,154.2348,2.4669,141802026.0,181411953.829
000852.SH,20221017,6380.2072,6476.398,6370.1483,6472.4511,6406.4573,65.9938,1.0301,132444628.0,171128918.406
000852.SH,20221018,6490.5965,6551.7957,6447.7781,6508.5038,6472.4511,36.0527,0.557,129920946.0,172917916.318
000852.SH,20221019,6492.5996,6533.5657,6460.7004,6461.1462,6508.5038,-47.3576,-0.7276,124647381.0,165890298.125
000852.SH,20221020,6431.9859,6525.7988,6342.1537,6429.7042,6461.1462,-31.442,-0.4866,133524986.0,176048476.246
000852.SH,20221021,6433.3269,6469.0937,6387.7658,6432.3255,6429.7042,2.6213,0.0408,119879781.0,151129742.815
000852.SH,20221024,6448.8658,6554.3689,6335.0726,6378.4323,6432.3255,-53.8932,-0.8378,141357126.0,180064469.82
000852.SH,20221025,6346.1531,6411.1661,6248.8387,6355.7784,6378.4323,-22.6539,-0.3552,129321410.0,165200236.898
000852.SH,20221026,6358.06,6548.6179,6348.9902,6491.6916,6355.7784,135.9132,2.1384,150663892.0,200200044.241
000852.SH,20221027,6497.5197,6544.4165,6459.9232,6461.6098,6491.6916,-30.0818,-0.4634,146773822.0,196363432.005
000852.SH,20221028,6412.6125,6446.6048,6216.2738,6239.9316,6461.6098,-221.6782,-3.4307,156120495.0,197514525.528
000852.SH,20221031,6201.7469,6349.1178,6201.2834,6292.6191,6239.9316,52.6875,0.8444,145874788.0,187134463.252
000852.SH,20221101,6299.0263,6440.9161,6277.6156,6439.8223,6292.6191,147.2032,2.3393,152262990.0,199551407.229
000852.SH,20221102,6434.9504,6557.0101,6424.66,6524.5136,6439.8223,84.6913,1.3151,162568563.0,216303778.31
000852.SH,20221103,6467.2272,6576.3721,6461.2962,6566.8413,6524.5136,42.3277,0.6487,141513704.0,199422978.711
000852.SH,20221104,6569.1853,6719.5131,6568.7819,6709.6446,6566.8413,142.8033,2.1746,165062434.0,230118260.588
000852.SH,20221107,6713.7308,6749.7555,6660.9788,6713.6375,6709.6446,3.9929,0.0595,160254947.0,220210872.29
000852.SH,20221108,6707.0126,6708.0803,6647.4424,6694.9562,6713.6375,-18.6813,-0.2783,135471787.0,180763670.673
000852.SH,20221109,6694.4043,6736.6711,6664.3706,6676.0079,6694.9562,-18.9483,-0.283,126564565.0,164404506.999
000852.SH,20221110,6638.5161,6663.1129,6583.8648,6603.3086,6676.0079,-72.6993,-1.089,142137645.0,183303850.09
000852.SH,20221111,6749.0665,6776.742,6641.7631,6643.4817,6603.3086,40.1731,0.6084,191648966.0,237140698.56
000852.SH,20221114,6639.0229,6688.006,6570.4905,6599.6655,6643.4817,-43.8162,-0.6595,174303985.0,212896585.326
000852.SH,20221115,6593.6277,6752.5127,6576.8748,6752.5127,6599.6655,152.8472,2.316,170939160.0,221716230.404
000852.SH,20221116,6749.9594,6775.3822,6687.3165,6702.041,6752.5127,-50.4717,-0.7475,155021163.0,195240529.665
000852.SH,20221117,6685.9431,6714.5035,6629.8971,6714.5035,6702.041,12.4625,0.186,159191253.0,198847162.648
000852.SH,20221118,6711.894,6752.8371,6650.7424,6658.4005,6714.5035,-56.103,-0.8355,168105221.0,215157473.531
000852.SH,20221121,6622.603,6689.3254,6585.2786,6689.3254,6658.4005,30.9249,0.4644,137155265.0,179567680.623
000852.SH,20221122,6682.0525,6692.2397,6556.3362,6583.2332,6689.3254,-106.0922,-1.586,150853226.0,191781768.774
000852.SH,20221123,6572.1648,6592.3046,6451.9553,6567.9934,6583.2332,-15.2398,-0.2315,144366228.0,179521416.697
000852.SH,20221124,6573.4721,6611.795,6553.9562,6586.8576,6567.9934,18.8642,0.2872,126197332.0,159909378.877
000852.SH,20221125,6573.0193,6573.0193,6508.5162,6512.1619,6586.8576,-74.6957,-1.134,124579396.0,149034248.952
000852.SH,20221128,6426.9307,6494.9809,6412.0319,6492.712,6512.1619,-19.4499,-0.2987,129881780.0,152031616.662
000852.SH,20221129,6505.8964,6607.4569,6505.8964,6594.3225,6492.712,101.6105,1.565,157448301.0,180031860.497
000852.SH,20221130,6591.6776,6619.2702,6561.2745,6590.3067,6594.3225,-4.0158,-0.0609,155403136.0,178510447.618
000852.SH,20221201,6645.4672,6691.5091,6639.6319,6658.4265,6590.3067,68.1198,1.0336,162150678.0,199785991.94
000852.SH,20221202,6644.442,6721.6914,6637.1599,6680.5415,6658.4265,22.115,0.3321,149424028.0,179613917.631
000852.SH,20221205,6710.7253,6723.5658,6675.6024,6714.367,6680.5415,33.8255,0.5063,178915025.0,206225540.021
000852.SH,20221206,6690.9198,6731.0664,6667.0022,6703.5524,6714.367,-10.8146,-0.1611,154810114.0,191497741.686
000852.SH,20221207,6684.6082,6732.258,6677.5196,6705.2873,6703.5524,1.7349,0.0259,155989281.0,188674730.727
000852.SH,20221208,6694.8441,6699.2974,6648.3468,6662.3441,6705.2873,-42.9432,-0.6404,148611632.0,176772060.301
000852.SH,20221209,6661.8985,6684.1491,6626.9358,6680.3752,6662.3441,18.0311,0.2706,160349164.0,201813642.791
000852.SH,20221212,6669.1657,6680.6112,6626.8725,6655.6737,6680.3752,-24.7015,-0.3698,153653068.0,186669163.109
000852.SH,20221213,6654.6703,6654.7491,6586.8681,6593.6675,6655.6737,-62.0062,-0.9316,149692723.0,176834414.923
000852.SH,20221214,6600.4068,6626.6992,6556.8083,6570.0183,6593.6675,-23.6492,-0.3587,139664931.0,167786593.318
000852.SH,20221215,6557.9042,6605.7032,6544.9992,6597.5505,6570.0183,27.5322,0.4191,128850544.0,160225836.005
000852.SH,20221216,6569.0571,6581.9337,6504.054,6519.4361,6597.5505,-78.1144,-1.184,134434849.0,161172961.056
000852.SH,20221219,6518.3822,6537.1353,6367.4459,6390.77,6519.4361,-128.6661,-1.9736,135485972.0,156179605.225
000852.SH,20221220,6380.2153,6389.0539,6321.1408,6341.5833,6390.77,-49.1867,-0.7697,110008606.0,131077432.572
000852.SH,20221221,6341.2154,6344.6554,6255.3488,6289.1361,6341.5833,-52.4472,-0.827,102729735.0,122909095.335
000852.SH,20221222,6314.553,6319.5743,6171.1799,6186.9277,6289.1361,-102.2084,-1.6252,113245456.0,131875231.617
000852.SH,20221223,6154.6586,6197.2379,6120.9443,6160.7451,6186.9277,-26.1826,-0.4232,97094729.0,116283463.648
000852.SH,20221226,6161.9366,6276.1107,6161.9366,6275.5244,6160.7451,114.7793,1.8631,100031210.0,125237422.919
000852.SH,20221227,6288.6065,6328.3589,6256.042,6325.6279,6275.5244,50.1035,0.7984,109270500.0,136753468.429
000852.SH,20221228,6304.5897,6306.9491,6251.3018,6268.4658,6325.6279,-57.1621,-0.9037,105263874.0,125061546.621
000852.SH,20221229,6253.7945,6322.246,6245.229,6261.8292,6268.4658,-6.6366,-0.1059,102382211.0,121083655.953
000852.SH,20221230,6283.4999,6296.2444,6262.6,6281.6209,6261.8292,19.7917,0.3161,97146496.0,116528198.887
000852.SH,20230103,6286.8142,6433.7855,6275.6881,6423.7013,6281.6209,142.0804,2.2618,133181680.0,160707712.589
000852.SH,20230104,6423.4296,6445.6191,6385.0033,6421.2767,6423.7013,-2.4246,-0.0377,131040093.0,156632578.04
000852.SH,20230105,6427.4547,6489.989,6413.75,6485.4688,6421.2767,64.1921,0.9997,121661526.0,155822047.721
000852.SH,20230106,6482.883,6539.7586,6478.6263,6500.3203,6485.4688,14.8515,0.229,129383997.0,165796221.277
000852.SH,20230109,6523.1367,6559.4607,6517.5746,6535.7493,6500.3203,35.429,0.545,122047871.0,162944069.606
000852.SH,20230110,6541.8195,6546.5415,6505.0979,6540.2008,6535.7493,4.4515,0.0681,111628121.0,146634283.726
000852.SH,20230111,6544.5669,6562.351,6480.945,6486.9049,6540.2008,-53.2959,-0.8149,112882942.0,147472868.625
000852.SH,20230112,6495.1598,6529.8127,6469.4774,6489.5702,6486.9049,2.6653,0.0411,104937470.0,134846593.005
000852.SH,20230113,6505.2372,6517.5132,6475.6566,6517.5132,6489.5702,27.943,0.4306,110761936.0,138907307.0
000852.SH,20230116,6521.4536,6628.7303,6521.4536,6591.8056,6517.5132,74.2924,1.1399,141070888.0,175416637.498
000852.SH,20230117,6600.2506,6622.3179,6573.2817,6597.4946,6591.8056,5.689,0.0863,108421111.0,139660962.014
000852.SH,20230118,6613.7424,6635.8547,6593.3716,6613.005,6597.4946,15.5104,0.2351,105834674.0,125976031.143
000852.SH,20230119,6605.448,6678.1792,6590.4188,6676.0803,6613.005,63.0753,0.9538,107589560.0,135675334.823
000852.SH,20230120,6690.1434,6740.1299,6690.1434,6736.8515,6676.0803,60.7712,0.9103,122762682.0,154872288.667
000852.SH,20230130,6815.1394,6839.8425,6780.3729,6786.453,6736.8515,49.6015,0.7363,170769332.0,211140043.941
000852.SH,20230131,6763.3994,6820.1422,6758.9024,6805.2756,6786.453,18.8226,0.2774,147712346.0,180790076.275
000852.SH,20230201,6815.0569,6916.7257,6812.7858,6916.7204,6805.2756,111.4448,1.6376,169651661.0,208871365.597
000852.SH,20230202,6926.5792,6969.7877,6908.6973,6933.2257,6916.7204,16.5053,0.2386,167133986.0,212328053.407
000852.SH,20230203,6922.7904,6934.3247,6829.3987,6925.076,6933.2257,-8.1497,-0.1175,157558880.0,194152771.393
000852.SH,20230206,6902.4919,6928.2811,6853.9114,6891.413,6925.076,-33.663,-0.4861,146059027.0,182865349.058
000852.SH,20230207,6900.2322,6924.4191,6864.2057,6924.3213,6891.413,32.9083,0.4775,150108752.0,187069724.944
000852.SH,20230208,6927.3303,6932.9905,6873.5989,6877.7247,6924.3213,-46.5966,-0.6729,138510731.0,173815150.505
000852.SH,20230209,6864.0266,6999.1821,6850.5692,6999.1821,6877.7247,121.4574,1.766,149147697.0,194994550.267
000852.SH,20230210,6991.2341,7015.2486,6926.4825,6975.3945,6999.1821,-23.7876,-0.3399,152432051.0,189923379.511
000852.SH,20230213,6976.3304,7052.596,6973.4081,7052.1766,6975.3945,76.7821,1.1008,160848480.0,207706779.975
000852.SH,20230214,7064.5292,7070.3347,7028.7851,7061.449,7052.1766,9.2724,0.1315,151786438.0,199029649.6
000852.SH,20230215,7062.3616,7076.8682,7038.9856,7063.6048,7061.449,2.1558,0.0305,159779328.0,207038398.26
000852.SH,20230216,7063.9265,7098.9176,6878.3483,6925.2034,7063.6048,-138.4014,-1.9594,217381617.0,263155308.27
000852.SH,20230217,6931.9932,6954.8464,6861.3048,6868.5477,6925.2034,-56.6557,-0.8181,172656902.0,203845829.245
000852.SH,20230220,6871.8624,6959.7514,6825.8738,6959.3609,6868.5477,90.8132,1.3222,165614379.0,196438661.978
000852.SH,20230221,6969.3549,7008.5464,6939.5929,6990.4751,6959.3609,31.1142,0.4471,171690946.0,203386321.24
000852.SH,20230222,6961.1504,7014.5615,6947.1167,6998.4298,6990.4751,7.9547,0.1138,144601016.0,175966912.645
000852.SH,20230223,6997.7826,7008.6785,6929.6117,6966.7866,6998.4298,-31.6432,-0.4521,141862467.0,172438837.845
000852.SH,20230224,6971.6486,6983.1603,6906.6857,6944.824,6966.7866,-21.9626,-0.3152,121078826.0,151978026.582
000852.SH,20230227,6928.0344,6950.8831,6876.2536,6894.2959,6944.824,-50.5281,-0.7276,129300939.0,162346177.199
000852.SH,20230228,6911.3624,6955.5737,6874.9253,6955.5737,6894.2959,61.2778,0.8888,131036025.0,164461396.666
000852.SH,20230301,6955.4817,7002.7711,6932.7567,7002.7711,6955.5737,47.1974,0.6786,155908555.0,194162937.429
000852.SH,20230302,6999.2322,7021.1088,6963.0554,6972.3062,7002.7711,-30.4649,-0.435,166505708.0,202422136.342
000852.SH,20230303,6970.2132,6997.4245,6921.2669,6967.94,6972.3062,-4.3662,-0.0626,154598247.0,184879618.935
000852.SH,20230306,6973.5226,7004.7097,6933.9929,6997.0444,6967.94,29.1044,0.4177,150317134.0,194154258.048
000852.SH,20230307,6991.5594,6993.1771,6855.3435,6855.3435,6997.0444,-141.7009,-2.0252,159757780.0,189478401.77
000852.SH,20230308,6838.6286,6894.3639,6832.0372,6891.4556,6855.3435,36.1121,0.5268,121280600.0,152705779.612
000852.SH,20230309,6898.2397,6911.5384,6851.9088,6892.8565,6891.4556,1.4009,0.0203,126671261.0,155909335.205
000852.SH,20230310,6854.4101,6864.9351,6795.2231,6798.2987,6892.8565,-94.5578,-1.3718,140338591.0,170506323.948
000852.SH,20230313,6780.0226,6832.621,6750.2188,6832.621,6798.2987,34.3223,0.5049,141191187.0,176170851.055
000852.SH,20230314,6824.2481,6824.2481,6690.0864,6769.8491,6832.621,-62.7719,-0.9187,156336435.0,197124650.947
000852.SH,20230315,6797.8207,6844.9657,6794.408,6803.4738,6769.8491,33.6247,0.4967,139147010.0,171749343.249
000852.SH,20230316,6769.6067,6777.9062,6677.6809,6689.7826,6803.4738,-113.6912,-1.6711,141881845.0,175508119.056
000852.SH,20230317,6726.9574,6781.9456,6717.144,6736.3672,6689.7826,46.5846,0.6964,161535345.0,204155942.107
000852.SH,20230320,6745.9524,6760.9101,6694.5219,6721.4545,6736.3672,-14.9127,-0.2214,175313441.0,230174336.045
000852.SH,20230321,6726.798,6810.2876,6725.8348,6809.3913,6721.4545,87.9368,1.3083,146584935.0,195253243.662
000852.SH,20230322,6830.1938,6845.7609,6810.7648,6840.3262,6809.3913,30.9349,0.4543,160318267.0,211699058.083
000852.SH,20230323,6827.6761,6869.1755,6809.8508,6868.8345,6840.3262,28.5083,0.4168,165448056.0,224978318.72
000852.SH,20230324,6874.5382,6880.1948,6840.7504,6867.9521,6868.8345,-0.8824,-0.0128,181680229.0,240207097.975
000852.SH,20230327,6874.3859,6900.6329,6830.945,6886.6891,6867.9521,18.737,0.2728,195064403.0,270611684.186
000852.SH,20230328,6881.1088,6884.5434,6816.4473,6825.3831,6886.6891,-61.306,-0.8902,170468837.0,236725308.502
000852.SH,20230329,6825.1294,6839.899,6785.1494,6806.2811,6825.3831,-19.102,-0.2799,160806595.0,220165772.651
000852.SH,20230330,6802.0708,6814.6894,6751.6924,6807.6446,6806.2811,1.3635,0.02,146175756.0,195037119.352
000852.SH,20230331,6806.6085,6878.3186,6801.9431,6875.8083,6807.6446,68.1637,1.0013,151581950.0,202602542.866
000852.SH,20230403,6878.0889,6966.6926,6878.0889,6962.2048,6875.8083,86.3965,1.2565,194554477.0,274916847.267
000852.SH,20230404,6960.906,6966.993,6918.1327,6953.3625,6962.2048,-8.8423,-0.127,213211962.0,306141970.189
000852.SH,20230406,6926.1884,6988.3749,6921.6618,6983.0265,6953.3625,29.664,0.4266,191009494.0,281226984.71
000852.SH,20230407,6987.007,7043.222,6978.3481,7042.8904,6983.0265,59.8639,0.8573,167437320.0,242608190.86
000852.SH,20230410,7050.2353,7052.7405,6950.7705,6968.5725,7042.8904,-74.3179,-1.0552,181007868.0,265199179.441
000852.SH,20230411,6967.0298,6986.4426,6937.0196,6984.1419,6968.5725,15.5694,0.2234,162793965.0,228357143.487
000852.SH,20230412,6989.693,7027.8398,6979.278,7021.0163,6984.1419,36.8744,0.528,180300938.0,252639249.64
000852.SH,20230413,7011.6577,7029.104,6956.6755,6966.8182,7021.0163,-54.1981,-0.7719,182936746.0,253331499.906
000852.SH,20230414,6978.5923,7026.121,6942.5691,7020.0943,6966.8182,53.2761,0.7647,174751802.0,249159555.579
000852.SH,20230417,7009.4682,7030.2397,6989.6971,7012.773,7020.0943,-7.3213,-0.1043,173463101.0,235338063.548
000852.SH,20230418,7002.2564,7014.3848,6961.5056,6997.0715,7012.773,-15.7015,-0.2239,160278095.0,221281575.13
000852.SH,20230419,6988.6549,7011.9309,6955.3609,6965.5757,6997.0715,-31.4958,-0.4501,168968117.0,237689578.666
000852.SH,20230420,6956.3653,6963.8986,6911.9811,6963.8986,6965.5757,-1.6771,-0.0241,174240785.0,249390407.797
000852.SH,20230421,6954.0985,6963.0768,6773.5121,6773.5121,6963.8986,-190.3865,-2.7339,193177324.0,266671875.898
000852.SH,20230424,6766.5182,6771.6524,6692.2243,6725.2706,6773.5121,-48.2415,-0.7122,172365639.0,233604520.119
000852.SH,20230425,6708.2779,6711.5677,6517.2733,6603.2389,6725.2706,-122.0317,-1.8145,194399820.0,247485613.39
000852.SH,20230426,6577.3592,6667.4287,6573.8778,6624.4004,6603.2389,21.1615,0.3205,184561745.0,254123867.62
000852.SH,20230427,6597.7306,6672.219,6593.3841,6633.4926,6624.4004,9.0922,0.1373,174202091.0,232047938.56
000852.SH,20230428,6617.3249,6724.5733,6617.3249,6723.3045,6633.4926,89.8119,1.3539,189027616.0,241929257.739
000852.SH,20230504,6701.4906,6738.4431,6698.6416,6733.9694,6723.3045,10.6649,0.1586,202137047.0,252755421.974
000852.SH,20230505,6723.1596,6723.9795,6612.7412,6653.6532,6733.9694,-80.3162,-1.1927,185876962.0,232757192.567
000852.SH,20230508,6660.9166,6714.3891,6660.9166,6702.4999,6653.6532,48.8467,0.7341,204204619.0,239780230.242
000852.SH,20230509,6696.6682,6705.7377,6610.567,6611.6367,6702.4999,-90.8632,-1.3557,217518238.0,256339239.609
000852.SH,20230510,6599.7879,6648.0377,6576.3994,6627.3114,6611.6367,15.6747,0.2371,172301277.0,212227315.488
000852.SH,20230511,6634.164,6653.3824,6618.1927,6622.5211,6627.3114,-4.7903,-0.0723,155805155.0,192273319.327
000852.SH,20230512,6608.8276,6630.5588,6535.1101,6535.9439,6622.5211,-86.5772,-1.3073,153329115.0,183608124.249
000852.SH,20230515,6537.3967,6585.9102,6466.4489,6585.9102,6535.9439,49.9663,0.7645,161126819.0,191863235.546
000852.SH,20230516,6586.7176,6586.7176,6501.3067,6516.2886,6585.9102,-69.6216,-1.0571,142434107.0,178199462.179
000852.SH,20230517,6500.4383,6555.7688,6497.3788,6554.9802,6516.2886,38.6916,0.5938,125778063.0,156078814.575
000852.SH,20230518,6557.3701,6595.4909,6554.0805,6583.7382,6554.9802,28.758,0.4387,144368801.0,186333515.795
000852.SH,20230519,6571.0867,6621.4262,6545.0847,6602.3174,6583.7382,18.5792,0.2822,135432989.0,179071786.326
000852.SH,20230522,6589.351,6608.8834,6556.7401,6595.9844,6602.3174,-6.333,-0.0959,131198543.0,163204580.648
000852.SH,20230523,6591.557,6600.8024,6528.4533,6528.4533,6595.9844,-67.5311,-1.0238,128595517.0,158376852.884
000852.SH,20230524,6507.0598,6564.513,6476.6892,6513.1817,6528.4533,-15.2716,-0.2339,125855093.0,163476977.07
000852.SH,20230525,6502.2302,6541.3883,6424.4469,6501.0001,6513.1817,-12.1816,-0.187,135834643.0,175437754.998
000852.SH,20230526,6495.3476,6558.1085,6451.7266,6546.4083,6501.0001,45.4082,0.6985,126275617.0,170164842.111
000852.SH,20230529,6560.1612,6579.1509,6518.0312,6534.1166,6546.4083,-12.2917,-0.1878,152482657.0,204321522.052
000852.SH,20230530,6517.7067,6565.4766,6461.0928,6564.4686,6534.1166,30.352,0.4645,151317651.0,193152158.103
000852.SH,20230531,6556.5156,6581.9341,6523.2732,6561.6487,6564.4686,-2.8199,-0.043,142968364.0,197141081.475
000852.SH,20230601,6539.2594,6616.5268,6515.0228,6574.7576,6561.6487,13.1089,0.1998,153962339.0,208776080.194
000852.SH,20230602,6585.7295,6640.5298,6585.7295,6626.2794,6574.7576,51.5218,0.7836,149263604.0,198301484.192
000852.SH,20230605,6631.2217,6647.2037,6609.0166,6632.9556,6626.2794,6.6762,0.1008,137150594.0,186650947.904
000852.SH,20230606,6625.0863,6625.0863,6475.2594,6489.8113,6632.9556,-143.1443,-2.1581,151757959.0,198453126.089
000852.SH,20230607,6487.1964,6517.3187,6467.3044,6488.5574,6489.8113,-1.2539,-0.0193,131404709.0,169239132.087
000852.SH,20230608,6477.9401,6478.3166,6399.7824,6442.4819,6488.5574,-46.0755,-0.7101,135583070.0,172327155.119
000852.SH,20230609,6446.6202,6500.4469,6427.919,6495.5639,6442.4819,53.082,0.8239,151977579.0,202023488.654
000852.SH,20230612,6488.1996,6549.7845,6474.8627,6530.1606,6495.5639,34.5967,0.5326,145153220.0,197419702.843
000852.SH,20230613,6525.0477,6561.0211,6519.9667,6554.9567,6530.1606,24.7961,0.3797,145636301.0,206066233.138
000852.SH,20230614,6556.0322,6591.6938,6547.4861,6578.1228,6554.9567,23.1661,0.3534,149195931.0,212483094.306
000852.SH,20230615,6579.4618,6618.6241,6568.6105,6613.9549,6578.1228,35.8321,0.5447,147955427.0,220050814.756
000852.SH,20230616,6613.1045,6674.6219,6602.0393,6669.0051,6613.9549,55.0502,0.8323,155708689.0,223131327.343
000852.SH,20230619,6674.1185,6707.2268,6673.8122,6693.299,6669.0051,24.2939,0.3643,168025755.0,246819992.645
000852.SH,20230620,6683.9242,6717.7127,6671.9896,6693.9147,6693.299,0.6157,0.0092,158860653.0,240661461.467
000852.SH,20230621,6679.1478,6681.5664,6548.4066,6548.4066,6693.9147,-145.5081,-2.1737,153983944.0,226296807.531
000852.SH,20230626,6504.9705,6535.492,6404.0444,6420.9726,6548.4066,-127.434,-1.946,154732688.0,209607215.406
000852.SH,20230627,6425.8427,6518.9827,6424.3317,6507.2728,6420.9726,86.3002,1.344,135607119.0,178812817.549
000852.SH,20230628,6504.4987,6505.4702,6367.3527,6475.505,6507.2728,-31.7678,-0.4882,145808385.0,192407496.662
000852.SH,20230629,6465.0955,6542.2764,6462.0679,6520.0393,6475.505,44.5343,0.6877,135252145.0,186518747.503
000852.SH,20230630,6507.5038,6615.9736,6500.8607,6602.0372,6520.0393,81.9979,1.2576,144498924.0,203403995.419
000852.SH,20230703,6617.0761,6640.3394,6571.8428,6612.8844,6602.0372,10.8472,0.1643,160977356.0,225625497.66
000852.SH,20230704,6610.6637,6639.8164,6599.6,6638.4471,6612.8844,25.5627,0.3866,139742795.0,203584274.309
000852.SH,20230705,6632.3668,6642.5486,6575.73,6584.4232,6638.4471,-54.0239,-0.8138,133052280.0,184778773.163
000852.SH,20230706,6573.5756,6619.2917,6558.8851,6567.0789,6584.4232,-17.3443,-0.2634,124077268.0,173721970.871
000852.SH,20230707,6553.5581,6558.1084,6486.1147,6521.4265,6567.0789,-45.6524,-0.6952,123599541.0,164996211.439
000852.SH,20230710,6539.0792,6556.154,6501.7461,6526.8519,6521.4265,5.4254,0.0832,120450936.0,158540731.785
000852.SH,20230711,6531.6276,6579.3695,6514.9906,6579.3695,6526.8519,52.5176,0.8046,119603644.0,163273435.605
000852.SH,20230712,6576.9418,6576.9621,6476.8466,6482.9867,6579.3695,-96.3828,-1.4649,140204471.0,187051032.495
000852.SH,20230713,6497.8093,6553.5988,6497.7583,6548.3129,6482.9867,65.3262,1.0077,135117757.0,180915189.196
000852.SH,20230714,6554.5347,6571.1441,6538.646,6544.4593,6548.3129,-3.8536,-0.0588,135631971.0,188566810.413
000852.SH,20230717,6524.6054,6525.187,6481.286,6516.56,6544.4593,-27.8993,-0.4263,126408773.0,169117052.479
000852.SH,20230718,6519.757,6537.9138,6490.0589,6510.0341,6516.56,-6.5259,-0.1001,119968653.0,159965850.727
000852.SH,20230719,6508.5225,6530.5426,6459.4432,6492.3487,6510.0341,-17.6854,-0.2717,109136335.0,141853309.419
000852.SH,20230720,6497.7781,6512.4485,6404.123,6408.7598,6492.3487,-83.5889,-1.2875,122150962.0,155152822.236
000852.SH,20230721,6397.154,6447.2955,6378.1967,6401.4168,6408.7598,-7.343,-0.1146,113590849.0,138788097.492
000852.SH,20230724,6397.4305,6437.9886,6370.0546,6393.7938,6401.4168,-7.623,-0.1191,109049465.0,129838947.141
000852.SH,20230725,6448.271,6499.416,6444.5791,6498.2688,6393.7938,104.475,1.634,147365727.0,173378677.34
000852.SH,20230726,6497.5948,6497.5948,6441.5576,6457.2535,6498.2688,-41.0153,-0.6312,149583522.0,156686884.8
000852.SH,20230727,6458.4842,6475.8298,6397.5946,6407.5461,6457.2535,-49.7074,-0.7698,144624358.0,153183204.64
000852.SH,20230728,6389.4347,6471.6764,6369.3715,6465.3763,6407.5461,57.8302,0.9025,157267532.0,166557072.7
000852.SH,20230731,6475.8283,6549.7454,6475.8283,6515.8486,6465.3763,50.4723,0.7807,183815980.0,200589879.397
000852.SH,20230801,6513.1396,6521.9696,6482.1677,6507.4124,6515.8486,-8.4362,-0.1295,184326464.0,183590037.3
000852.SH,20230802,6499.864,6515.0688,6475.4227,6496.0222,6507.4124,-11.3902,-0.175,168646289.0,171110955.344
000852.SH,20230803,6472.1129,6502.5452,6460.2799,6499.5448,6496.0222,3.5226,0.0542,163471395.0,164830188.575
000852.SH,20230804,6514.54,6561.7387,6505.8614,6535.322,6499.5448,35.7772,0.5505,194622999.0,205415679.148
000852.SH,20230807,6524.2963,6532.5179,6485.6622,6503.9825,6535.322,-31.3395,-0.4795,168919412.0,185333349.118
000852.SH,20230808,6496.5898,6500.9019,6457.2466,6471.3444,6503.9825,-32.6381,-0.5018,142743414.0,154646581.021
000852.SH,20230809,6452.9799,6464.3628,6411.2281,6420.9768,6471.3444,-50.3676,-0.7783,132319467.0,148343587.966
000852.SH,20230810,6409.2222,6438.4307,6392.8948,6426.8142,6420.9768,5.8374,0.0909,131957692.0,134873259.681
000852.SH,20230811,6428.8785,6428.8785,6304.6354,6304.6354,6426.8142,-122.1788,-1.9011,149016729.0,149330410.482
000852.SH,20230814,6251.9656,6320.9489,6213.9764,6319.4073,6304.6354,14.7719,0.2343,138392221.0,145626319.568
000852.SH,20230815,6318.5476,6325.5736,6203.4431,6261.7333,6319.4073,-57.674,-0.9126,122703107.0,132851531.983
000852.SH,20230816,6240.7122,6255.8114,6186.4029,6186.4029,6261.7333,-75.3304,-1.203,124958759.0,132390724.363
000852.SH,20230817,6167.6544,6255.0503,6128.1311,6247.6011,6186.4029,61.1982,0.9892,129135238.0,139152590.24
000852.SH,20230818,6245.1264,6259.7913,6117.1074,6117.1074,6247.6011,-130.4937,-2.0887,139212539.0,139942744.387
000852.SH,20230821,6107.9242,6154.2495,6057.1708,6057.1708,6117.1074,-59.9366,-0.9798,117091696.0,119633708.946
000852.SH,20230822,6082.7206,6108.2101,5984.4367,6099.1948,6057.1708,42.024,0.6938,144282422.0,153871289.475
000852.SH,20230823,6084.1539,6084.1539,5973.6457,5973.6711,6099.1948,-125.5237,-2.058,128422382.0,135807067.81
000852.SH,20230824,5989.4279,6049.546,5942.5666,5987.9663,5973.6711,14.2952,0.2393,134197451.0,146793181.32
000852.SH,20230825,5960.5887,5980.2412,5855.8778,5879.0268,5987.9663,-108.9395,-1.8193,140117108.0,150562437.51
000852.SH,20230828,6204.1044,6204.1044,5907.941,5922.1617,5879.0268,43.1349,0.7337,210870098.0,213172935.998
000852.SH,20230829,5909.4623,6121.5906,5907.9605,6108.7589,5922.1617,186.5972,3.1508,186689576.0,200633240.452
000852.SH,20230830,6117.4112,6185.2727,6102.0906,6139.6265,6108.7589,30.8676,0.5053,167499560.0,194127658.982
000852.SH,20230831,6130.6422,6130.9527,6087.3267,6104.2953,6139.6265,-35.3312,-0.5755,143040409.0,161004803.813
000852.SH,20230901,6108.1277,6136.7817,6086.2712,6107.1996,6104.2953,2.9043,0.0476,124017053.0,138221321.938
000852.SH,20230904,6129.5387,6198.7623,6109.0968,6198.7623,6107.1996,91.5627,1.4993,155507281.0,167770708.192
000852.SH,20230905,6188.5152,6206.3463,6154.8304,6167.6421,6198.7623,-31.1202,-0.502,141067999.0,162636723.669
000852.SH,20230906,6146.3937,6202.3236,6117.8058,6195.3828,6167.6421,27.7407,0.4498,129717664.0,154853582.103
000852.SH,20230907,6185.3275,6185.3275,6083.4893,6083.4893,6195.3828,-111.8935,-1.8061,132254116.0,150714755.551
000852.SH,20230908,6063.2407,6128.8392,6062.8967,6102.4883,6083.4893,18.999,0.3123,118918279.0,142083251.235
000852.SH,20230911,6114.0666,6204.4335,6083.3912,6182.6433,6102.4883,80.155,1.3135,144003299.0,172589292.459
000852.SH,20230912,6175.6348,6212.2604,6169.0352,6184.606,6182.6433,1.9627,0.0317,120512253.0,144771928.17
000852.SH,20230913,6169.5289,6177.3846,6059.2868,6103.137,6184.606,-81.469,-1.3173,125032676.0,137493570.903
000852.SH,20230914,6101.7729,6102.4878,6037.7174,6068.7131,6103.137,-34.4239,-0.564,114441844.0,123059669.839
000852.SH,20230915,6082.1944,6117.8213,6046.8739,6079.0632,6068.7131,10.3501,0.1705,124196903.0,137783233.762
000852.SH,20230918,6058.2973,6106.2651,6029.9729,6083.9692,6079.0632,4.906,0.0807,118394457.0,132969980.891
000852.SH,20230919,6077.3962,6077.3962,6011.9075,6031.0416,6083.9692,-52.9276,-0.87,112745993.0,121079846.424
000852.SH,20230920,6020.9102,6038.7519,5982.1051,5982.5578,6031.0416,-48.4838,-0.8039,105727974.0,115642454.584
000852.SH,20230921,5968.3504,5999.4005,5931.104,5939.6638,5982.5578,-42.894,-0.717,99709529.0,107167135.606
000852.SH,20230922,5934.2663,6056.4455,5923.2433,6054.9279,5939.6638,115.2641,1.9406,133556772.0,147800973.21
000852.SH,20230925,6051.8209,6058.4654,6014.6134,6027.3938,6054.9279,-27.5341,-0.4547,129532612.0,146282703.214
000852.SH,20230926,6017.3023,6034.8548,5996.0466,5996.1104,6027.3938,-31.2834,-0.519,114061563.0,127029193.783
000852.SH,20230927,5989.8029,6063.9119,5989.1597,6034.0605,5996.1104,37.9501,0.6329,121662330.0,141278698.421
000852.SH,20230928,6048.8327,6085.5332,6048.6765,6078.9449,6034.0605,44.8844,0.7439,127759256.0,144764775.658
000852.SH,20231009,6073.2762,6075.464,6025.3578,6059.9651,6078.9449,-18.9798,-0.3122,136755964.0,151374309.942
000852.SH,20231010,6069.9054,6084.9308,6037.466,6043.4816,6059.9651,-16.4835,-0.272,140815312.0,164183443.355
000852.SH,20231011,6056.0291,6105.4163,6040.502,6059.4014,6043.4816,15.9198,0.2634,143601130.0,169349269.562
000852.SH,20231012,6088.5453,6106.9504,6064.8191,6104.4558,6059.4014,45.0544,0.7435,145452824.0,171667913.018
000852.SH,20231013,6080.3283,6091.5379,6063.5581,6081.8658,6104.4558,-22.59,-0.3701,144115089.0,174075416.254
000852.SH,20231016,6089.4239,6089.4822,5996.7887,6024.3594,6081.8658,-57.5064,-0.9455,164459217.0,187595023.328
000852.SH,20231017,6027.9137,6028.021,5967.3002,6011.3698,6024.3594,-12.9896,-0.2156,139421234.0,158570292.158
000852.SH,20231018,5992.5093,5992.5093,5905.8361,5908.0077,6011.3698,-103.3621,-1.7194,145065153.0,164665612.256
000852.SH,20231019,5879.8077,5929.5795,5842.4117,5842.8915,5908.0077,-65.1162,-1.1022,155497801.0,169977393.153
000852.SH,20231020,5816.7173,5855.4623,5767.0213,5774.32,5842.8915,-68.5715,-1.1736,138964349.0,152073198.748
000852.SH,20231023,5754.1767,5754.245,5613.7296,5638.1362,5774.32,-136.1838,-2.3584,145845854.0,156462250.901
000852.SH,20231024,5654.9255,5734.5493,5625.7088,5719.3227,5638.1362,81.1865,1.44,151553066.0,163599460.545
000852.SH,20231025,5753.6849,5811.2675,5752.7861,5778.9048,5719.3227,59.5821,1.0418,163597326.0,178946013.55
000852.SH,20231026,5745.5342,5817.6342,5723.9996,5811.6917,5778.9048,32.7869,0.5674,157275832.0,177171582.141
000852.SH,20231027,5792.6057,5937.5395,5774.6305,5916.6783,5811.6917,104.9866,1.8065,172179646.0,201532115.499
000852.SH,20231030,5899.3795,6017.2814,5898.6942,6006.5591,5916.6783,89.8808,1.5191,179281052.0,219628050.415
000852.SH,20231031,6003.365,6013.733,5934.2045,5969.3413,6006.5591,-37.2178,-0.6196,165318441.0,196000266.082
000852.SH,20231101,5969.8069,5983.8685,5943.193,5958.4178,5969.3413,-10.9235,-0.183,147451128.0,169629133.631
000852.SH,20231102,5958.477,5983.2222,5885.2468,5885.2468,5958.4178,-73.171,-1.228,140144412.0,159352391.953
000852.SH,20231103,5895.6017,5992.7463,5895.6017,5973.167,5885.2468,87.9202,1.4939,146120206.0,172570856.142
000852.SH,20231106,6007.4341,6097.0373,6007.4341,6096.5695,5973.167,123.4025,2.0659,186603146.0,215540583.017
000852.SH,20231107,6088.511,6132.138,6068.2436,6116.7569,6096.5695,20.1874,0.3311,173946707.0,206605084.921
000852.SH,20231108,6114.9873,6160.2423,6099.2917,6138.9377,6116.7569,22.1808,0.3626,183964088.0,224318842.688
000852.SH,20231109,6135.0718,6160.979,6087.7283,6100.6929,6138.9377,-38.2448,-0.623,162244319.0,197856013.543
000852.SH,20231110,6079.4732,6097.6111,6055.9878,6088.5583,6100.6929,-12.1346,-0.1989,141567605.0,169645048.925
000852.SH,20231113,6107.2693,6144.6346,6095.2749,6144.6346,6088.5583,56.0763,0.921,150359606.0,185937464.877
000852.SH,20231114,6143.4806,6189.4999,6133.2229,6181.9796,6144.6346,37.345,0.6078,160172363.0,195770027.636
000852.SH,20231115,6226.1979,6234.5359,6184.8995,6207.2678,6181.9796,25.2882,0.4091,167613188.0,214464439.439
000852.SH,20231116,6188.8258,6193.6379,6143.8192,6145.1505,6207.2678,-62.1173,-1.0007,143682116.0,180547587.296
000852.SH,20231117,6135.825,6199.2308,6131.6662,6199.2278,6145.1505,54.0773,0.88,145989658.0,178812142.667
000852.SH,20231120,6211.3393,6254.1359,6184.638,6253.2756,6199.2278,54.0478,0.8718,160246271.0,200298798.17
000852.SH,20231121,6258.7412,6267.2204,6200.6912,6212.125,6253.2756,-41.1506,-0.6581,176150665.0,211256978.812
000852.SH,20231122,6193.3582,6221.8713,6132.9704,6132.9704,6212.125,-79.1546,-1.2742,171183163.0,191793674.608
000852.SH,20231123,6123.5858,6199.8751,6107.0035,6197.5257,6132.9704,64.5553,1.0526,152107183.0,169982693.46
000852.SH,20231124,6194.0241,6194.0241,6098.9609,6115.4072,6197.5257,-82.1185,-1.325,149815992.0,166155059.739
000852.SH,20231127,6107.5621,6130.4008,6076.7107,6111.3644,6115.4072,-4.0428,-0.0661,154433077.0,169812162.71
000852.SH,20231128,6099.5117,6143.3015,6065.6876,6143.3015,6111.3644,31.9371,0.5226,128368133.0,147277411.214
000852.SH,20231129,6138.7608,6154.898,6103.9828,6113.366,6143.3015,-29.9355,-0.4873,135643952.0,150365714.313
000852.SH,20231130,6104.7743,6110.4082,6031.4752,6080.547,6113.366,-32.819,-0.5368,131032999.0,148669808.038
000852.SH,20231201,6078.6385,6142.7386,6059.8028,6130.051,6080.547,49.504,0.8141,145352744.0,166337102.382
000852.SH,20231204,6131.5878,6147.0526,6110.2526,6114.3926,6130.051,-15.6584,-0.2554,153414365.0,177072943.577
000852.SH,20231205,6098.1174,6098.1174,5992.6003,5992.6003,6114.3926,-121.7923,-1.9919,142775427.0,162512340.061
000852.SH,20231206,5977.6111,6066.4182,5970.2824,6023.8036,5992.6003,31.2033,0.5207,144320624.0,153827863.997
000852.SH,20231207,6019.9596,6044.8582,5983.2454,6020.8304,6023.8036,-2.9732,-0.0494,148536627.0,166906747.991
000852.SH,20231208,6021.9188,6056.0631,6003.1435,6003.1435,6020.8304,-17.6869,-0.2938,167971282.0,194131627.853
000852.SH,20231211,5984.6773,6080.8042,5933.7357,6075.0796,6003.1435,71.9361,1.1983,159843436.0,181217092.726
000852.SH,20231212,6070.8754,6084.279,6050.7347,6078.9899,6075.0796,3.9103,0.0644,129712088.0,152793036.409
000852.SH,20231213,6067.781,6076.3609,6019.5531,6019.5531,6078.9899,-59.4368,-0.9777,122547150.0,143748119.087
000852.SH,20231214,6038.9207,6072.6147,5989.2337,5991.8623,6019.5531,-27.6908,-0.46,120199382.0,138756005.778
000852.SH,20231215,6000.2585,6016.3958,5935.3173,5951.6003,5991.8623,-40.262,-0.6719,123710100.0,138326703.915
000852.SH,20231218,5939.4345,5941.897,5845.9612,5857.0052,5951.6003,-94.5951,-1.5894,125259423.0,130966305.876
000852.SH,20231219,5853.1945,5887.7653,5820.5131,5863.5419,5857.0052,6.5367,0.1116,111682675.0,116256467.57
000852.SH,20231220,5869.5605,5873.759,5761.3123,5761.3123,5863.5419,-102.2296,-1.7435,111630053.0,120601845.451
000852.SH,20231221,5739.0211,5814.0358,5685.6421,5798.912,5761.3123,37.5997,0.6526,124949100.0,134047868.867
000852.SH,20231222,5797.6087,5819.65,5713.8045,5733.9089,5798.912,-65.0031,-1.121,141167085.0,147745244.442
000852.SH,20231225,5726.5616,5753.4341,5698.3238,5735.7256,5733.9089,1.8167,0.0317,109638963.0,116368993.151
000852.SH,20231226,5734.1504,5734.5562,5632.8719,5651.5883,5735.7256,-84.1373,-1.4669,104063276.0,112250605.153
000852.SH,20231227,5658.1935,5703.1686,5636.9431,5696.1606,5651.5883,44.5723,0.7887,108265354.0,115290789.798
000852.SH,20231228,5687.7533,5824.3953,5660.1296,5805.5271,5696.1606,109.3665,1.92,144134383.0,155833384.642
000852.SH,20231229,5797.5763,5891.627,5795.7569,5887.235,5805.5271,81.7079,1.4074,134690778.0,152875806.703
000852.SH,20240102,5891.1741,5891.2271,5854.5922,5854.7494,5887.235,-32.4856,-0.5518,128377670.0,141351641.579
000852.SH,20240103,5838.5529,5861.4108,5785.2515,5824.0428,5854.7494,-30.7066,-0.5245,119248925.0,131179260.681
000852.SH,20240104,5814.9372,5814.9372,5753.4666,5783.0155,5824.0428,-41.0273,-0.7044,102952534.0,112642946.17
000852.SH,20240105,5779.7567,5796.759,5652.1261,5675.8091,5783.0155,-107.2064,-1.8538,119205197.0,126682946.917
000852.SH,20240108,5664.4526,5664.4526,5543.5745,5543.5745,5675.8091,-132.2346,-2.3298,110512726.0,112633892.925
000852.SH,20240109,5553.1836,5607.2178,5513.1298,5553.3035,5543.5745,9.729,0.1755,110223223.0,114678407.169
000852.SH,20240110,5540.6641,5580.4191,5462.3615,5512.0686,5553.3035,-41.2349,-0.7425,106499446.0,108158125.143
000852.SH,20240111,5507.803,5634.0247,5502.2938,5611.1149,5512.0686,99.0463,1.7969,124717749.0,123635425.2
000852.SH,20240112,5601.0976,5646.2716,5574.4084,5574.4926,5611.1149,-36.6223,-0.6527,121066881.0,118289969.7
000852.SH,20240115,5558.1481,5607.1342,5520.363,5559.376,5574.4926,-15.1166,-0.2712,108667184.0,107428092.8
000852.SH,20240116,5555.0003,5566.2102,5463.2948,5539.4741,5559.376,-19.9019,-0.358,116803108.0,113669505.6
000852.SH,20240117,5529.8946,5529.8946,5389.1216,5389.1216,5539.4741,-150.3525,-2.7142,104037354.0,104138700.0
000852.SH,20240118,5360.2062,5375.2344,5214.8994,5373.4239,5389.1216,-15.6977,-0.2913,148711036.0,142966452.4
000852.SH,20240119,5364.807,5395.1373,5304.9599,5306.9862,5373.4239,-66.4377,-1.2364,106431086.0,109174686.4
000852.SH,20240122,5298.3136,5298.3136,4970.1979,5000.8336,5306.9862,-306.1526,-5.7689,144252512.0,139600818.4
000852.SH,20240123,4992.7924,5102.4428,4939.5196,5079.6315,5000.8336,78.7979,1.5757,130288241.0,124162903.2
000852.SH,20240124,5102.8249,5151.4231,4951.9007,5143.4078,5079.6315,63.7763,1.2555,143326441.0,135222048.6
000852.SH,20240125,5143.2892,5316.2611,5112.5353,5316.195,5143.4078,172.7872,3.3594,163144917.0,158319218.9
000852.SH,20240126,5303.961,5352.8464,5253.3165,5269.7646,5316.195,-46.4304,-0.8734,155415661.0,150031258.1
000852.SH,20240129,5282.8174,5301.8708,5131.2465,5131.2465,5269.7646,-138.5181,-2.6285,150000892.0,141294666.7
000852.SH,20240130,5099.587,5144.2936,4978.9095,4984.6598,5131.2465,-146.5867,-2.8567,125015069.0,117586947.1
000852.SH,20240131,4949.188,4986.1016,4775.6227,4785.032,4984.6598,-199.6278,-4.0048,158237155.0,139299752.958
000852.SH,20240201,4753.6393,4858.7154,4684.4734,4750.4439,4785.032,-34.5881,-0.7228,147115516.0,129099528.519
000852.SH,20240202,4753.668,4802.6191,4431.8151,4574.6692,4750.4439,-175.7747,-3.7002,176885435.0,150000797.614
000852.SH,20240205,4534.7524,4534.7524,4177.9428,4293.0695,4574.6692,-281.5997,-6.1556,211274330.0,166206907.858
000852.SH,20240206,4229.7937,4641.4545,4192.9652,4592.4444,4293.0695,299.3749,6.9734,210187410.0,169330958.131
000852.SH,20240207,4604.1217,4848.2363,4599.3511,4797.8456,4592.4444,205.4012,4.4726,216213317.0,188713236.492
000852.SH,20240208,4826.1434,5067.2281,4826.1434,4993.1046,4797.8456,195.259,4.0697,217620059.0,192261800.169
000852.SH,20240219,5062.6847,5071.1997,4950.3279,5029.5861,4993.1046,36.4815,0.7306,203870996.0,185885021.627
000852.SH,20240220,5004.4203,5058.2174,4950.3943,5046.0121,5029.5861,16.426,0.3266,154344285.0,151079011.057
000852.SH,20240221,5001.6567,5208.6485,4974.0762,5073.4821,5046.0121,27.47,0.5444,193280527.0,178053450.105
000852.SH,20240222,5075.4319,5152.0243,5066.0027,5151.5343,5073.4821,78.0522,1.5384,153064295.0,146838694.831
000852.SH,20240223,5169.0132,5225.6697,5114.1452,5225.6697,5151.5343,74.1354,1.4391,171213693.0,167541135.857
000852.SH,20240226,5234.8052,5325.7702,5201.1251,5255.3962,5225.6697,29.7265,0.5689,184471643.0,180222595.495
000852.SH,20240227,5237.1053,5394.0342,5218.5861,5394.0342,5255.3962,138.638,2.638,182622372.0,183476438.079
000852.SH,20240228,5403.4963,5478.0858,5152.0519,5152.0519,5394.0342,-241.9823,-4.4861,260742382.0,251859520.938
000852.SH,20240229,5122.1798,5344.6052,5122.1798,5344.6052,5152.0519,192.5533,3.7374,188036238.0,185219961.182
000852.SH,20240301,5354.7305,5411.3228,5322.0862,5401.9394,5344.6052,57.3342,1.0727,184436487.0,196339349.955
000852.SH,20240304,5412.9077,5429.8009,5332.238,5428.3356,5401.9394,26.3962,0.4886,179308205.0,199765408.573
000852.SH,20240305,5392.8771,5417.8157,5337.6652,5375.1317,5428.3356,-53.2039,-0.9801,174166911.0,196428311.576
000852.SH,20240306,5346.0794,5434.4015,5306.4561,5381.4587,5375.1317,6.327,0.1177,154684371.0,164978930.228
000852.SH,20240307,5389.9887,5430.3924,5303.2766,5303.2766,5381.4587,-78.1821,-1.4528,161023860.0,167524667.896
000852.SH,20240308,5309.5935,5386.1757,5283.1463,5370.3719,5303.2766,67.0953,1.2652,139130895.0,147532325.484
000852.SH,20240311,5358.8369,5466.6455,5350.2919,5466.6455,5370.3719,96.2736,1.7927,164133442.0,175152725.408
000852.SH,20240312,5477.1313,5524.5045,5443.9649,5496.3553,5466.6455,29.7098,0.5435,183984140.0,198909272.335
000852.SH,20240313,5501.5856,5561.0818,5476.7856,5521.7838,5496.3553,25.4285,0.4626,181270807.0,200355388.366
000852.SH,20240314,5521.7162,5546.1031,5433.2076,5486.6461,5521.7838,-35.1377,-0.6363,168948172.0,184410019.587
000852.SH,20240315,5472.8927,5555.6442,5459.3173,5555.6442,5486.6461,68.9981,1.2576,161095841.0,171573287.27
000852.SH,20240318,5573.9273,5648.0117,5559.0524,5648.0117,5555.6442,92.3675,1.6626,193419517.0,212069710.0
000852.SH,20240319,5633.5043,5660.5021,5607.2555,5607.4754,5648.0117,-40.5363,-0.7177,181118096.0,202358294.571
000852.SH,20240320,5600.1245,5663.738,5600.1245,5659.1539,5607.4754,51.6785,0.9216,179307654.0,199862431.482
000852.SH,20240321,5674.495,5690.4548,5623.297,5658.2794,5659.1539,-0.8745,-0.0155,194332946.0,215621373.721
000852.SH,20240322,5649.083,5660.145,5546.7785,5595.8848,5658.2794,-62.3946,-1.1027,210254327.0,226506007.18
000852.SH,20240325,5581.3513,5611.6938,5466.0615,5466.0615,5595.8848,-129.8233,-2.32,204705382.0,224613418.949
000852.SH,20240326,5454.6534,5495.6326,5381.853,5447.7484,5466.0615,-18.3131,-0.335,183180684.0,197261354.306
000852.SH,20240327,5435.9712,5436.6516,5266.2306,5266.2306,5447.7484,-181.5178,-3.332,179173504.0,183978555.512
000852.SH,20240328,5262.2197,5430.7667,5262.2197,5382.2363,5266.2306,116.0057,2.2028,178598735.0,187597295.821
000852.SH,20240329,5383.7447,5441.2603,5345.8717,5441.2603,5382.2363,59.024,1.0966,168653431.0,177336825.496
000852.SH,20240401,5461.5872,5559.868,5461.5872,5559.0557,5441.2603,117.7954,2.1649,191025707.0,202413394.133
000852.SH,20240402,5556.5173,5556.5173,5490.8237,5531.0522,5559.0557,-28.0035,-0.5037,196097459.0,201831299.21
000852.SH,20240403,5518.9108,5525.0342,5457.6141,5500.9264,5531.0522,-30.1258,-0.5447,186291066.0,191730116.468
000852.SH,20240408,5487.6318,5492.3968,5399.9148,5399.9148,5500.9264,-101.0116,-1.8363,186573359.0,186731192.201
000852.SH,20240409,5392.9944,5468.9109,5384.0298,5468.9109,5399.9148,68.9961,1.2777,159201159.0,160292707.954
000852.SH,20240410,5456.9716,5456.9716,5325.9115,5367.0518,5468.9109,-101.8591,-1.8625,167459493.0,164477827.457
000852.SH,20240411,5330.6849,5441.5022,5322.8394,5379.9153,5367.0518,12.8635,0.2397,165143700.0,162747758.51
000852.SH,20240412,5379.1697,5408.52,5330.5417,5338.7692,5379.9153,-41.1461,-0.7648,157174522.0,155385863.393
000852.SH,20240415,5320.8088,5364.5941,5205.7129,5287.5115,5338.7692,-51.2577,-0.9601,201711028.0,188383366.156
000852.SH,20240416,5255.2068,5283.8317,5063.9396,5066.6599,5287.5115,-220.8516,-4.1769,207171940.0,188123371.675
000852.SH,20240417,5109.0824,5287.4563,5109.0824,5287.4563,5066.6599,220.7964,4.3578,190079395.0,181206086.977
000852.SH,20240418,5276.4712,5345.4363,5233.899,5286.7192,5287.4563,-0.7371,-0.0139,188225058.0,187626267.25
000852.SH,20240419,5257.0096,5312.1512,5224.3187,5264.3891,5286.7192,-22.3301,-0.4224,178870211.0,176532930.689
000852.SH,20240422,5231.5643,5300.7929,5187.5225,5246.0818,5264.3891,-18.3073,-0.3478,167762229.0,165970259.92
000852.SH,20240423,5234.4341,5260.2937,5194.2624,5218.4277,5246.0818,-27.6541,-0.5271,156851394.0,154949436.775
000852.SH,20240424,5219.257,5305.6068,5200.5977,5305.6068,5218.4277,87.1791,1.6706,162666749.0,165940790.841
000852.SH,20240425,5285.137,5357.4405,5273.5534,5313.986,5305.6068,8.3792,0.1579,157831248.0,164090144.071
000852.SH,20240426,5303.1506,5420.3651,5303.1506,5415.9379,5313.986,101.9519,1.9186,210886927.0,219583789.154
000852.SH,20240429,5422.4108,5550.2143,5422.4108,5545.2346,5415.9379,129.2967,2.3873,241439744.0,247411968.96
000852.SH,20240430,5530.9435,5542.193,5482.9876,5497.4303,5545.2346,-47.8043,-0.8621,204909743.0,205851328.016
000852.SH,20240506,5558.924,5611.2659,5558.924,5606.8416,5497.4303,109.4113,1.9902,205174028.0,213462084.934
000852.SH,20240507,5604.2707,5631.9534,5593.0078,5625.3358,5606.8416,18.4942,0.3299,185622540.0,197355483.31
000852.SH,20240508,5605.5922,5605.5922,5529.9139,5536.6589,5625.3358,-88.6769,-1.5764,175730988.0,186180909.95
000852.SH,20240509,5533.5126,5638.6402,5533.5126,5626.8251,5536.6589,90.1662,1.6285,172678261.0,186969311.191
000852.SH,20240510,5632.759,5641.9219,5549.61,5574.232,5626.8251,-52.5931,-0.9347,188377044.0,190161522.865
000852.SH,20240513,5537.928,5556.7082,5479.9458,5520.8038,5574.232,-53.4282,-0.9585,180308639.0,183109444.69
000852.SH,20240514,5524.4342,5574.2511,5524.2626,5551.6751,5520.8038,30.8713,0.5592,169585067.0,171272800.584
000852.SH,20240515,5541.8093,5551.2631,5491.5225,5497.2349,5551.6751,-54.4402,-0.9806,163304598.0,157739697.587
000852.SH,20240516,5508.9498,5539.919,5474.2808,5488.946,5497.2349,-8.2889,-0.1508,169798002.0,163725528.728
000852.SH,20240517,5489.416,5564.063,5478.2973,5563.231,5488.946,74.285,1.3534,182873081.0,174923884.707
000852.SH,20240520,5563.6536,5612.346,5548.9032,5596.7772,5563.231,33.5462,0.603,197476441.0,194649563.348
000852.SH,20240521,5586.0088,5586.0088,5517.3899,5536.7447,5596.7772,-60.0325,-1.0726,172959880.0,164385097.292
000852.SH,20240522,5532.8433,5553.6965,5508.7584,5539.6597,5536.7447,2.915,0.0526,168002993.0,159617620.664
000852.SH,20240523,5521.1799,5521.1799,5402.0043,5412.8237,5539.6597,-126.836,-2.2896,175806710.0,165079443.511
000852.SH,20240524,5401.5831,5436.813,5350.1058,5350.1073,5412.8237,-62.7164,-1.1587,151050114.0,144589510.29
000852.SH,20240527,5358.0761,5404.6158,5295.0884,5404.6158,5350.1073,54.5085,1.0188,151409114.0,145062270.806
000852.SH,20240528,5390.4047,5414.9779,5343.8295,5348.0293,5404.6158,-56.5865,-1.047,148458050.0,142242447.962
000852.SH,20240529,5336.6965,5386.7827,5324.6872,5351.2524,5348.0293,3.2231,0.0603,142698663.0,131551463.739
000852.SH,20240530,5334.7966,5371.8072,5311.4387,5334.2958,5351.2524,-16.9566,-0.3169,141323171.0,133560052.962
000852.SH,20240531,5334.0987,5381.7158,5334.0987,5355.2099,5334.2958,20.9141,0.3921,136735137.0,133719611.673
000852.SH,20240603,5350.6426,5351.2515,5246.1694,5284.6236,5355.2099,-70.5863,-1.3181,163388152.0,156847760.735
000852.SH,20240604,5267.3615,5319.7088,5229.6763,5313.708,5284.6236,29.0844,0.5504,145127777.0,138133314.033
000852.SH,20240605,5294.3007,5330.8042,5244.0851,5244.0851,5313.708,-69.6229,-1.3103,132143504.0,129081217.483
000852.SH,20240606,5249.9501,5275.8857,5113.2138,5130.8693,5244.0851,-113.2158,-2.1589,169793255.0,159189463.76
000852.SH,20240607,5159.1727,5189.9954,5096.0841,5153.5867,5130.8693,22.7174,0.4428,130320202.0,127151511.672
000852.SH,20240611,5132.2178,5208.1793,5086.8597,5198.923,5153.5867,45.3363,0.8797,128533904.0,130922333.475
000852.SH,20240612,5188.3579,5231.4693,5186.6066,5216.4621,5198.923,17.5391,0.3374,121650752.0,125294312.044
000852.SH,20240613,5214.4115,5219.7083,5170.1659,5180.2357,5216.4621,-36.2264,-0.6945,131172507.0,138017519.92
000852.SH,20240614,5164.8721,5190.7119,5138.3578,5180.6513,5180.2357,0.4156,0.008,139132978.0,147939037.919
000852.SH,20240617,5158.9795,5211.3895,5151.2767,5183.9678,5180.6513,3.3165,0.064,124616372.0,140185484.942
000852.SH,20240618,5183.2707,5237.8185,5177.2766,5227.2542,5183.9678,43.2864,0.835,135460663.0,139816865.554
000852.SH,20240619,5230.4878,5241.9668,5159.9945,5159.9945,5227.2542,-67.2597,-1.2867,125806229.0,137697257.826
000852.SH,20240620,5150.7955,5174.8747,5052.885,5056.1383,5159.9945,-103.8562,-2.0127,141500845.0,145161795.22
000852.SH,20240621,5040.6287,5090.5697,5014.4787,5055.3329,5056.1383,-0.8054,-0.0159,111201689.0,113314006.073
000852.SH,20240624,5025.5174,5029.731,4884.4974,4887.777,5055.3329,-167.5559,-3.3144,128915163.0,133643136.633
000852.SH,20240625,4885.8901,4907.9552,4814.6803,4847.6106,4887.777,-40.1664,-0.8218,112593300.0,116321034.875
000852.SH,20240626,4842.0037,4988.3083,4812.0995,4986.3839,4847.6106,138.7733,2.8627,138027529.0,125780748.746
000852.SH,20240627,4964.6591,4969.0893,4862.634,4864.0855,4986.3839,-122.2984,-2.4526,121642911.0,114644913.464
000852.SH,20240628,4855.3505,4968.2726,4851.8354,4895.9869,4864.0855,31.9014,0.6559,134567796.0,129940344.767
000852.SH,20240701,4894.5592,4954.1752,4839.7453,4940.2471,4895.9869,44.2602,0.904,129219325.0,123312519.185
000852.SH,20240702,4940.7002,4951.1972,4886.7022,4905.6497,4940.2471,-34.5974,-0.7003,118827986.0,116969050.568
000852.SH,20240703,4900.6672,4906.5099,4857.7752,4867.1326,4905.6497,-38.5171,-0.7852,102300301.0,103816042.643
000852.SH,20240704,4868.546,4883.7366,4745.9085,4761.868,4867.1326,-105.2646,-2.1628,121202257.0,107066707.375
000852.SH,20240705,4753.7335,4828.8428,4711.8681,4810.7939,4761.868,48.9259,1.0275,110602467.0,100918951.124
000852.SH,20240708,4801.4891,4801.4891,4679.2848,4693.9648,4810.7939,-116.8291,-2.4285,123548775.0,109218205.976
000852.SH,20240709,4689.2748,4810.3222,4645.197,4797.0634,4693.9648,103.0986,2.1964,148511187.0,139660896.31
000852.SH,20240710,4783.1695,4829.2084,4768.1249,4777.6817,4797.0634,-19.3817,-0.404,138401543.0,133173779.703
000852.SH,20240711,4846.1054,4896.1464,4821.4135,4893.5942,4777.6817,115.9125,2.4261,153190469.0,152871133.831
000852.SH,20240712,4884.4134,4897.169,4858.3033,4878.0195,4893.5942,-15.5747,-0.3183,130854179.0,126357791.679
000852.SH,20240715,4869.0042,4869.0042,4815.407,4827.6023,4878.0195,-50.4172,-1.0336,126413017.0,116891290.149
000852.SH,20240716,4815.7386,4845.3491,4786.2143,4836.7184,4827.6023,9.1161,0.1888,120891502.0,119708973.121
000852.SH,20240717,4834.4409,4842.7213,4786.3476,4795.6236,4836.7184,-41.0948,-0.8496,120425116.0,121445754.616
000852.SH,20240718,4763.3035,4822.6187,4714.6011,4812.4263,4795.6236,16.8027,0.3504,121727781.0,126287644.105
000852.SH,20240719,4788.7709,4854.7069,4778.7137,4821.4227,4812.4263,8.9964,0.1869,112647955.0,120485073.178
000852.SH,20240722,4822.6393,4848.307,4798.1172,4826.8713,4821.4227,5.4486,0.113,110732121.0,117656274.045
000852.SH,20240723,4825.745,4825.745,4694.9525,4694.9525,4826.8713,-131.9188,-2.733,120495201.0,121481765.802
000852.SH,20240724,4682.0615,4713.074,4625.4217,4631.0111,4694.9525,-63.9414,-1.3619,121091980.0,118860085.095
000852.SH,20240725,4602.6331,4678.6585,4587.7073,4632.5667,4631.0111,1.5556,0.0336,108530458.0,105862951.893
000852.SH,20240726,4638.3121,4710.5694,4638.3121,4702.08,4632.5667,69.5133,1.5005,110691033.0,108478164.5
000852.SH,20240729,4707.2785,4707.2785,4670.7997,4685.6457,4702.08,-16.4343,-0.3495,109319605.0,108822856.0
000852.SH,20240730,4674.9244,4716.2143,4637.4095,4702.4914,4685.6457,16.8457,0.3595,112315594.0,112127735.536
000852.SH,20240731,4698.7342,4889.7717,4690.0,4889.0807,4702.4914,186.5893,3.9679,173761942.0,168965970.522
000852.SH,20240801,4894.8088,4933.0606,4850.6329,4878.289,4889.0807,-10.7917,-0.2207,146421421.0,150211396.563
000852.SH,20240802,4844.7776,4902.9414,4802.0222,4809.8891,4878.289,-68.3999,-1.4021,137989767.0,141716564.225
000852.SH,20240805,4776.1816,4854.5904,4678.7393,4678.7753,4809.8891,-131.1138,-2.7259,152847485.0,147489789.943
000852.SH,20240806,4731.1959,4766.2733,4695.637,4749.9466,4678.7753,71.1713,1.5212,127097641.0,119128621.768
000852.SH,20240807,4741.6513,4772.2059,4715.5287,4743.41,4749.9466,-6.5366,-0.1376,112619284.0,108823999.546
000852.SH,20240808,4728.3303,4776.4878,4677.4254,4739.4933,4743.41,-3.9167,-0.0826,126746572.0,118155007.292
000852.SH,20240809,4760.1272,4789.169,4702.7453,4702.7453,4739.4933,-36.748,-0.7754,115665338.0,101903629.13
000852.SH,20240812,4696.3641,4707.2164,4657.3299,4674.1017,4702.7453,-28.6436,-0.6091,107665245.0,93579528.557
000852.SH,20240813,4671.2003,4698.3417,4642.6689,4697.5858,4674.1017,23.4841,0.5024,100207248.0,89086385.468
000852.SH,20240814,4698.0028,4698.1483,4649.2784,4649.2784,4697.5858,-48.3074,-1.0283,99911373.0,88773228.422
000852.SH,20240815,4639.0844,4743.728,4620.5554,4691.8503,4649.2784,42.5719,0.9157,129900650.0,111783008.443
000852.SH,20240816,4696.7179,4703.027,4654.4599,4655.6509,4691.8503,-36.1994,-0.7715,122612541.0,108413620.564
000852.SH,20240819,4651.2971,4714.0588,4644.6008,4663.6121,4655.6509,7.9612,0.171,119942244.0,104904645.646
000852.SH,20240820,4663.7757,4665.6342,4563.8552,4579.3041,4663.6121,-84.308,-1.8078,129979655.0,107871967.95
000852.SH,20240821,4564.3783,4590.2004,4543.8807,4548.2644,4579.3041,-31.0397,-0.6778,108164315.0,92275965.567
000852.SH,20240822,4549.2996,4562.9769,4484.559,4491.8392,4548.2644,-56.4252,-1.2406,113469330.0,97994054.398
000852.SH,20240823,4482.6543,4510.5977,4462.7595,4495.3439,4491.8392,3.5047,0.078,110254720.0,94849186.101
000852.SH,20240826,4492.7057,4531.1733,4476.243,4512.893,4495.3439,17.5491,0.3904,112271843.0,97519324.794
000852.SH,20240827,4500.735,4501.0835,4449.2147,4459.6801,4512.893,-53.2129,-1.1791,113939520.0,100126840.569
000852.SH,20240828,4449.7112,4506.3125,4437.5175,4470.5501,4459.6801,10.87,0.2437,107903177.0,92367714.621
000852.SH,20240829,4453.4313,4558.9472,4443.9026,4542.4637,4470.5501,71.9136,1.6086,129788753.0,118136327.342
000852.SH,20240830,4539.9291,4691.0146,4534.0438,4629.3195,4542.4637,86.8558,1.9121,177838616.0,163027974.058
000852.SH,20240902,4627.1819,4635.765,4529.8343,4532.5145,4629.3195,-96.805,-2.0911,155927274.0,139933704.119
000852.SH,20240903,4529.9411,4598.6317,4529.9411,4572.397,4532.5145,39.8825,0.8799,128952462.0,116579546.737
000852.SH,20240904,4542.9049,4594.4387,4529.3384,4550.7697,4572.397,-21.6273,-0.473,122871657.0,113470304.818
000852.SH,20240905,4554.5184,4614.7524,4554.5184,4586.7813,4550.7697,36.0116,0.7913,121209194.0,108293303.464
000852.SH,20240906,4588.9276,4595.6966,4506.3869,4508.2281,4586.7813,-78.5532,-1.7126,127217733.0,115580272.235
000852.SH,20240909,4490.9896,4523.3656,4459.1258,4475.5315,4508.2281,-32.6966,-0.7253,113284927.0,100227926.911
000852.SH,20240910,4481.4875,4507.1544,4400.7764,4487.5755,4475.5315,12.044,0.2691,132351585.0,114554770.063
000852.SH,20240911,4469.0149,4500.683,4453.1996,4486.0066,4487.5755,-1.5689,-0.035,113953972.0,101974619.541
000852.SH,20240912,4490.5235,4542.2845,4468.7439,4468.7439,4486.0066,-17.2627,-0.3848,118731187.0,106135757.55
000852.SH,20240913,4471.9836,4478.2182,4413.1872,4413.1872,4468.7439,-55.5567,-1.2432,116827287.0,102975444.046
000852.SH,20240918,4413.9028,4425.7918,4342.2087,4399.1332,4413.1872,-14.054,-0.3185,113552078.0,94168113.828
000852.SH,20240919,4418.7844,4527.6125,4385.4861,4482.2746,4399.1332,83.1414,1.8899,145747160.0,122312275.719
000852.SH,20240920,4484.1751,4487.0758,4428.1654,4463.3561,4482.2746,-18.9185,-0.4221,127480177.0,110050423.362
000852.SH,20240923,4462.7166,4513.9695,4445.9898,4469.1326,4463.3561,5.7765,0.1294,124945066.0,113678187.175
000852.SH,20240924,4489.4922,4642.5577,4466.3364,4642.5577,4469.1326,173.4251,3.8805,215782531.0,186154173.396
000852.SH,20240925,4688.3888,4799.857,4681.8534,4686.2584,4642.5577,43.7007,0.9413,264240731.0,228396448.07
000852.SH,20240926,4675.9444,4874.1321,4672.8658,4874.1321,4686.2584,187.8737,4.009,253977829.0,222158651.467
000852.SH,20240927,4950.9375,5164.5422,4944.8397,5136.4408,4874.1321,262.3087,5.3816,290681694.0,277755801.27
000852.SH,20240930,5375.5712,5732.5678,5307.5486,5708.8258,5136.4408,572.385,11.1436,471432852.0,484582504.081
000852.SH,20241008,6437.113,6437.113,5861.3216,6201.9854,5708.8258,493.1596,8.6385,550590792.0,637520550.865
000852.SH,20241009,6052.6705,6105.0293,5706.0452,5727.38,6201.9854,-474.6054,-7.6525,458094212.0,561178624.982
000852.SH,20241010,5777.8982,5881.3291,5593.9827,5654.5298,5727.38,-72.8502,-1.272,349628012.0,422832925.091
000852.SH,20241011,5610.9476,5616.8064,5349.3206,5416.7576,5654.5298,-237.7722,-4.205,279992646.0,325513950.177
000852.SH,20241014,5451.619,5620.4185,5346.4244,5615.7563,5416.7576,198.9987,3.6738,281144405.0,332914366.924
000852.SH,20241015,5585.6884,5704.5604,5505.8095,5507.1758,5615.7563,-108.5805,-1.9335,297517095.0,380974458.308
000852.SH,20241016,5425.4315,5598.8351,5424.3934,5524.2546,5507.1758,17.0788,0.3101,248520319.0,306601622.534
000852.SH,20241017,5563.4645,5624.7937,5504.4852,5505.6149,5524.2546,-18.6397,-0.3374,276397486.0,351913540.302
000852.SH,20241018,5495.196,5880.8958,5484.2353,5749.4341,5505.6149,243.8192,4.4286,359719039.0,468006517.576
000852.SH,20241021,5797.0029,5954.4356,5767.7901,5860.5711,5749.4341,111.137,1.933,355061095.0,496180057.607
000852.SH,20241022,5866.7857,5940.3672,5814.2974,5888.8148,5860.5711,28.2437,0.4819,347298628.0,466594853.551
000852.SH,20241023,5871.3184,5991.5887,5856.3675,5903.5783,5888.8148,14.7635,0.2507,333753772.0,435103067.665
000852.SH,20241024,5871.2864,5887.4495,5817.9319,5861.6319,5903.5783,-41.9464,-0.7105,264149476.0,352283289.321
000852.SH,20241025,5876.4368,6014.11,5876.2135,5974.9086,5861.6319,113.2767,1.9325,306820665.0,394949027.911
000852.SH,20241028,5988.7231,6082.0877,5965.0012,6082.0877,5974.9086,107.1791,1.7938,326722938.0,408798512.149
000852.SH,20241029,6106.1943,6113.6381,5982.5264,5983.8364,6082.0877,-98.2513,-1.6154,369325299.0,475114148.306
000852.SH,20241030,5960.7916,6043.5869,5945.6752,6019.3472,5983.8364,35.5108,0.5934,324380186.0,416947148.542
000852.SH,20241031,6041.0129,6161.5551,6004.7132,6116.6632,6019.3472,97.316,1.6167,386119485.0,507595177.939
000852.SH,20241101,6100.7899,6125.4077,5912.5322,5930.2319,6116.6632,-186.4313,-3.0479,409338276.0,511368123.627
000852.SH,20241104,5912.3135,6053.1116,5912.3135,6053.1116,5930.2319,122.8797,2.0721,295637147.0,378246863.91
000852.SH,20241105,6057.2076,6279.9151,6051.457,6266.5423,6053.1116,213.4307,3.526,390142531.0,511248826.464
000852.SH,20241106,6287.2933,6368.8685,6247.1524,6293.1933,6266.5423,26.651,0.4253,424250101.0,551410098.216
000852.SH,20241107,6238.6172,6403.9175,6229.4904,6403.9175,6293.1933,110.7242,1.7594,408571652.0,498495772.936
000852.SH,20241108,6470.0738,6526.6496,6400.0935,6423.1217,6403.9175,19.2042,0.2999,451796308.0,570702092.922
000852.SH,20241111,6416.1676,6580.5679,6412.5756,6579.0054,6423.1217,155.8837,2.4269,402436255.0,551137709.953
000852.SH,20241112,6593.822,6616.1571,6429.35,6491.9723,6579.0054,-87.0331,-1.3229,400715244.0,547396142.34
000852.SH,20241113,6453.864,6512.5971,6357.5563,6474.3941,6491.9723,-17.5782,-0.2708,317485928.0,420386937.349
000852.SH,20241114,6462.0103,6472.9535,6263.3137,6272.1911,6474.3941,-202.203,-3.1231,294794718.0,387867737.326
000852.SH,20241115,6246.3358,6331.8722,6124.6613,6125.5126,6272.1911,-146.6785,-2.3386,295191634.0,383424106.209
000852.SH,20241118,6154.5074,6180.8797,5937.0854,5974.5576,6125.5126,-150.955,-2.4644,322672608.0,374007994.761
000852.SH,20241119,5977.8438,6130.4961,5945.4558,6130.2848,5974.5576,155.7272,2.6065,273167526.0,327924260.763
000852.SH,20241120,6116.9604,6262.0825,6105.2219,6250.8029,6130.2848,120.5181,1.9659,299975821.0,367521344.35
000852.SH,20241121,6241.0086,6292.8595,6199.7056,6262.1644,6250.8029,11.3615,0.1818,299655111.0,380712417.744
000852.SH,20241122,6240.0855,6280.6033,6030.3749,6030.4882,6262.1644,-231.6762,-3.6996,342129117.0,415874882.244
000852.SH,20241125,6047.9384,6076.1906,5937.9052,6052.1287,6030.4882,21.6405,0.3589,277646776.0,336016461.451
000852.SH,20241126,6036.6375,6093.3708,5979.3916,5981.5699,6052.1287,-70.5588,-1.1659,244404112.0,293810759.3
000852.SH,20241127,5942.5332,6119.011,5856.9973,6118.6636,5981.5699,137.0937,2.2919,290946267.0,337553542.213
000852.SH,20241128,6121.6778,6170.1336,6077.6009,6086.0852,6118.6636,-32.5784,-0.5324,301235560.0,352731886.173
000852.SH,20241129,6066.7135,6246.1979,6039.8317,6189.1276,6086.0852,103.0424,1.6931,324762691.0,387695670.29
000852.SH,20241202,6188.8016,6325.8604,6188.8016,6313.6077,6189.1276,124.4801,2.0113,354028066.0,408649278.002
000852.SH,20241203,6318.966,6342.3568,6239.4398,6303.2758,6313.6077,-10.3319,-0.1636,326652363.0,377825590.965
000852.SH,20241204,6301.0479,6303.5046,6175.8385,6204.9448,6303.2758,-98.331,-1.56,299202098.0,351416845.598
000852.SH,20241205,6186.1227,6302.3554,6186.1227,6285.6007,6204.9448,80.6559,1.2999,288535617.0,340682850.435
000852.SH,20241206,6291.3019,6384.6567,6229.2124,6349.6211,6285.6007,64.0204,1.0185,349030963.0,392887681.462
000852.SH,20241209,6346.5948,6371.098,6257.5422,6303.2721,6349.6211,-46.349,-0.7299,293773287.0,336347274.096
000852.SH,20241210,6493.5374,6497.8893,6352.762,6362.0203,6303.2721,58.7482,0.932,374209206.0,453736859.985
000852.SH,20241211,6343.7811,6454.9713,6343.7811,6447.3744,6362.0203,85.3541,1.3416,331351956.0,392600350.436
000852.SH,20241212,6454.942,6493.71,6390.5886,6490.1455,6447.3744,42.7711,0.6634,342326053.0,407629783.933
000852.SH,20241213,6447.2029,6460.9385,6351.3009,6354.9883,6490.1455,-135.1572,-2.0825,361985513.0,430631043.519
000852.SH,20241216,6355.6283,6367.8085,6248.1579,6277.5162,6354.9883,-77.4721,-1.2191,310215173.0,379382275.677
000852.SH,20241217,6262.4928,6269.1401,6133.1291,6143.9436,6277.5162,-133.5726,-2.1278,274793959.0,325036282.699
000852.SH,20241218,6156.6921,6242.5165,6121.0537,6195.8677,6143.9436,51.9241,0.8451,248024122.0,310421477.632
000852.SH,20241219,6127.2202,6223.8046,6108.3942,6207.1862,6195.8677,11.3185,0.1827,251487924.0,320880949.172
000852.SH,20241220,6195.6436,6320.9626,6191.0814,6271.7532,6207.1862,64.567,1.0402,243659085.0,344655611.87
000852.SH,20241223,6271.7634,6276.9712,6086.912,6096.3813,6271.7532,-175.3719,-2.7962,258474975.0,333062018.485
000852.SH,20241224,6110.7669,6165.2022,6066.226,6164.3605,6096.3813,67.9792,1.1151,216010918.0,281310588.166
000852.SH,20241225,6158.6491,6159.5964,6037.7355,6094.6866,6164.3605,-69.6739,-1.1303,219027032.0,274581369.547
000852.SH,20241226,6083.8873,6185.8068,6083.8873,6160.4518,6094.6866,65.7652,1.0791,206916739.0,280812700.395
000852.SH,20241227,6164.67,6250.2013,6135.4787,6171.5653,6160.4518,11.1135,0.1804,237841554.0,313072970.915
000852.SH,20241230,6164.908,6192.5845,6097.1031,6145.928,6171.5653,-25.6373,-0.4154,207712448.0,273573030.015
000852.SH,20241231,6151.0339,6160.7327,5957.7172,5957.7172,6145.928,-188.2108,-3.0624,237990032.0,296970407.969
000852.SH,20250102,5948.6802,5982.5535,5743.1785,5797.089,5957.7172,-160.6282,-2.6961,244125606.0,293717954.95
000852.SH,20250103,5808.5424,5826.0833,5609.7663,5625.209,5797.089,-171.88,-2.9649,237093211.0,272348061.517
000852.SH,20250106,5614.0281,5688.9223,5561.898,5608.0344,5625.209,-17.1746,-0.3053,203047676.0,234876628.473
000852.SH,20250107,5610.9462,5694.0046,5580.8851,5692.041,5608.0344,84.0066,1.498,193912450.0,234287089.801
000852.SH,20250108,5664.3121,5706.6593,5501.4918,5661.7793,5692.041,-30.2617,-0.5316,225800830.0,272083991.656
000852.SH,20250109,5629.8952,5714.4606,5629.8239,5672.7796,5661.7793,11.0003,0.1943,193320421.0,248219962.749
000852.SH,20250110,5662.7667,5718.2122,5544.9158,5544.9158,5672.7796,-127.8638,-2.254,198014877.0,242988533.223
000852.SH,20250113,5487.1249,5599.3268,5457.5095,5559.4725,5544.9158,14.5567,0.2625,169309190.0,201644040.965
000852.SH,20250114,5580.8778,5814.7071,5562.1801,5811.0545,5559.4725,251.582,4.5253,235772869.0,291062201.267
000852.SH,20250115,5805.898,5815.1483,5755.6247,5775.5709,5811.0545,-35.4836,-0.6106,204290325.0,258108817.511
000852.SH,20250116,5810.0511,5906.4655,5753.764,5801.3051,5775.5709,25.7342,0.4456,216373239.0,268024992.528
000852.SH,20250117,5780.6056,5885.4165,5755.9071,5841.5718,5801.3051,40.2667,0.6941,196817967.0,252875263.542
000852.SH,20250120,5877.972,5925.0719,5856.8325,5879.1495,5841.5718,37.5777,0.6433,198430783.0,250732032.833
000852.SH,20250121,5911.4048,5917.1293,5834.9644,5908.0234,5879.1495,28.8739,0.4911,199127834.0,273060411.934
000852.SH,20250122,5879.8433,5886.7418,5824.0345,5855.7393,5908.0234,-52.2841,-0.885,180296760.0,245947705.315
000852.SH,20250123,5911.2189,5991.845,5829.0329,5829.0329,5855.7393,-26.7064,-0.4561,222855753.0,296684961.438
000852.SH,20250124,5815.4583,5943.1118,5815.4583,5938.1301,5829.0329,109.0972,1.8716,208090445.0,279147952.364
000852.SH,20250127,5946.7291,5964.1497,5846.0686,5846.0686,5938.1301,-92.0615,-1.5503,188646200.0,253588513.601
000852.SH,20250205,5900.5128,5928.8797,5851.5951,5881.4366,5846.0686,35.368,0.605,212005310.0,286305599.979
000852.SH,20250206,5869.7051,6042.0194,5853.7462,6041.8337,5881.4366,160.3971,2.7272,255998511.0,361378399.221
000852.SH,20250207,6046.3647,6198.7478,6042.2605,6134.0545,6041.8337,92.2208,1.5264,323952835.0,447048589.278
000852.SH,20250210,6155.0511,6218.066,6126.0819,6210.5471,6134.0545,76.4926,1.247,297825932.0,407767222.307
000852.SH,20250211,6209.5207,6220.964,6135.8659,6190.1739,6210.5471,-20.3732,-0.328,288271576.0,393173431.222
000852.SH,20250212,6172.3935,6284.9184,6171.0611,6284.6107,6190.1739,94.4368,1.5256,281342765.0,392322251.371
000852.SH,20250213,6290.7898,6290.7898,6202.5929,6212.4968,6284.6107,-72.1139,-1.1475,312984935.0,437899818.481
000852.SH,20250214,6203.4767,6257.3064,6182.2637,6248.8345,6212.4968,36.3377,0.5849,298005849.0,411860060.509
000852.SH,20250217,6285.0404,6308.4839,6231.8675,6281.5658,6248.8345,32.7313,0.5238,323734337.0,458304251.931
000852.SH,20250218,6264.282,6282.4039,6112.5851,6142.138,6281.5658,-139.4278,-2.2196,300159330.0,417068621.358
000852.SH,20250219,6134.9912,6290.0127,6133.9423,6288.529,6142.138,146.391,2.3834,272920114.0,405139537.119
000852.SH,20250220,6289.1329,6349.4737,6274.0309,6334.4143,6288.529,45.8853,0.7297,288110198.0,424704883.96
000852.SH,20250221,6347.67,6456.9191,6317.0853,6449.2279,6334.4143,114.8136,1.8125,327263771.0,503581232.098
000852.SH,20250224,6454.5582,6504.4001,6411.7662,6464.0235,6449.2279,14.7956,0.2294,318461161.0,492113846.711
000852.SH,20250225,6369.2758,6503.0066,6359.8362,6435.4284,6464.0235,-28.5951,-0.4424,295366372.0,464348021.188
000852.SH,20250226,6451.4018,6527.8463,6423.6032,6524.4057,6435.4284,88.9773,1.3826,303176413.0,463990773.162
000852.SH,20250227,6526.8107,6550.1,6395.9084,6499.5301,6524.4057,-24.8756,-0.3813,311964101.0,475356399.879
000852.SH,20250228,6460.9038,6468.7955,6252.0136,6270.4186,6499.5301,-229.1115,-3.525,295559675.0,433909057.525
000852.SH,20250303,6291.0501,6382.0476,6240.5682,6273.6699,6270.4186,3.2513,0.0519,266945412.0,388839572.584
000852.SH,20250304,6218.8312,6364.121,6217.8102,6357.6277,6273.6699,83.9578,1.3383,229548486.0,347694980.444
000852.SH,20250305,6365.4316,6401.8307,6318.2868,6398.237,6357.6277,40.6093,0.6387,238961847.0,359566648.067
000852.SH,20250306,6438.159,6548.8545,6435.5431,6534.9711,6398.237,136.7341,2.1371,300554770.0,464779819.148
000852.SH,20250307,6512.7324,6577.9511,6465.2639,6507.7645,6534.9711,-27.2066,-0.4163,308888807.0,463226928.283
000852.SH,20250310,6519.0281,6541.5929,6466.9027,6520.9725,6507.7645,13.208,0.203,256522113.0,374384335.128
000852.SH,20250311,6438.2445,6551.7341,6432.7582,6551.7341,6520.9725,30.7616,0.4717,252455216.0,366244090.084
000852.SH,20250312,6585.5954,6632.3876,6564.7159,6566.9679,6551.7341,15.2338,0.2325,281705576.0,416300253.928
000852.SH,20250313,6558.419,6570.8865,6405.7315,6466.8509,6566.9679,-100.117,-1.5246,266825677.0,384618292.918
000852.SH,20250314,6463.9245,6575.8189,6428.2246,6571.1707,6466.8509,104.3198,1.6131,276329994.0,384170674.116
000852.SH,20250317,6585.8207,6609.8893,6557.6343,6589.5655,6571.1707,18.3948,0.2799,252080841.0,353560411.351
000852.SH,20250318,6605.043,6642.8565,6581.9646,6611.9263,6589.5655,22.3608,0.3393,234726563.0,344774184.043
000852.SH,20250319,6590.5553,6598.5082,6536.7163,6564.6767,6611.9263,-47.2496,-0.7146,219662999.0,319556371.525
000852.SH,20250320,6551.8204,6596.271,6528.8581,6535.0624,6564.6767,-29.6143,-0.4511,231907477.0,316002108.435
000852.SH,20250321,6507.9498,6531.7604,6389.6151,6405.611,6535.0624,-129.4514,-1.9809,256205335.0,330125305.371
000852.SH,20250324,6403.5651,6412.5184,6244.8682,6360.3412,6405.611,-45.2698,-0.7067,257684583.0,320142693.524
000852.SH,20250325,6355.8136,6382.1882,6289.1242,6310.7641,6360.3412,-49.5771,-0.7795,231663781.0,281993855.607
000852.SH,20250326,6297.3288,6371.1014,6297.3288,6334.9077,6310.7641,24.1436,0.3826,206679513.0,248639805.634
000852.SH,20250327,6315.0972,6394.2102,6254.8872,6328.7665,6334.9077,-6.1412,-0.0969,198894704.0,256610200.494
000852.SH,20250328,6326.8127,6356.8035,6261.6855,6268.3214,6328.7665,-60.4451,-0.9551,196553528.0,246785917.265
000852.SH,20250331,6229.5555,6259.3642,6143.6495,6226.6488,6268.3214,-41.6726,-0.6648,207382027.0,267799428.24
000852.SH,20250401,6242.0714,6300.6658,6240.2035,6259.4838,6226.6488,32.835,0.5273,182332217.0,241767488.059
000852.SH,20250402,6252.6304,6316.6356,6251.8519,6277.2533,6259.4838,17.7695,0.2839,159266425.0,208427533.566
000852.SH,20250403,6208.2877,6299.1645,6168.5351,6203.257,6277.2533,-73.9963,-1.1788,183699630.0,238273426.168
000852.SH,20250407,5811.5439,5905.573,5437.4532,5496.4427,6203.257,-706.8143,-11.3942,277214829.0,311471174.815
000852.SH,20250408,5475.5599,5632.6405,5426.0341,5530.0189,5496.4427,33.5762,0.6109,309701516.0,342259642.935
000852.SH,20250409,5439.1767,5688.4848,5224.9734,5652.3303,5530.0189,122.3114,2.2118,305724039.0,342055474.011
000852.SH,20250410,5766.5051,5883.4593,5766.4063,5784.5853,5652.3303,132.255,2.3398,274161849.0,329964030.634
000852.SH,20250411,5744.795,5923.1357,5743.078,5862.1876,5784.5853,77.6023,1.3415,222139162.0,288233391.742
000852.SH,20250414,5933.992,5979.902,5914.254,5938.5262,5862.1876,76.3386,1.3022,216581141.0,272673485.154
000852.SH,20250415,5938.5727,5949.8612,5872.2874,5914.0286,5938.5262,-24.4976,-0.4125,183047848.0,225752074.311
000852.SH,20250416,5897.2004,5903.1192,5758.6655,5835.348,5914.0286,-78.6806,-1.3304,190423901.0,229430157.871
000852.SH,20250417,5802.2927,5898.1785,5801.1198,5839.5639,5835.348,4.2159,0.0722,173196708.0,212948447.362
000852.SH,20250418,5833.108,5855.6924,5793.7872,5831.6869,5839.5639,-7.877,-0.1349,164444603.0,190723835.635
000852.SH,20250421,5826.6219,5952.7177,5802.8345,5952.6374,5831.6869,120.9505,2.074,192711500.0,228800249.698
000852.SH,20250422,5947.1488,5974.317,5923.5885,5949.3123,5952.6374,-3.3251,-0.0559,206457074.0,246793931.979
000852.SH,20250423,5971.4728,6013.2752,5954.0266,5984.5833,5949.3123,35.271,0.5929,218196156.0,274309975.849
000852.SH,20250424,5979.4063,5984.367,5897.6501,5920.4776,5984.5833,-64.1057,-1.0712,199796564.0,237867471.238
000852.SH,20250425,5927.316,5982.7147,5901.0766,5939.5021,5920.4776,19.0245,0.3213,198087660.0,234799469.589
000852.SH,20250428,5933.4191,5939.9584,5868.8716,5877.0566,5939.5021,-62.4455,-1.0514,194950891.0,221937583.619
000852.SH,20250429,5850.8273,5921.5557,5836.0307,5903.3812,5877.0566,26.3246,0.4479,186023394.0,219411784.621
000852.SH,20250430,5907.188,5972.655,5907.188,5950.1169,5903.3812,46.7357,0.7917,195458998.0,241759324.241
000852.SH,20250506,5993.3338,6102.9221,5993.3338,6102.9221,5950.1169,152.8052,2.5681,220209623.0,283658443.311
000852.SH,20250507,6171.607,6195.1394,6063.6435,6111.4946,6102.9221,8.5725,0.1405,233922951.0,296522333.567
000852.SH,20250508,6093.5595,6167.1462,6087.3724,6158.0774,6111.4946,46.5828,0.7622,203915826.0,262739570.041
000852.SH,20250509,6153.5288,6153.5288,6054.9347,6082.0817,6158.0774,-75.9957,-1.2341,189221287.0,242809574.289
000852.SH,20250512,6122.6686,6167.4606,6110.0218,6167.4606,6082.0817,85.3789,1.4038,196847210.0,264308289.588
000852.SH,20250513,6219.4535,6220.4448,6141.6803,6151.0098,6167.4606,-16.4508,-0.2667,203274217.0,263462633.901
000852.SH,20250514,6144.2464,6199.2987,6111.1119,6160.3697,6151.0098,9.3599,0.1522,211559083.0,252514241.034
000852.SH,20250515,6146.0016,6146.0016,6055.839,6057.0357,6160.3697,-103.334,-1.6774,190523814.0,224907797.793
000852.SH,20250516,6042.2198,6098.8779,6042.2198,6068.1165,6057.0357,11.0808,0.1829,176394759.0,206157492.558
000852.SH,20250519,6073.2032,6100.8015,6009.9513,6095.3369,6068.1165,27.2204,0.4486,184712990.0,214012637.258
000852.SH,20250520,6097.3639,6154.9544,6078.2177,6146.0166,6095.3369,50.6797,0.8315,192957294.0,232587241.743
000852.SH,20250521,6137.0956,6141.7256,6109.9246,6132.1809,6146.0166,-13.8357,-0.2251,196550842.0,234419144.815
000852.SH,20250522,6113.2068,6146.2012,6062.5927,6066.1031,6132.1809,-66.0778,-1.0776,186395737.0,220813672.515
000852.SH,20250523,6060.5179,6099.2273,5989.6752,5989.6752,6066.1031,-76.4279,-1.2599,184923774.0,224806210.854
000852.SH,20250526,5991.8585,6038.8058,5981.8422,6028.7861,5989.6752,39.1109,0.653,155988794.0,191925536.269
000852.SH,20250527,6019.5428,6023.1435,5971.3474,6008.4599,6028.7861,-20.3262,-0.3372,157945758.0,193605916.886
000852.SH,20250528,6006.8889,6023.8247,5972.1843,5984.4557,6008.4599,-24.0042,-0.3995,159105494.0,191732662.668
000852.SH,20250529,5980.8569,6091.9619,5980.8569,6089.5778,5984.4557,105.1221,1.7566,189376466.0,232575959.07
000852.SH,20250530,6075.4504,6075.4504,6016.8913,6026.5603,6089.5778,-63.0175,-1.0348,186918671.0,228038836.606
000852.SH,20250603,6009.1844,6086.6158,6008.5447,6070.0368,6026.5603,43.4765,0.7214,191764672.0,234296502.252
000852.SH,20250604,6067.8272,6124.703,6067.8272,6123.172,6070.0368,53.1352,0.8754,186955850.0,232039996.402
000852.SH,20250605,6125.8903,6174.8499,6101.8461,6167.0149,6123.172,43.8429,0.716,206077919.0,273238606.862
000852.SH,20250606,6164.4097,6169.5679,6137.5651,6152.8446,6167.0149,-14.1703,-0.2298,178339582.0,240362538.72
000852.SH,20250609,6161.1381,6226.383,6158.9031,6218.9637,6152.8446,66.1191,1.0746,193283632.0,255785048.702
000852.SH,20250610,6220.0416,6220.0416,6098.0886,6161.6919,6218.9637,-57.2718,-0.9209,220060485.0,277218151.0
000852.SH,20250611,6162.1568,6221.202,6162.1568,6186.5122,6161.6919,24.8203,0.4028,197643580.0,243671184.608
000852.SH,20250612,6171.5572,6202.7273,6151.0355,6192.22,6186.5122,5.7078,0.0923,197018749.0,250824401.494
000852.SH,20250613,6174.4316,6183.7141,6088.571,6106.0083,6192.22,-86.2117,-1.3923,236889547.0,298969326.948
000852.SH,20250616,6089.9633,6151.5134,6089.9633,6147.46,6106.0083,41.4517,0.6789,197310933.0,253087825.584
000852.SH,20250617,6153.1473,6171.1652,6120.5704,6141.4684,6147.46,-5.9916,-0.0975,208427280.0,260873532.301
000852.SH,20250618,6126.18,6143.2094,6086.6935,6135.3858,6141.4684,-6.0826,-0.099,204105755.0,256463608.434
000852.SH,20250619,6127.9379,6146.6422,6028.7167,6048.2243,6135.3858,-87.1615,-1.4206,212217336.0,270827079.699
000852.SH,20250620,6039.9913,6061.8405,5997.5898,5999.5914,6048.2243,-48.6329,-0.8041,180857342.0,226531986.435
000852.SH,20250623,5966.4954,6083.5271,5965.6633,6078.2224,5999.5914,78.631,1.3106,193558490.0,239995084.576
000852.SH,20250624,6082.7439,6194.666,6082.7439,6194.666,6078.2224,116.4436,1.9158,233453403.0,303658275.674
000852.SH,20250625,6196.1529,6282.1118,6194.1479,6276.1634,6194.666,81.4974,1.3156,247556325.0,334997601.176
000852.SH,20250626,6272.4429,6310.5358,6244.7814,6247.791,6276.1634,-28.3724,-0.4521,254246495.0,343746329.448
000852.SH,20250627,6265.9234,6319.1607,6257.5869,6276.9373,6247.791,29.1463,0.4665,248563352.0,330455014.093
000852.SH,20250630,6297.0769,6358.0255,6292.5142,6356.1813,6276.9373,79.244,1.2625,237322973.0,336221160.415
000852.SH,20250701,6358.0599,6373.7679,6308.061,6373.7679,6356.1813,17.5866,0.2767,243537330.0,334302458.347
000852.SH,20250702,6358.8725,6358.8725,6284.9999,6309.4837,6373.7679,-64.2842,-1.0086,238580903.0,296643998.872
000852.SH,20250703,6306.7451,6349.1446,6295.2252,6342.638,6309.4837,33.1543,0.5255,213980765.0,270492479.385
000852.SH,20250704,6338.557,6375.0672,6292.1356,6312.1966,6342.638,-30.4414,-0.4799,238133210.0,304676921.481
000852.SH,20250707,6305.0447,6333.5117,6303.8615,6327.139,6312.1966,14.9424,0.2367,210477361.0,264834579.255
000852.SH,20250708,6321.5525,6408.114,6318.5233,6407.6976,6327.139,80.5586,1.2732,235125583.0,306816858.617
000852.SH,20250709,6412.1444,6431.0906,6375.0817,6390.4655,6407.6976,-17.2321,-0.2689,236175589.0,303195813.289
000852.SH,20250710,6385.213,6427.7388,6367.6599,6406.5677,6390.4655,16.1022,0.252,240183380.0,296726316.908
000852.SH,20250711,6411.3135,6487.4401,6388.4023,6461.0997,6406.5677,54.532,0.8512,282561283.0,352065982.159
000852.SH,20250714,6465.506,6474.9337,6443.555,6462.3051,6461.0997,1.2054,0.0187,242057801.0,302637448.819
000852.SH,20250715,6451.9971,6472.5274,6381.5572,6442.834,6462.3051,-19.4711,-0.3013,269869411.0,347377816.36
000852.SH,20250716,6440.5168,6487.8298,6433.5069,6462.063,6442.834,19.229,0.2985,220230024.0,306082808.217
000852.SH,20250717,6458.4136,6535.6713,6451.1529,6535.6713,6462.063,73.6083,1.1391,227831646.0,325983691.187
000852.SH,20250718,6546.3622,6563.8171,6521.4998,6552.0741,6535.6713,16.4028,0.251,234461713.0,330217284.922
000852.SH,20250721,6557.2514,6614.6058,6555.043,6612.2589,6552.0741,60.1848,0.9186,276591552.0,359907688.649
000852.SH,20250722,6607.8261,6642.235,6597.0477,6637.1035,6612.2589,24.8446,0.3757,301659994.0,395915308.554
000852.SH,20250723,6634.1232,6667.8582,6594.483,6607.22,6637.1035,-29.8835,-0.4502,294109275.0,378330158.759
000852.SH,20250724,6602.1685,6701.12,6602.1685,6701.12,6607.22,93.9,1.4212,285418219.0,374405610.913
000852.SH,20250725,6708.0802,6716.7031,6674.5409,6706.6098,6701.12,5.4898,0.0819,264004798.0,363139664.174
000852.SH,20250728,6713.8176,6736.0794,6679.2113,6729.979,6706.6098,23.3692,0.3485,252742904.0,359575849.641
000852.SH,20250729,6724.315,6773.8843,6684.158,6773.8843,6729.979,43.9053,0.6524,259261236.0,383703631.544
000852.SH,20250730,6758.3273,6770.8825,6662.9057,6718.4819,6773.8843,-55.4024,-0.8179,268179559.0,392675091.206
000852.SH,20250731,6701.156,6750.0775,6639.1227,6661.1862,6718.4819,-57.2957,-0.8528,270138677.0,401821827.245
000852.SH,20250801,6665.6417,6702.6788,6625.9283,6670.472,6661.1862,9.2858,0.1394,232484670.0,349070970.147
000852.SH,20250804,6637.839,6739.7254,6631.1242,6739.6936,6670.472,69.2216,1.0377,213491525.0,329554815.219
000852.SH,20250805,6753.5266,6787.4806,6744.0721,6787.4806,6739.6936,47.787,0.709,223724677.0,348578384.503
000852.SH,20250806,6784.1749,6865.017,6774.033,6861.3091,6787.4806,73.8285,1.0877,258133888.0,399056054.134
000852.SH,20250807,6864.4456,6876.4968,6813.7736,6862.1497,6861.3091,0.8406,0.0123,261389600.0,411411186.262
000852.SH,20250808,6844.4385,6865.8379,6816.0939,6838.1299,6862.1497,-24.0198,-0.35,251465671.0,381544614.397
000852.SH,20250811,6850.5717,6957.4039,6850.5717,6943.9366,6838.1299,105.8067,1.5473,260970241.0,401163366.844
000852.SH,20250812,6943.666,6963.8035,6894.8459,6963.611,6943.9366,19.6744,0.2833,260489869.0,409922645.284
000852.SH,20250813,6966.2732,7070.5036,6966.2732,7064.3339,6963.611,100.7229,1.4464,294653874.0,471479346.409
000852.SH,20250814,7072.9027,7077.8092,6957.3966,6976.4875,7064.3339,-87.8464,-1.2435,317272936.0,513604373.009
000852.SH,20250815,6956.5078,7117.5099,6956.5078,7117.5009,6976.4875,141.0134,2.0213,304005226.0,492508504.867
000852.SH,20250818,7158.5311,7267.9813,7143.0663,7237.6018,7117.5009,120.1009,1.6874,379831263.0,606867233.382
000852.SH,20250819,7231.9301,7289.0315,7193.5945,7242.8494,7237.6018,5.2476,0.0725,340879045.0,558781044.092
000852.SH,20250820,7212.9697,7305.4613,7166.991,7305.4613,7242.8494,62.6119,0.8645,324751503.0,517521411.019
000852.SH,20250821,7318.7569,7343.1737,7215.338,7253.3429,7305.4613,-52.1184,-0.7134,326822891.0,516507411.053
000852.SH,20250822,7250.1914,7362.9396,7250.1914,7362.9396,7253.3429,109.5967,1.511,326807492.0,527766039.448
000852.SH,20250825,7418.3462,7504.0091,7405.9392,7477.728,7362.9396,114.7884,1.559,408457655.0,660911467.974
000852.SH,20250826,7457.77,7526.166,7435.3007,7476.4672,7477.728,-1.2608,-0.0169,363684661.0,573343123.464
000852.SH,20250827,7488.9276,7565.3531,7336.5036,7336.5036,7476.4672,-139.9636,-1.8721,416759265.0,672784131.894
000852.SH,20250828,7331.1874,7447.1101,7216.7658,7447.1101,7336.5036,110.6065,1.5076,381466435.0,631711691.476
000852.SH,20250829,7449.8641,7477.2041,7380.8299,7438.6767,7447.1101,-8.4334,-0.1132,327640881.0,565058625.663
000852.SH,20250901,7475.0003,7502.5918,7424.3412,7501.1483,7438.6767,62.4716,0.8398,324220712.0,564568450.679
000852.SH,20250902,7498.4447,7499.6024,7258.5892,7313.8824,7501.1483,-187.2659,-2.4965,350435853.0,598514462.45
000852.SH,20250903,7336.3859,7361.0283,7182.2909,7206.8758,7313.8824,-107.0066,-1.4631,290288568.0,486667166.563
000852.SH,20250904,7214.7204,7254.9988,6939.6649,7041.1544,7206.8758,-165.7214,-2.2995,297622754.0,488595037.929
000852.SH,20250905,7046.9581,7248.5769,7017.9463,7245.667,7041.1544,204.5126,2.9045,282765931.0,458842754.388
000852.SH,20250908,7257.3316,7321.157,7220.5906,7311.0343,7245.667,65.3673,0.9022,307813289.0,495541349.344
000852.SH,20250909,7287.4023,7315.9665,7198.3192,7226.0277,7311.0343,-85.0066,-1.1627,282443061.0,431928802.54
000852.SH,20250910,7214.2262,7296.001,7179.7573,7230.1678,7226.0277,4.1401,0.0573,252674158.0,396104754.79
000852.SH,20250911,7215.9279,7399.8854,7161.2808,7399.8854,7230.1678,169.7176,2.3474,293975142.0,486236595.2
000852.SH,20250912,7402.4173,7472.8736,7387.5886,7422.8844,7399.8854,22.999,0.3108,315838793.0,508828451.8
000852.SH,20250915,7445.4982,7454.2951,7404.4955,7415.5711,7422.8844,-7.3133,-0.0985,301307761.0,475104705.4
000852.SH,20250916,7426.4093,7487.0662,7364.733,7483.6282,7415.5711,68.0571,0.9178,309010590.0,474734476.79
000852.SH,20250917,7478.408,7564.816,7461.4097,7554.8125,7483.6282,71.1843,0.9512,301706485.0,493296275.783
000852.SH,20250918,7552.2302,7665.9697,7393.1799,7476.402,7554.8125,-78.4105,-1.0379,398600102.0,654022739.891
000852.SH,20250919,7473.0215,7520.9193,7405.2905,7438.1887,7476.402,-38.2133,-0.5111,295895870.0,483203148.485
000852.SH,20250922,7457.8861,7489.4784,7418.4645,7489.4784,7438.1887,51.2897,0.6895,270362602.0,440515484.56
000852.SH,20250923,7500.6181,7504.2308,7261.6656,7408.0691,7489.4784,-81.4093,-1.087,313260280.0,503959593.1
000852.SH,20250924,7375.9106,7534.2223,7342.4699,7534.2223,7408.0691,126.1532,1.7029,278912761.0,494397619.556
000852.SH,20250925,7521.3165,7563.0794,7487.1194,7506.5124,7534.2223,-27.7099,-0.3678,264403712.0,464745025.579
000852.SH,20250926,7476.9372,7516.1106,7396.5847,7397.5894,7506.5124,-108.923,-1.451,258750259.0,436863300.986
000852.SH,20250929,7415.128,7517.1178,7376.9091,7497.8308,7397.5894,100.2414,1.3551,258680184.0,419534690.314
000852.SH,20250930,7525.6243,7592.9135,7524.9153,7574.9631,7497.8308,77.1323,1.0287,255173785.0,442639611.194
000852.SH,20251009,7623.2986,7671.171,7590.4725,7648.0523,7574.9631,73.0892,0.9649,303491380.0,530500291.415
000852.SH,20251010,7608.2917,7621.9758,7513.166,7533.8201,7648.0523,-114.2322,-1.4936,290429922.0,485703734.784
000852.SH,20251013,7250.5787,7535.2069,7250.5787,7519.7636,7533.8201,-14.0565,-0.1866,288400411.0,470990827.392
000852.SH,20251014,7580.3927,7611.8255,7342.5996,7373.1522,7519.7636,-146.6114,-1.9497,304412013.0,506690155.149
000852.SH,20251015,7384.0113,7484.0488,7315.4827,7483.449,7373.1522,110.2968,1.4959,244853965.0,403797525.524
000852.SH,20251016,7460.763,7472.7549,7378.2971,7401.8375,7483.449,-81.6115,-1.0906,234643070.0,374296521.876
000852.SH,20251017,7395.8658,7426.2097,7176.9587,7185.4781,7401.8375,-216.3594,-2.923,254327325.0,383875372.638
000852.SH,20251020,7259.4863,7301.9882,7196.2804,7239.1845,7185.4781,53.7064,0.7474,218579676.0,328445222.617
000852.SH,20251021,7257.1124,7350.9226,7236.6344,7344.0468,7239.1845,104.8623,1.4485,237250165.0,348158794.787
000852.SH,20251022,7304.964,7349.7969,7278.7127,7312.21,7344.0468,-31.8368,-0.4335,227324503.0,332181328.131
000852.SH,20251023,7292.3904,7319.5504,7192.416,7308.0992,7312.21,-4.1108,-0.0562,231568976.0,328574781.927
000852.SH,20251024,7340.6692,7419.4072,7340.6692,7419.2352,7308.0992,111.136,1.5207,245559953.0,397473067.376
000852.SH,20251027,7483.2951,7511.4144,7430.6195,7495.3831,7419.2352,76.1479,1.0264,265344749.0,458169856.648
000852.SH,20251028,7462.9114,7534.0514,7443.7011,7479.221,7495.3831,-16.1621,-0.2156,251804249.0,431016068.637
000852.SH,20251029,7481.2368,7569.117,7469.0703,7569.117,7479.221,89.896,1.2019,265846129.0,439161754.319
000852.SH,20251030,7560.5999,7569.1562,7476.7009,7485.0848,7569.117,-84.0322,-1.1102,297385269.0,478507155.181
000852.SH,20251031,7480.6583,7583.0326,7480.6583,7506.6746,7485.0848,21.5898,0.2884,299745206.0,475587998.228
000852.SH,20251103,7507.3741,7539.3269,7417.2734,7538.1178,7506.6746,31.4432,0.4189,278241705.0,432422773.381
000852.SH,20251104,7523.6395,7523.6395,7387.3777,7435.7308,7538.1178,-102.387,-1.3583,251677413.0,381678891.759
000852.SH,20251105,7332.1037,7490.9036,7332.1037,7464.8632,7435.7308,29.1324,0.3918,258548178.0,373351692.088
000852.SH,20251106,7482.9075,7551.8299,7466.7522,7551.8299,7464.8632,86.9667,1.165,263612959.0,405168970.723
000852.SH,20251107,7519.7475,7581.5597,7492.9255,7541.878,7551.8299,-9.9519,-0.1318,267888664.0,419611056.738
000852.SH,20251110,7568.7514,7592.7574,7515.684,7563.2535,7541.878,21.3755,0.2834,274361317.0,433797531.457
000852.SH,20251111,7579.9084,7598.9881,7530.1438,7540.791,7563.2535,-22.4625,-0.297,265250731.0,404867228.037
000852.SH,20251112,7520.1786,7537.7609,7421.459,7486.3766,7540.791,-54.4144,-0.7216,266963363.0,390482493.659
000852.SH,20251113,7483.6641,7604.8907,7475.5108,7590.5763,7486.3766,104.1997,1.3919,275636073.0,420596449.342
000852.SH,20251114,7527.8343,7591.3153,7502.7567,7502.7567,7590.5763,-87.8196,-1.157,271972783.0,406292990.194
000852.SH,20251117,7514.8395,7544.7234,7487.8078,7523.0758,7502.7567,20.3191,0.2708,261156118.0,391318349.646
000852.SH,20251118,7508.531,7521.6563,7412.276,7448.1007,7523.0758,-74.9751,-0.9966,277480409.0,418065487.002
000852.SH,20251119,7438.1387,7471.732,7348.0371,7387.2084,7448.1007,-60.8923,-0.8176,238393820.0,367172563.738
000852.SH,20251120,7429.7001,7439.0443,7332.3212,7340.4118,7387.2084,-46.7966,-0.6335,227536090.0,356711968.727
000852.SH,20251121,7235.3258,7274.3341,7067.703,7067.703,7340.4118,-272.7088,-3.7152,284800690.0,408671897.438
000852.SH,20251124,7105.642,7190.7229,7064.5978,7156.4085,7067.703,88.7055,1.2551,240655062.0,368993404.4
000852.SH,20251125,7195.1,7311.7266,7194.7658,7249.9471,7156.4085,93.5386,1.3071,245429429.0,404174105.411
000852.SH,20251126,7236.6554,7307.1989,7225.0866,7248.4489,7249.9471,-1.4982,-0.0207,231776824.0,376963938.111
000852.SH,20251127,7243.7141,7330.5999,7243.7141,7257.454,7248.4489,9.0051,0.1242,211277412.0,365625943.247
000852.SH,20251128,7257.1654,7334.2097,7239.8544,7334.2097,7257.454,76.7557,1.0576,200680508.0,342185224.996
000852.SH,20251201,7356.5131,7388.6182,7342.5963,7386.6811,7334.2097,52.4714,0.7154,234411583.0,392320297.532
000852.SH,20251202,7364.2041,7364.2041,7299.2721,7313.178,7386.6811,-73.5031,-0.9951,200512477.0,320218841.083
000852.SH,20251203,7312.6673,7324.2105,7220.9759,7248.274,7313.178,-64.904,-0.8875,214633400.0,335034477.208
000852.SH,20251204,7246.8622,7269.9017,7185.911,7248.6573,7248.274,0.3833,0.0053,194839254.0,311315804.96
000852.SH,20251205,7244.2771,7346.9992,7194.6607,7342.4924,7248.6573,93.8351,1.2945,215727663.0,352805657.18
000852.SH,20251208,7359.4882,7446.192,7359.4882,7423.0462,7342.4924,80.5538,1.0971,240918995.0,418474779.432
000852.SH,20251209,7400.9344,7439.5464,7370.2962,7380.5835,7423.0462,-42.4627,-0.572,228491428.0,392312852.126
000852.SH,20251210,7367.4924,7421.4225,7332.0525,7408.2441,7380.5835,27.6606,0.3748,215611134.0,360245249.693
000852.SH,20251211,7421.7869,7425.441,7311.9952,7311.9952,7408.2441,-96.2489,-1.2992,234020873.0,381933822.513
000852.SH,20251212,7312.871,7384.8479,7284.5552,7370.9416,7311.9952,58.9464,0.8062,243525183.0,422779414.911
000852.SH,20251215,7324.4797,7375.6117,7305.8316,7309.0775,7370.9416,-61.8641,-0.8393,220957697.0,372658890.926
000852.SH,20251216,7302.1591,7302.1591,7143.6148,7181.62,7309.0775,-127.4575,-1.7438,230526007.0,361621759.667
000852.SH,20251217,7178.3067,7303.3754,7149.0188,7288.7384,7181.62,107.1184,1.4916,220498775.0,366263786.19
000852.SH,20251218,7244.6396,7336.7315,7241.8612,7272.4024,7288.7384,-16.336,-0.2241,200044662.0,348983557.161
000852.SH,20251219,7295.6711,7357.0417,7279.9867,7329.8057,7272.4024,57.4033,0.7893,219205547.0,362345403.57
000852.SH,20251222,7363.064,7433.4281,7363.064,7408.3488,7329.8057,78.5431,1.0716,221601886.0,381186010.91
000852.SH,20251223,7410.2236,7441.4124,7363.9337,7392.4204,7408.3488,-15.9284,-0.215,224288566.0,397181525.762
000852.SH,20251224,7391.5613,7513.2535,7386.4889,7506.3814,7392.4204,113.961,1.5416,217961455.0,406286039.967
000852.SH,20251225,7507.2965,7591.7818,7502.1544,7579.3791,7506.3814,72.9977,0.9725,228744917.0,434419255.593
000852.SH,20251226,7575.9264,7644.8395,7550.0139,7605.5299,7579.3791,26.1508,0.345,266261611.0,473665628.418
000852.SH,20251229,7606.435,7637.9096,7574.7748,7594.1575,7605.5299,-11.3724,-0.1495,264064796.0,466873470.412
000852.SH,20251230,7556.5373,7636.1531,7552.4006,7597.299,7594.1575,3.1415,0.0414,263331874.0,468024130.591
000852.SH,20251231,7606.6462,7619.2214,7560.7229,7595.2845,7597.299,-2.0145,-0.0265,244549231.0,440672066.748
000852.SH,20260105,7639.5375,7753.9594,7623.7489,7753.88,7595.2845,158.5955,2.0881,305374726.0,542230841.526
000852.SH,20260106,7756.1581,7864.9034,7755.0717,7864.9034,7753.88,111.0234,1.4318,331162034.0,580815076.334
000852.SH,20260107,7881.8359,7939.7517,7864.1385,7906.4197,7864.9034,41.5163,0.5279,318734367.0,617917011.025
000852.SH,20260108,7886.8103,7993.6305,7886.6294,7971.5887,7906.4197,65.169,0.8243,325563908.0,605389117.079
000852.SH,20260109,7969.19,8131.4905,7969.19,8129.1831,7971.5887,157.5944,1.977,381043869.0,705322959.793
000852.SH,20260112,8196.085,8371.7487,8171.1052,8357.0107,8129.1831,227.8276,2.8026,447228954.0,827564717.481
000852.SH,20260113,8381.0421,8381.0421,8177.6291,8203.1327,8357.0107,-153.878,-1.8413,454444503.0,824652003.314
000852.SH,20260114,8204.2798,8415.0982,8154.2409,8257.1716,8203.1327,54.0389,0.6588,489798359.0,884281078.762
000852.SH,20260115,8197.0612,8267.8128,8151.1074,8240.7751,8257.1716,-16.3965,-0.1986,353357708.0,638659733.156
000852.SH,20260116,8276.6084,8304.3989,8180.1169,8232.7293,8240.7751,-8.0458,-0.0976,352539405.0,633410677.297
000852.SH,20260119,8204.6269,8298.4797,8187.9379,8265.6462,8232.7293,32.9169,0.3998,326691149.0,581675794.396
000852.SH,20260120,8271.7792,8300.0502,8104.9177,8182.7522,8265.6462,-82.894,-1.0029,336689134.0,579037016.861
000852.SH,20260121,8138.682,8289.1342,8136.9184,8247.6798,8182.7522,64.9276,0.7935,325676368.0,564720693.794
000852.SH,20260122,8272.4682,8314.2158,8252.7446,8309.3456,8247.6798,61.6658,0.7477,328563281.0,571805715.998
000852.SH,20260123,8331.7698,8478.5555,8323.3493,8470.7438,8309.3456,161.3982,1.9424,393043020.0,681947636.158
000852.SH,20260126,8513.2216,8530.4168,8302.0989,8365.4345,8470.7438,-105.3093,-1.2432,403428375.0,703181530.463
000852.SH,20260127,8325.4328,8406.0994,8186.2435,8382.1533,8365.4345,16.7188,0.1999,365657328.0,630208311.334
000852.SH,20260128,8392.7526,8432.6198,8334.6827,8399.7938,8382.1533,17.6405,0.2105,349658293.0,627356672.6
000852.SH,20260129,8380.6053,8463.1249,8308.8249,8332.2067,8399.7938,-67.5871,-0.8046,401987982.0,677736377.632
000852.SH,20260130,8255.3349,8313.2266,8083.9704,8254.8603,8332.2067,-77.3464,-0.9283,364916451.0,596749295.785
000852.SH,20260202,8166.736,8221.5824,7974.5993,7975.4283,8254.8603,-279.432,-3.3851,308321467.0,498940799.234
000852.SH,20260203,8058.7625,8210.0469,8023.2383,8209.101,7975.4283,233.6727,2.9299,299218458.0,525759546.405
000852.SH,20260204,8184.2046,8216.2042,8101.1998,8207.1203,8209.101,-1.9807,-0.0241,316461150.0,516215155.945
000852.SH,20260205,8121.5111,8154.5578,8027.6234,8068.0767,8207.1203,-139.0436,-1.6942,275816823.0,440964669.773
000852.SH,20260206,7980.4657,8152.3221,7950.0104,8051.5742,8068.0767,-16.5025,-0.2045,281083563.0,444590291.967
000852.SH,20260209,8177.291,8235.1548,8149.646,8233.7783,8051.5742,182.2041,2.263,282848169.0,482557298.732
000852.SH,20260210,8246.2179,8274.1425,8199.5105,8250.3001,8233.7783,16.5218,0.2007,291916250.0,475050653.321
000852.SH,20260211,8239.1703,8304.1252,8236.9574,8239.513,8250.3001,-10.7871,-0.1307,273234312.0,438065440.518
000852.SH,20260212,8252.1854,8337.3705,8227.6044,8314.8322,8239.513,75.3192,0.9141,277596736.0,467860009.633
000852.SH,20260213,8272.8763,8323.7152,8200.1478,8204.8294,8314.8322,-110.0028,-1.323,261146312.0,438924354.793
000852.SH,20260224,8319.6907,8356.9141,8236.7067,8299.7705,8204.8294,94.9411,1.1571,279479620.0,469515616.942
000852.SH,20260225,8320.6122,8449.7634,8310.3252,8426.3314,8299.7705,126.5609,1.5249,333447346.0,533140591.77
000852.SH,20260226,8447.7826,8496.7482,8398.0656,8490.6173,8426.3314,64.2859,0.7629,333147608.0,571186057.01
000852.SH,20260227,8434.096,8561.2954,8433.7171,8560.8433,8490.6173,70.226,0.8271,313899563.0,549574087.531
000852.SH,20260302,8464.2726,8535.8073,8393.9274,8476.965,8560.8433,-83.8783,-0.9798,378906281.0,659006885.199
000852.SH,20260303,8495.9537,8510.8538,8128.3045,8142.4538,8476.965,-334.5112,-3.9461,390189579.0,664863752.043
000852.SH,20260304,8039.5933,8228.8953,8039.5933,8094.5183,8142.4538,-47.9355,-0.5887,320689561.0,502701509.918
000852.SH,20260305,8235.3744,8243.829,8121.3823,8171.1194,8094.5183,76.6011,0.9463,315360181.0,508728534.262
000852.SH,20260306,8120.4947,8273.6797,8115.4792,8248.8569,8171.1194,77.7375,0.9514,294633269.0,474128426.843
000852.SH,20260309,8131.7424,8230.6562,7983.5685,8203.8687,8248.8569,-44.9882,-0.5454,356307887.0,568760663.974
000852.SH,20260310,8272.9406,8351.6657,8271.4927,8350.0896,8203.8687,146.2209,1.7823,311685273.0,533511444.229
000852.SH,20260311,8356.0899,8394.1222,8334.3282,8363.5262,8350.0896,13.4366,0.1609,321737332.0,549266931.1
000852.SH,20260312,8357.3509,8388.6328,8267.3895,8335.9078,8363.5262,-27.6184,-0.3302,328212747.0,531966072.601
000852.SH,20260313,8297.9132,8350.917,8196.3738,8214.2926,8335.9078,-121.6152,-1.4589,333123020.0,523300349.106
000852.SH,20260316,8212.2671,8226.032,8089.4876,8211.3517,8214.2926,-2.9409,-0.0358,311532458.0,489125149.211
000852.SH,20260317,8219.4995,8223.9888,8019.075,8019.8569,8211.3517,-191.4948,-2.3321,299723380.0,452754327.271
000852.SH,20260318,8050.7135,8105.8063,7970.1894,8096.5948,8019.8569,76.7379,0.9568,270893554.0,419893070.234
000852.SH,20260319,7988.8731,8008.3892,7874.2618,7909.2343,8096.5948,-187.3605,-2.3141,284591099.0,443807163.446
000852.SH,20260320,7943.4127,7996.1638,7781.5786,7783.4345,7909.2343,-125.7998,-1.5905,299022963.0,486114330.317
000852.SH,20260323,7632.9721,7712.0404,7357.6959,7409.1068,7783.4345,-374.3277,-4.8093,349256210.0,505938395.298
000852.SH,20260324,7538.6971,7601.8826,7361.7928,7600.8569,7409.1068,191.7501,2.588,293855085.0,432416549.03
000852.SH,20260325,7654.7838,7781.1973,7654.7838,7751.1809,7600.8569,150.324,1.9777,303668817.0,471082962.177
000852.SH,20260326,7733.7018,7775.8927,7614.8894,7639.3762,7751.1809,-111.8047,-1.4424,273455133.0,404052687.697
000852.SH,20260327,7526.5864,7784.5469,7526.5864,7746.3131,7639.3762,106.9369,1.3998,258895274.0,403803691.77
000852.SH,20260330,7664.6359,7774.8508,7618.9605,7767.9301,7746.3131,21.617,0.2791,261174129.0,411973881.3
000852.SH,20260331,7741.9588,7789.2392,7618.187,7619.8503,7767.9301,-148.0798,-1.9063,255255790.0,404652134.125
000852.SH,20260401,7767.8829,7786.7591,7692.0096,7764.1525,7619.8503,144.3022,1.8938,255975644.0,420061154.057
000852.SH,20260402,7733.7474,7764.0271,7581.3918,7623.4168,7764.1525,-140.7357,-1.8126,246841161.0,388676703.462
000852.SH,20260403,7658.8213,7664.7556,7521.9443,7536.5999,7623.4168,-86.8169,-1.1388,223680349.0,354378845.651
000852.SH,20260407,7556.2765,7640.5054,7554.4083,7606.0166,7536.5999,69.4167,0.9211,210974357.0,343772200.426
000852.SH,20260408,7765.5504,7955.7684,7765.1971,7955.7684,7606.0166,349.7518,4.5984,297885172.0,520657875.321
000852.SH,20260409,7881.8027,7959.0665,7872.4745,7921.4465,7955.7684,-34.3219,-0.4314,260650171.0,466353987.595
000852.SH,20260410,7981.6219,8059.7551,7981.6219,7998.232,7921.4465,76.7855,0.9693,262415285.0,494992306.541
000852.SH,20260413,7947.2223,8040.0258,7947.2223,8025.5724,7998.232,27.3404,0.3418,249849773.0,452431894.323
000852.SH,20260414,8088.0504,8144.7622,8059.3801,8144.7622,8025.5724,119.1898,1.4851,266305825.0,509465034.837
000852.SH,20260415,8186.0742,8193.2959,8083.2652,8106.1646,8144.7622,-38.5976,-0.4739,273841846.0,520849253.125
000852.SH,20260416,8120.3576,8239.0079,8100.4892,8232.9834,8106.1646,126.8188,1.5645,279584433.0,504935058.834
000852.SH,20260417,8225.7287,8333.2215,8223.7061,8307.4361,8232.9834,74.4527,0.9043,285103443.0,530440512.312
000852.SH,20260420,8308.0554,8374.812,8308.0554,8357.8139,8307.4361,50.3778,0.6064,292029604.0,559665065.902
000852.SH,20260421,8331.5919,8358.1241,8270.1606,8351.156,8357.8139,-6.6579,-0.0797,278996210.0,521902188.212
000852.SH,20260422,8317.2778,8482.1533,8317.2778,8481.2397,8351.156,130.0837,1.5577,281705539.0,558389615.17
000852.SH,20260423,8488.996,8500.4382,8302.8492,8362.7402,8481.2397,-118.4995,-1.3972,319791492.0,623696526.109
000852.SH,20260424,8318.5968,8360.79,8254.4309,8304.1412,8362.7402,-58.599,-0.7007,293748118.0,566282031.23
000852.SH,20260427,8292.811,8366.3124,8249.9439,8338.7263,8304.1412,34.5851,0.4165,277060124.0,544735960.417
000852.SH,20260428,8307.6916,8316.2671,8187.2385,8226.6919,8338.7263,-112.0344,-1.3435,284970446.0,549201647.096
000852.SH,20260429,8163.3482,8361.4866,8163.3482,8343.0651,8226.6919,116.3732,1.4146,289099456.0,557143418.183
000852.SH,20260430,8345.2469,8402.3557,8324.2936,8381.9465,8343.0651,38.8814,0.466,299115110.0,595981862.152
000852.SH,20260506,8462.023,8610.8806,8462.023,8574.5557,8381.9465,192.6092,2.2979,330853371.0,690961217.003
000852.SH,20260507,8602.146,8716.8606,8573.2953,8714.51,8574.5557,139.9543,1.6322,332477190.0,687608424.375
000852.SH,20260508,8655.1267,8760.1944,8651.059,8741.1507,8714.51,26.6407,0.3057,321781545.0,656747057.094
000852.SH,20260511,8807.905,8888.8726,8760.7141,8866.7792,8741.1507,125.6285,1.4372,344807972.0,742541492.856
000852.SH,20260512,8880.4148,8881.9024,8749.722,8821.8874,8866.7792,-44.8918,-0.5063,320849278.0,683458191.31
000852.SH,20260513,8764.0225,8958.4563,8764.0225,8955.4473,8821.8874,133.5599,1.514,319152706.0,677186620.719
000852.SH,20260514,8989.4867,8991.85,8778.7088,8778.7088,8955.4473,-176.7385,-1.9735,356344177.0,730969710.799
000852.SH,20260515,8786.3816,8846.5154,8616.0601,8682.6536,8778.7088,-96.0552,-1.0942,355707317.0,730238194.125
000852.SH,20260518,8645.7632,8766.3059,8610.7417,8720.2132,8682.6536,37.5596,0.4326,300420672.0,628497008.229
000852.SH,20260519,8691.3841,8812.0309,8602.0462,8808.6445,8720.2132,88.4313,1.0141,299219845.0,628935613.995
000852.SH,20260520,8769.0973,8823.6839,8697.3996,8808.9095,8808.6445,0.265,0.003,306719188.0,653945996.335
000852.SH,20260521,8852.4337,8896.6004,8500.92,8510.4958,8808.9095,-298.4137,-3.3876,350037951.0,744490227.37
000852.SH,20260522,8578.9002,8719.3865,8521.6952,8692.6655,8510.4958,182.1697,2.1405,286812407.0,613491387.498
000852.SH,20260525,8756.4578,8802.9457,8670.7156,8799.3116,8692.6655,106.6461,1.2269,302896006.0,668583970.115
000852.SH,20260526,8755.9075,8756.4625,8560.8039,8687.2528,8799.3116,-112.0588,-1.2735,314373551.0,681153504.049
000852.SH,20260527,8679.5357,8737.0548,8495.7232,8546.5142,8687.2528,-140.7386,-1.6201,313112354.0,668282707.863
000852.SH,20260528,8527.9088,8659.6101,8459.9486,8637.743,8546.5142,91.2288,1.0674,300747650.0,636606110.726
000852.SH,20260529,8673.798,8680.266,8357.8007,8408.7357,8637.743,-229.0073,-2.6512,332780217.0,705660466.957
000852.SH,20260601,8393.5182,8504.9828,8339.3533,8345.1291,8408.7357,-63.6066,-0.7564,305706423.0,607633321.059
000852.SH,20260602,8360.8072,8440.2318,8219.1526,8384.7812,8345.1291,39.6521,0.4752,292777853.0,589657282.873
000852.SH,20260603,8386.8576,8549.2486,8357.4635,8432.679,8384.7812,47.8978,0.5712,318291166.0,688232619.746
000852.SH,20260604,8338.854,8456.0172,8338.854,8420.0946,8432.679,-12.5844,-0.1492,286173609.0,599542777.866
000852.SH,20260605,8380.8523,8500.1001,8305.3956,8340.9631,8420.0946,-79.1315,-0.9398,314953576.0,664778756.147
