ts_code,trade_date,open,high,low,close,pre_close,change,pct_chg,vol,amount
399006.SZ,20200102,1811.2197,1839.4101,1797.5424,1832.7416,1798.1181,34.6235,1.9255,104308809.0,140075523.6
399006.SZ,20200103,1836.8642,1842.5578,1821.667,1836.0118,1832.7416,3.2702,0.1784,102278947.0,139125090.9
399006.SZ,20200106,1825.5516,1876.4645,1824.3456,1859.9209,1836.0118,23.9091,1.3022,123882597.0,160826208.6
399006.SZ,20200107,1866.2608,1893.2141,1866.2608,1893.2141,1859.9209,33.2932,1.79,117716464.0,154495664.0
399006.SZ,20200108,1881.0093,1892.5765,1858.2839,1862.6992,1893.2141,-30.5149,-1.6118,124252640.0,157851979.4
399006.SZ,20200109,1884.4216,1913.7835,1884.4216,1913.1422,1862.6992,50.443,2.7081,111039941.0,151693675.4
399006.SZ,20200110,1917.6122,1917.8281,1894.6696,1904.1945,1913.1422,-8.9477,-0.4677,101909878.0,142241584.7
399006.SZ,20200113,1905.3992,1935.0716,1893.5659,1935.0716,1904.1945,30.8771,1.6215,97008284.0,141704810.5
399006.SZ,20200114,1941.1239,1945.7667,1922.1308,1922.5573,1935.0716,-12.5143,-0.6467,104559052.0,147347083.3
399006.SZ,20200115,1920.6609,1928.6903,1902.6084,1924.2384,1922.5573,1.6811,0.0874,96262132.0,134073349.7
399006.SZ,20200116,1924.5185,1936.0345,1917.5636,1929.9608,1924.2384,5.7224,0.2974,90789901.0,131290347.1
399006.SZ,20200117,1935.2959,1949.0439,1928.3515,1932.5106,1929.9608,2.5498,0.1321,87891982.0,128495019.6
399006.SZ,20200120,1940.1223,1982.1762,1935.8296,1982.1762,1932.5106,49.6656,2.57,96129782.0,148823158.4
399006.SZ,20200121,1979.3729,1987.6619,1959.4424,1967.0268,1982.1762,-15.1494,-0.7643,97771047.0,144546480.8
399006.SZ,20200122,1958.0797,2004.3932,1928.0279,1993.8991,1967.0268,26.8723,1.3661,104920752.0,156071032.1
399006.SZ,20200123,1973.3313,1996.5518,1904.2754,1927.7418,1993.8991,-66.1573,-3.318,115766356.0,171066185.2
399006.SZ,20200203,1769.1641,1830.808,1769.1641,1795.7744,1927.7418,-131.9674,-6.8457,55016176.0,86251838.8
399006.SZ,20200204,1786.16,1886.8045,1786.16,1882.691,1795.7744,86.9166,4.8401,137879858.0,179446925.2
399006.SZ,20200205,1908.974,1966.2598,1901.7963,1939.6198,1882.691,56.9288,3.0238,128392844.0,185062399.1
399006.SZ,20200206,1934.9801,2014.8846,1918.6608,2012.2485,1939.6198,72.6287,3.7445,139859248.0,199165160.6
399006.SZ,20200207,2014.157,2025.319,1976.7875,2015.7993,2012.2485,3.5508,0.1765,150570021.0,206543366.6
399006.SZ,20200210,2019.3144,2043.6795,2007.225,2042.1773,2015.7993,26.378,1.3086,140850193.0,198346448.0
399006.SZ,20200211,2044.2183,2046.8119,2015.761,2028.4442,2042.1773,-13.7331,-0.6725,114694176.0,166312969.6
399006.SZ,20200212,2024.3786,2086.9427,2022.6758,2085.278,2028.4442,56.8338,2.8018,125141580.0,183951409.2
399006.SZ,20200213,2080.8191,2093.3679,2052.5691,2064.5956,2085.278,-20.6824,-0.9918,132454668.0,199479496.8
399006.SZ,20200214,2063.3059,2104.0068,2049.2574,2069.2188,2064.5956,4.6232,0.2239,120465864.0,189243891.5
399006.SZ,20200217,2089.2142,2146.1776,2089.2142,2146.1776,2069.2188,76.9588,3.7192,137288265.0,209062116.0
399006.SZ,20200218,2149.2978,2170.9493,2134.3418,2170.9493,2146.1776,24.7717,1.1542,151987308.0,232264025.4
399006.SZ,20200219,2168.8465,2171.9549,2137.4125,2139.4372,2170.9493,-31.5121,-1.4515,153374702.0,239314601.9
399006.SZ,20200220,2151.4203,2190.4991,2140.0551,2186.7374,2139.4372,47.3002,2.2109,149959190.0,231845615.3
399006.SZ,20200221,2191.984,2247.4168,2189.2494,2226.6389,2186.7374,39.9015,1.8247,171554382.0,265897597.3
399006.SZ,20200224,2223.1903,2271.7044,2213.8217,2263.9716,2226.6389,37.3327,1.6766,174379828.0,280513035.4
399006.SZ,20200225,2218.3263,2293.4626,2171.6791,2287.3117,2263.9716,23.3401,1.0309,203878173.0,320273779.0
399006.SZ,20200226,2248.6526,2263.0744,2173.2041,2180.7012,2287.3117,-106.6105,-4.661,181700143.0,275653704.4
399006.SZ,20200227,2200.3809,2233.7627,2163.8839,2196.7138,2180.7012,16.0126,0.7343,151009506.0,226726196.9
399006.SZ,20200228,2114.3192,2155.9675,2068.9299,2071.5665,2196.7138,-125.1473,-5.697,163640946.0,240165888.3
399006.SZ,20200302,2110.4476,2153.2168,2082.9692,2135.4152,2071.5665,63.8487,3.0821,135581757.0,203270058.9
399006.SZ,20200303,2190.4975,2238.7349,2151.5227,2173.3465,2135.4152,37.9313,1.7763,164936782.0,244497885.2
399006.SZ,20200304,2159.8583,2180.4251,2122.4542,2169.4428,2173.3465,-3.9037,-0.1796,136894653.0,200034183.3
399006.SZ,20200305,2206.082,2216.8246,2176.4905,2209.5883,2169.4428,40.1455,1.8505,153722439.0,225376959.0
399006.SZ,20200306,2178.5004,2220.3637,2175.0143,2192.9361,2209.5883,-16.6522,-0.7536,132655706.0,179819414.8
399006.SZ,20200309,2151.2696,2163.7278,2091.8554,2093.0632,2192.9361,-99.8729,-4.5543,147291766.0,206355673.1
399006.SZ,20200310,2083.1965,2151.4498,2052.0554,2148.8097,2093.0632,55.7465,2.6634,146435946.0,211479466.8
399006.SZ,20200311,2157.9311,2162.6046,2100.5073,2101.4635,2148.8097,-47.3462,-2.2034,138201955.0,196260534.9
399006.SZ,20200312,2070.2221,2076.009,2025.9061,2045.9255,2101.4635,-55.538,-2.6428,116725612.0,166985175.1
399006.SZ,20200313,1937.9455,2055.3311,1937.9455,2030.58,2045.9255,-15.3455,-0.7501,139508390.0,192739641.9
399006.SZ,20200316,2034.7542,2036.7338,1902.3984,1910.7666,2030.58,-119.8134,-5.9005,141969966.0,202262566.0
399006.SZ,20200317,1941.2023,1955.624,1847.5102,1917.7019,1910.7666,6.9353,0.363,118215891.0,167196984.6
399006.SZ,20200318,1941.3005,1980.7892,1887.0419,1887.0419,1917.7019,-30.66,-1.5988,119135600.0,175202763.1
399006.SZ,20200319,1898.7634,1908.6854,1838.3135,1894.9431,1887.0419,7.9012,0.4187,111763652.0,164730750.0
399006.SZ,20200320,1923.9601,1928.8794,1878.8492,1915.0464,1894.9431,20.1033,1.0609,99447956.0,147320990.5
399006.SZ,20200323,1856.3035,1884.4495,1819.7696,1827.0522,1915.0464,-87.9942,-4.5949,100245520.0,140788927.9
399006.SZ,20200324,1869.0439,1880.8649,1817.5539,1876.9102,1827.0522,49.858,2.7289,107738325.0,150786045.1
399006.SZ,20200325,1924.9908,1940.0746,1915.5277,1937.8546,1876.9102,60.9444,3.2471,109371605.0,154129539.8
399006.SZ,20200326,1922.7922,1948.6308,1914.3461,1927.2753,1937.8546,-10.5793,-0.5459,91010076.0,127107926.1
399006.SZ,20200327,1955.8707,1957.6988,1902.7885,1903.881,1927.2753,-23.3943,-1.2139,88595915.0,125181970.1
399006.SZ,20200330,1875.3056,1877.501,1833.0086,1860.4845,1903.881,-43.3965,-2.2794,93248637.0,125944299.9
399006.SZ,20200331,1876.6885,1886.2661,1862.8558,1871.9174,1860.4845,11.4329,0.6145,75089025.0,104910963.3
399006.SZ,20200401,1875.364,1900.1828,1862.2717,1864.8002,1871.9174,-7.1172,-0.3802,79588689.0,109742327.2
399006.SZ,20200402,1860.0754,1916.9506,1857.3232,1916.9506,1864.8002,52.1504,2.7966,83463906.0,117682611.3
399006.SZ,20200403,1912.7423,1928.3394,1898.7939,1906.6747,1916.9506,-10.2759,-0.5361,78491577.0,113433006.5
399006.SZ,20200407,1944.9638,1972.868,1942.7984,1969.7818,1906.6747,63.1071,3.3098,93934405.0,135628374.1
399006.SZ,20200408,1960.356,1974.7232,1956.902,1964.7573,1969.7818,-5.0245,-0.2551,102688836.0,138065454.5
399006.SZ,20200409,1981.239,2001.3597,1975.0376,1997.1361,1964.7573,32.3788,1.648,102822082.0,142509928.5
399006.SZ,20200410,1990.2626,1994.3539,1943.6937,1949.8848,1997.1361,-47.2513,-2.366,117673204.0,157491592.4
399006.SZ,20200413,1929.7973,1937.3274,1913.9551,1923.0814,1949.8848,-26.8034,-1.3746,82726406.0,108060915.6
399006.SZ,20200414,1937.2925,1985.426,1934.4816,1985.426,1923.0814,62.3446,3.2419,87774175.0,123248568.7
399006.SZ,20200415,1991.5983,2002.7601,1975.7963,1977.5145,1985.426,-7.9115,-0.3985,92250820.0,129513931.7
399006.SZ,20200416,1970.7324,2012.4625,1968.2532,2008.3881,1977.5145,30.8736,1.5612,94386726.0,128959126.3
399006.SZ,20200417,2025.652,2048.2776,2015.8348,2020.7696,2008.3881,12.3815,0.6165,108220064.0,156698253.0
399006.SZ,20200420,2027.8409,2043.5558,2022.5866,2043.437,2020.7696,22.6674,1.1217,94948121.0,132570594.9
399006.SZ,20200421,2035.7701,2035.7701,1996.9622,2023.9423,2043.437,-19.4947,-0.954,100837495.0,136526232.2
399006.SZ,20200422,2005.6463,2043.5583,2002.9621,2043.1705,2023.9423,19.2282,0.95,96548430.0,124832542.4
399006.SZ,20200423,2053.1243,2057.8509,2027.3339,2029.5244,2043.1705,-13.6461,-0.6679,101770887.0,133324027.4
399006.SZ,20200424,2032.5542,2038.2365,1997.121,2003.7478,2029.5244,-25.7766,-1.2701,98175461.0,122061487.5
399006.SZ,20200427,2011.1585,2035.8889,1995.5052,2018.6659,2003.7478,14.9181,0.7445,84520651.0,108114103.2
399006.SZ,20200428,2023.9615,2046.9316,1967.3991,2030.7242,2018.6659,12.0583,0.5973,98202547.0,132028947.3
399006.SZ,20200429,2022.5062,2053.3778,2020.9826,2030.4769,2030.7242,-0.2473,-0.0122,74031472.0,101273893.7
399006.SZ,20200430,2044.6756,2077.8073,2043.8162,2069.4321,2030.4769,38.9552,1.9185,92259394.0,136310890.7
399006.SZ,20200506,2052.389,2111.6562,2051.2918,2110.2665,2069.4321,40.8344,1.9732,88958108.0,137454742.1
399006.SZ,20200507,2113.7519,2116.2267,2095.7421,2106.8418,2110.2665,-3.4247,-0.1623,87730690.0,130666974.9
399006.SZ,20200508,2117.8662,2137.7856,2112.8869,2125.2433,2106.8418,18.4015,0.8734,86308598.0,133023162.8
399006.SZ,20200511,2137.9798,2139.6652,2088.6583,2102.8251,2125.2433,-22.4182,-1.0549,88158882.0,133238883.8
399006.SZ,20200512,2106.2232,2125.3229,2092.5781,2124.15,2102.8251,21.3249,1.0141,82133006.0,119689207.2
399006.SZ,20200513,2120.0112,2145.0243,2116.5512,2140.6809,2124.15,16.5309,0.7782,76039747.0,117121971.4
399006.SZ,20200514,2131.46,2137.1404,2116.352,2117.6473,2140.6809,-23.0336,-1.076,83797582.0,122394294.5
399006.SZ,20200515,2128.8764,2138.9681,2109.5463,2124.3107,2117.6473,6.6634,0.3147,82473692.0,129839184.8
399006.SZ,20200518,2122.3072,2137.1487,2096.2537,2114.8582,2124.3107,-9.4525,-0.445,91835861.0,144521135.4
399006.SZ,20200519,2137.4169,2144.9835,2128.8924,2144.1207,2114.8582,29.2625,1.3837,79874086.0,128923742.4
399006.SZ,20200520,2149.2923,2153.2439,2112.0856,2118.1192,2144.1207,-26.0015,-1.2127,86947432.0,145434888.6
399006.SZ,20200521,2130.9605,2138.7197,2092.5439,2099.4317,2118.1192,-18.6875,-0.8823,78795761.0,126857215.1
399006.SZ,20200522,2099.4159,2099.4159,2036.6777,2046.5956,2099.4317,-52.8361,-2.5167,77402718.0,115134746.3
399006.SZ,20200525,2049.7118,2055.186,2036.0044,2052.3022,2046.5956,5.7066,0.2788,65445850.0,97520836.8
399006.SZ,20200526,2070.1395,2113.2877,2067.1442,2112.9733,2052.3022,60.6711,2.9562,74688074.0,115153960.4
399006.SZ,20200527,2114.0706,2114.8591,2064.4092,2071.4735,2112.9733,-41.4998,-1.964,79251186.0,123633310.3
399006.SZ,20200528,2071.1679,2075.8685,2021.9805,2054.964,2071.4735,-16.5095,-0.797,79237093.0,115351464.5
399006.SZ,20200529,2049.754,2090.2962,2043.9525,2086.6658,2054.964,31.7018,1.5427,81707120.0,118566540.9
399006.SZ,20200601,2105.2418,2163.3495,2105.2418,2158.2231,2086.6658,71.5573,3.4293,107881045.0,156426709.7
399006.SZ,20200602,2164.9887,2164.9887,2132.3995,2145.2857,2158.2231,-12.9374,-0.5994,104579153.0,152468343.9
399006.SZ,20200603,2151.4978,2165.4542,2139.9932,2143.1169,2145.2857,-2.1688,-0.1011,105267978.0,153134641.8
399006.SZ,20200604,2150.5027,2157.2779,2137.3497,2151.3849,2143.1169,8.268,0.3858,90592752.0,130827440.7
399006.SZ,20200605,2152.4184,2166.3751,2143.2796,2166.3751,2151.3849,14.9902,0.6968,88300815.0,127843066.9
399006.SZ,20200608,2184.5815,2186.974,2147.8648,2153.5642,2166.3751,-12.8109,-0.5914,93822481.0,138794553.1
399006.SZ,20200609,2160.3431,2186.4703,2147.1733,2181.5887,2153.5642,28.0245,1.3013,87758746.0,126394589.4
399006.SZ,20200610,2186.5622,2205.2677,2180.3528,2201.9882,2181.5887,20.3995,0.9351,87498422.0,127672589.8
399006.SZ,20200611,2202.1404,2236.0846,2181.5882,2195.6376,2201.9882,-6.3506,-0.2884,99893148.0,156547499.9
399006.SZ,20200612,2149.9561,2220.9723,2147.4162,2206.7641,2195.6376,11.1265,0.5068,100475912.0,155364721.3
399006.SZ,20200615,2223.4254,2256.6487,2217.2859,2219.5495,2206.7641,12.7854,0.5794,112025959.0,167725966.3
399006.SZ,20200616,2246.8921,2261.1792,2239.342,2260.4575,2219.5495,40.908,1.8431,108897750.0,161817148.1
399006.SZ,20200617,2265.0873,2274.4876,2248.7198,2263.9606,2260.4575,3.5031,0.155,116002772.0,168589071.4
399006.SZ,20200618,2266.8766,2270.1118,2243.6306,2266.0319,2263.9606,2.0713,0.0915,108983629.0,168132809.4
399006.SZ,20200619,2271.652,2328.5831,2271.5889,2319.4494,2266.0319,53.4175,2.3573,100219600.0,163307224.8
399006.SZ,20200622,2328.4002,2358.9132,2328.4002,2342.8804,2319.4494,23.431,1.0102,104120543.0,173898469.8
399006.SZ,20200623,2344.0522,2382.3292,2335.2191,2382.0473,2342.8804,39.1669,1.6717,98534784.0,163968476.8
399006.SZ,20200624,2386.2606,2397.363,2367.6845,2382.4734,2382.0473,0.4261,0.0179,93198978.0,161549581.6
399006.SZ,20200629,2375.9926,2387.1631,2360.161,2372.5363,2382.4734,-9.9371,-0.4171,94748210.0,156578985.7
399006.SZ,20200630,2387.5926,2441.8999,2387.5926,2438.1967,2372.5363,65.6604,2.7675,95645911.0,165828687.2
399006.SZ,20200701,2449.8655,2450.8416,2381.5933,2419.6294,2438.1967,-18.5673,-0.7615,102164492.0,179376368.4
399006.SZ,20200702,2418.3083,2435.1174,2397.6854,2424.3934,2419.6294,4.764,0.1969,113172178.0,191128317.9
399006.SZ,20200703,2426.3016,2467.497,2407.9983,2462.5624,2424.3934,38.169,1.5744,121657183.0,203856908.7
399006.SZ,20200706,2469.2397,2535.714,2460.1306,2529.487,2462.5624,66.9246,2.7177,160596287.0,262920996.5
399006.SZ,20200707,2548.4084,2632.8052,2538.8215,2591.2634,2529.487,61.7764,2.4423,178290023.0,295002388.9
399006.SZ,20200708,2603.6478,2653.0706,2577.4847,2651.9694,2591.2634,60.706,2.3427,157824920.0,266068680.3
399006.SZ,20200709,2649.4506,2771.2152,2646.4664,2757.6534,2651.9694,105.684,3.9851,188232613.0,321084155.4
399006.SZ,20200710,2744.6084,2798.9995,2734.9652,2778.4567,2757.6534,20.8033,0.7544,166475242.0,293040585.0
399006.SZ,20200713,2789.9755,2896.3092,2789.9755,2889.4265,2778.4567,110.9698,3.9939,168284799.0,304711446.1
399006.SZ,20200714,2876.8547,2892.8876,2789.0353,2858.6719,2889.4265,-30.7546,-1.0644,178742671.0,323794017.1
399006.SZ,20200715,2866.2424,2894.424,2787.8271,2813.0607,2858.6719,-45.6112,-1.5955,169519164.0,302150543.7
399006.SZ,20200716,2814.7975,2849.1005,2638.1655,2646.2604,2813.0607,-166.8003,-5.9295,152471917.0,273132868.1
399006.SZ,20200717,2659.4454,2726.2778,2618.6837,2662.4024,2646.2604,16.142,0.61,119000950.0,213279247.0
399006.SZ,20200720,2707.6133,2717.0008,2619.0292,2697.3006,2662.4024,34.8982,1.3108,116014824.0,204551064.8
399006.SZ,20200721,2708.1348,2745.0487,2692.8715,2736.5118,2697.3006,39.2112,1.4537,114653687.0,200778664.6
399006.SZ,20200722,2725.4529,2807.4153,2716.4483,2769.028,2736.5118,32.5162,1.1882,122934184.0,221082794.5
399006.SZ,20200723,2740.414,2799.6735,2707.5464,2799.6735,2769.028,30.6455,1.1067,131398480.0,238197842.3
399006.SZ,20200724,2769.9689,2781.79,2614.7796,2627.8426,2799.6735,-171.8309,-6.1375,148408028.0,262817625.2
399006.SZ,20200727,2639.2556,2671.4481,2605.769,2631.7619,2627.8426,3.9193,0.1491,104460639.0,182761271.5
399006.SZ,20200728,2668.2469,2677.7357,2627.6488,2666.5213,2631.7619,34.7594,1.3208,102525676.0,173572061.4
399006.SZ,20200729,2659.9395,2768.1737,2652.9025,2767.4018,2666.5213,100.8805,3.7832,119939648.0,207318556.2
399006.SZ,20200730,2782.1098,2787.382,2734.0588,2743.6336,2767.4018,-23.7682,-0.8589,125904639.0,214738743.3
399006.SZ,20200731,2747.41,2817.418,2741.4425,2795.3998,2743.6336,51.7662,1.8868,128758027.0,227340145.9
399006.SZ,20200803,2831.3505,2870.6501,2801.1134,2868.8821,2795.3998,73.4823,2.6287,150165189.0,262991084.8
399006.SZ,20200804,2863.3182,2893.4033,2819.0066,2832.8447,2868.8821,-36.0374,-1.2561,143951678.0,258654550.8
399006.SZ,20200805,2826.4082,2875.4388,2803.772,2860.2415,2832.8447,27.3968,0.9671,126667243.0,229264754.6
399006.SZ,20200806,2868.8228,2868.8228,2774.6892,2814.3737,2860.2415,-45.8678,-1.6036,135418058.0,246387795.0
399006.SZ,20200807,2807.0976,2823.9737,2703.1258,2749.9533,2814.3737,-64.4204,-2.289,130208074.0,242159023.4
399006.SZ,20200810,2735.4321,2757.4263,2693.7272,2735.2561,2749.9533,-14.6972,-0.5345,114416028.0,208391803.4
399006.SZ,20200811,2740.1523,2774.9013,2686.1906,2688.7004,2735.2561,-46.5557,-1.7021,116626968.0,198912276.5
399006.SZ,20200812,2689.5759,2694.9544,2577.7125,2635.5022,2688.7004,-53.1982,-1.9786,114210807.0,201483986.7
399006.SZ,20200813,2657.2022,2660.7063,2611.1429,2622.6405,2635.5022,-12.8617,-0.488,98316981.0,154798124.8
399006.SZ,20200814,2624.8341,2669.4819,2615.6316,2668.7124,2622.6405,46.0719,1.7567,98734235.0,152182013.2
399006.SZ,20200817,2682.2102,2696.6962,2652.0518,2696.3924,2668.7124,27.68,1.0372,117568784.0,189720234.6
399006.SZ,20200818,2702.4206,2724.0352,2689.0294,2701.0606,2696.3924,4.6682,0.1731,120061423.0,188016091.2
399006.SZ,20200819,2695.8946,2695.8946,2612.8354,2612.8354,2701.0606,-88.2252,-3.2663,117062320.0,182878903.9
399006.SZ,20200820,2592.8762,2629.2858,2578.3919,2587.8614,2612.8354,-24.974,-0.9558,96989274.0,149613379.3
399006.SZ,20200821,2611.5409,2644.0206,2607.8164,2632.452,2587.8614,44.5906,1.7231,107788142.0,162410748.2
399006.SZ,20200824,2653.6315,2704.8039,2592.6593,2684.6293,2632.452,52.1773,1.9821,139892574.0,228894690.4
399006.SZ,20200825,2687.2928,2737.4697,2683.1866,2701.6042,2684.6293,16.9749,0.6323,184569997.0,271310893.6
399006.SZ,20200826,2701.4834,2717.8026,2635.1321,2644.144,2701.6042,-57.4602,-2.1269,182394718.0,265592182.3
399006.SZ,20200827,2653.7389,2699.8841,2637.4198,2689.1705,2644.144,45.0265,1.7029,194445373.0,257747520.3
399006.SZ,20200828,2687.2308,2762.885,2680.4916,2757.8387,2689.1705,68.6682,2.5535,192629571.0,264749420.8
399006.SZ,20200831,2769.8315,2779.5186,2726.6765,2728.3134,2757.8387,-29.5253,-1.0706,172379100.0,252996047.2
399006.SZ,20200901,2721.1798,2750.4235,2701.558,2750.4235,2728.3134,22.1101,0.8104,169326637.0,235763367.9
399006.SZ,20200902,2753.9254,2785.3488,2731.4112,2771.8503,2750.4235,21.4268,0.779,261898137.0,317582116.1
399006.SZ,20200903,2766.9836,2789.1206,2738.1275,2746.9528,2771.8503,-24.8975,-0.8982,235159946.0,294508945.1
399006.SZ,20200904,2690.2871,2739.8986,2686.8653,2732.1546,2746.9528,-14.7982,-0.5387,219786642.0,274964593.9
399006.SZ,20200907,2728.7423,2745.6149,2628.8632,2641.2016,2732.1546,-90.953,-3.329,279798271.0,354778928.0
399006.SZ,20200908,2648.44,2663.6858,2612.6366,2650.629,2641.2016,9.4274,0.3569,287026736.0,337455355.0
399006.SZ,20200909,2609.1295,2609.3729,2506.8983,2523.3957,2650.629,-127.2333,-4.8001,333012910.0,402170495.3
399006.SZ,20200910,2551.3025,2565.8485,2477.6735,2483.0316,2523.3957,-40.3641,-1.5996,258696291.0,302223418.6
399006.SZ,20200911,2474.7027,2542.1304,2474.7027,2536.6181,2483.0316,53.5865,2.1581,181158237.0,215615410.7
399006.SZ,20200914,2568.0145,2604.3856,2548.0916,2572.6012,2536.6181,35.9831,1.4185,215760889.0,270516790.2
399006.SZ,20200915,2578.6931,2599.5412,2563.0708,2595.1539,2572.6012,22.5527,0.8766,199711777.0,258206424.4
399006.SZ,20200916,2597.6386,2597.6386,2540.015,2554.7996,2595.1539,-40.3543,-1.555,168027775.0,230373342.9
399006.SZ,20200917,2551.2889,2582.2639,2521.6025,2557.3211,2554.7996,2.5215,0.0987,167239057.0,252663246.3
399006.SZ,20200918,2558.2911,2600.5839,2537.8355,2596.0818,2557.3211,38.7607,1.5157,168612432.0,244927217.0
399006.SZ,20200921,2605.5538,2607.6538,2565.0426,2569.2194,2596.0818,-26.8624,-1.0347,156039994.0,222557561.3
399006.SZ,20200922,2556.4617,2596.8084,2547.3628,2555.5441,2569.2194,-13.6753,-0.5323,153335233.0,217220524.5
399006.SZ,20200923,2563.7128,2608.4158,2549.3381,2599.8846,2555.5441,44.3405,1.7351,151394834.0,223720858.2
399006.SZ,20200924,2576.035,2583.6246,2535.8685,2535.8685,2599.8846,-64.0161,-2.4623,151494433.0,215066984.4
399006.SZ,20200925,2551.4449,2570.3629,2529.1279,2540.4261,2535.8685,4.5576,0.1797,114819788.0,171386029.0
399006.SZ,20200928,2551.781,2555.019,2517.0351,2521.246,2540.4261,-19.1801,-0.755,105450514.0,159573651.0
399006.SZ,20200929,2538.3643,2579.2711,2521.6979,2563.3794,2521.246,42.1334,1.6711,104691542.0,162583114.2
399006.SZ,20200930,2575.4636,2601.8032,2561.0541,2574.7583,2563.3794,11.3789,0.4439,104697399.0,158708387.8
399006.SZ,20201009,2632.5916,2679.0139,2629.2211,2672.9344,2574.7583,98.1761,3.813,127638012.0,210972325.6
399006.SZ,20201012,2702.1558,2777.388,2698.7555,2777.388,2672.9344,104.4536,3.9078,176260460.0,296405774.5
399006.SZ,20201013,2769.6619,2792.9651,2754.1534,2784.7166,2777.388,7.3286,0.2639,183299977.0,286739886.5
399006.SZ,20201014,2777.8872,2793.4853,2759.5418,2764.2438,2784.7166,-20.4728,-0.7352,169506568.0,278869620.9
399006.SZ,20201015,2767.1711,2770.3368,2735.3384,2737.9628,2764.2438,-26.281,-0.9507,151819390.0,258759950.1
399006.SZ,20201016,2735.68,2754.3501,2697.2523,2724.4966,2737.9628,-13.4662,-0.4918,141887297.0,235487947.3
399006.SZ,20201019,2750.9456,2752.7584,2684.4624,2689.669,2724.4966,-34.8276,-1.2783,150111918.0,236713468.3
399006.SZ,20201020,2698.0548,2740.583,2686.8162,2740.583,2689.669,50.914,1.8929,157330282.0,242235320.2
399006.SZ,20201021,2746.7275,2746.7275,2689.3398,2700.5327,2740.583,-40.0503,-1.4614,161333017.0,258326464.9
399006.SZ,20201022,2686.7772,2686.8888,2645.7501,2673.585,2700.5327,-26.9477,-0.9979,151359941.0,233906656.1
399006.SZ,20201023,2680.7068,2701.4646,2592.4204,2600.8426,2673.585,-72.7424,-2.7208,153680876.0,243600829.2
399006.SZ,20201026,2585.7879,2629.3129,2555.3194,2617.7427,2600.8426,16.9001,0.6498,133022943.0,212820867.5
399006.SZ,20201027,2618.6964,2656.1646,2613.0753,2650.7637,2617.7427,33.021,1.2614,142274461.0,223283887.0
399006.SZ,20201028,2648.4898,2684.9488,2628.4695,2670.4815,2650.7637,19.7178,0.7439,158609084.0,252640342.4
399006.SZ,20201029,2635.6927,2713.8812,2631.2307,2699.9229,2670.4815,29.4414,1.1025,161399373.0,264849911.9
399006.SZ,20201030,2709.0021,2712.4521,2647.3066,2655.8646,2699.9229,-44.0583,-1.6318,173642652.0,275439228.8
399006.SZ,20201102,2670.5158,2721.3053,2664.7636,2708.3878,2655.8646,52.5232,1.9776,138505146.0,231221569.6
399006.SZ,20201103,2720.6999,2750.4739,2701.0651,2744.3137,2708.3878,35.9259,1.3265,148341522.0,241467960.0
399006.SZ,20201104,2747.5406,2758.4194,2725.5217,2750.5536,2744.3137,6.2399,0.2274,145125603.0,236195996.4
399006.SZ,20201105,2782.0635,2791.5658,2744.779,2787.878,2750.5536,37.3244,1.357,157318232.0,263125997.3
399006.SZ,20201106,2798.554,2798.554,2708.0786,2733.0715,2787.878,-54.8065,-1.9659,148413439.0,255983499.1
399006.SZ,20201109,2753.925,2831.3681,2753.925,2813.9978,2733.0715,80.9263,2.961,164948289.0,296276309.7
399006.SZ,20201110,2811.4845,2811.4845,2757.9533,2773.2176,2813.9978,-40.7802,-1.4492,153553843.0,273934567.9
399006.SZ,20201111,2762.7058,2766.6448,2681.5244,2681.5244,2773.2176,-91.6932,-3.3064,125100459.0,224908267.3
399006.SZ,20201112,2705.7609,2721.4332,2687.762,2700.5098,2681.5244,18.9854,0.708,107900127.0,184449388.4
399006.SZ,20201113,2699.5171,2717.46,2679.0948,2706.8134,2700.5098,6.3036,0.2334,96424475.0,175275258.5
399006.SZ,20201116,2716.0212,2722.522,2679.0991,2712.4087,2706.8134,5.5953,0.2067,98640213.0,180541609.4
399006.SZ,20201117,2715.0865,2715.6941,2626.3686,2658.0921,2712.4087,-54.3166,-2.0025,112459613.0,202144872.8
399006.SZ,20201118,2656.8888,2680.6164,2612.8234,2620.6722,2658.0921,-37.4199,-1.4078,105527486.0,188133263.4
399006.SZ,20201119,2614.7816,2651.3677,2593.8348,2645.161,2620.6722,24.4888,0.9344,117615006.0,192331138.1
399006.SZ,20201120,2649.5585,2677.1311,2649.5585,2667.0925,2645.161,21.9315,0.8291,105833683.0,178868013.3
399006.SZ,20201123,2677.3475,2705.7676,2653.0815,2686.3577,2667.0925,19.2652,0.7223,111090074.0,199915410.1
399006.SZ,20201124,2689.7983,2700.0152,2664.9529,2674.7983,2686.3577,-11.5594,-0.4303,100786818.0,179873301.8
399006.SZ,20201125,2678.1061,2679.032,2615.5311,2615.5311,2674.7983,-59.2672,-2.2158,105680514.0,187336952.1
399006.SZ,20201126,2616.7405,2632.8716,2584.6908,2609.3862,2615.5311,-6.1449,-0.2349,96422806.0,165584596.4
399006.SZ,20201127,2614.6635,2635.6939,2594.0684,2618.9908,2609.3862,9.6046,0.3681,92445133.0,160937116.3
399006.SZ,20201130,2627.8668,2653.4356,2593.7032,2631.8893,2618.9908,12.8985,0.4925,101784215.0,188924105.8
399006.SZ,20201201,2628.7259,2700.2795,2627.4465,2698.4431,2631.8893,66.5538,2.5287,107272561.0,190245548.6
399006.SZ,20201202,2697.4444,2703.2539,2662.1775,2682.9718,2698.4431,-15.4713,-0.5733,108326575.0,191294114.5
399006.SZ,20201203,2681.5856,2721.8484,2670.2148,2712.5177,2682.9718,29.5459,1.1012,103656535.0,185370311.1
399006.SZ,20201204,2701.3687,2736.2733,2696.9472,2730.8373,2712.5177,18.3196,0.6754,88609362.0,158581685.3
399006.SZ,20201207,2720.8542,2739.7652,2715.9273,2726.4828,2730.8373,-4.3545,-0.1595,90628689.0,173246121.2
399006.SZ,20201208,2736.0285,2757.3426,2735.8343,2746.2816,2726.4828,19.7988,0.7262,82537974.0,154524910.8
399006.SZ,20201209,2752.3544,2763.414,2693.1874,2697.8256,2746.2816,-48.456,-1.7644,101002814.0,181141125.8
399006.SZ,20201210,2689.2149,2734.6387,2675.4576,2718.5452,2697.8256,20.7196,0.768,85881188.0,155131063.3
399006.SZ,20201211,2727.9658,2733.9383,2665.1006,2687.7808,2718.5452,-30.7644,-1.1316,106423086.0,185437400.5
399006.SZ,20201214,2695.1911,2729.0682,2674.5076,2726.601,2687.7808,38.8202,1.4443,90804571.0,162012546.4
399006.SZ,20201215,2727.9527,2761.3187,2720.1419,2758.8546,2726.601,32.2536,1.1829,85709853.0,157492706.6
399006.SZ,20201216,2764.3375,2771.5917,2732.5783,2760.6399,2758.8546,1.7853,0.0647,88134018.0,155234359.4
399006.SZ,20201217,2758.4424,2789.2484,2739.1555,2785.6153,2760.6399,24.9754,0.9047,93729079.0,162824199.6
399006.SZ,20201218,2787.7759,2803.1142,2768.4683,2780.7302,2785.6153,-4.8851,-0.1754,82883836.0,152865547.5
399006.SZ,20201221,2789.6424,2882.4426,2783.3867,2882.4426,2780.7302,101.7124,3.6578,88575200.0,175092776.2
399006.SZ,20201222,2867.2105,2888.3498,2809.922,2811.7493,2882.4426,-70.6933,-2.4525,104673253.0,191347341.4
399006.SZ,20201223,2822.2592,2865.4717,2809.7854,2842.9704,2811.7493,31.2211,1.1104,99054391.0,187706605.7
399006.SZ,20201224,2838.9381,2848.3372,2811.9284,2820.7532,2842.9704,-22.2172,-0.7815,102202310.0,174342704.1
399006.SZ,20201225,2811.5466,2841.5675,2793.7782,2840.8006,2820.7532,20.0474,0.7107,87907670.0,159956082.7
399006.SZ,20201228,2847.1203,2860.9954,2823.0034,2842.8101,2840.8006,2.0095,0.0707,97762012.0,174771903.6
399006.SZ,20201229,2838.7076,2843.7151,2795.6461,2812.9974,2842.8101,-29.8127,-1.0487,97368670.0,173598157.4
399006.SZ,20201230,2828.0141,2909.1884,2827.0667,2900.5375,2812.9974,87.5401,3.112,84564375.0,165360001.1
399006.SZ,20201231,2911.3902,2969.7527,2909.666,2966.2563,2900.5375,65.7188,2.2657,87399891.0,179293601.3
399006.SZ,20210104,2977.3205,3094.5284,2963.4138,3078.1113,2966.2563,111.855,3.7709,104349613.0,229575307.3
399006.SZ,20210105,3050.1825,3100.0015,3027.7559,3097.977,3078.1113,19.8657,0.6454,109187298.0,241289113.7
399006.SZ,20210106,3113.8472,3134.7631,3057.5636,3115.0913,3097.977,17.1143,0.5524,111972348.0,225083675.3
399006.SZ,20210107,3106.3391,3162.398,3086.0639,3162.398,3115.0913,47.3067,1.5186,126540769.0,233521255.9
399006.SZ,20210108,3179.3651,3194.3658,3115.9922,3150.7797,3162.398,-11.6183,-0.3674,111271745.0,215418741.2
399006.SZ,20210111,3159.5942,3159.5942,3066.7412,3092.8608,3150.7797,-57.9189,-1.8382,108210137.0,225389521.9
399006.SZ,20210112,3079.8399,3180.3496,3057.7351,3180.3496,3092.8608,87.4888,2.8287,93867326.0,199272407.6
399006.SZ,20210113,3180.7465,3207.0714,3100.0653,3130.2979,3180.3496,-50.0517,-1.5738,104239949.0,224930405.8
399006.SZ,20210114,3101.9623,3142.8536,3061.018,3089.1774,3130.2979,-41.1205,-1.3136,94183092.0,200034630.0
399006.SZ,20210115,3073.9967,3109.8701,3020.7813,3089.9447,3089.1774,0.7673,0.0248,91396639.0,185980433.6
399006.SZ,20210118,3078.0263,3164.5806,3056.8051,3149.2004,3089.9447,59.2557,1.9177,93923229.0,183974075.9
399006.SZ,20210119,3146.273,3157.4638,3074.1931,3084.4881,3149.2004,-64.7123,-2.0549,106575119.0,197984350.5
399006.SZ,20210120,3106.3477,3204.932,3098.4264,3204.932,3084.4881,120.4439,3.9048,94380760.0,195028339.7
399006.SZ,20210121,3217.8272,3303.3222,3217.8272,3283.721,3204.932,78.789,2.4584,106153641.0,218962440.6
399006.SZ,20210122,3282.041,3366.692,3281.3992,3358.2377,3283.721,74.5167,2.2693,105032751.0,232440172.4
399006.SZ,20210125,3363.6024,3427.4437,3333.7429,3355.2401,3358.2377,-2.9976,-0.0893,103834676.0,237284188.3
399006.SZ,20210126,3335.4375,3335.4375,3253.2736,3258.3553,3355.2401,-96.8848,-2.8876,92179459.0,206073285.5
399006.SZ,20210127,3269.773,3296.163,3196.0881,3281.0305,3258.3553,22.6752,0.6959,91484093.0,182490438.9
399006.SZ,20210128,3219.9302,3248.0151,3160.5286,3161.8634,3281.0305,-119.1671,-3.632,95663222.0,183998962.2
399006.SZ,20210129,3201.6694,3221.114,3070.0379,3128.8649,3161.8634,-32.9985,-1.0436,98297507.0,190745905.2
399006.SZ,20210201,3134.7899,3189.8523,3123.4352,3159.9933,3128.8649,31.1284,0.9949,87202139.0,174690824.8
399006.SZ,20210202,3176.2533,3232.4337,3130.7626,3228.6976,3159.9933,68.7043,2.1742,85529207.0,179022979.5
399006.SZ,20210203,3245.261,3276.2345,3218.8698,3223.7662,3228.6976,-4.9314,-0.1527,87356803.0,185243343.8
399006.SZ,20210204,3208.6466,3248.2814,3155.7874,3200.5493,3223.7662,-23.2169,-0.7202,86627498.0,174213618.9
399006.SZ,20210205,3224.8475,3256.7219,3191.458,3193.7066,3200.5493,-6.8427,-0.2138,76045479.0,162001551.3
399006.SZ,20210208,3202.4829,3278.0603,3162.5868,3278.0603,3193.7066,84.3537,2.6412,66972657.0,152656266.5
399006.SZ,20210209,3291.5011,3339.9693,3273.059,3334.2422,3278.0603,56.1819,1.7139,71738961.0,158877657.6
399006.SZ,20210210,3350.324,3427.8203,3314.6727,3413.8101,3334.2422,79.5679,2.3864,69134932.0,160180531.2
399006.SZ,20210218,3475.8905,3475.9981,3300.183,3320.144,3413.8101,-93.6661,-2.7437,91427754.0,203141947.8
399006.SZ,20210219,3289.0055,3308.746,3195.9541,3285.5347,3320.144,-34.6093,-1.0424,93986268.0,181261953.2
399006.SZ,20210222,3278.5857,3278.5857,3138.6476,3138.6723,3285.5347,-146.8624,-4.47,118336667.0,219875916.3
399006.SZ,20210223,3099.1894,3156.37,3090.319,3112.3574,3138.6723,-26.3149,-0.8384,88083782.0,164296957.4
399006.SZ,20210224,3112.7234,3125.2401,2973.8842,3007.4559,3112.3574,-104.9015,-3.3705,97988561.0,187147764.0
399006.SZ,20210225,3040.9013,3045.0006,2969.0329,2977.1759,3007.4559,-30.28,-1.0068,88285850.0,158855512.8
399006.SZ,20210226,2907.4831,2961.0272,2887.8092,2914.1127,2977.1759,-63.0632,-2.1182,90275926.0,163883639.0
399006.SZ,20210301,2958.5301,2998.0333,2935.0763,2994.7508,2914.1127,80.6381,2.7672,90984643.0,165562273.5
399006.SZ,20210302,3019.0956,3023.208,2937.8896,2966.8915,2994.7508,-27.8593,-0.9303,87564874.0,163975544.4
399006.SZ,20210303,2951.2903,2997.9933,2933.8341,2997.7492,2966.8915,30.8577,1.0401,80357921.0,142641198.5
399006.SZ,20210304,2962.5202,2962.5202,2841.1541,2851.8732,2997.7492,-145.876,-4.8662,95795005.0,176678123.8
399006.SZ,20210305,2800.2504,2897.172,2800.2504,2871.9719,2851.8732,20.0987,0.7048,105779691.0,166327929.6
399006.SZ,20210308,2889.0846,2905.4687,2726.3428,2728.8437,2871.9719,-143.1282,-4.9836,107092804.0,186442333.5
399006.SZ,20210309,2717.1698,2733.9821,2608.2412,2633.4496,2728.8437,-95.3941,-3.4958,108261658.0,183776099.1
399006.SZ,20210310,2708.2293,2720.2499,2665.6967,2676.7018,2633.4496,43.2522,1.6424,85425561.0,146338368.7
399006.SZ,20210311,2682.948,2768.9546,2677.5706,2746.5754,2676.7018,69.8736,2.6104,83028387.0,148398040.9
399006.SZ,20210312,2768.5771,2771.8658,2711.3252,2756.8127,2746.5754,10.2373,0.3727,83114959.0,144827729.7
399006.SZ,20210315,2737.4467,2737.4467,2612.4495,2644.0149,2756.8127,-112.7978,-4.0916,79935707.0,135172828.8
399006.SZ,20210316,2664.6932,2678.9151,2629.3583,2672.1171,2644.0149,28.1022,1.0629,88291561.0,130955095.0
399006.SZ,20210317,2662.9255,2717.6748,2631.7296,2704.1362,2672.1171,32.0191,1.1983,84968442.0,131921268.9
399006.SZ,20210318,2717.2745,2760.7888,2713.8496,2748.7258,2704.1362,44.5896,1.6489,84056847.0,143726513.6
399006.SZ,20210319,2697.8275,2726.8717,2653.998,2671.5179,2748.7258,-77.2079,-2.8089,80629029.0,142057899.3
399006.SZ,20210322,2683.6384,2729.0983,2665.6164,2698.2613,2671.5179,26.7434,1.0011,82721007.0,140798743.6
399006.SZ,20210323,2684.6428,2708.9595,2641.3748,2668.0818,2698.2613,-30.1795,-1.1185,90522749.0,157255816.6
399006.SZ,20210324,2650.3724,2678.4021,2623.2924,2634.6142,2668.0818,-33.4676,-1.2544,80878794.0,138866686.4
399006.SZ,20210325,2609.3782,2670.8964,2603.9371,2655.9988,2634.6142,21.3846,0.8117,84741034.0,139611833.4
399006.SZ,20210326,2672.9087,2754.3027,2672.9087,2745.4001,2655.9988,89.4013,3.366,80652149.0,149296519.9
399006.SZ,20210329,2747.8562,2768.1403,2716.9466,2733.9632,2745.4001,-11.4369,-0.4166,79025158.0,139949792.9
399006.SZ,20210330,2728.4902,2779.866,2722.234,2771.3221,2733.9632,37.3589,1.3665,80983696.0,140097189.0
399006.SZ,20210331,2770.332,2777.0826,2731.2214,2758.5015,2771.3221,-12.8206,-0.4626,68452039.0,122743335.6
399006.SZ,20210401,2766.4174,2819.4149,2766.4174,2815.4134,2758.5015,56.9119,2.0631,65051661.0,118889518.7
399006.SZ,20210402,2828.3516,2871.1099,2820.0099,2852.2293,2815.4134,36.8159,1.3077,68828039.0,131748517.9
399006.SZ,20210406,2865.4445,2871.8675,2814.4869,2831.5985,2852.2293,-20.6308,-0.7233,70207120.0,127514303.3
399006.SZ,20210407,2843.5741,2843.5741,2773.6735,2807.2008,2831.5985,-24.3977,-0.8616,74257326.0,134376698.0
399006.SZ,20210408,2793.1658,2838.9368,2778.8659,2826.9895,2807.2008,19.7887,0.7049,78439434.0,139367950.4
399006.SZ,20210409,2823.7801,2829.955,2772.3059,2783.3266,2826.9895,-43.6629,-1.5445,69288416.0,127620016.7
399006.SZ,20210412,2789.7848,2813.4866,2711.8372,2719.9533,2783.3266,-63.3733,-2.2769,76038629.0,144203860.1
399006.SZ,20210413,2719.5564,2785.1397,2719.5564,2742.8524,2719.9533,22.8991,0.8419,70626205.0,125277068.4
399006.SZ,20210414,2753.6654,2809.1648,2753.6654,2804.4092,2742.8524,61.5568,2.2443,68452420.0,122321534.8
399006.SZ,20210415,2787.2465,2793.6661,2761.2931,2790.6441,2804.4092,-13.7651,-0.4908,68717981.0,118024820.3
399006.SZ,20210416,2801.7392,2802.6176,2744.6819,2783.3734,2790.6441,-7.2707,-0.2605,79576096.0,128973017.9
399006.SZ,20210419,2777.0169,2899.729,2769.6504,2898.7286,2783.3734,115.3552,4.1444,90706316.0,162650051.8
399006.SZ,20210420,2880.0572,2922.0339,2870.2921,2896.1076,2898.7286,-2.621,-0.0904,91430206.0,158565686.7
399006.SZ,20210421,2873.3618,2920.7178,2867.2071,2916.9745,2896.1076,20.8669,0.7205,76179405.0,136018044.4
399006.SZ,20210422,2941.3032,2950.2279,2901.9165,2939.3949,2916.9745,22.4204,0.7686,76739357.0,145359577.6
399006.SZ,20210423,2938.9324,3009.2727,2937.9436,2994.4882,2939.3949,55.0933,1.8743,83983191.0,162069063.7
399006.SZ,20210426,3019.3031,3057.1239,2965.0112,2969.4049,2994.4882,-25.0833,-0.8376,93732277.0,190211252.3
399006.SZ,20210427,2964.0273,2986.0336,2946.7991,2986.0336,2969.4049,16.6287,0.56,87910104.0,167120043.7
399006.SZ,20210428,2990.7,3052.0389,2980.6485,3050.5848,2986.0336,64.5512,2.1618,82166911.0,165573907.7
399006.SZ,20210429,3053.7381,3068.5954,3014.5529,3051.4167,3050.5848,0.8319,0.0273,83585824.0,163854365.4
399006.SZ,20210430,3040.649,3110.1558,3037.3142,3091.3952,3051.4167,39.9785,1.3102,81081275.0,162334162.0
399006.SZ,20210506,3059.5844,3059.5844,2961.9939,3014.8116,3091.3952,-76.5836,-2.4773,74216190.0,158978782.2
399006.SZ,20210507,3021.8669,3026.849,2910.4109,2910.4109,3014.8116,-104.4007,-3.4629,81480623.0,147241003.2
399006.SZ,20210510,2920.4196,2960.3275,2901.0803,2921.7215,2910.4109,11.3106,0.3886,80161307.0,136867421.5
399006.SZ,20210511,2898.8006,2932.4773,2864.0463,2921.3431,2921.7215,-0.3784,-0.013,81060365.0,134061452.6
399006.SZ,20210512,2913.0636,2965.2124,2887.2119,2960.355,2921.3431,39.0119,1.3354,82562319.0,138383153.4
399006.SZ,20210513,2922.7306,2967.6157,2912.5151,2943.6175,2960.355,-16.7375,-0.5654,93382116.0,147357061.0
399006.SZ,20210514,2954.172,3039.7256,2942.9799,3033.8056,2943.6175,90.1881,3.0639,105551583.0,177574688.7
399006.SZ,20210517,3049.0194,3130.2049,3049.0194,3112.7411,3033.8056,78.9355,2.6019,102722231.0,187045072.8
399006.SZ,20210518,3108.6337,3128.9398,3068.7641,3090.1233,3112.7411,-22.6178,-0.7266,84858621.0,145044355.6
399006.SZ,20210519,3081.2211,3128.6013,3075.8,3114.724,3090.1233,24.6007,0.7961,86107660.0,146773342.4
399006.SZ,20210520,3113.552,3158.4547,3112.5562,3143.6158,3114.724,28.8918,0.9276,86554521.0,151593166.3
399006.SZ,20210521,3162.791,3171.8992,3098.2387,3113.2585,3143.6158,-30.3573,-0.9657,85093497.0,155883009.1
399006.SZ,20210524,3128.7762,3140.9452,3075.4487,3139.6858,3113.2585,26.4273,0.8489,87403194.0,161768030.7
399006.SZ,20210525,3155.2736,3232.7389,3151.9021,3227.3554,3139.6858,87.6696,2.7923,92506458.0,179530488.2
399006.SZ,20210526,3226.6981,3228.7661,3185.7688,3196.8478,3227.3554,-30.5076,-0.9453,99712489.0,174495808.2
399006.SZ,20210527,3192.0447,3238.4538,3169.0299,3226.1082,3196.8478,29.2604,0.9153,100394361.0,177872966.4
399006.SZ,20210528,3226.0807,3285.2843,3215.0289,3232.2912,3226.1082,6.183,0.1917,102431745.0,200086139.0
399006.SZ,20210531,3246.1486,3309.7485,3246.1486,3309.069,3232.2912,76.7778,2.3753,102148571.0,199361205.9
399006.SZ,20210601,3290.5333,3307.4739,3242.9045,3300.1588,3309.069,-8.9102,-0.2693,108692165.0,195909061.2
399006.SZ,20210602,3309.1806,3310.4933,3228.8513,3243.0218,3300.1588,-57.137,-1.7313,105011106.0,194663250.6
399006.SZ,20210603,3241.158,3255.1626,3201.2322,3201.7845,3243.0218,-41.2373,-1.2716,99111259.0,183161909.9
399006.SZ,20210604,3194.3896,3281.2636,3183.6671,3242.6121,3201.7845,40.8276,1.2752,99530492.0,186280320.2
399006.SZ,20210607,3240.9541,3241.7743,3197.9097,3228.2435,3242.6121,-14.3686,-0.4431,101851186.0,192585590.4
399006.SZ,20210608,3227.2704,3275.7831,3185.2219,3208.5718,3228.2435,-19.6717,-0.6094,113862128.0,195893603.8
399006.SZ,20210609,3203.1469,3222.1837,3183.057,3207.6258,3208.5718,-0.946,-0.0295,106230210.0,174433994.0
399006.SZ,20210610,3213.4442,3301.1596,3213.4442,3285.5095,3207.6258,77.8837,2.4281,133125999.0,226019329.2
399006.SZ,20210611,3305.5307,3320.2551,3266.357,3298.4968,3285.5095,12.9873,0.3953,142328259.0,253521329.9
399006.SZ,20210615,3298.2116,3306.4356,3240.5247,3262.1879,3298.4968,-36.3089,-1.1008,135815570.0,224673051.6
399006.SZ,20210616,3258.6025,3258.6915,3122.814,3125.7015,3262.1879,-136.4864,-4.1839,140025079.0,228822556.7
399006.SZ,20210617,3133.9108,3197.5433,3133.9108,3188.5926,3125.7015,62.8911,2.0121,131986883.0,220832112.5
399006.SZ,20210618,3210.1371,3260.7302,3198.2888,3239.2267,3188.5926,50.6341,1.588,135807223.0,226935998.2
399006.SZ,20210621,3235.6925,3288.736,3205.3638,3270.5769,3239.2267,31.3502,0.9678,140970658.0,237607972.2
399006.SZ,20210622,3273.6305,3291.176,3220.4169,3281.9923,3270.5769,11.4154,0.349,152034107.0,239931380.8
399006.SZ,20210623,3288.7556,3341.9618,3266.9022,3318.9462,3281.9923,36.9539,1.126,142736945.0,240747145.0
399006.SZ,20210624,3326.3337,3328.5616,3260.0311,3279.1588,3318.9462,-39.7874,-1.1988,132892484.0,222080762.0
399006.SZ,20210625,3288.2688,3355.8844,3286.2713,3347.6994,3279.1588,68.5406,2.0902,127420406.0,229788033.6
399006.SZ,20210628,3356.2195,3422.7261,3345.2075,3412.8633,3347.6994,65.1639,1.9465,119358636.0,226484801.3
399006.SZ,20210629,3438.8845,3445.8723,3392.6318,3406.2379,3412.8633,-6.6254,-0.1941,122183461.0,230684736.4
399006.SZ,20210630,3418.8122,3484.1933,3389.9598,3477.1779,3406.2379,70.94,2.0826,119646223.0,225326760.6
399006.SZ,20210701,3486.7782,3500.7391,3431.7715,3455.3587,3477.1779,-21.8192,-0.6275,133199516.0,246015965.6
399006.SZ,20210702,3429.6061,3429.6061,3329.8244,3333.8973,3455.3587,-121.4614,-3.5152,119977644.0,235886340.0
399006.SZ,20210705,3332.4906,3387.0992,3318.3367,3352.1166,3333.8973,18.2193,0.5465,128973925.0,239300227.7
399006.SZ,20210706,3359.2628,3367.7543,3240.869,3291.9878,3352.1166,-60.1288,-1.7938,138459688.0,264912158.3
399006.SZ,20210707,3278.1257,3419.695,3261.3172,3409.5893,3291.9878,117.6015,3.5724,129431746.0,254641668.0
399006.SZ,20210708,3435.3112,3469.5959,3418.6987,3432.957,3409.5893,23.3677,0.6854,153752824.0,290177193.7
399006.SZ,20210709,3413.0179,3428.2969,3334.2717,3409.3093,3432.957,-23.6477,-0.6888,137781112.0,261000495.3
399006.SZ,20210712,3453.0094,3554.0728,3426.0132,3534.763,3409.3093,125.4537,3.6797,160606048.0,309783398.2
399006.SZ,20210713,3518.5267,3560.8839,3478.2742,3514.9772,3534.763,-19.7858,-0.5597,164077837.0,294585223.1
399006.SZ,20210714,3491.4196,3539.5514,3464.9173,3488.627,3514.9772,-26.3502,-0.7497,156374360.0,273465095.8
399006.SZ,20210715,3476.1141,3537.3914,3453.3531,3537.3914,3488.627,48.7644,1.3978,138243388.0,246493543.3
399006.SZ,20210716,3525.2704,3525.2704,3428.9756,3432.6472,3537.3914,-104.7442,-2.9611,130951904.0,251633788.7
399006.SZ,20210719,3438.198,3482.0871,3420.4014,3449.5263,3432.6472,16.8791,0.4917,135626548.0,242039709.6
399006.SZ,20210720,3431.0011,3491.0517,3418.7648,3463.7913,3449.5263,14.265,0.4135,127280016.0,220149874.7
399006.SZ,20210721,3480.7019,3568.6977,3473.1451,3560.0455,3463.7913,96.2542,2.7789,160303291.0,297063165.9
399006.SZ,20210722,3572.4352,3576.119,3512.7179,3544.4355,3560.0455,-15.61,-0.4385,172597708.0,309578649.2
399006.SZ,20210723,3539.4231,3542.2763,3461.6164,3469.873,3544.4355,-74.5625,-2.1036,174156249.0,321746595.8
399006.SZ,20210726,3450.9029,3464.741,3292.2021,3371.2278,3469.873,-98.6452,-2.8429,163488545.0,318399437.4
399006.SZ,20210727,3384.4556,3423.4536,3232.8387,3232.8387,3371.2278,-138.3891,-4.105,168643142.0,342776176.4
399006.SZ,20210728,3204.3145,3306.503,3157.9942,3284.9198,3232.8387,52.0811,1.611,152311021.0,294537024.7
399006.SZ,20210729,3375.3262,3467.8955,3338.1316,3459.7214,3284.9198,174.8016,5.3213,156644083.0,324789451.0
399006.SZ,20210730,3454.0259,3479.3762,3402.3256,3440.1817,3459.7214,-19.5397,-0.5648,171733127.0,353632904.2
399006.SZ,20210802,3448.2572,3500.3344,3399.6421,3493.3591,3440.1817,53.1774,1.5458,172263865.0,367509909.7
399006.SZ,20210803,3490.8575,3517.0952,3447.1409,3477.2287,3493.3591,-16.1304,-0.4617,187257777.0,363804187.9
399006.SZ,20210804,3463.7293,3564.2739,3445.0538,3563.1267,3477.2287,85.898,2.4703,165124104.0,335603013.2
399006.SZ,20210805,3547.8363,3569.8379,3507.0332,3532.5003,3563.1267,-30.6264,-0.8595,174787164.0,327617379.0
399006.SZ,20210806,3539.9668,3548.3407,3469.1187,3490.9015,3532.5003,-41.5988,-1.1776,159069034.0,303607600.1
399006.SZ,20210809,3455.7026,3466.8804,3412.8625,3456.7468,3490.9015,-34.1547,-0.9784,143720713.0,284136876.9
399006.SZ,20210810,3453.8452,3470.9717,3422.377,3468.6696,3456.7468,11.9228,0.3449,159164877.0,314671020.9
399006.SZ,20210811,3457.7885,3471.9366,3422.8642,3437.0582,3468.6696,-31.6114,-0.9113,170524419.0,304991466.1
399006.SZ,20210812,3413.5215,3439.4133,3379.4214,3386.4321,3437.0582,-50.6261,-1.4729,171889788.0,317553125.1
399006.SZ,20210813,3360.5166,3432.8179,3328.7003,3345.1262,3386.4321,-41.3059,-1.2197,166107673.0,317069949.6
399006.SZ,20210816,3330.8246,3346.8009,3288.045,3301.3907,3345.1262,-43.7355,-1.3074,157289222.0,294817749.3
399006.SZ,20210817,3311.9524,3326.0821,3211.2446,3224.1529,3301.3907,-77.2378,-2.3396,169655833.0,309998592.4
399006.SZ,20210818,3238.2613,3269.2163,3219.0544,3248.3732,3224.1529,24.2203,0.7512,149355741.0,283575436.4
399006.SZ,20210819,3259.094,3304.4307,3231.3612,3278.3568,3248.3732,29.9836,0.923,146988301.0,274789241.0
399006.SZ,20210820,3256.492,3265.6312,3162.7555,3192.9003,3278.3568,-85.4565,-2.6067,141494424.0,284030481.7
399006.SZ,20210823,3218.9676,3296.364,3202.8062,3293.7697,3192.9003,100.8694,3.1592,162310376.0,309876088.7
399006.SZ,20210824,3301.8645,3351.9273,3269.8636,3330.5802,3293.7697,36.8105,1.1176,164651031.0,327186494.8
399006.SZ,20210825,3330.809,3348.8886,3295.4637,3348.6624,3330.5802,18.0822,0.5429,147652044.0,283334082.6
399006.SZ,20210826,3361.9069,3368.6548,3262.6819,3264.45,3348.6624,-84.2124,-2.5148,151206856.0,299048781.1
399006.SZ,20210827,3259.1535,3296.6835,3243.1799,3257.0715,3264.45,-7.3785,-0.226,148065440.0,283007981.0
399006.SZ,20210830,3275.9746,3316.6346,3249.8651,3271.8026,3257.0715,14.7311,0.4523,154720364.0,319964634.3
399006.SZ,20210831,3273.8129,3273.8129,3181.3525,3214.1169,3271.8026,-57.6857,-1.7631,148153769.0,284971939.1
399006.SZ,20210901,3214.1659,3222.4674,3128.2693,3186.8498,3214.1169,-27.2671,-0.8484,157238175.0,294373516.9
399006.SZ,20210902,3181.2576,3200.0359,3133.7614,3138.8034,3186.8498,-48.0464,-1.5076,142711905.0,258893676.0
399006.SZ,20210903,3150.3045,3165.2106,3088.7755,3102.1449,3138.8034,-36.6585,-1.1679,161008189.0,292281869.2
399006.SZ,20210906,3106.2569,3231.5677,3085.1546,3228.0878,3102.1449,125.9429,4.0599,144187607.0,276919458.0
399006.SZ,20210907,3222.4282,3256.5261,3203.6834,3251.4866,3228.0878,23.3988,0.7249,146501612.0,267655676.9
399006.SZ,20210908,3259.5345,3282.4542,3215.4745,3219.9467,3251.4866,-31.5399,-0.97,171774044.0,287693633.5
399006.SZ,20210909,3224.4512,3244.0749,3174.0288,3221.9407,3219.9467,1.994,0.0619,163756604.0,265416710.8
399006.SZ,20210910,3207.8642,3241.8703,3189.9713,3232.0104,3221.9407,10.0697,0.3125,152421662.0,265447692.3
399006.SZ,20210913,3231.3945,3260.3285,3183.4423,3194.2747,3232.0104,-37.7357,-1.1676,153534684.0,265834560.2
399006.SZ,20210914,3199.4109,3275.9403,3197.8956,3236.5471,3194.2747,42.2724,1.3234,158960727.0,289477139.5
399006.SZ,20210915,3233.1544,3234.1256,3185.6484,3200.3995,3236.5471,-36.1476,-1.1169,142905729.0,260423666.1
399006.SZ,20210916,3199.4587,3199.4587,3127.7861,3128.8448,3200.3995,-71.5547,-2.2358,152198805.0,272386695.2
399006.SZ,20210917,3124.3157,3201.4469,3122.3224,3193.261,3128.8448,64.4162,2.0588,134558605.0,244779166.1
399006.SZ,20210922,3144.4546,3199.7651,3141.2351,3164.328,3193.261,-28.933,-0.9061,112279501.0,199316214.6
399006.SZ,20210923,3197.2613,3210.6409,3160.5827,3182.4669,3164.328,18.1389,0.5732,140236606.0,236428432.7
399006.SZ,20210924,3176.8684,3250.1389,3169.5042,3207.8166,3182.4669,25.3497,0.7965,131482179.0,237333242.6
399006.SZ,20210927,3228.0684,3280.3011,3211.613,3231.5824,3207.8166,23.7658,0.7409,139566850.0,260071559.4
399006.SZ,20210928,3219.3811,3272.9396,3202.6193,3211.454,3231.5824,-20.1284,-0.6229,98933543.0,187314398.8
399006.SZ,20210929,3181.9784,3209.6924,3165.487,3175.1521,3211.454,-36.3019,-1.1304,106740703.0,192933487.2
399006.SZ,20210930,3188.3915,3257.6683,3180.914,3244.6455,3175.1521,69.4934,2.1887,92699790.0,179526633.9
399006.SZ,20211008,3259.4598,3285.7303,3224.0603,3243.2037,3244.6455,-1.4418,-0.0444,107041225.0,197594921.9
399006.SZ,20211011,3242.1839,3257.3641,3190.6645,3196.1887,3243.2037,-47.015,-1.4496,102582261.0,189177212.7
399006.SZ,20211012,3194.0119,3196.706,3106.4721,3138.2627,3196.1887,-57.926,-1.8123,106184145.0,195696737.0
399006.SZ,20211013,3141.4235,3211.3406,3140.0161,3210.1586,3138.2627,71.8959,2.2909,92078027.0,171766194.7
399006.SZ,20211014,3216.8603,3238.1549,3204.923,3215.7355,3210.1586,5.5769,0.1737,91124921.0,178046432.1
399006.SZ,20211015,3198.8928,3284.653,3187.4044,3276.3209,3215.7355,60.5854,1.884,100190862.0,204031121.4
399006.SZ,20211018,3287.0385,3287.0385,3231.0454,3276.4839,3276.3209,0.163,0.005,95237732.0,198172340.2
399006.SZ,20211019,3293.8006,3310.0215,3273.545,3297.2933,3276.4839,20.8094,0.6351,97524323.0,198225309.9
399006.SZ,20211020,3304.5511,3320.3315,3276.8249,3285.1216,3297.2933,-12.1717,-0.3691,101313044.0,206555363.2
399006.SZ,20211021,3286.2702,3304.005,3256.8531,3279.4871,3285.1216,-5.6345,-0.1715,99955586.0,193625404.5
399006.SZ,20211022,3290.5413,3309.561,3268.937,3284.9108,3279.4871,5.4237,0.1654,102248579.0,198887349.6
399006.SZ,20211025,3303.2205,3342.2208,3302.4854,3338.624,3284.9108,53.7132,1.6351,104409541.0,215810221.8
399006.SZ,20211026,3370.7855,3370.7855,3322.1926,3327.5373,3338.624,-11.0867,-0.3321,115421051.0,233052989.4
399006.SZ,20211027,3321.6402,3324.347,3283.7258,3308.9619,3327.5373,-18.5754,-0.5582,116326899.0,227724187.0
399006.SZ,20211028,3301.906,3335.9277,3266.3119,3278.3587,3308.9619,-30.6032,-0.9249,106916755.0,223666502.6
399006.SZ,20211029,3275.8308,3358.3491,3253.0433,3350.665,3278.3587,72.3063,2.2056,114832780.0,243959186.8
399006.SZ,20211101,3341.4721,3374.5364,3302.9592,3331.9148,3350.665,-18.7502,-0.5596,118892882.0,248075809.4
399006.SZ,20211102,3329.4144,3373.1795,3307.5044,3339.597,3331.9148,7.6822,0.2306,126929526.0,255247427.6
399006.SZ,20211103,3334.4143,3363.753,3301.4369,3327.0855,3339.597,-12.5115,-0.3746,107344993.0,217206371.1
399006.SZ,20211104,3351.2982,3380.2092,3344.761,3362.2485,3327.0855,35.163,1.0569,120315841.0,240696058.6
399006.SZ,20211105,3354.3791,3383.2962,3347.158,3352.7544,3362.2485,-9.4941,-0.2824,146071644.0,266129513.2
399006.SZ,20211108,3353.8894,3393.3872,3341.6015,3380.292,3352.7544,27.5376,0.8213,142140736.0,262755910.3
399006.SZ,20211109,3400.9727,3409.9421,3377.5128,3409.9421,3380.292,29.6501,0.8771,135163195.0,245263868.5
399006.SZ,20211110,3388.0545,3403.31,3338.4601,3399.6626,3409.9421,-10.2795,-0.3015,146438326.0,269296829.8
399006.SZ,20211111,3396.6537,3443.9607,3393.9842,3433.2408,3399.6626,33.5782,0.9877,160049961.0,297096459.7
399006.SZ,20211112,3436.2623,3446.0359,3409.4792,3430.1413,3433.2408,-3.0995,-0.0903,159366786.0,291366760.5
399006.SZ,20211115,3435.6231,3435.6799,3387.5313,3401.874,3430.1413,-28.2673,-0.8241,163286151.0,305617768.6
399006.SZ,20211116,3400.3397,3423.5189,3389.5463,3393.7147,3401.874,-8.1593,-0.2398,163438148.0,298119526.2
399006.SZ,20211117,3413.431,3425.5701,3400.7708,3421.3289,3393.7147,27.6142,0.8137,150039573.0,269257319.1
399006.SZ,20211118,3416.6429,3416.6429,3374.0111,3383.9061,3421.3289,-37.4228,-1.0938,158807896.0,286993908.3
399006.SZ,20211119,3385.8341,3419.7462,3378.3772,3418.9597,3383.9061,35.0536,1.0359,143651046.0,272048221.3
399006.SZ,20211122,3434.5747,3505.7268,3430.5918,3505.7268,3418.9597,86.7671,2.5378,151512705.0,318241653.0
399006.SZ,20211123,3501.2181,3508.8981,3482.688,3492.7692,3505.7268,-12.9576,-0.3696,155539469.0,315482641.9
399006.SZ,20211124,3488.3805,3501.579,3469.3638,3478.6624,3492.7692,-14.1068,-0.4039,160103457.0,325935870.4
399006.SZ,20211125,3477.5957,3490.6211,3462.1254,3474.4511,3478.6624,-4.2113,-0.1211,159861101.0,315084895.8
399006.SZ,20211126,3470.2111,3501.3412,3461.1942,3468.8655,3474.4511,-5.5856,-0.1608,154450649.0,303119070.9
399006.SZ,20211129,3455.6079,3522.5038,3455.6079,3503.4088,3468.8655,34.5433,0.9958,147618156.0,311910799.3
399006.SZ,20211130,3520.2945,3520.2945,3472.5827,3495.5926,3503.4088,-7.8162,-0.2231,160870671.0,317949547.9
399006.SZ,20211201,3492.4351,3501.3342,3459.5142,3473.3664,3495.5926,-22.2262,-0.6358,159308702.0,297502135.8
399006.SZ,20211202,3464.9211,3487.9351,3456.3116,3466.914,3473.3664,-6.4524,-0.1858,162528851.0,291189830.6
399006.SZ,20211203,3467.4128,3482.4602,3446.9537,3478.6656,3466.914,11.7516,0.339,134108852.0,256855960.9
399006.SZ,20211206,3460.9608,3479.8617,3403.1591,3405.9346,3478.6656,-72.731,-2.0908,139565610.0,260420001.1
399006.SZ,20211207,3429.7649,3429.8404,3338.0045,3368.7844,3405.9346,-37.1502,-1.0907,130414421.0,256222847.9
399006.SZ,20211208,3388.3177,3428.2281,3378.2808,3424.7038,3368.7844,55.9194,1.6599,117223017.0,229537528.4
399006.SZ,20211209,3422.3791,3463.6522,3400.3808,3459.3187,3424.7038,34.6149,1.0107,132985741.0,261924100.9
399006.SZ,20211210,3431.2889,3485.0801,3429.5723,3466.797,3459.3187,7.4783,0.2162,131223518.0,263698539.3
399006.SZ,20211213,3473.389,3508.1918,3457.5442,3496.9616,3466.797,30.1646,0.8701,143239654.0,270019258.5
399006.SZ,20211214,3491.8224,3507.2716,3486.9134,3495.0595,3496.9616,-1.9021,-0.0544,156779354.0,274608922.4
399006.SZ,20211215,3492.5805,3520.4661,3462.5063,3464.7577,3495.0595,-30.3018,-0.867,159256018.0,282363673.2
399006.SZ,20211216,3479.1843,3491.1834,3467.7344,3490.4491,3464.7577,25.6914,0.7415,153450439.0,272430668.2
399006.SZ,20211217,3480.5129,3486.2356,3427.0161,3434.3394,3490.4491,-56.1097,-1.6075,164781827.0,288897883.3
399006.SZ,20211220,3420.8623,3434.0911,3327.7904,3332.6061,3434.3394,-101.7333,-2.9622,149900130.0,264928883.0
399006.SZ,20211221,3328.8946,3354.9245,3306.9616,3350.4288,3332.6061,17.8227,0.5348,138275569.0,224228974.2
399006.SZ,20211222,3360.2834,3379.0795,3354.3818,3368.6989,3350.4288,18.2701,0.5453,153185963.0,244147096.8
399006.SZ,20211223,3379.8082,3389.8544,3358.9155,3373.7033,3368.6989,5.0044,0.1486,137255776.0,233124690.5
399006.SZ,20211224,3381.5449,3384.2932,3280.9373,3297.106,3373.7033,-76.5973,-2.2704,148551196.0,253485491.5
399006.SZ,20211227,3296.4081,3315.7534,3273.8154,3293.8113,3297.106,-3.2947,-0.0999,128810644.0,209963393.7
399006.SZ,20211228,3300.3111,3331.3164,3280.0668,3328.5592,3293.8113,34.7479,1.0549,133601609.0,227266553.5
399006.SZ,20211229,3326.076,3326.2121,3281.8971,3281.8971,3328.5592,-46.6621,-1.4019,129301802.0,221995391.7
399006.SZ,20211230,3285.7694,3339.6536,3280.3083,3322.7947,3281.8971,40.8976,1.2462,149972057.0,243284462.0
399006.SZ,20211231,3342.1867,3353.5674,3315.0726,3322.6725,3322.7947,-0.1222,-0.0037,144676877.0,239304169.5
399006.SZ,20220104,3348.1278,3349.4548,3238.2446,3250.159,3322.6725,-72.5135,-2.1824,177664372.0,297818714.7
399006.SZ,20220105,3242.4353,3245.758,3145.0474,3161.5072,3250.159,-88.6518,-2.7276,177659987.0,297075440.3
399006.SZ,20220106,3133.0457,3150.1126,3093.0385,3127.4798,3161.5072,-34.0274,-1.0763,156512904.0,258463820.3
399006.SZ,20220107,3137.0748,3147.2272,3093.2066,3096.8812,3127.4798,-30.5986,-0.9784,161234396.0,264976808.8
399006.SZ,20220110,3082.7808,3115.4696,3051.531,3095.6894,3096.8812,-1.1918,-0.0385,131560260.0,231310464.5
399006.SZ,20220111,3094.7031,3103.8266,3050.5856,3056.1533,3095.6894,-39.5361,-1.2771,136094722.0,234644666.8
399006.SZ,20220112,3091.6687,3139.38,3088.7809,3136.6852,3056.1533,80.5319,2.6351,134519225.0,245994204.8
399006.SZ,20220113,3145.0202,3145.0202,3083.1414,3083.1414,3136.6852,-53.5438,-1.707,143819131.0,248165775.2
399006.SZ,20220114,3059.1432,3128.2509,3057.9395,3119.4077,3083.1414,36.2663,1.1763,158501819.0,271461596.8
399006.SZ,20220117,3124.6277,3176.242,3113.977,3170.4078,3119.4077,51.0001,1.6349,179115593.0,310321181.1
399006.SZ,20220118,3168.7856,3177.8223,3136.251,3144.3336,3170.4078,-26.0742,-0.8224,193728704.0,322268934.9
399006.SZ,20220119,3139.2304,3141.2811,3052.6451,3075.9766,3144.3336,-68.357,-2.174,162485749.0,271402059.9
399006.SZ,20220120,3072.3878,3102.3062,3056.9594,3065.9942,3075.9766,-9.9824,-0.3245,170969271.0,283931532.1
399006.SZ,20220121,3052.9771,3069.8808,3020.2999,3034.6795,3065.9942,-31.3147,-1.0214,138642942.0,229897736.1
399006.SZ,20220124,3011.6277,3071.058,3010.2041,3056.4336,3034.6795,21.7541,0.7169,116341869.0,201718560.9
399006.SZ,20220125,3035.8243,3055.8765,2974.9553,2974.9553,3056.4336,-81.4783,-2.6658,137955485.0,215266182.3
399006.SZ,20220126,2993.1571,3008.3827,2952.9081,3004.4123,2974.9553,29.457,0.9902,104776237.0,176819577.2
399006.SZ,20220127,2993.9954,3001.549,2904.7145,2906.7627,3004.4123,-97.6496,-3.2502,116443557.0,190574021.0
399006.SZ,20220128,2945.7177,2962.7686,2882.6738,2908.9448,2906.7627,2.1821,0.0751,105431397.0,181102241.9
399006.SZ,20220207,2972.1937,2987.4978,2905.2486,2917.8638,2908.9448,8.919,0.3066,104094571.0,172067428.0
399006.SZ,20220208,2913.3188,2913.3188,2782.2769,2846.4823,2917.8638,-71.3815,-2.4464,107192485.0,184602657.7
399006.SZ,20220209,2844.8378,2887.731,2818.3933,2883.5971,2846.4823,37.1148,1.3039,127073175.0,204377353.2
399006.SZ,20220210,2891.2998,2891.2998,2796.9008,2826.5166,2883.5971,-57.0805,-1.9795,115864083.0,207047761.5
399006.SZ,20220211,2800.7486,2811.7767,2742.5144,2746.3826,2826.5166,-80.134,-2.8351,123544636.0,210929136.1
399006.SZ,20220214,2723.5103,2776.2332,2710.884,2732.0103,2746.3826,-14.3723,-0.5233,103137853.0,185552843.2
399006.SZ,20220215,2744.3853,2817.8074,2739.4199,2816.4435,2732.0103,84.4332,3.0905,101154951.0,184989836.2
399006.SZ,20220216,2829.6523,2841.3262,2808.2654,2818.3969,2816.4435,1.9534,0.0694,105677434.0,185620816.0
399006.SZ,20220217,2813.48,2861.9666,2804.8873,2839.8252,2818.3969,21.4283,0.7603,125136941.0,211852083.1
399006.SZ,20220218,2819.5478,2829.8247,2803.2369,2826.8125,2839.8252,-13.0127,-0.4582,107503656.0,186513849.3
399006.SZ,20220221,2830.601,2836.2793,2794.2592,2804.5979,2826.8125,-22.2146,-0.7859,138332757.0,227546344.3
399006.SZ,20220222,2783.2834,2783.2834,2741.9711,2765.9101,2804.5979,-38.6878,-1.3794,140269799.0,235065353.9
399006.SZ,20220223,2770.2142,2845.0817,2770.2142,2843.8657,2765.9101,77.9556,2.8184,141077453.0,255440439.2
399006.SZ,20220224,2817.7962,2852.721,2746.6201,2783.8992,2843.8657,-59.9665,-2.1086,194823612.0,317397572.2
399006.SZ,20220225,2827.829,2882.073,2827.829,2855.8029,2783.8992,71.9037,2.5828,130211028.0,236430630.9
399006.SZ,20220228,2844.8233,2881.3065,2834.5435,2881.3065,2855.8029,25.5036,0.893,118207475.0,211417148.7
399006.SZ,20220301,2895.3882,2905.1283,2865.8842,2885.7862,2881.3065,4.4797,0.1555,119441817.0,217588725.0
399006.SZ,20220302,2866.6901,2866.6901,2811.1179,2834.6359,2885.7862,-51.1503,-1.7725,120817660.0,209134126.4
399006.SZ,20220303,2850.6689,2853.4737,2789.5147,2791.9489,2834.6359,-42.687,-1.5059,125794530.0,218716670.6
399006.SZ,20220304,2763.0615,2797.8198,2737.4741,2748.6382,2791.9489,-43.3107,-1.5513,133627595.0,231203877.9
399006.SZ,20220307,2718.4439,2720.7831,2620.8292,2630.371,2748.6382,-118.2672,-4.3028,120078128.0,217556330.3
399006.SZ,20220308,2645.1094,2654.6386,2567.9101,2582.9858,2630.371,-47.3852,-1.8015,136251822.0,239888905.8
399006.SZ,20220309,2594.9618,2608.208,2462.1704,2566.719,2582.9858,-16.2668,-0.6298,143749751.0,245377888.2
399006.SZ,20220310,2645.3628,2664.5798,2625.6006,2635.1938,2566.719,68.4748,2.6678,138444364.0,254466513.6
399006.SZ,20220311,2589.6958,2668.2421,2566.0312,2665.4618,2635.1938,30.268,1.1486,138711254.0,247013010.0
399006.SZ,20220314,2638.4902,2647.2546,2570.2798,2570.4473,2665.4618,-95.0145,-3.5647,127249771.0,231832732.4
399006.SZ,20220315,2547.7172,2615.7078,2504.7825,2504.7825,2570.4473,-65.6648,-2.5546,139790915.0,247899003.1
399006.SZ,20220316,2549.153,2639.9271,2478.4379,2635.0826,2504.7825,130.3001,5.2021,154177669.0,282271393.5
399006.SZ,20220317,2684.841,2764.2487,2684.0368,2710.7262,2635.0826,75.6436,2.8706,171330128.0,326838600.3
399006.SZ,20220318,2693.1543,2725.6903,2668.9349,2713.7948,2710.7262,3.0686,0.1132,138496952.0,235667496.5
399006.SZ,20220321,2730.2093,2756.3514,2702.1766,2726.1798,2713.7948,12.385,0.4564,144461358.0,244289190.5
399006.SZ,20220322,2718.002,2718.002,2676.8371,2688.2342,2726.1798,-37.9456,-1.3919,134501337.0,221994201.7
399006.SZ,20220323,2707.5652,2725.5571,2682.1315,2715.9539,2688.2342,27.7197,1.0311,124740713.0,206971364.1
399006.SZ,20220324,2697.4251,2725.2841,2655.9183,2706.2149,2715.9539,-9.739,-0.3586,119781878.0,201338944.5
399006.SZ,20220325,2702.6527,2714.1509,2637.944,2637.944,2706.2149,-68.2709,-2.5227,115519788.0,193971913.2
399006.SZ,20220328,2622.4676,2622.5884,2576.2332,2594.1284,2637.944,-43.8156,-1.661,106819512.0,180333072.1
399006.SZ,20220329,2603.4247,2633.4491,2581.3789,2592.6659,2594.1284,-1.4625,-0.0564,109982337.0,180266254.1
399006.SZ,20220330,2612.7148,2696.826,2610.4065,2696.826,2592.6659,104.1601,4.0175,107478220.0,191418366.3
399006.SZ,20220331,2683.1947,2686.2769,2646.2405,2659.4925,2696.826,-37.3335,-1.3843,120775686.0,204542826.9
399006.SZ,20220401,2641.7521,2687.1525,2632.9752,2666.9696,2659.4925,7.4771,0.2811,118863502.0,187569019.1
399006.SZ,20220406,2662.2808,2662.622,2615.9233,2633.9101,2666.9696,-33.0595,-1.2396,115767308.0,177530339.4
399006.SZ,20220407,2611.9793,2632.097,2576.534,2578.5331,2633.9101,-55.377,-2.1025,116513849.0,178835229.4
399006.SZ,20220408,2578.7356,2609.3469,2546.5145,2569.9108,2578.5331,-8.6223,-0.3344,108805416.0,171833134.8
399006.SZ,20220411,2536.1486,2536.1486,2455.4554,2462.0435,2569.9108,-107.8673,-4.1973,108217473.0,172669101.2
399006.SZ,20220412,2461.5954,2523.6942,2459.2618,2523.6942,2462.0435,61.6507,2.504,103760061.0,155684665.8
399006.SZ,20220413,2499.1914,2513.4747,2466.8414,2466.8414,2523.6942,-56.8528,-2.2528,104074888.0,155561844.0
399006.SZ,20220414,2495.1647,2498.8054,2443.1509,2466.2933,2466.8414,-0.5481,-0.0222,92386384.0,158941436.6
399006.SZ,20220415,2443.3548,2483.7462,2416.7039,2460.3624,2466.2933,-5.9309,-0.2405,101913693.0,163187476.5
399006.SZ,20220418,2435.8509,2491.5962,2410.8567,2487.774,2460.3624,27.4116,1.1141,83293882.0,138344248.9
399006.SZ,20220419,2484.5159,2510.4063,2444.5932,2453.5454,2487.774,-34.2286,-1.3759,84771292.0,141032328.5
399006.SZ,20220420,2440.2954,2443.3104,2357.9132,2363.6526,2453.5454,-89.8928,-3.6638,96710387.0,160770688.1
399006.SZ,20220421,2352.2154,2378.3411,2298.745,2312.4557,2363.6526,-51.1969,-2.166,104363066.0,159240098.6
399006.SZ,20220422,2299.1559,2321.1397,2279.7781,2296.5954,2312.4557,-15.8603,-0.6859,95141973.0,148784396.2
399006.SZ,20220425,2240.0414,2262.7666,2168.8973,2169.0038,2296.5954,-127.5916,-5.5557,121635217.0,171888699.3
399006.SZ,20220426,2172.7991,2218.5616,2149.5959,2150.5126,2169.0038,-18.4912,-0.8525,113775883.0,160691527.3
399006.SZ,20220427,2122.3178,2271.1711,2122.3178,2269.1711,2150.5126,118.6585,5.5177,124006331.0,183869179.3
399006.SZ,20220428,2249.5125,2266.4333,2206.9557,2227.6548,2269.1711,-41.5163,-1.8296,106755886.0,162065273.1
399006.SZ,20220429,2247.6955,2322.9702,2221.9927,2319.137,2227.6548,91.4822,4.1067,124049346.0,191633915.1
399006.SZ,20220505,2263.9198,2317.166,2242.9551,2288.4037,2319.137,-30.7333,-1.3252,102798612.0,176089114.9
399006.SZ,20220506,2227.6817,2274.3938,2222.4882,2244.9688,2288.4037,-43.4349,-1.898,97438679.0,147311653.9
399006.SZ,20220509,2236.1694,2263.1195,2213.582,2228.0731,2244.9688,-16.8957,-0.7526,89802671.0,130231309.7
399006.SZ,20220510,2192.0579,2287.8685,2187.4377,2276.345,2228.0731,48.2719,2.1665,101407906.0,161685979.1
399006.SZ,20220511,2280.9603,2401.0994,2275.2714,2346.1516,2276.345,69.8066,3.0666,130449754.0,218336439.6
399006.SZ,20220512,2325.9486,2367.307,2324.7572,2351.2714,2346.1516,5.1198,0.2182,101298871.0,154306504.5
399006.SZ,20220513,2367.5462,2373.3022,2334.3657,2358.1607,2351.2714,6.8893,0.293,87124463.0,133818821.3
399006.SZ,20220516,2376.6428,2395.7534,2328.7404,2331.2302,2358.1607,-26.9305,-1.142,92161553.0,138621983.7
399006.SZ,20220517,2335.1246,2370.6633,2323.0699,2369.0891,2331.2302,37.8589,1.624,94186473.0,143483740.3
399006.SZ,20220518,2373.8887,2384.5983,2352.9156,2365.3769,2369.0891,-3.7122,-0.1567,96377812.0,140087067.5
399006.SZ,20220519,2329.963,2377.3145,2325.6712,2377.1266,2365.3769,11.7497,0.4967,97363711.0,146753466.7
399006.SZ,20220520,2395.3523,2426.5755,2384.1143,2417.3487,2377.1266,40.2221,1.692,101254473.0,158478836.0
399006.SZ,20220523,2422.1275,2423.7911,2385.6954,2410.1221,2417.3487,-7.2266,-0.2989,99851346.0,148953905.9
399006.SZ,20220524,2404.5961,2404.5961,2316.7881,2318.0748,2410.1221,-92.0473,-3.8192,120189201.0,179651005.6
399006.SZ,20220525,2320.7796,2332.9591,2303.1537,2325.5974,2318.0748,7.5226,0.3245,87934857.0,130997622.4
399006.SZ,20220526,2329.4341,2343.2082,2283.4418,2321.1339,2325.5974,-4.4635,-0.1919,92064068.0,137324198.3
399006.SZ,20220527,2340.6162,2377.402,2311.0572,2322.4816,2321.1339,1.3477,0.0581,91212881.0,136460757.7
399006.SZ,20220530,2338.3549,2359.5751,2323.8228,2350.3844,2322.4816,27.9028,1.2014,84634486.0,129126936.6
399006.SZ,20220531,2349.7888,2411.1755,2323.3519,2405.0849,2350.3844,54.7005,2.3273,100068823.0,158803203.0
399006.SZ,20220601,2403.3549,2441.3883,2395.9664,2428.9565,2405.0849,23.8716,0.9925,95464783.0,151551326.1
399006.SZ,20220602,2418.6626,2463.345,2411.7079,2458.2562,2428.9565,29.2997,1.2063,96714257.0,158061707.3
399006.SZ,20220606,2456.1617,2562.0159,2455.9512,2554.6587,2458.2562,96.4025,3.9216,112279248.0,196287634.0
399006.SZ,20220607,2555.5502,2575.8889,2532.7808,2554.6265,2554.6587,-0.0322,-0.0013,110997018.0,181998161.7
399006.SZ,20220608,2558.1541,2576.335,2507.1112,2576.335,2554.6265,21.7085,0.8498,111795540.0,194926001.5
399006.SZ,20220609,2558.3257,2561.4056,2491.8215,2500.2052,2576.335,-76.1298,-2.955,97840775.0,159634611.7
399006.SZ,20220610,2482.3122,2556.9805,2481.9574,2556.4729,2500.2052,56.2677,2.2505,99102523.0,173871193.4
399006.SZ,20220613,2522.73,2563.2394,2520.0027,2546.488,2556.4729,-9.9849,-0.3906,106396123.0,180970421.4
399006.SZ,20220614,2515.5108,2551.0843,2461.5429,2548.3144,2546.488,1.8264,0.0717,113418147.0,184337091.5
399006.SZ,20220615,2560.6436,2631.938,2550.5008,2575.0857,2548.3144,26.7713,1.0505,125596067.0,220883818.7
399006.SZ,20220616,2575.9636,2616.8223,2574.9532,2585.4709,2575.0857,10.3852,0.4033,121399454.0,193540621.5
399006.SZ,20220617,2561.396,2666.0757,2559.671,2657.2122,2585.4709,71.7413,2.7748,119835973.0,210166081.8
399006.SZ,20220620,2672.7678,2741.5879,2672.316,2710.1412,2657.2122,52.929,1.9919,124434406.0,220667720.4
399006.SZ,20220621,2707.9802,2723.0335,2664.6852,2692.9849,2710.1412,-17.1563,-0.633,129388610.0,208820036.9
399006.SZ,20220622,2701.6283,2721.8086,2677.011,2677.2851,2692.9849,-15.6998,-0.583,117933320.0,199508178.4
399006.SZ,20220623,2693.7512,2760.1019,2672.5789,2760.1019,2677.2851,82.8168,3.0933,121344185.0,210014699.7
399006.SZ,20220624,2779.4074,2824.4396,2761.4597,2824.4396,2760.1019,64.3377,2.331,125268574.0,231515838.8
399006.SZ,20220627,2838.5801,2863.658,2819.2885,2830.5971,2824.4396,6.1575,0.218,131780868.0,239561356.5
399006.SZ,20220628,2827.3515,2850.2855,2771.9329,2840.4195,2830.5971,9.8224,0.347,20467880.0,81227991.1
399006.SZ,20220629,2817.1174,2845.4609,2764.3974,2768.6104,2840.4195,-71.8091,-2.5281,143965657.0,253156146.8
399006.SZ,20220630,2776.3928,2834.4901,2772.7694,2810.6011,2768.6104,41.9907,1.5167,123184450.0,217730263.2
399006.SZ,20220701,2810.1056,2822.7971,2768.4825,2781.943,2810.6011,-28.6581,-1.0196,109775993.0,192520470.0
399006.SZ,20220704,2764.6202,2834.6891,2748.1308,2834.6891,2781.943,52.7461,1.896,109141292.0,208664792.7
399006.SZ,20220705,2845.7403,2867.4253,2780.3576,2825.1309,2834.6891,-9.5582,-0.3372,116374280.0,221407510.6
399006.SZ,20220706,2826.351,2858.0493,2776.7004,2802.715,2825.1309,-22.4159,-0.7934,105108564.0,200815174.7
399006.SZ,20220707,2814.15,2852.8033,2792.1791,2849.7057,2802.715,46.9907,1.6766,103292121.0,208645009.6
399006.SZ,20220708,2868.6891,2887.7181,2810.6472,2817.6391,2849.7057,-32.0666,-1.1253,115016319.0,212245871.1
399006.SZ,20220711,2804.5481,2804.7981,2742.4562,2767.4611,2817.6391,-50.178,-1.7809,101740943.0,184193409.3
399006.SZ,20220712,2768.8186,2774.1202,2697.6827,2702.6933,2767.4611,-64.7678,-2.3403,97870483.0,173391159.1
399006.SZ,20220713,2708.0962,2762.5105,2674.4699,2746.8598,2702.6933,44.1665,1.6342,93445579.0,171039039.5
399006.SZ,20220714,2739.9175,2841.385,2736.3216,2819.1291,2746.8598,72.2693,2.631,102746448.0,196742375.7
399006.SZ,20220715,2804.1766,2835.0113,2760.4985,2760.4985,2819.1291,-58.6306,-2.0797,112050433.0,199916303.6
399006.SZ,20220718,2778.4041,2812.673,2736.2588,2800.3571,2760.4985,39.8586,1.4439,118130252.0,208579585.6
399006.SZ,20220719,2799.3774,2799.3774,2736.668,2750.866,2800.3571,-49.4911,-1.7673,119441901.0,209577073.0
399006.SZ,20220720,2764.2452,2786.2935,2754.1756,2765.1623,2750.866,14.2963,0.5197,115046370.0,196879678.8
399006.SZ,20220721,2756.3174,2794.3692,2741.3128,2751.4148,2765.1623,-13.7475,-0.4972,112492705.0,194757657.4
399006.SZ,20220722,2776.9849,2788.936,2714.116,2737.314,2751.4148,-14.1008,-0.5125,108559372.0,187198343.3
399006.SZ,20220725,2732.6111,2736.7251,2693.1571,2704.945,2737.314,-32.369,-1.1825,97962087.0,167270263.8
399006.SZ,20220726,2708.7359,2729.3766,2682.2096,2713.458,2704.945,8.513,0.3147,93019219.0,158085041.1
399006.SZ,20220727,2710.7374,2730.1702,2696.1975,2714.2487,2713.458,0.7907,0.0291,100393696.0,177235222.4
399006.SZ,20220728,2734.6259,2749.1393,2704.0497,2705.9006,2714.2487,-8.3481,-0.3076,120107323.0,209176463.5
399006.SZ,20220729,2716.101,2718.526,2665.6527,2670.4507,2705.9006,-35.4499,-1.3101,114185706.0,201617372.3
399006.SZ,20220801,2662.7553,2734.6417,2641.1765,2733.7356,2670.4507,63.2849,2.3698,114074695.0,206003114.4
399006.SZ,20220802,2692.123,2716.0397,2651.8517,2678.6206,2733.7356,-55.115,-2.0161,150284682.0,240697488.7
399006.SZ,20220803,2687.2477,2716.2197,2620.3948,2628.8176,2678.6206,-49.803,-1.8593,135171218.0,232944772.8
399006.SZ,20220804,2644.9971,2655.6574,2610.5026,2640.7763,2628.8176,11.9587,0.4549,109966584.0,187273125.0
399006.SZ,20220805,2648.0549,2686.2296,2637.2353,2683.602,2640.7763,42.8257,1.6217,121736684.0,220616303.8
399006.SZ,20220808,2668.9865,2679.6823,2647.2519,2675.6859,2683.602,-7.9161,-0.295,109973890.0,207257977.9
399006.SZ,20220809,2668.9179,2698.4558,2658.685,2694.8004,2675.6859,19.1145,0.7144,111774868.0,211686533.3
399006.SZ,20220810,2688.1326,2692.2489,2645.5471,2658.5847,2694.8004,-36.2157,-1.3439,112191126.0,209646311.0
399006.SZ,20220811,2672.1763,2724.8457,2650.8767,2721.4925,2658.5847,62.9078,2.3662,131758742.0,237892989.7
399006.SZ,20220812,2712.693,2717.6772,2689.6676,2690.8312,2721.4925,-30.6613,-1.1266,123906982.0,209117709.3
399006.SZ,20220815,2688.6604,2734.3271,2686.8224,2718.593,2690.8312,27.7618,1.0317,109348710.0,202846555.8
399006.SZ,20220816,2725.9267,2759.5164,2718.1719,2731.3932,2718.593,12.8002,0.4708,113334106.0,214310017.5
399006.SZ,20220817,2739.4803,2783.9294,2719.2217,2777.9096,2731.3932,46.5164,1.703,119572889.0,225308253.3
399006.SZ,20220818,2771.1538,2797.4852,2769.2104,2775.8209,2777.9096,-2.0887,-0.0752,120927253.0,224221568.0
399006.SZ,20220819,2779.9913,2780.0973,2733.049,2734.2181,2775.8209,-41.6028,-1.4988,131774370.0,232922803.9
399006.SZ,20220822,2730.4234,2782.6672,2715.1597,2779.0155,2734.2181,44.7974,1.6384,112627374.0,200912681.3
399006.SZ,20220823,2775.2143,2802.0501,2764.5222,2780.3064,2779.0155,1.2909,0.0465,105766485.0,192548001.1
399006.SZ,20220824,2800.3776,2803.4299,2675.8802,2679.0479,2780.3064,-101.2585,-3.642,126146501.0,227271353.0
399006.SZ,20220825,2688.8616,2694.1588,2634.8513,2667.3009,2679.0479,-11.747,-0.4385,106746535.0,188096113.7
399006.SZ,20220826,2666.2143,2677.7274,2634.4316,2640.291,2667.3009,-27.0099,-1.0126,95427328.0,171989219.3
399006.SZ,20220829,2599.8403,2641.1695,2595.7063,2630.5054,2640.291,-9.7856,-0.3706,89830568.0,158057414.5
399006.SZ,20220830,2630.1311,2632.1282,2594.7842,2612.1417,2630.5054,-18.3637,-0.6981,94137480.0,160826052.0
399006.SZ,20220831,2596.1564,2611.6463,2550.9936,2570.4149,2612.1417,-41.7268,-1.5974,106284307.0,187065518.1
399006.SZ,20220901,2561.9347,2584.6171,2531.807,2533.8543,2570.4149,-36.5606,-1.4224,85700860.0,145902151.3
399006.SZ,20220902,2548.1824,2552.3414,2517.4559,2533.0231,2533.8543,-0.8312,-0.0328,85760127.0,143420369.1
399006.SZ,20220905,2528.7071,2553.1073,2519.894,2538.2039,2533.0231,5.1808,0.2045,79959834.0,139557631.6
399006.SZ,20220906,2541.1221,2542.9807,2493.4285,2540.6353,2538.2039,2.4314,0.0958,81661952.0,155484960.5
399006.SZ,20220907,2525.1546,2584.8526,2522.375,2570.8014,2540.6353,30.1661,1.1873,85303218.0,160634492.5
399006.SZ,20220908,2570.0456,2572.1171,2521.5419,2523.006,2570.8014,-47.7954,-1.8592,80873955.0,145408875.8
399006.SZ,20220909,2535.7448,2551.0545,2525.7692,2548.2159,2523.006,25.2099,0.9992,70056668.0,131578132.2
399006.SZ,20220913,2566.8383,2569.113,2537.2774,2550.6256,2548.2159,2.4097,0.0946,70149153.0,129128170.1
399006.SZ,20220914,2512.2834,2527.2791,2486.0822,2503.8245,2550.6256,-46.8011,-1.8349,70540152.0,132842421.9
399006.SZ,20220915,2512.453,2515.2073,2404.4358,2424.1924,2503.8245,-79.6321,-3.1804,92202707.0,170955153.6
399006.SZ,20220916,2418.4381,2430.2301,2366.8946,2367.3977,2424.1924,-56.7947,-2.3428,81543818.0,147029763.3
399006.SZ,20220919,2360.5798,2389.4765,2339.0338,2350.3762,2367.3977,-17.0215,-0.719,70238823.0,125468681.9
399006.SZ,20220920,2366.7867,2397.9246,2351.8931,2366.904,2350.3762,16.5278,0.7032,61600322.0,117734307.1
399006.SZ,20220921,2353.7766,2358.9639,2322.9509,2331.5164,2366.904,-35.3876,-1.4951,63645768.0,111966461.5
399006.SZ,20220922,2309.2865,2348.7625,2302.6432,2319.4192,2331.5164,-12.0972,-0.5189,62689387.0,112831440.2
399006.SZ,20220923,2320.9182,2336.289,2275.292,2303.9052,2319.4192,-15.514,-0.6689,68529871.0,117946667.9
399006.SZ,20220926,2288.2316,2358.4765,2285.6357,2323.0521,2303.9052,19.1469,0.8311,67549810.0,122617909.2
399006.SZ,20220927,2336.0378,2374.7374,2325.6507,2374.7374,2323.0521,51.6853,2.2249,66154657.0,120183077.3
399006.SZ,20220928,2367.4812,2367.4812,2313.7696,2313.7696,2374.7374,-60.9678,-2.5673,65851570.0,117302831.1
399006.SZ,20220929,2343.2761,2359.1245,2321.5587,2332.995,2313.7696,19.2254,0.8309,63693251.0,112472235.7
399006.SZ,20220930,2335.5402,2339.1878,2288.1949,2288.9688,2332.995,-44.0262,-1.8871,58126087.0,103192104.3
399006.SZ,20221010,2294.7151,2301.2357,2230.637,2236.2448,2288.9688,-52.724,-2.3034,61381112.0,108243453.1
399006.SZ,20221011,2256.3424,2273.8958,2245.4687,2261.8917,2236.2448,25.6469,1.1469,55209962.0,101324561.8
399006.SZ,20221012,2260.6781,2343.5034,2234.4636,2343.3004,2261.8917,81.4087,3.5991,73388820.0,135208953.5
399006.SZ,20221013,2324.4655,2374.6144,2318.2681,2350.6864,2343.3004,7.386,0.3152,78662260.0,138038536.9
399006.SZ,20221014,2379.8304,2453.0435,2365.1395,2434.2185,2350.6864,83.5321,3.5535,89092345.0,173666162.1
399006.SZ,20221017,2419.6424,2446.7035,2409.5228,2435.0228,2434.2185,0.8043,0.033,90090083.0,160489470.9
399006.SZ,20221018,2446.3581,2469.0343,2428.1467,2446.9279,2435.0228,11.9051,0.4889,88359500.0,157592038.9
399006.SZ,20221019,2440.0308,2463.7752,2425.7274,2425.9573,2446.9279,-20.9706,-0.857,82210782.0,147101293.2
399006.SZ,20221020,2402.7562,2444.4133,2365.7248,2401.7162,2425.9573,-24.2411,-0.9992,85813402.0,158358693.1
399006.SZ,20221021,2390.4132,2410.0149,2381.2053,2395.1573,2401.7162,-6.5589,-0.2731,73036725.0,131238186.3
399006.SZ,20221024,2385.8163,2412.5951,2323.848,2336.8385,2395.1573,-58.3188,-2.4349,91295157.0,164325876.3
399006.SZ,20221025,2323.8379,2344.3868,2281.4023,2314.5509,2336.8385,-22.2876,-0.9538,94415846.0,167703611.4
399006.SZ,20221026,2324.7663,2397.1321,2320.2698,2372.8758,2314.5509,58.3249,2.5199,109525369.0,200407665.5
399006.SZ,20221027,2377.1807,2377.6844,2337.2531,2337.2531,2372.8758,-35.6227,-1.5012,110646350.0,205044905.3
399006.SZ,20221028,2309.9568,2326.4912,2245.4625,2250.5104,2337.2531,-86.7427,-3.7113,110423288.0,190484148.4
399006.SZ,20221031,2228.6176,2295.9522,2227.83,2265.0784,2250.5104,14.568,0.6473,99957675.0,176831985.1
399006.SZ,20221101,2270.0351,2337.8233,2251.7992,2337.6529,2265.0784,72.5745,3.2041,105057129.0,195189967.8
399006.SZ,20221102,2322.9826,2396.2123,2320.5508,2375.8618,2337.6529,38.2089,1.6345,122391054.0,216175683.2
399006.SZ,20221103,2352.5599,2385.0567,2349.7476,2376.0609,2375.8618,0.1991,0.0084,99317510.0,178203349.0
399006.SZ,20221104,2378.4205,2464.5075,2377.9132,2451.2232,2376.0609,75.1623,3.1633,111460876.0,211085379.4
399006.SZ,20221107,2447.1301,2470.6363,2432.0493,2454.6935,2451.2232,3.4703,0.1416,112728593.0,200878338.2
399006.SZ,20221108,2452.8568,2460.9891,2411.7242,2432.4032,2454.6935,-22.2903,-0.9081,98193743.0,169356133.2
399006.SZ,20221109,2422.1715,2432.2935,2398.0703,2399.3362,2432.4032,-33.067,-1.3594,92081564.0,154113522.5
399006.SZ,20221110,2380.2325,2393.6053,2344.684,2357.1256,2399.3362,-42.2106,-1.7593,110856001.0,178163560.6
399006.SZ,20221111,2443.1132,2446.0945,2402.9405,2405.3181,2357.1256,48.1925,2.0445,142694125.0,240668003.0
399006.SZ,20221114,2406.8692,2418.5174,2364.4413,2375.2073,2405.3181,-30.1108,-1.2518,119402146.0,205107898.5
399006.SZ,20221115,2373.9934,2432.4553,2356.3495,2431.7333,2375.2073,56.526,2.3798,122265018.0,215285819.2
399006.SZ,20221116,2427.4062,2443.794,2399.6981,2402.905,2431.7333,-28.8283,-1.1855,118064541.0,198702323.2
399006.SZ,20221117,2389.4648,2389.4648,2350.9961,2385.8608,2402.905,-17.0442,-0.7093,115312132.0,190365790.7
399006.SZ,20221118,2394.3098,2420.3791,2384.6538,2389.76,2385.8608,3.8992,0.1634,131120628.0,212410042.5
399006.SZ,20221121,2369.7633,2389.6429,2360.8513,2387.2955,2389.76,-2.4645,-0.1031,108825982.0,178340842.0
399006.SZ,20221122,2380.7079,2382.141,2334.4718,2343.5541,2387.2955,-43.7414,-1.8323,112251873.0,179420525.6
399006.SZ,20221123,2338.8604,2357.0,2302.9915,2340.3369,2343.5541,-3.2172,-0.1373,105290748.0,165843056.6
399006.SZ,20221124,2349.2714,2356.669,2330.3713,2335.5245,2340.3369,-4.8124,-0.2056,85241458.0,142601517.6
399006.SZ,20221125,2325.5746,2327.2806,2304.9801,2309.3603,2335.5245,-26.1642,-1.1203,79167669.0,128245296.9
399006.SZ,20221128,2264.8296,2300.9507,2261.0538,2298.8014,2309.3603,-10.5589,-0.4572,79206175.0,129273990.6
399006.SZ,20221129,2301.2124,2347.7077,2298.3088,2339.7928,2298.8014,40.9914,1.7832,94029404.0,158846585.6
399006.SZ,20221130,2335.9525,2348.1576,2323.193,2345.3128,2339.7928,5.52,0.2359,88305042.0,152155503.5
399006.SZ,20221201,2386.0808,2403.7668,2380.6671,2381.1833,2345.3128,35.8705,1.5295,104066458.0,189597165.4
399006.SZ,20221202,2378.4,2408.7381,2369.3061,2383.3217,2381.1833,2.1384,0.0898,97623943.0,162985993.0
399006.SZ,20221205,2391.1033,2394.4319,2366.1235,2377.1075,2383.3217,-6.2142,-0.2607,107238388.0,185814707.3
399006.SZ,20221206,2366.107,2414.1988,2365.6913,2393.2805,2377.1075,16.173,0.6804,98689267.0,172285554.9
399006.SZ,20221207,2382.5632,2432.1062,2382.5632,2414.0435,2393.2805,20.763,0.8676,100195413.0,175264737.4
399006.SZ,20221208,2411.7974,2423.1606,2398.2093,2411.8115,2414.0435,-2.232,-0.0925,99090449.0,162739114.8
399006.SZ,20221209,2412.1602,2421.6545,2391.667,2420.6291,2411.8115,8.8176,0.3656,102812993.0,178664402.7
399006.SZ,20221212,2409.4443,2418.0578,2399.6867,2401.5225,2420.6291,-19.1066,-0.7893,101889894.0,169940595.2
399006.SZ,20221213,2403.7363,2404.8759,2371.0708,2376.2046,2401.5225,-25.3179,-1.0542,102392699.0,165874337.9
399006.SZ,20221214,2384.7014,2391.2124,2362.6057,2368.0786,2376.2046,-8.126,-0.342,94160383.0,154091974.1
399006.SZ,20221215,2365.2339,2399.3633,2363.3424,2399.1235,2368.0786,31.0449,1.311,87634266.0,150377332.1
399006.SZ,20221216,2381.6796,2390.6633,2361.893,2373.7235,2399.1235,-25.4,-1.0587,95162846.0,152600951.9
399006.SZ,20221219,2372.9253,2389.2984,2337.4017,2346.6967,2373.7235,-27.0268,-1.1386,91660271.0,142217553.6
399006.SZ,20221220,2340.5146,2340.732,2308.5659,2310.7985,2346.6967,-35.8982,-1.5297,73567498.0,117988814.9
399006.SZ,20221221,2312.5231,2322.5246,2293.5777,2303.7031,2310.7985,-7.0954,-0.3071,69800264.0,110201713.8
399006.SZ,20221222,2318.7127,2328.7103,2288.5233,2295.3197,2303.7031,-8.3834,-0.3639,76064883.0,120705098.2
399006.SZ,20221223,2282.325,2301.6188,2273.0377,2286.1884,2295.3197,-9.1313,-0.3978,73658581.0,111948110.5
399006.SZ,20221226,2290.2556,2334.9754,2290.1588,2331.4102,2286.1884,45.2218,1.978,71956298.0,119992330.3
399006.SZ,20221227,2335.5654,2363.1476,2326.31,2359.4996,2331.4102,28.0894,1.2048,78477510.0,131642129.6
399006.SZ,20221228,2346.0381,2348.8495,2323.4826,2338.2576,2359.4996,-21.242,-0.9003,71406458.0,119803876.8
399006.SZ,20221229,2328.7341,2365.6873,2327.6876,2349.3827,2338.2576,11.1251,0.4758,69365878.0,112821759.3
399006.SZ,20221230,2361.9663,2369.1364,2346.767,2346.767,2349.3827,-2.6157,-0.1113,69585617.0,108001925.1
399006.SZ,20230103,2339.9808,2361.5541,2312.3085,2356.4239,2346.767,9.6569,0.4115,93658454.0,152627467.2
399006.SZ,20230104,2347.0029,2352.3338,2323.7221,2335.1221,2356.4239,-21.3018,-0.904,90279299.0,149861699.1
399006.SZ,20230105,2343.7817,2405.4316,2343.7154,2399.4583,2335.1221,64.3362,2.7552,85907831.0,160292215.2
399006.SZ,20230106,2392.6547,2442.2349,2391.3346,2422.1413,2399.4583,22.683,0.9453,85573573.0,157181250.1
399006.SZ,20230109,2433.3456,2455.6004,2427.8074,2440.366,2422.1413,18.2247,0.7524,78388293.0,149210064.0
399006.SZ,20230110,2441.4973,2478.8947,2435.1926,2474.0052,2440.366,33.6392,1.3784,72002026.0,141541422.5
399006.SZ,20230111,2470.6386,2480.1628,2442.7336,2445.9713,2474.0052,-28.0339,-1.1331,73684722.0,138781669.0
399006.SZ,20230112,2455.7327,2477.0119,2448.7586,2458.4938,2445.9713,12.5225,0.512,70121680.0,127785414.7
399006.SZ,20230113,2475.1373,2493.1261,2462.8742,2493.1261,2458.4938,34.6323,1.4087,68126838.0,133962975.9
399006.SZ,20230116,2490.7199,2566.6857,2490.7199,2539.5215,2493.1261,46.3954,1.8609,83381687.0,167307330.9
399006.SZ,20230117,2540.5661,2556.6379,2535.18,2545.5548,2539.5215,6.0333,0.2376,67461364.0,128154312.9
399006.SZ,20230118,2548.7025,2555.6853,2534.427,2543.8965,2545.5548,-1.6583,-0.0651,67165684.0,113906380.1
399006.SZ,20230119,2539.8909,2571.4374,2531.9563,2571.4374,2543.8965,27.5409,1.0826,73852810.0,130129692.6
399006.SZ,20230120,2580.272,2588.8897,2571.8306,2585.9628,2571.4374,14.5254,0.5649,77283022.0,136297789.6
399006.SZ,20230130,2657.3927,2661.2809,2611.1292,2613.8853,2585.9628,27.9225,1.0798,120029575.0,208487978.7
399006.SZ,20230131,2608.1203,2618.2825,2575.5319,2580.8394,2613.8853,-33.0459,-1.2642,104621846.0,170552974.3
399006.SZ,20230201,2592.4488,2613.6891,2572.3325,2613.6891,2580.8394,32.8497,1.2728,128986554.0,201399494.8
399006.SZ,20230202,2619.793,2631.8576,2598.1219,2602.3165,2613.6891,-11.3726,-0.4351,136608702.0,211650051.4
399006.SZ,20230203,2592.8431,2605.9951,2551.8259,2580.1109,2602.3165,-22.2056,-0.8533,123099431.0,186534207.2
399006.SZ,20230206,2560.46,2560.46,2523.7094,2544.0914,2580.1109,-36.0195,-1.396,126522450.0,194303856.3
399006.SZ,20230207,2551.1325,2557.3815,2522.5464,2537.9691,2544.0914,-6.1223,-0.2406,135280865.0,202624840.5
399006.SZ,20230208,2542.2444,2550.3748,2522.5259,2525.8766,2537.9691,-12.0925,-0.4765,127104678.0,192298120.8
399006.SZ,20230209,2520.8304,2569.9905,2515.5096,2569.7332,2525.8766,43.8566,1.7363,136225558.0,220053216.1
399006.SZ,20230210,2567.0863,2571.1982,2531.8708,2545.1555,2569.7332,-24.5777,-0.9564,138194028.0,217391931.5
399006.SZ,20230213,2546.1445,2576.0401,2540.8472,2573.1806,2545.1555,28.0251,1.1011,136849638.0,225443625.9
399006.SZ,20230214,2585.9668,2586.1806,2551.4699,2565.1548,2573.1806,-8.0258,-0.3119,125973040.0,211129294.4
399006.SZ,20230215,2564.5395,2574.5809,2543.6356,2547.1974,2565.1548,-17.9574,-0.7001,140353889.0,233089754.5
399006.SZ,20230216,2549.4271,2567.2928,2495.1588,2512.499,2547.1974,-34.6984,-1.3622,175758553.0,275151294.4
399006.SZ,20230217,2508.2593,2513.2058,2449.3507,2449.3507,2512.499,-63.1483,-2.5134,135687930.0,212894337.2
399006.SZ,20230220,2445.6428,2481.5721,2424.6296,2480.7942,2449.3507,31.4435,1.2837,117685679.0,196563682.1
399006.SZ,20230221,2473.5993,2480.3458,2452.8398,2469.8069,2480.7942,-10.9873,-0.4429,115550699.0,185792994.4
399006.SZ,20230222,2452.3872,2470.4953,2446.1938,2451.8977,2469.8069,-17.9092,-0.7251,103867556.0,167637130.0
399006.SZ,20230223,2450.962,2470.3978,2446.4133,2457.4825,2451.8977,5.5848,0.2278,108695288.0,171929629.8
399006.SZ,20230224,2457.5323,2458.2909,2425.66,2428.9355,2457.4825,-28.547,-1.1616,95775461.0,153040507.0
399006.SZ,20230227,2416.4277,2432.3882,2403.6546,2409.7944,2428.9355,-19.1411,-0.788,95581403.0,152559720.6
399006.SZ,20230228,2417.5752,2432.3225,2407.7561,2429.0274,2409.7944,19.233,0.7981,100904063.0,158373678.7
399006.SZ,20230301,2428.0999,2449.4449,2415.9472,2443.9456,2429.0274,14.9182,0.6142,130336770.0,200824531.0
399006.SZ,20230302,2438.5823,2442.1912,2415.1239,2418.5978,2443.9456,-25.3478,-1.0372,131298037.0,205869418.8
399006.SZ,20230303,2423.6724,2434.1244,2405.2961,2422.4366,2418.5978,3.8388,0.1587,111160521.0,174398388.4
399006.SZ,20230306,2421.4245,2435.9019,2393.9195,2431.5556,2422.4366,9.119,0.3764,104380892.0,184713858.4
399006.SZ,20230307,2423.0259,2430.6445,2383.5039,2383.7311,2431.5556,-47.8245,-1.9668,112107051.0,177715776.5
399006.SZ,20230308,2375.8663,2390.0664,2366.2457,2377.5842,2383.7311,-6.1469,-0.2579,93923762.0,151496175.1
399006.SZ,20230309,2377.9748,2386.9006,2365.8624,2372.6799,2377.5842,-4.9043,-0.2063,117161535.0,181848218.8
399006.SZ,20230310,2366.5897,2388.6118,2354.0233,2370.3585,2372.6799,-2.3214,-0.0978,127669551.0,202767097.3
399006.SZ,20230313,2359.721,2374.9685,2345.9891,2357.0683,2370.3585,-13.2902,-0.5607,127326216.0,202169496.1
399006.SZ,20230314,2353.2096,2356.8966,2308.9324,2343.1099,2357.0683,-13.9584,-0.5922,136502166.0,220442883.3
399006.SZ,20230315,2359.2222,2375.2849,2335.5942,2337.4635,2343.1099,-5.6464,-0.241,114050704.0,182131445.1
399006.SZ,20230316,2320.3831,2333.3108,2298.44,2302.0494,2337.4635,-35.4141,-1.5151,116796014.0,185717136.8
399006.SZ,20230317,2320.1982,2324.8314,2289.2803,2293.6705,2302.0494,-8.3789,-0.364,140644563.0,232373811.6
399006.SZ,20230320,2291.3855,2317.6364,2280.1358,2291.918,2293.6705,-1.7525,-0.0764,150120827.0,246621506.9
399006.SZ,20230321,2298.2809,2337.3708,2298.2809,2337.2571,2291.918,45.3391,1.9782,132375256.0,218400573.6
399006.SZ,20230322,2348.5226,2358.6296,2330.8187,2341.9225,2337.2571,4.6654,0.1996,159335476.0,258413138.3
399006.SZ,20230323,2330.981,2361.4086,2327.3858,2361.4086,2341.9225,19.4861,0.8321,149682633.0,257765832.2
399006.SZ,20230324,2366.4324,2373.7739,2355.7442,2370.3796,2361.4086,8.971,0.3799,165029821.0,284161560.2
399006.SZ,20230327,2363.0068,2399.4382,2363.0068,2398.0155,2370.3796,27.6359,1.1659,174960423.0,314602853.2
399006.SZ,20230328,2389.849,2389.9189,2364.628,2369.1724,2398.0155,-28.8431,-1.2028,151320626.0,272536055.1
399006.SZ,20230329,2371.2976,2381.9967,2367.3817,2371.1905,2369.1724,2.0181,0.0852,139645390.0,254717188.8
399006.SZ,20230330,2370.7328,2384.959,2362.6579,2383.0375,2371.1905,11.847,0.4996,126735563.0,229091010.2
399006.SZ,20230331,2386.8608,2402.5495,2385.4145,2399.5025,2383.0375,16.465,0.6909,138635714.0,246018793.7
399006.SZ,20230403,2406.1367,2442.9672,2406.1367,2440.2072,2399.5025,40.7047,1.6964,179614604.0,337935189.3
399006.SZ,20230404,2441.4265,2442.5741,2407.4842,2421.6548,2440.2072,-18.5524,-0.7603,181118652.0,350415285.2
399006.SZ,20230406,2404.2617,2428.8013,2402.3041,2426.5673,2421.6548,4.9125,0.2029,164546058.0,317174192.9
399006.SZ,20230407,2421.7507,2454.0443,2421.0606,2446.9454,2426.5673,20.3781,0.8398,158561769.0,287517584.6
399006.SZ,20230410,2457.1934,2461.2966,2432.0494,2443.5213,2446.9454,-3.4241,-0.1399,166298217.0,315900525.0
399006.SZ,20230411,2449.2718,2463.2724,2426.666,2439.3958,2443.5213,-4.1255,-0.1688,145869419.0,271566220.6
399006.SZ,20230412,2436.8934,2440.3275,2417.2792,2429.2934,2439.3958,-10.1024,-0.4141,163918010.0,295939807.9
399006.SZ,20230413,2418.2704,2426.8343,2403.9156,2405.7605,2429.2934,-23.5329,-0.9687,170319680.0,302326237.6
399006.SZ,20230414,2409.7746,2432.3628,2409.6017,2428.0904,2405.7605,22.3299,0.9282,152520926.0,285763631.4
399006.SZ,20230417,2420.0125,2440.7302,2420.0125,2434.4417,2428.0904,6.3513,0.2616,138070139.0,251316874.8
399006.SZ,20230418,2428.1834,2443.7716,2423.9301,2431.0996,2434.4417,-3.3421,-0.1373,129922237.0,251226563.1
399006.SZ,20230419,2429.3269,2429.3269,2413.3361,2415.7604,2431.0996,-15.3392,-0.631,139360653.0,265017992.6
399006.SZ,20230420,2414.0086,2414.0086,2378.0547,2386.6739,2415.7604,-29.0865,-1.204,149358689.0,285087488.1
399006.SZ,20230421,2393.1918,2400.7886,2340.6149,2341.1909,2386.6739,-45.483,-1.9057,168905251.0,311546688.5
399006.SZ,20230424,2337.3805,2340.2588,2288.7846,2301.2384,2341.1909,-39.9525,-1.7065,151425695.0,272656669.1
399006.SZ,20230425,2302.859,2305.916,2243.8331,2259.1931,2301.2384,-42.0453,-1.8271,171213681.0,294290991.3
399006.SZ,20230426,2249.5327,2306.6584,2247.9467,2294.0569,2259.1931,34.8638,1.5432,167820380.0,314275575.0
399006.SZ,20230427,2283.6322,2315.3208,2281.6033,2307.2706,2294.0569,13.2137,0.576,159029281.0,277678287.7
399006.SZ,20230428,2309.35,2328.8868,2303.3084,2324.7152,2307.2706,17.4446,0.7561,167343369.0,283469792.9
399006.SZ,20230504,2316.3326,2319.8279,2290.9164,2297.6699,2324.7152,-27.0453,-1.1634,166568556.0,272510509.6
399006.SZ,20230505,2291.2397,2293.837,2260.6359,2267.6319,2297.6699,-30.038,-1.3073,151497140.0,254715143.4
399006.SZ,20230508,2274.7166,2277.226,2251.7719,2273.4005,2267.6319,5.7686,0.2544,148634411.0,248840444.6
399006.SZ,20230509,2270.7618,2277.2879,2245.7194,2245.8233,2273.4005,-27.5772,-1.213,154365913.0,255653139.3
399006.SZ,20230510,2241.4357,2273.6767,2228.1796,2262.2174,2245.8233,16.3941,0.73,137865738.0,236339618.1
399006.SZ,20230511,2264.9012,2296.4515,2264.8588,2276.5712,2262.2174,14.3538,0.6345,134737118.0,226942813.3
399006.SZ,20230512,2277.4225,2287.4738,2251.7568,2252.38,2276.5712,-24.1912,-1.0626,129522431.0,208668678.1
399006.SZ,20230515,2259.1692,2299.9303,2257.8227,2299.9303,2252.38,47.5503,2.1111,128936532.0,222328118.8
399006.SZ,20230516,2300.7965,2307.1709,2286.2283,2294.1919,2299.9303,-5.7384,-0.2495,128103852.0,220529183.0
399006.SZ,20230517,2293.5493,2300.287,2281.1662,2293.6444,2294.1919,-0.5475,-0.0239,126061261.0,211533043.5
399006.SZ,20230518,2299.6302,2300.6163,2264.8365,2277.9739,2293.6444,-15.6705,-0.6832,148530359.0,255147574.3
399006.SZ,20230519,2275.8039,2293.0977,2270.389,2278.585,2277.9739,0.6111,0.0268,134784974.0,241822389.0
399006.SZ,20230522,2278.7077,2291.3305,2265.756,2280.1507,2278.585,1.5657,0.0687,121923695.0,211811503.1
399006.SZ,20230523,2282.9001,2284.0747,2253.3306,2253.3306,2280.1507,-26.8201,-1.1762,124291457.0,213157378.0
399006.SZ,20230524,2245.471,2268.8624,2239.8984,2245.2566,2253.3306,-8.074,-0.3583,123977019.0,224347140.0
399006.SZ,20230525,2245.3109,2257.221,2228.8445,2244.1843,2245.2566,-1.0723,-0.0478,140870410.0,251782983.4
399006.SZ,20230526,2244.3417,2244.3417,2215.2858,2229.2677,2244.1843,-14.9166,-0.6647,134674858.0,245255930.5
399006.SZ,20230529,2236.9814,2238.4012,2196.0637,2203.842,2229.2677,-25.4257,-1.1405,145883643.0,263902483.6
399006.SZ,20230530,2200.8006,2218.6032,2180.6997,2218.6032,2203.842,14.7612,0.6698,151803166.0,273293183.0
399006.SZ,20230531,2215.2722,2215.4919,2183.4214,2193.4082,2218.6032,-25.195,-1.1356,150199608.0,274135420.6
399006.SZ,20230601,2191.8013,2225.1253,2184.9158,2206.4263,2193.4082,13.0181,0.5935,162769899.0,286616586.7
399006.SZ,20230602,2213.7728,2240.5664,2211.9821,2233.2748,2206.4263,26.8485,1.2168,147177872.0,265690732.9
399006.SZ,20230605,2226.2029,2226.5913,2195.6628,2202.1357,2233.2748,-31.1391,-1.3943,131743301.0,242196508.6
399006.SZ,20230606,2196.9778,2197.5763,2162.7153,2164.8106,2202.1357,-37.3251,-1.695,147251820.0,257264257.5
399006.SZ,20230607,2159.1632,2162.5643,2124.5248,2129.8978,2164.8106,-34.9128,-1.6127,124605102.0,230680250.1
399006.SZ,20230608,2136.0211,2139.9588,2118.3309,2123.961,2129.8978,-5.9368,-0.2787,130063777.0,235743354.4
399006.SZ,20230609,2122.1598,2143.0092,2118.7919,2143.0092,2123.961,19.0482,0.8968,146778463.0,267310769.1
399006.SZ,20230612,2135.8816,2162.5282,2131.1183,2152.4223,2143.0092,9.4131,0.4392,139058560.0,251224944.9
399006.SZ,20230613,2148.395,2169.6559,2147.5628,2166.9623,2152.4223,14.54,0.6755,143969006.0,253104267.9
399006.SZ,20230614,2175.9161,2177.8038,2163.3402,2163.3402,2166.9623,-3.6221,-0.1672,151047900.0,267692916.5
399006.SZ,20230615,2174.5351,2237.7396,2174.5351,2237.7396,2163.3402,74.3994,3.4391,156888357.0,296245224.9
399006.SZ,20230616,2243.5365,2272.0163,2234.476,2270.0645,2237.7396,32.3249,1.4445,150890144.0,288408868.7
399006.SZ,20230619,2271.7623,2276.5568,2257.6381,2265.1846,2270.0645,-4.8799,-0.215,158207298.0,308474245.6
399006.SZ,20230620,2264.1828,2277.3299,2257.8783,2271.419,2265.1846,6.2344,0.2752,159201099.0,305674238.7
399006.SZ,20230621,2260.5047,2266.7598,2211.8363,2211.8363,2271.419,-59.5827,-2.6231,153347036.0,289976569.1
399006.SZ,20230626,2185.149,2212.4118,2171.5861,2186.2528,2211.8363,-25.5835,-1.1567,140253328.0,257098359.8
399006.SZ,20230627,2186.1614,2205.5625,2179.3171,2191.8277,2186.2528,5.5749,0.255,117076180.0,204637947.9
399006.SZ,20230628,2184.9892,2189.0202,2160.1929,2182.0951,2191.8277,-9.7326,-0.444,135285441.0,231726482.7
399006.SZ,20230629,2178.882,2194.2511,2178.4343,2180.0625,2182.0951,-2.0326,-0.0931,127211224.0,227239467.8
399006.SZ,20230630,2178.5333,2227.9947,2171.4199,2215.0012,2180.0625,34.9387,1.6026,131277433.0,245044048.2
399006.SZ,20230703,2223.3298,2239.4316,2215.3569,2228.2109,2215.0012,13.2097,0.5964,138381382.0,252058271.4
399006.SZ,20230704,2222.3271,2234.8647,2215.7657,2232.7501,2228.2109,4.5392,0.2037,125801220.0,232170077.9
399006.SZ,20230705,2235.2004,2239.9285,2209.1059,2212.4152,2232.7501,-20.3349,-0.9108,121735452.0,225215879.7
399006.SZ,20230706,2206.3008,2218.394,2190.031,2192.1867,2212.4152,-20.2285,-0.9143,116183025.0,210346405.3
399006.SZ,20230707,2185.7252,2186.0365,2169.2084,2169.2084,2192.1867,-22.9783,-1.0482,116358783.0,211053835.8
399006.SZ,20230710,2174.3319,2213.7611,2174.3319,2198.8648,2169.2084,29.6564,1.3672,108555771.0,198345672.9
399006.SZ,20230711,2202.9343,2217.657,2194.1659,2216.7788,2198.8648,17.914,0.8147,108864959.0,196431254.5
399006.SZ,20230712,2216.0298,2217.7505,2194.6138,2196.8515,2216.7788,-19.9273,-0.8989,131450509.0,236519609.0
399006.SZ,20230713,2208.2238,2238.6743,2208.2238,2237.515,2196.8515,40.6635,1.851,130828414.0,246550550.3
399006.SZ,20230714,2237.2448,2239.4249,2221.785,2224.0964,2237.515,-13.4186,-0.5997,135227333.0,254754071.6
399006.SZ,20230717,2212.7629,2214.4247,2198.2662,2207.4445,2224.0964,-16.6519,-0.7487,119609545.0,218516833.5
399006.SZ,20230718,2215.054,2215.2489,2196.2295,2200.6187,2207.4445,-6.8258,-0.3092,111261960.0,201770245.5
399006.SZ,20230719,2196.5878,2201.4299,2170.3301,2177.2466,2200.6187,-23.3721,-1.0621,102381389.0,185978981.1
399006.SZ,20230720,2180.7136,2199.6418,2153.9783,2155.6474,2177.2466,-21.5992,-0.992,117053853.0,209271761.5
399006.SZ,20230721,2151.8514,2177.8005,2151.066,2163.1174,2155.6474,7.47,0.3465,110593800.0,190368851.6
399006.SZ,20230724,2148.2861,2167.1883,2142.9089,2146.9292,2163.1174,-16.1882,-0.7484,92139661.0,161849663.2
399006.SZ,20230725,2183.0467,2195.7515,2169.7229,2192.8972,2146.9292,45.968,2.1411,118416218.0,213425342.0
399006.SZ,20230726,2185.8106,2194.5389,2180.2042,2191.1693,2192.8972,-1.7279,-0.0788,115155854.0,192249103.3
399006.SZ,20230727,2199.4812,2205.7163,2180.6927,2184.0965,2191.1693,-7.0728,-0.3228,111084922.0,187897767.8
399006.SZ,20230728,2176.4863,2224.027,2172.3724,2219.5376,2184.0965,35.4411,1.6227,124567790.0,211087855.5
399006.SZ,20230731,2233.2644,2256.0536,2230.134,2236.6732,2219.5376,17.1356,0.772,143740118.0,232939804.6
399006.SZ,20230801,2234.6149,2249.3836,2215.5771,2223.7958,2236.6732,-12.8774,-0.5757,124343898.0,207926828.4
399006.SZ,20230802,2220.7696,2231.8681,2213.0413,2218.5654,2223.7958,-5.2304,-0.2352,105906456.0,178730570.6
399006.SZ,20230803,2214.0883,2242.5735,2214.0883,2241.9832,2218.5654,23.4178,1.0555,103359334.0,180689478.7
399006.SZ,20230804,2263.4041,2282.6477,2247.8998,2263.3732,2241.9832,21.39,0.9541,135032209.0,238967067.4
399006.SZ,20230807,2252.4345,2255.9991,2234.0409,2240.7749,2263.3732,-22.5983,-0.9984,121092593.0,214979515.2
399006.SZ,20230808,2238.6632,2244.8974,2226.2386,2228.9091,2240.7749,-11.8658,-0.5295,114341375.0,200770407.7
399006.SZ,20230809,2222.51,2241.8739,2222.51,2228.731,2228.9091,-0.1781,-0.008,113217182.0,201016594.9
399006.SZ,20230810,2226.9126,2241.8498,2220.8318,2239.3064,2228.731,10.5754,0.4745,102407984.0,186974566.2
399006.SZ,20230811,2241.4811,2241.4811,2187.0362,2187.0362,2239.3064,-52.2702,-2.3342,108738844.0,193888470.4
399006.SZ,20230814,2163.2801,2170.2206,2139.9729,2164.6928,2187.0362,-22.3434,-1.0216,102047482.0,190280250.1
399006.SZ,20230815,2164.8197,2171.5642,2130.3819,2148.6738,2164.6928,-16.019,-0.74,100087448.0,191214117.2
399006.SZ,20230816,2140.0059,2158.0038,2132.8876,2132.9695,2148.6738,-15.7043,-0.7309,100599628.0,188713358.2
399006.SZ,20230817,2130.5403,2151.2273,2113.3043,2147.0612,2132.9695,14.0917,0.6607,108624122.0,198301211.4
399006.SZ,20230818,2145.7965,2156.1726,2118.9245,2118.9245,2147.0612,-28.1367,-1.3105,113529807.0,202415561.9
399006.SZ,20230821,2108.6999,2115.0199,2084.9693,2084.9693,2118.9245,-33.9552,-1.6025,99675751.0,181759441.3
399006.SZ,20230822,2099.8415,2104.736,2049.091,2086.9407,2084.9693,1.9714,0.0946,122292443.0,221366459.3
399006.SZ,20230823,2081.2143,2081.2143,2038.9756,2038.9756,2086.9407,-47.9651,-2.2983,110599238.0,193737916.6
399006.SZ,20230824,2050.534,2083.6437,2042.5799,2064.5734,2038.9756,25.5978,1.2554,128477448.0,219149881.2
399006.SZ,20230825,2053.6485,2059.1489,2032.5815,2040.3988,2064.5734,-24.1746,-1.1709,137716076.0,219029519.9
399006.SZ,20230828,2182.3865,2182.3865,2055.6104,2060.0436,2040.3988,19.6448,0.9628,171460289.0,283471082.3
399006.SZ,20230829,2054.9764,2133.5971,2054.9764,2118.1941,2060.0436,58.1505,2.8228,165684801.0,284246312.6
399006.SZ,20230830,2122.6486,2141.5986,2110.8736,2117.1255,2118.1941,-1.0686,-0.0504,158494567.0,273991472.5
399006.SZ,20230831,2111.0204,2117.4018,2100.7272,2102.575,2117.1255,-14.5505,-0.6873,125436904.0,216620144.4
399006.SZ,20230901,2108.077,2118.5107,2093.0988,2100.2576,2102.575,-2.3174,-0.1102,108026895.0,187182290.9
399006.SZ,20230904,2110.1687,2120.9773,2088.9936,2118.0337,2100.2576,17.7761,0.8464,120361863.0,200377646.4
399006.SZ,20230905,2113.5953,2122.6238,2107.861,2111.327,2118.0337,-6.7067,-0.3166,129319063.0,218205935.7
399006.SZ,20230906,2103.2972,2105.1003,2089.4531,2101.3978,2111.327,-9.9292,-0.4703,134779808.0,228007491.4
399006.SZ,20230907,2096.615,2097.2843,2056.98,2056.98,2101.3978,-44.4178,-2.1137,137675508.0,228191030.1
399006.SZ,20230908,2047.6003,2057.1231,2038.5707,2049.765,2056.98,-7.215,-0.3508,130787413.0,217255126.2
399006.SZ,20230911,2048.9499,2076.903,2041.7653,2063.1889,2049.765,13.4239,0.6549,138593287.0,237480107.8
399006.SZ,20230912,2060.6204,2063.9247,2049.4825,2051.0388,2063.1889,-12.1501,-0.5889,121530793.0,205046867.5
399006.SZ,20230913,2045.3142,2053.4546,2015.3944,2027.7293,2051.0388,-23.3095,-1.1365,123604969.0,200110855.5
399006.SZ,20230914,2021.5972,2024.8586,2002.4311,2011.8831,2027.7293,-15.8462,-0.7815,110421114.0,182614025.2
399006.SZ,20230915,2009.3269,2022.944,1996.1217,2002.7279,2011.8831,-9.1552,-0.4551,106712933.0,185265092.2
399006.SZ,20230918,1994.8683,2033.1465,1993.6795,2020.4668,2002.7279,17.7389,0.8857,105422890.0,180955526.5
399006.SZ,20230919,2017.8896,2017.8896,1995.2407,2002.6646,2020.4668,-17.8022,-0.8811,99060110.0,159619078.2
399006.SZ,20230920,2000.7189,2001.5035,1987.296,1987.296,2002.6646,-15.3686,-0.7674,90334604.0,146855175.0
399006.SZ,20230921,1983.02,1990.3284,1967.6072,1967.6072,1987.296,-19.6888,-0.9907,92248678.0,148746720.2
399006.SZ,20230922,1965.6924,2013.9555,1963.2326,2013.3442,1967.6072,45.737,2.3245,119252547.0,206584120.3
399006.SZ,20230925,2015.3155,2015.3155,2000.8119,2005.2552,2013.3442,-8.089,-0.4018,117484221.0,199360546.1
399006.SZ,20230926,2000.2311,2007.91,1989.6504,1989.828,2005.2552,-15.4272,-0.7693,110872917.0,192374734.9
399006.SZ,20230927,1994.0131,2027.8181,1990.1578,2006.2235,1989.828,16.3955,0.824,116582661.0,201252543.6
399006.SZ,20230928,2013.621,2019.287,1995.5589,2003.908,2006.2235,-2.3155,-0.1154,120424985.0,200978705.6
399006.SZ,20231009,2000.1341,2006.4277,1977.7743,1998.6074,2003.908,-5.3006,-0.2645,134153185.0,221438266.8
399006.SZ,20231010,2004.9469,2014.2973,1987.3511,1987.9379,1998.6074,-10.6695,-0.5338,139745449.0,226066308.9
399006.SZ,20231011,2000.5151,2021.1074,1996.8196,2003.9016,1987.9379,15.9637,0.803,148371123.0,247077894.5
399006.SZ,20231012,2015.5463,2022.3614,2001.9055,2019.1024,2003.9016,15.2008,0.7586,136247050.0,226933396.8
399006.SZ,20231013,2004.2049,2005.7185,1986.1885,1996.6013,2019.1024,-22.5011,-1.1144,141137855.0,236023608.1
399006.SZ,20231016,1993.907,1994.2638,1949.3257,1956.7227,1996.6013,-39.8786,-1.9973,140358023.0,223196177.5
399006.SZ,20231017,1963.8281,1969.4698,1950.3316,1961.8859,1956.7227,5.1632,0.2639,128953999.0,201646435.2
399006.SZ,20231018,1952.9964,1952.9964,1934.8436,1938.4351,1961.8859,-23.4508,-1.1953,130832681.0,199483780.7
399006.SZ,20231019,1925.5329,1936.216,1913.4254,1913.7019,1938.4351,-24.7332,-1.2759,134243968.0,203613714.9
399006.SZ,20231020,1899.9853,1922.9334,1893.9501,1896.9455,1913.7019,-16.7564,-0.8756,124067715.0,189423731.0
399006.SZ,20231023,1891.4849,1891.4849,1854.4451,1864.9086,1896.9455,-32.0369,-1.6889,126231963.0,183005785.2
399006.SZ,20231024,1872.2906,1890.099,1859.8643,1880.8143,1864.9086,15.9057,0.8529,136512829.0,211780801.1
399006.SZ,20231025,1890.4845,1894.535,1863.7682,1863.7961,1880.8143,-17.0182,-0.9048,151745346.0,235104985.7
399006.SZ,20231026,1851.1925,1877.4476,1840.2577,1875.8575,1863.7961,12.0614,0.6471,155256304.0,243588922.1
399006.SZ,20231027,1868.226,1937.3132,1863.5267,1929.9086,1875.8575,54.0511,2.8814,172625812.0,275588389.6
399006.SZ,20231030,1933.7894,1983.4648,1931.7009,1977.6856,1929.9086,47.777,2.4756,168980446.0,277974575.7
399006.SZ,20231031,1974.7999,1975.3949,1958.3518,1968.2265,1977.6856,-9.4591,-0.4783,158865510.0,244733927.5
399006.SZ,20231101,1969.0784,1971.4133,1949.9935,1959.1272,1968.2265,-9.0993,-0.4623,138782581.0,210375564.2
399006.SZ,20231102,1964.43,1973.2285,1939.412,1939.7046,1959.1272,-19.4226,-0.9914,145625879.0,213841386.9
399006.SZ,20231103,1943.2141,1975.5195,1943.2141,1968.2127,1939.7046,28.5081,1.4697,147490449.0,223799899.6
399006.SZ,20231106,1984.332,2034.569,1984.332,2032.3353,1968.2127,64.1226,3.2579,175633974.0,283139951.3
399006.SZ,20231107,2025.1031,2031.7918,2012.0582,2022.7657,2032.3353,-9.5696,-0.4709,173475381.0,280931100.0
399006.SZ,20231108,2016.6031,2035.911,2010.0187,2023.1297,2022.7657,0.364,0.018,196094190.0,303574269.3
399006.SZ,20231109,2019.6861,2035.4229,2013.5089,2018.3848,2023.1297,-4.7449,-0.2345,174292529.0,278698584.2
399006.SZ,20231110,2006.0868,2011.9331,2000.4889,2005.2352,2018.3848,-13.1496,-0.6515,144763673.0,227996070.8
399006.SZ,20231113,2018.8269,2022.8446,1998.024,2009.2144,2005.2352,3.9792,0.1984,154520934.0,250630432.0
399006.SZ,20231114,2008.2934,2024.6555,1995.7609,2004.8127,2009.2144,-4.4017,-0.2191,154636884.0,256261895.2
399006.SZ,20231115,2032.2618,2033.3889,2008.4824,2015.3643,2004.8127,10.5516,0.5263,163400581.0,281003843.3
399006.SZ,20231116,2012.1976,2012.1976,1978.1182,1978.1182,2015.3643,-37.2461,-1.8481,153284922.0,247460902.4
399006.SZ,20231117,1971.2227,1986.6651,1971.2227,1986.5259,1978.1182,8.4077,0.425,143700695.0,230291354.0
399006.SZ,20231120,1987.854,1998.0978,1969.9187,1992.9701,1986.5259,6.4442,0.3244,162068688.0,259665193.8
399006.SZ,20231121,2001.0686,2014.5945,1981.2853,1984.271,1992.9701,-8.6991,-0.4365,178016493.0,274410869.1
399006.SZ,20231122,1973.6605,1980.0154,1950.0079,1950.0079,1984.271,-34.2631,-1.7267,156776837.0,243361364.9
399006.SZ,20231123,1945.901,1961.3513,1940.2095,1961.3513,1950.0079,11.3434,0.5817,137840323.0,212620128.7
399006.SZ,20231124,1960.3759,1960.3759,1935.0018,1937.9399,1961.3513,-23.4114,-1.1936,145480335.0,217905113.9
399006.SZ,20231127,1936.6124,1936.6124,1916.5498,1926.201,1937.9399,-11.7389,-0.6057,135469009.0,209415837.4
399006.SZ,20231128,1923.3566,1938.7285,1918.3522,1938.4232,1926.201,12.2222,0.6345,124606174.0,195492792.8
399006.SZ,20231129,1934.5542,1937.848,1917.2192,1917.9031,1938.4232,-20.5201,-1.0586,121256652.0,191403583.3
399006.SZ,20231130,1915.0454,1932.8257,1912.172,1922.5913,1917.9031,4.6882,0.2444,122596731.0,196011124.5
399006.SZ,20231201,1922.3703,1934.0906,1904.6465,1926.2836,1922.5913,3.6923,0.192,138430088.0,219712076.0
399006.SZ,20231204,1923.2158,1926.1658,1908.5341,1908.9168,1926.2836,-17.3668,-0.9016,141369314.0,228051306.2
399006.SZ,20231205,1900.9861,1905.7283,1870.9822,1871.0962,1908.9168,-37.8206,-1.9813,131801367.0,211550517.4
399006.SZ,20231206,1867.4996,1898.6007,1866.9039,1881.9416,1871.0962,10.8454,0.5796,133900511.0,206775543.4
399006.SZ,20231207,1877.0322,1888.7512,1864.2371,1877.2115,1881.9416,-4.7301,-0.2513,136143969.0,215996620.4
399006.SZ,20231208,1881.1037,1896.7798,1870.8816,1892.1781,1877.2115,14.9666,0.7973,148165169.0,250378805.7
399006.SZ,20231211,1880.5784,1919.8354,1866.0928,1915.7366,1892.1781,23.5585,1.245,134838638.0,222977516.3
399006.SZ,20231212,1909.5978,1913.2919,1899.5637,1903.8712,1915.7366,-11.8654,-0.6194,121458611.0,204899174.1
399006.SZ,20231213,1899.3386,1899.9342,1871.7749,1872.3413,1903.8712,-31.5299,-1.6561,118993214.0,191352708.7
399006.SZ,20231214,1884.5455,1895.5986,1859.2488,1860.5132,1872.3413,-11.8281,-0.6317,111786646.0,178077800.8
399006.SZ,20231215,1869.514,1877.7751,1844.1809,1848.5008,1860.5132,-12.0124,-0.6456,107658988.0,172364278.9
399006.SZ,20231218,1839.3158,1845.969,1814.9304,1819.9955,1848.5008,-28.5053,-1.5421,101053589.0,162340642.4
399006.SZ,20231219,1818.8754,1837.944,1813.6008,1827.6723,1819.9955,7.6768,0.4218,93122535.0,154728750.9
399006.SZ,20231220,1830.7213,1832.3132,1802.3555,1802.8812,1827.6723,-24.7911,-1.3564,100591994.0,163655254.9
399006.SZ,20231221,1795.2735,1840.9646,1792.376,1832.6157,1802.8812,29.7345,1.6493,111199928.0,183372296.6
399006.SZ,20231222,1827.6841,1848.3172,1812.7649,1825.8423,1832.6157,-6.7734,-0.3696,130025592.0,201707309.4
399006.SZ,20231225,1820.2525,1838.1286,1820.2196,1831.5687,1825.8423,5.7264,0.3136,92613201.0,142625510.6
399006.SZ,20231226,1828.5587,1829.8709,1801.3791,1808.4998,1831.5687,-23.0689,-1.2595,94649899.0,145227586.2
399006.SZ,20231227,1813.0533,1818.0504,1796.6952,1809.832,1808.4998,1.3322,0.0737,95517347.0,145352659.1
399006.SZ,20231228,1806.7874,1887.1471,1804.6968,1879.4965,1809.832,69.6645,3.8492,121707141.0,200538078.8
399006.SZ,20231229,1879.5348,1897.6723,1878.0422,1891.3665,1879.4965,11.87,0.6316,122437199.0,201287292.8
399006.SZ,20240102,1889.0226,1889.0226,1855.7274,1855.9217,1891.3665,-35.4448,-1.874,115953945.0,179336679.6
399006.SZ,20240103,1850.1609,1856.439,1825.5453,1834.7319,1855.9217,-21.1898,-1.1417,107536678.0,167194107.3
399006.SZ,20240104,1831.2947,1831.3827,1794.0021,1801.7607,1834.7319,-32.9712,-1.7971,93991270.0,150294363.2
399006.SZ,20240105,1798.8174,1815.0726,1765.7241,1775.5767,1801.7607,-26.184,-1.4532,101696297.0,159496421.6
399006.SZ,20240108,1769.325,1779.3784,1744.2384,1744.4114,1775.5767,-31.1653,-1.7552,89969738.0,142332496.8
399006.SZ,20240109,1749.765,1774.3189,1737.9953,1750.7751,1744.4114,6.3637,0.3648,99765192.0,152590701.4
399006.SZ,20240110,1741.1261,1771.6803,1726.5562,1743.1977,1750.7751,-7.5774,-0.4328,98601940.0,145099691.6
399006.SZ,20240111,1744.3012,1790.3265,1739.1582,1777.2723,1743.1977,34.0746,1.9547,104955365.0,163904546.8
399006.SZ,20240112,1770.9683,1785.5133,1760.8746,1761.1599,1777.2723,-16.1124,-0.9066,102317739.0,152978543.8
399006.SZ,20240115,1751.5243,1766.258,1738.5435,1745.6087,1761.1599,-15.5512,-0.883,86196863.0,130386882.0
399006.SZ,20240116,1741.368,1755.3843,1724.6364,1752.23,1745.6087,6.6213,0.3793,96260258.0,145248422.6
399006.SZ,20240117,1747.7724,1747.7724,1699.6196,1699.6196,1752.23,-52.6104,-3.0025,86299638.0,132832551.2
399006.SZ,20240118,1685.9373,1735.0922,1678.4336,1732.3577,1699.6196,32.7381,1.9262,120941227.0,182209019.6
399006.SZ,20240119,1726.5473,1743.3018,1714.5068,1715.4361,1732.3577,-16.9216,-0.9768,94103277.0,148549402.5
399006.SZ,20240122,1710.2901,1714.9285,1657.3536,1666.8795,1715.4361,-48.5566,-2.8306,117732596.0,174689051.0
399006.SZ,20240123,1663.9823,1700.5684,1655.203,1687.6136,1666.8795,20.7341,1.2439,106465501.0,159109087.0
399006.SZ,20240124,1696.5607,1700.7744,1642.1633,1696.1879,1687.6136,8.5743,0.5081,114237798.0,162853578.4
399006.SZ,20240125,1686.5468,1720.8506,1672.068,1720.7833,1696.1879,24.5954,1.45,122868142.0,181545583.1
399006.SZ,20240126,1703.4752,1714.5341,1679.3411,1682.4777,1720.7833,-38.3056,-2.2261,117351746.0,170491394.1
399006.SZ,20240129,1680.1497,1685.6016,1623.8123,1623.8123,1682.4777,-58.6654,-3.4868,110529710.0,162726679.9
399006.SZ,20240130,1613.4633,1631.5289,1582.4215,1583.7707,1623.8123,-40.0416,-2.4659,95337139.0,131103400.7
399006.SZ,20240131,1585.2137,1601.8871,1573.1644,1573.3719,1583.7707,-10.3988,-0.6566,130116295.0,166572423.2
399006.SZ,20240201,1567.8317,1616.4019,1563.3771,1589.0373,1573.3719,15.6654,0.9957,118663092.0,150465715.5
399006.SZ,20240202,1585.9573,1595.9834,1512.0616,1550.3739,1589.0373,-38.6634,-2.4331,139680973.0,165877906.8
399006.SZ,20240205,1534.1891,1600.3305,1482.9858,1562.6096,1550.3739,12.2357,0.7892,184791329.0,196172868.1
399006.SZ,20240206,1544.9599,1668.8917,1544.4974,1667.4452,1562.6096,104.8356,6.709,183716122.0,198499862.8
399006.SZ,20240207,1663.1765,1711.4172,1658.465,1707.0199,1667.4452,39.5747,2.3734,189088132.0,210687215.9
399006.SZ,20240208,1716.6282,1764.3906,1713.7691,1726.8587,1707.0199,19.8388,1.1622,192337881.0,219535023.8
399006.SZ,20240219,1752.863,1752.863,1722.8389,1746.4222,1726.8587,19.5635,1.1329,182448833.0,221972513.0
399006.SZ,20240220,1739.0348,1749.2696,1722.4911,1746.1764,1746.4222,-0.2458,-0.0141,147868147.0,196270502.3
399006.SZ,20240221,1728.4515,1783.8122,1724.2907,1752.4784,1746.1764,6.302,0.3609,177509093.0,227652468.8
399006.SZ,20240222,1752.7935,1761.1207,1742.145,1757.8694,1752.4784,5.391,0.3076,156242214.0,204125664.6
399006.SZ,20240223,1766.9568,1767.2633,1742.4919,1758.1927,1757.8694,0.3233,0.0184,184459761.0,243084226.8
399006.SZ,20240226,1752.7557,1768.0954,1738.3343,1751.7029,1758.1927,-6.4898,-0.3691,192437447.0,254309133.4
399006.SZ,20240227,1743.49,1793.9788,1740.8334,1793.9788,1751.7029,42.2759,2.4134,186627352.0,264736013.4
399006.SZ,20240228,1799.6075,1829.1432,1748.9697,1748.9697,1793.9788,-45.0091,-2.5089,261460936.0,347604753.3
399006.SZ,20240229,1739.9726,1809.6633,1739.9726,1807.0344,1748.9697,58.0647,3.3199,186859827.0,257163352.2
399006.SZ,20240301,1808.1959,1830.9388,1795.8515,1824.0345,1807.0344,17.0001,0.9408,179223155.0,265744413.3
399006.SZ,20240304,1827.1288,1847.2466,1817.6594,1834.8331,1824.0345,10.7986,0.592,179182127.0,267809096.6
399006.SZ,20240305,1818.5945,1843.0797,1813.2658,1833.6608,1834.8331,-1.1723,-0.0639,170275839.0,265925759.3
399006.SZ,20240306,1822.5394,1855.6133,1810.8984,1832.5804,1833.6608,-1.0804,-0.0589,150306899.0,227200848.1
399006.SZ,20240307,1830.2576,1838.7138,1789.8664,1789.9361,1832.5804,-42.6443,-2.327,164771032.0,238945039.1
399006.SZ,20240308,1793.5112,1813.0993,1779.7677,1807.294,1789.9361,17.3579,0.9697,137115120.0,207854018.4
399006.SZ,20240311,1817.0723,1890.8692,1812.7864,1890.4099,1807.294,83.1159,4.5989,160529892.0,256133876.0
399006.SZ,20240312,1896.4513,1915.0939,1885.6388,1906.0366,1890.4099,15.6267,0.8266,185203821.0,280641919.1
399006.SZ,20240313,1911.9807,1911.9807,1890.6576,1895.1475,1906.0366,-10.8891,-0.5713,181745464.0,276725513.3
399006.SZ,20240314,1895.7262,1912.1126,1870.0159,1883.0206,1895.1475,-12.1269,-0.6399,163976454.0,249070106.8
399006.SZ,20240315,1877.5695,1886.9511,1848.224,1884.0881,1883.0206,1.0675,0.0567,148672338.0,237382152.6
399006.SZ,20240318,1906.1159,1926.3963,1902.1334,1926.3963,1884.0881,42.3082,2.2456,178792977.0,285294742.2
399006.SZ,20240319,1917.9205,1925.6946,1906.9385,1906.9385,1926.3963,-19.4578,-1.0101,173103435.0,277456760.6
399006.SZ,20240320,1898.1836,1915.465,1897.6004,1909.2454,1906.9385,2.3069,0.121,173063476.0,269810124.1
399006.SZ,20240321,1912.8087,1920.5541,1897.0468,1897.0943,1909.2454,-12.1511,-0.6364,188961185.0,284068913.9
399006.SZ,20240322,1893.1404,1897.3081,1860.3535,1869.1747,1897.0943,-27.9196,-1.4717,200894791.0,295657843.3
399006.SZ,20240325,1864.5316,1871.0637,1833.1026,1833.4412,1869.1747,-35.7335,-1.9117,179402176.0,268690216.4
399006.SZ,20240326,1832.6553,1856.2045,1829.4772,1841.5352,1833.4412,8.094,0.4415,163736939.0,253211554.0
399006.SZ,20240327,1840.1928,1840.1928,1789.8191,1789.8191,1841.5352,-51.7161,-2.8083,160450458.0,226295560.9
399006.SZ,20240328,1790.5802,1829.4734,1787.9645,1806.8968,1789.8191,17.0777,0.9542,166557234.0,237575033.7
399006.SZ,20240329,1806.6718,1822.7494,1800.2031,1818.2032,1806.8968,11.3064,0.6257,154791278.0,217252295.3
399006.SZ,20240401,1833.4916,1872.1179,1833.4916,1872.1179,1818.2032,53.9147,2.9653,162047395.0,240420692.4
399006.SZ,20240402,1869.3232,1869.9583,1851.2505,1860.4936,1872.1179,-11.6243,-0.6209,168030841.0,244229792.5
399006.SZ,20240403,1853.5577,1853.8717,1839.2056,1840.412,1860.4936,-20.0816,-1.0794,152065564.0,218014560.5
399006.SZ,20240408,1834.4528,1840.5498,1807.0481,1807.0481,1840.412,-33.3639,-1.8128,141326021.0,202923012.6
399006.SZ,20240409,1807.4784,1827.6764,1801.708,1827.5788,1807.0481,20.5307,1.1361,123544621.0,183115355.2
399006.SZ,20240410,1818.4051,1818.7336,1781.1298,1789.9413,1827.5788,-37.6375,-2.0594,134716461.0,188668185.9
399006.SZ,20240411,1777.201,1799.8605,1775.6586,1782.0853,1789.9413,-7.856,-0.4389,126469148.0,180139138.0
399006.SZ,20240412,1780.9897,1789.2742,1760.9438,1762.8771,1782.0853,-19.2082,-1.0778,124825306.0,181935202.2
399006.SZ,20240415,1770.1721,1807.9472,1770.1721,1795.5179,1762.8771,32.6408,1.8516,168221713.0,217304264.3
399006.SZ,20240416,1783.5707,1791.2994,1759.5126,1760.2004,1795.5179,-35.3175,-1.967,172826400.0,209825212.2
399006.SZ,20240417,1765.2855,1797.5516,1765.2855,1797.3113,1760.2004,37.1109,2.1083,159990220.0,207002813.1
399006.SZ,20240418,1784.7823,1807.7854,1765.6989,1787.4886,1797.3113,-9.8227,-0.5465,149372895.0,205378631.4
399006.SZ,20240419,1772.1813,1775.376,1740.4014,1756.0006,1787.4886,-31.488,-1.7616,139553557.0,191991204.5
399006.SZ,20240422,1739.0072,1766.2502,1735.2839,1750.4634,1756.0006,-5.5372,-0.3153,132054545.0,178696500.2
399006.SZ,20240423,1753.5836,1764.7738,1740.7905,1753.1612,1750.4634,2.6978,0.1541,129549196.0,178489066.1
399006.SZ,20240424,1757.3111,1768.2376,1744.3599,1765.4103,1753.1612,12.2491,0.6987,150216622.0,208741312.3
399006.SZ,20240425,1753.1224,1778.7992,1747.8189,1764.7274,1765.4103,-0.6829,-0.0387,151405721.0,206301774.6
399006.SZ,20240426,1767.7217,1826.4903,1767.7217,1823.7415,1764.7274,59.0141,3.3441,184375658.0,263592819.9
399006.SZ,20240429,1831.4445,1904.9152,1831.4445,1887.5712,1823.7415,63.8297,3.4999,186745460.0,277576503.9
399006.SZ,20240430,1874.6798,1878.833,1857.7639,1858.3934,1887.5712,-29.1778,-1.5458,162180721.0,219039008.0
399006.SZ,20240506,1896.841,1907.0213,1889.7825,1895.2075,1858.3934,36.8141,1.981,161040464.0,235736178.8
399006.SZ,20240507,1896.7246,1900.9438,1888.2556,1892.5393,1895.2075,-2.6682,-0.1408,164718673.0,236764583.7
399006.SZ,20240508,1887.8244,1887.8244,1863.2157,1865.1079,1892.5393,-27.4314,-1.4494,165941538.0,225525079.0
399006.SZ,20240509,1872.7042,1903.1118,1872.7042,1900.0092,1865.1079,34.9013,1.8713,158275822.0,228084250.4
399006.SZ,20240510,1899.0514,1900.1003,1872.0711,1878.1652,1900.0092,-21.844,-1.1497,163497204.0,225068982.9
399006.SZ,20240513,1859.3437,1876.1722,1851.2545,1860.3664,1878.1652,-17.7988,-0.9477,148801973.0,206351333.6
399006.SZ,20240514,1864.3854,1873.1381,1851.3865,1855.5976,1860.3664,-4.7688,-0.2563,147873924.0,192341185.3
399006.SZ,20240515,1857.5763,1866.4127,1837.5414,1838.8872,1855.5976,-16.7104,-0.9005,140058749.0,179896392.0
399006.SZ,20240516,1846.9782,1861.3779,1837.0157,1844.2111,1838.8872,5.3239,0.2895,147068864.0,190380835.6
399006.SZ,20240517,1838.985,1865.8982,1833.4336,1864.9391,1844.2111,20.728,1.1239,149789562.0,208187423.5
399006.SZ,20240520,1869.5451,1887.0544,1865.8811,1875.9276,1864.9391,10.9885,0.5892,156277546.0,217240081.8
399006.SZ,20240521,1871.7788,1873.0869,1855.4365,1861.4815,1875.9276,-14.4461,-0.7701,139081434.0,186846175.9
399006.SZ,20240522,1863.1413,1883.174,1855.254,1877.9267,1861.4815,16.4452,0.8834,138468862.0,204131635.4
399006.SZ,20240523,1876.5613,1879.6212,1847.6946,1852.067,1877.9267,-25.8597,-1.377,152265214.0,218396407.0
399006.SZ,20240524,1845.0129,1861.9299,1818.1375,1818.5616,1852.067,-33.5054,-1.8091,139625333.0,203692809.1
399006.SZ,20240527,1824.1652,1832.8193,1802.7655,1830.9578,1818.5616,12.3962,0.6816,136433218.0,190361238.8
399006.SZ,20240528,1824.0874,1827.7442,1805.6485,1806.2546,1830.9578,-24.7032,-1.3492,134487619.0,190307684.1
399006.SZ,20240529,1808.4851,1832.7146,1804.1108,1811.0683,1806.2546,4.8137,0.2665,131865613.0,185223719.9
399006.SZ,20240530,1810.6572,1820.2943,1805.3488,1813.1545,1811.0683,2.0862,0.1152,129004865.0,179770180.7
399006.SZ,20240531,1812.6117,1831.7146,1805.1089,1805.1089,1813.1545,-8.0456,-0.4437,140767250.0,198011043.3
399006.SZ,20240603,1806.4086,1823.5114,1800.1985,1819.4552,1805.1089,14.3463,0.7948,151953407.0,215819689.6
399006.SZ,20240604,1816.3676,1848.56,1815.0715,1843.5924,1819.4552,24.1372,1.3266,148829485.0,201924036.8
399006.SZ,20240605,1840.079,1858.6855,1833.5495,1833.5495,1843.5924,-10.0429,-0.5447,135998890.0,182175291.9
399006.SZ,20240606,1840.246,1845.5451,1815.2781,1820.4485,1833.5495,-13.101,-0.7145,172431871.0,216374277.8
399006.SZ,20240607,1812.4559,1820.7396,1764.8359,1781.07,1820.4485,-39.3785,-2.1631,133117037.0,182415895.2
399006.SZ,20240611,1766.9153,1791.0014,1761.5843,1787.3016,1781.07,6.2316,0.3499,122648144.0,168041545.9
399006.SZ,20240612,1779.3179,1789.4109,1778.1281,1779.4182,1787.3016,-7.8834,-0.4411,126999546.0,174965478.6
399006.SZ,20240613,1786.1053,1799.0904,1776.0811,1777.7911,1779.4182,-1.6271,-0.0914,128656664.0,190676046.8
399006.SZ,20240614,1777.275,1792.8048,1758.8892,1791.362,1777.7911,13.5709,0.7634,129081810.0,212608001.0
399006.SZ,20240617,1780.9359,1810.999,1780.513,1806.193,1791.362,14.831,0.8279,121762034.0,190652324.8
399006.SZ,20240618,1805.159,1822.1146,1802.6264,1811.3649,1806.193,5.1719,0.2863,135486711.0,200164039.1
399006.SZ,20240619,1816.0598,1816.0598,1788.1729,1788.4956,1811.3649,-22.8693,-1.2625,139592577.0,200310056.0
399006.SZ,20240620,1787.2361,1793.7065,1761.6465,1762.7008,1788.4956,-25.7948,-1.4423,140965490.0,196278868.3
399006.SZ,20240621,1756.6712,1762.4308,1742.4658,1755.8765,1762.7008,-6.8243,-0.3872,112781933.0,161582496.7
399006.SZ,20240624,1745.9288,1755.5226,1729.0985,1731.5147,1755.8765,-24.3618,-1.3874,132205530.0,174328989.2
399006.SZ,20240625,1724.6397,1729.2154,1691.0177,1700.0249,1731.5147,-31.4898,-1.8186,120861141.0,164448686.9
399006.SZ,20240626,1700.9495,1733.792,1696.1248,1730.6417,1700.0249,30.6168,1.801,134782739.0,177948029.9
399006.SZ,20240627,1719.7784,1720.9966,1702.2411,1703.2009,1730.6417,-27.4408,-1.5856,130436010.0,176819762.1
399006.SZ,20240628,1696.9371,1720.9452,1680.4181,1683.43,1703.2009,-19.7709,-1.1608,137311587.0,189077558.2
399006.SZ,20240701,1679.6622,1689.5449,1652.0104,1682.6918,1683.43,-0.7382,-0.0439,121717407.0,169866285.5
399006.SZ,20240702,1677.6687,1683.8466,1660.3165,1665.0352,1682.6918,-17.6566,-1.0493,133355163.0,172136530.8
399006.SZ,20240703,1664.9863,1675.6473,1648.2447,1660.1242,1665.0352,-4.911,-0.2949,132562223.0,157957253.5
399006.SZ,20240704,1666.3932,1674.7516,1647.2199,1647.2199,1660.1242,-12.9043,-0.7773,127601702.0,152758086.1
399006.SZ,20240705,1648.7391,1662.3161,1631.8859,1655.594,1647.2199,8.3741,0.5084,121512145.0,143922770.2
399006.SZ,20240708,1651.6413,1652.1933,1624.5492,1628.7584,1655.594,-26.8356,-1.6209,120643898.0,142701915.3
399006.SZ,20240709,1625.5224,1660.3298,1614.6055,1652.1171,1628.7584,23.3587,1.4341,140807415.0,181861746.5
399006.SZ,20240710,1642.8613,1668.0899,1641.8378,1651.1097,1652.1171,-1.0074,-0.061,127403412.0,168959737.1
399006.SZ,20240711,1673.5395,1694.776,1658.9567,1685.1176,1651.1097,34.0079,2.0597,150981924.0,199754873.9
399006.SZ,20240712,1680.1404,1692.8892,1672.6663,1683.6285,1685.1176,-1.4891,-0.0884,127051918.0,173422495.8
399006.SZ,20240715,1674.8869,1679.8821,1665.3381,1673.0072,1683.6285,-10.6213,-0.6309,113706094.0,147967570.5
399006.SZ,20240716,1671.9212,1697.1364,1671.3103,1696.3359,1673.0072,23.3287,1.3944,111812855.0,163191498.5
399006.SZ,20240717,1691.9465,1707.6133,1684.9417,1696.4508,1696.3359,0.1149,0.0068,118540995.0,166546722.6
399006.SZ,20240718,1680.3385,1718.8205,1678.5599,1717.7091,1696.4508,21.2583,1.2531,123280139.0,176188858.4
399006.SZ,20240719,1706.843,1731.1258,1706.5799,1725.4874,1717.7091,7.7783,0.4528,112804411.0,163343761.9
399006.SZ,20240722,1729.2801,1735.6012,1713.3732,1723.9141,1725.4874,-1.5733,-0.0912,116734815.0,159536486.0
399006.SZ,20240723,1721.9346,1722.0774,1671.4432,1671.4432,1723.9141,-52.4709,-3.0437,129222829.0,166042040.5
399006.SZ,20240724,1666.6208,1682.963,1645.7528,1650.9078,1671.4432,-20.5354,-1.2286,125619572.0,160531751.1
399006.SZ,20240725,1641.6821,1658.1346,1638.5403,1644.4537,1650.9078,-6.4541,-0.3909,113167757.0,149046343.4
399006.SZ,20240726,1649.3446,1670.2142,1646.6344,1659.5336,1644.4537,15.0799,0.917,120601899.0,152753057.9
399006.SZ,20240729,1653.3896,1653.3896,1634.5088,1635.6748,1659.5336,-23.8588,-1.4377,125779955.0,157247434.3
399006.SZ,20240730,1629.1811,1637.2104,1621.9353,1630.951,1635.6748,-4.7238,-0.2888,127732992.0,155469912.8
399006.SZ,20240731,1623.0383,1689.491,1623.0383,1688.1419,1630.951,57.1909,3.5066,176722510.0,223936183.3
399006.SZ,20240801,1690.2188,1694.5907,1663.0753,1665.9729,1688.1419,-22.169,-1.3132,152988020.0,199016642.5
399006.SZ,20240802,1649.8431,1671.3567,1635.4355,1638.3043,1665.9729,-27.6686,-1.6608,152571433.0,192044651.3
399006.SZ,20240805,1621.1881,1656.0902,1607.2446,1607.2884,1638.3043,-31.0159,-1.8932,160975517.0,191997161.5
399006.SZ,20240806,1628.1164,1638.4799,1612.0003,1627.3554,1607.2884,20.067,1.2485,135072728.0,156066994.0
399006.SZ,20240807,1624.0634,1632.6448,1618.3941,1620.3315,1627.3554,-7.0239,-0.4316,127274048.0,149033939.6
399006.SZ,20240808,1611.2619,1628.6648,1598.6795,1611.5085,1620.3315,-8.823,-0.5445,140737680.0,155754578.5
399006.SZ,20240809,1621.8406,1628.531,1595.6419,1595.6419,1611.5085,-15.8666,-0.9846,125398160.0,138758650.3
399006.SZ,20240812,1596.4138,1601.8549,1589.0929,1592.3944,1595.6419,-3.2475,-0.2035,124201843.0,129209226.0
399006.SZ,20240813,1592.0445,1607.2576,1587.5153,1607.1855,1592.3944,14.7911,0.9289,112275493.0,121896298.1
399006.SZ,20240814,1606.4412,1606.4412,1584.328,1584.328,1607.1855,-22.8575,-1.4222,123258597.0,129270008.2
399006.SZ,20240815,1581.1525,1608.9496,1581.0512,1592.7101,1584.328,8.3821,0.5291,161888001.0,159307585.8
399006.SZ,20240816,1594.5094,1603.4274,1587.4074,1591.461,1592.7101,-1.2491,-0.0784,172590182.0,175681165.2
399006.SZ,20240819,1589.2068,1608.2655,1588.218,1589.2872,1591.461,-2.1738,-0.1366,163609100.0,167349091.1
399006.SZ,20240820,1590.173,1591.8764,1565.4316,1567.9688,1589.2872,-21.3184,-1.3414,163251088.0,156885838.5
399006.SZ,20240821,1561.2424,1572.4718,1556.9328,1558.5116,1567.9688,-9.4572,-0.6031,146118100.0,148705212.7
399006.SZ,20240822,1559.6831,1563.3726,1544.9065,1546.6314,1558.5116,-11.8802,-0.7623,149584981.0,154461678.8
399006.SZ,20240823,1540.5159,1555.0071,1537.777,1546.903,1546.6314,0.2716,0.0176,140019730.0,144714752.5
399006.SZ,20240826,1550.0446,1557.9101,1540.5209,1545.3094,1546.903,-1.5936,-0.103,136719344.0,149063972.3
399006.SZ,20240827,1537.8126,1541.9283,1526.6072,1530.7442,1545.3094,-14.5652,-0.9425,133754748.0,139798364.3
399006.SZ,20240828,1526.669,1534.5405,1522.4841,1531.4502,1530.7442,0.706,0.0461,123543083.0,129238024.1
399006.SZ,20240829,1512.3709,1551.5399,1512.171,1541.3995,1531.4502,9.9493,0.6497,143849681.0,165397084.1
399006.SZ,20240830,1543.8935,1601.1559,1543.8935,1580.4595,1541.3995,39.06,2.5341,201726850.0,227965941.3
399006.SZ,20240902,1577.4449,1581.8685,1536.5258,1536.9499,1580.4595,-43.5096,-2.753,161414595.0,176805149.0
399006.SZ,20240903,1533.5721,1561.8572,1533.4582,1556.3207,1536.9499,19.3708,1.2603,138750335.0,148965411.9
399006.SZ,20240904,1541.899,1569.8851,1540.1716,1554.6395,1556.3207,-1.6812,-0.108,137451388.0,154054141.0
399006.SZ,20240905,1554.8763,1576.0291,1554.8763,1564.723,1554.6395,10.0835,0.6486,137123466.0,147944473.0
399006.SZ,20240906,1564.3252,1566.5729,1537.3772,1538.072,1564.723,-26.651,-1.7032,139270895.0,146294611.3
399006.SZ,20240909,1528.6494,1547.7334,1526.2352,1539.0381,1538.072,0.9661,0.0628,117873664.0,123532845.6
399006.SZ,20240910,1540.2106,1551.6057,1522.8756,1539.9802,1539.0381,0.9421,0.0612,126680539.0,135542269.1
399006.SZ,20240911,1539.8458,1563.0876,1535.6187,1558.3275,1539.9802,18.3473,1.1914,112826587.0,126571389.0
399006.SZ,20240912,1566.4032,1577.1679,1551.0256,1551.8137,1558.3275,-6.5138,-0.418,125330160.0,136809185.7
399006.SZ,20240913,1552.2763,1556.6644,1535.1684,1535.1684,1551.8137,-16.6453,-1.0726,125952970.0,133804834.4
399006.SZ,20240918,1533.3817,1540.0753,1522.5437,1533.4726,1535.1684,-1.6958,-0.1105,114234684.0,113051133.2
399006.SZ,20240919,1543.3158,1565.2146,1520.723,1546.4738,1533.4726,13.0012,0.8478,133867091.0,144147765.9
399006.SZ,20240920,1546.7749,1546.7749,1525.6824,1536.5991,1546.4738,-9.8747,-0.6385,130056810.0,138633349.9
399006.SZ,20240923,1538.0549,1548.409,1528.9409,1530.5062,1536.5991,-6.0929,-0.3965,122125584.0,135566383.5
399006.SZ,20240924,1545.9038,1616.0682,1532.5226,1615.3215,1530.5062,84.8153,5.5417,195898358.0,230005047.7
399006.SZ,20240925,1652.8282,1679.6391,1639.6811,1641.5416,1615.3215,26.2201,1.6232,237541061.0,277723518.2
399006.SZ,20240926,1638.5265,1716.011,1625.6621,1714.1435,1641.5416,72.6019,4.4228,226173043.0,270723822.1
399006.SZ,20240927,1751.3278,1919.7853,1751.3278,1885.4888,1714.1435,171.3453,9.996,331881713.0,439464381.9
399006.SZ,20240930,1994.2623,2182.3884,1966.3381,2175.0865,1885.4888,289.5977,15.3593,478321402.0,674726242.6
399006.SZ,20241008,2576.217,2576.217,2336.4423,2550.2764,2175.0865,375.1899,17.2494,568395218.0,968726100.9
399006.SZ,20241009,2426.7522,2514.2914,2278.8172,2280.0963,2550.2764,-270.1801,-10.5941,517017791.0,925417600.0
399006.SZ,20241010,2291.2175,2327.598,2181.0778,2212.9087,2280.0963,-67.1876,-2.9467,370748054.0,633252194.8
399006.SZ,20241011,2173.7103,2191.4019,2066.5775,2100.8707,2212.9087,-112.038,-5.0629,308048401.0,489125606.5
399006.SZ,20241014,2119.3855,2163.2745,2062.4457,2155.403,2100.8707,54.5323,2.5957,304822028.0,501816953.5
399006.SZ,20241015,2139.6475,2175.9518,2085.8183,2085.9863,2155.403,-69.4167,-3.2206,340562161.0,580661564.6
399006.SZ,20241016,2037.7435,2081.3242,2026.5199,2039.9498,2085.9863,-46.0365,-2.2069,279261269.0,467443391.6
399006.SZ,20241017,2057.9603,2081.0866,2031.9869,2033.4845,2039.9498,-6.4653,-0.3169,311792011.0,525535954.1
399006.SZ,20241018,2027.653,2272.9997,2027.6497,2195.1007,2033.4845,161.6162,7.9477,394063785.0,723220587.3
399006.SZ,20241021,2211.3945,2266.6016,2182.2333,2210.3354,2195.1007,15.2347,0.694,422190730.0,779790361.6
399006.SZ,20241022,2205.3993,2226.9307,2179.9976,2216.9898,2210.3354,6.6544,0.3011,393491043.0,681283421.5
399006.SZ,20241023,2202.8237,2252.5209,2186.1762,2205.3024,2216.9898,-11.6874,-0.5272,364039646.0,636530072.4
399006.SZ,20241024,2187.2436,2203.0209,2168.2414,2175.0952,2205.3024,-30.2072,-1.3698,281830987.0,498240139.5
399006.SZ,20241025,2190.3928,2277.168,2180.2214,2238.897,2175.0952,63.8018,2.9333,322255604.0,583754159.5
399006.SZ,20241028,2228.078,2236.4725,2198.8863,2229.118,2238.897,-9.779,-0.4368,346139425.0,575603204.3
399006.SZ,20241029,2231.8241,2239.2615,2175.8129,2177.3058,2229.118,-51.8122,-2.3243,371919397.0,631639273.9
399006.SZ,20241030,2156.2769,2179.9444,2127.6329,2151.5146,2177.3058,-25.7912,-1.1845,327522148.0,556470811.5
399006.SZ,20241031,2145.655,2204.859,2130.2684,2164.4619,2151.5146,12.9473,0.6018,371664786.0,648857390.7
399006.SZ,20241101,2149.9381,2166.5211,2120.7251,2123.7383,2164.4619,-40.7236,-1.8815,372803871.0,600618206.7
399006.SZ,20241104,2122.9804,2187.3779,2122.9804,2185.9842,2123.7383,62.2459,2.931,254734109.0,432571054.1
399006.SZ,20241105,2184.9046,2301.9948,2172.5239,2289.8405,2185.9842,103.8563,4.751,350837106.0,638795092.7
399006.SZ,20241106,2290.6715,2360.8811,2247.0378,2265.8324,2289.8405,-24.0081,-1.0485,403030177.0,728928556.6
399006.SZ,20241107,2244.959,2350.7599,2240.2456,2350.7599,2265.8324,84.9275,3.7482,405904223.0,678138690.6
399006.SZ,20241108,2396.8681,2402.379,2317.5087,2321.5867,2350.7599,-29.1732,-1.241,413769211.0,747609087.7
399006.SZ,20241111,2298.6195,2393.5781,2296.3231,2392.4433,2321.5867,70.8566,3.0521,377529597.0,706763481.6
399006.SZ,20241112,2416.2107,2448.2011,2362.5662,2390.8035,2392.4433,-1.6398,-0.0685,378754157.0,707260634.0
399006.SZ,20241113,2367.1633,2427.1554,2345.0639,2417.2522,2390.8035,26.4487,1.1063,299809057.0,561278093.0
399006.SZ,20241114,2411.2906,2419.6863,2331.6804,2334.9643,2417.2522,-82.2879,-3.4042,270788688.0,494484895.7
399006.SZ,20241115,2318.9356,2338.5569,2243.62,2243.62,2334.9643,-91.3443,-3.912,289330899.0,518610190.5
399006.SZ,20241118,2244.3226,2254.9219,2173.1841,2190.9503,2243.62,-52.6697,-2.3475,283518399.0,466115253.9
399006.SZ,20241119,2200.1333,2261.5867,2173.4542,2256.6075,2190.9503,65.6572,2.9967,244199501.0,409157860.1
399006.SZ,20241120,2242.5993,2283.7477,2239.7692,2267.8548,2256.6075,11.2473,0.4984,288681252.0,465811764.1
399006.SZ,20241121,2254.2694,2281.1604,2248.382,2265.8658,2267.8548,-1.989,-0.0877,282320626.0,463565223.4
399006.SZ,20241122,2257.9507,2269.265,2175.5713,2175.5713,2265.8658,-90.2945,-3.985,301571728.0,489001762.9
399006.SZ,20241125,2184.1027,2193.6787,2140.4764,2175.1837,2175.5713,-0.3876,-0.0178,251575907.0,398471227.6
399006.SZ,20241126,2163.3739,2187.1204,2148.1374,2150.0968,2175.1837,-25.0869,-1.1533,233179805.0,360457121.0
399006.SZ,20241127,2136.7071,2209.1582,2119.5351,2208.7805,2150.0968,58.6837,2.7294,258006971.0,401330159.4
399006.SZ,20241128,2204.4896,2206.8482,2165.5258,2169.8027,2208.7805,-38.9778,-1.7647,276399803.0,419813252.3
399006.SZ,20241129,2162.5224,2264.6793,2162.5224,2224.0026,2169.8027,54.1999,2.4979,302880300.0,501365261.4
399006.SZ,20241202,2212.3589,2261.1435,2210.8559,2255.4979,2224.0026,31.4953,1.4162,311350090.0,505969429.4
399006.SZ,20241203,2252.7536,2261.3904,2224.6918,2245.4986,2255.4979,-9.9993,-0.4433,306481106.0,482235795.9
399006.SZ,20241204,2237.6495,2246.0394,2204.3896,2213.4056,2245.4986,-32.093,-1.4292,289942123.0,459314971.2
399006.SZ,20241205,2207.4991,2237.0882,2207.4991,2221.4566,2213.4056,8.051,0.3637,270063837.0,440343428.8
399006.SZ,20241206,2219.9079,2289.8092,2213.3241,2267.0641,2221.4566,45.6075,2.053,315853926.0,509916084.5
399006.SZ,20241209,2265.1879,2273.0813,2229.5145,2248.6273,2267.0641,-18.4368,-0.8132,275288754.0,441668691.9
399006.SZ,20241210,2358.2881,2358.4852,2258.0186,2264.051,2248.6273,15.4237,0.6859,368365343.0,633302801.4
399006.SZ,20241211,2260.7005,2278.7883,2251.3542,2261.5823,2264.051,-2.4687,-0.109,294926753.0,488392484.6
399006.SZ,20241212,2257.308,2302.6437,2256.065,2292.1451,2261.5823,30.5628,1.3514,308420590.0,510495451.0
399006.SZ,20241213,2272.2664,2276.1275,2234.1701,2235.2586,2292.1451,-56.8865,-2.4818,328537971.0,561357989.3
399006.SZ,20241216,2232.6249,2234.1863,2192.2524,2201.5324,2235.2586,-33.7262,-1.5088,273787933.0,450274741.0
399006.SZ,20241217,2197.1259,2233.172,2197.1259,2201.181,2201.5324,-0.3514,-0.016,248753480.0,397265265.0
399006.SZ,20241218,2207.1823,2216.0033,2192.5973,2202.1373,2201.181,0.9563,0.0434,216481475.0,354895982.6
399006.SZ,20241219,2178.463,2220.4332,2174.9434,2213.5429,2202.1373,11.4056,0.5179,221719261.0,375784424.9
399006.SZ,20241220,2209.3755,2234.1315,2201.9409,2209.6616,2213.5429,-3.8813,-0.1753,230049274.0,427247917.6
399006.SZ,20241223,2205.6903,2223.6367,2185.3528,2187.9448,2209.6616,-21.7168,-0.9828,245538770.0,409610368.9
399006.SZ,20241224,2190.4696,2215.1924,2187.7803,2213.548,2187.9448,25.6032,1.1702,200966406.0,349402388.4
399006.SZ,20241225,2215.6123,2216.3572,2186.9997,2201.296,2213.548,-12.252,-0.5535,203868100.0,337460267.7
399006.SZ,20241226,2200.3188,2219.6932,2193.5882,2209.8464,2201.296,8.5504,0.3884,184436466.0,347293434.6
399006.SZ,20241227,2209.7101,2235.5559,2196.2938,2204.8965,2209.8464,-4.9499,-0.224,207513529.0,385898226.1
399006.SZ,20241230,2198.8648,2218.7352,2198.1247,2206.2852,2204.8965,1.3887,0.063,187201460.0,342205734.1
399006.SZ,20241231,2202.1811,2207.3112,2141.5958,2141.5958,2206.2852,-64.6894,-2.9321,199428413.0,352199463.9
399006.SZ,20250102,2136.9221,2137.6549,2040.3792,2060.4422,2141.5958,-81.1536,-3.7894,196587394.0,342439637.0
399006.SZ,20250103,2062.4025,2067.4089,2015.9633,2015.9671,2060.4422,-44.4751,-2.1585,206064912.0,324932848.0
399006.SZ,20250106,2018.2457,2033.2681,2000.8615,2014.1899,2015.9671,-1.7772,-0.0882,169375612.0,260608779.7
399006.SZ,20250107,1996.0003,2028.7513,1988.418,2028.3582,2014.1899,14.1683,0.7034,168570528.0,277786422.8
399006.SZ,20250108,2011.7489,2029.0233,1963.8057,2008.4441,2028.3582,-19.9141,-0.9818,195527838.0,316548208.0
399006.SZ,20250109,1994.81,2025.306,1994.7047,2010.6601,2008.4441,2.216,0.1103,174244807.0,287453523.4
399006.SZ,20250110,2006.5527,2024.4268,1975.3048,1975.3048,2010.6601,-35.3553,-1.7584,178384005.0,295340671.1
399006.SZ,20250113,1953.8865,1998.4989,1953.8201,1982.4595,1975.3048,7.1547,0.3622,152288463.0,245669166.8
399006.SZ,20250114,1989.3873,2076.9566,1979.1387,2075.7558,1982.4595,93.2963,4.7061,227021057.0,386165587.1
399006.SZ,20250115,2064.4758,2064.4758,2032.5742,2037.9335,2075.7558,-37.8223,-1.8221,195449289.0,329023933.4
399006.SZ,20250116,2051.0949,2084.2257,2029.8164,2051.3507,2037.9335,13.4172,0.6584,203899550.0,354789525.1
399006.SZ,20250117,2041.7104,2083.2016,2041.581,2067.2747,2051.3507,15.924,0.7763,170885960.0,310265773.4
399006.SZ,20250120,2090.143,2118.7383,2090.0663,2104.7277,2067.2747,37.453,1.8117,177274295.0,323976747.1
399006.SZ,20250121,2125.0668,2125.0668,2090.3176,2112.3901,2104.7277,7.6624,0.3641,182508851.0,331501649.8
399006.SZ,20250122,2103.8319,2110.8968,2081.0753,2101.0346,2112.3901,-11.3555,-0.5376,165662666.0,321487930.5
399006.SZ,20250123,2125.2951,2151.4765,2093.3129,2093.3129,2101.0346,-7.7217,-0.3675,210268256.0,387834330.1
399006.SZ,20250124,2084.1338,2131.5536,2084.1338,2121.8391,2093.3129,28.5262,1.3627,200051426.0,360783248.5
399006.SZ,20250127,2119.1694,2123.1478,2063.8199,2063.8199,2121.8391,-58.0192,-2.7344,177520121.0,324013509.6
399006.SZ,20250205,2082.9909,2083.0067,2054.3707,2062.9231,2063.8199,-0.8968,-0.0435,204368035.0,378666289.3
399006.SZ,20250206,2059.4495,2120.7877,2056.1786,2120.7451,2062.9231,57.822,2.8029,248973902.0,464949308.9
399006.SZ,20250207,2127.1359,2200.1023,2122.3484,2174.3509,2120.7451,53.6058,2.5277,308397998.0,589808761.2
399006.SZ,20250210,2183.7801,2188.1276,2156.755,2183.8767,2174.3509,9.5258,0.4381,279950658.0,512227306.8
399006.SZ,20250211,2182.9089,2182.9089,2150.4734,2152.7324,2183.8767,-31.1443,-1.4261,266477048.0,487815482.4
399006.SZ,20250212,2144.7268,2194.103,2142.0485,2191.7594,2152.7324,39.027,1.8129,258849274.0,494031078.9
399006.SZ,20250213,2186.1382,2203.6365,2175.4244,2176.1559,2191.7594,-15.6035,-0.7119,284591869.0,518915994.6
399006.SZ,20250214,2176.3225,2223.386,2176.2123,2215.2984,2176.1559,39.1425,1.7987,286996251.0,515645994.6
399006.SZ,20250217,2243.6584,2245.3706,2208.7687,2226.6152,2215.2984,11.3168,0.5108,326355460.0,594941327.6
399006.SZ,20250218,2223.4803,2231.2752,2173.5402,2182.574,2226.6152,-44.0412,-1.9779,294210590.0,532993913.4
399006.SZ,20250219,2174.956,2228.4823,2174.0069,2226.9821,2182.574,44.4081,2.0347,260631355.0,507339425.6
399006.SZ,20250220,2222.3729,2233.9835,2204.6406,2225.5838,2226.9821,-1.3983,-0.0628,280378857.0,537322155.8
399006.SZ,20250221,2228.9165,2284.0384,2228.9165,2281.5118,2225.5838,55.928,2.513,333039972.0,669308764.7
399006.SZ,20250224,2277.1542,2283.7897,2245.6137,2266.2441,2281.5118,-15.2677,-0.6692,314290010.0,619405605.8
399006.SZ,20250225,2227.2895,2265.9112,2224.4577,2240.5887,2266.2441,-25.6554,-1.1321,292711324.0,561872269.8
399006.SZ,20250226,2246.9544,2268.5691,2232.3088,2268.2154,2240.5887,27.6267,1.233,297225032.0,586936953.7
399006.SZ,20250227,2268.5027,2279.3867,2225.532,2256.5084,2268.2154,-11.707,-0.5161,307273305.0,596467082.6
399006.SZ,20250228,2238.3402,2240.7762,2163.6867,2170.3919,2256.5084,-86.1165,-3.8164,281464503.0,530902059.0
399006.SZ,20250303,2176.8166,2232.1985,2161.3587,2196.5248,2170.3919,26.1329,1.2041,247920943.0,472696215.2
399006.SZ,20250304,2170.9892,2193.5318,2161.0558,2190.0783,2196.5248,-6.4465,-0.2935,225876166.0,427875703.6
399006.SZ,20250305,2190.5775,2200.8703,2173.9039,2190.3624,2190.0783,0.2841,0.013,233260677.0,442270535.2
399006.SZ,20250306,2204.2472,2243.2788,2202.0068,2234.689,2190.3624,44.3266,2.0237,306910774.0,592297157.9
399006.SZ,20250307,2221.9089,2226.0045,2195.1277,2205.3067,2234.689,-29.3823,-1.3148,287065098.0,551841091.1
399006.SZ,20250310,2211.0966,2217.7744,2182.5808,2199.8771,2205.3067,-5.4296,-0.2462,231584298.0,438592530.4
399006.SZ,20250311,2172.1794,2204.0302,2171.2669,2204.0302,2199.8771,4.1531,0.1888,220927831.0,413787146.1
399006.SZ,20250312,2211.1458,2214.973,2191.0989,2191.2678,2204.0302,-12.7624,-0.579,266044504.0,497412152.8
399006.SZ,20250313,2189.4687,2200.9099,2154.9492,2166.0037,2191.2678,-25.2641,-1.1529,250422745.0,457459231.7
399006.SZ,20250314,2165.5321,2233.83,2161.89,2226.7163,2166.0037,60.7126,2.803,265860088.0,507505990.3
399006.SZ,20250317,2230.8543,2233.3331,2212.0178,2215.1266,2226.7163,-11.5897,-0.5205,245505171.0,461676726.1
399006.SZ,20250318,2225.2041,2242.2173,2215.3734,2228.6442,2215.1266,13.5176,0.6102,238408414.0,461631427.1
399006.SZ,20250319,2221.6022,2237.9496,2208.2558,2222.3467,2228.6442,-6.2975,-0.2826,229680954.0,440646530.0
399006.SZ,20250320,2220.4964,2221.6065,2198.375,2200.0321,2222.3467,-22.3146,-1.0041,235839545.0,416932299.4
399006.SZ,20250321,2193.3613,2201.4176,2149.0913,2152.2792,2200.0321,-47.7529,-2.1706,260886416.0,433846880.5
399006.SZ,20250324,2154.6697,2160.4643,2125.1289,2152.5548,2152.2792,0.2756,0.0128,243858778.0,400225317.6
399006.SZ,20250325,2154.2037,2165.0149,2136.607,2145.4786,2152.5548,-7.0762,-0.3287,198697315.0,347104338.7
399006.SZ,20250326,2143.1189,2157.78,2139.9016,2139.9016,2145.4786,-5.577,-0.2599,184203191.0,307612308.8
399006.SZ,20250327,2130.4889,2165.1605,2117.7547,2145.0951,2139.9016,5.1935,0.2427,191716878.0,324723520.8
399006.SZ,20250328,2140.0658,2152.3979,2128.2092,2128.2092,2145.0951,-16.8859,-0.7872,179554640.0,299470079.8
399006.SZ,20250331,2117.8846,2123.8724,2087.129,2103.6987,2128.2092,-24.5105,-1.1517,186061400.0,321330783.3
399006.SZ,20250401,2108.4551,2127.5384,2100.2974,2101.8778,2103.6987,-1.8209,-0.0866,171368258.0,303716942.2
399006.SZ,20250402,2103.3872,2121.5552,2097.8245,2104.625,2101.8778,2.7472,0.1307,151329114.0,265072518.3
399006.SZ,20250403,2078.1463,2097.6698,2057.6341,2065.4026,2104.625,-39.2224,-1.8636,163979245.0,298990003.4
399006.SZ,20250407,1925.6412,1939.2694,1756.6404,1807.2061,2065.4026,-258.1965,-12.501,304075575.0,464672649.6
399006.SZ,20250408,1837.5436,1877.4408,1812.1283,1840.3123,1807.2061,33.1062,1.8319,256682141.0,390333762.5
399006.SZ,20250409,1805.4644,1872.9289,1777.2483,1858.3561,1840.3123,18.0438,0.9805,279452297.0,418890418.5
399006.SZ,20250410,1920.6404,1944.1023,1897.3354,1900.5276,1858.3561,42.1715,2.2693,256686849.0,425156587.4
399006.SZ,20250411,1885.8552,1943.4347,1884.5994,1926.3702,1900.5276,25.8426,1.3598,202378237.0,348882512.9
399006.SZ,20250414,1954.0493,1956.1562,1928.6332,1932.9127,1926.3702,6.5425,0.3396,191935063.0,323184008.0
399006.SZ,20250415,1933.8856,1940.7466,1918.4358,1930.3994,1932.9127,-2.5133,-0.13,168422549.0,273743106.7
399006.SZ,20250416,1918.0292,1919.0926,1879.7757,1907.1095,1930.3994,-23.2899,-1.2065,170499713.0,273040794.5
399006.SZ,20250417,1893.0173,1923.5295,1892.4739,1908.7764,1907.1095,1.6669,0.0874,150012820.0,248279994.2
399006.SZ,20250418,1904.9937,1917.5927,1898.7804,1913.9698,1908.7764,5.1934,0.2721,146860952.0,234120276.9
399006.SZ,20250421,1910.9041,1947.5621,1901.8129,1944.3179,1913.9698,30.3481,1.5856,167432537.0,277261580.7
399006.SZ,20250422,1933.8318,1939.6876,1923.3743,1928.4315,1944.3179,-15.8864,-0.8171,171458148.0,281085874.2
399006.SZ,20250423,1950.4353,1962.6781,1935.6807,1949.1625,1928.4315,20.731,1.075,199995890.0,346460823.7
399006.SZ,20250424,1946.2303,1958.2161,1930.9018,1935.8577,1949.1625,-13.3048,-0.6826,181545884.0,305859189.1
399006.SZ,20250425,1941.8149,1960.6339,1937.7056,1947.1863,1935.8577,11.3286,0.5852,169975509.0,291634268.8
399006.SZ,20250428,1951.1599,1951.1599,1930.064,1934.4567,1947.1863,-12.7296,-0.6537,162391960.0,263018614.3
399006.SZ,20250429,1929.2716,1941.1749,1923.8561,1931.9416,1934.4567,-2.5151,-0.13,159664562.0,270700337.8
399006.SZ,20250430,1936.1224,1954.6234,1931.8358,1948.0295,1931.9416,16.0879,0.8327,166298855.0,293365795.5
399006.SZ,20250506,1966.9679,1988.0507,1964.4576,1986.4092,1948.0295,38.3797,1.9702,204520479.0,362505031.1
399006.SZ,20250507,2024.301,2035.4745,1982.3744,1996.51,1986.4092,10.1008,0.5085,236535048.0,415009155.0
399006.SZ,20250508,1994.0518,2036.1008,1991.6547,2029.4518,1996.51,32.9418,1.65,207994995.0,375792952.8
399006.SZ,20250509,2028.4274,2028.4274,2004.4768,2011.7671,2029.4518,-17.6847,-0.8714,192034206.0,336019098.4
399006.SZ,20250512,2042.9025,2066.3126,2038.3357,2064.7137,2011.7671,52.9466,2.6318,194830717.0,368144464.9
399006.SZ,20250513,2091.3494,2091.3494,2058.7414,2062.2609,2064.7137,-2.4528,-0.1188,197528875.0,368205268.3
399006.SZ,20250514,2062.2744,2103.3691,2051.8225,2083.1421,2062.2609,20.8812,1.0125,193291895.0,369453716.5
399006.SZ,20250515,2076.0422,2076.0422,2043.0969,2043.2467,2083.1421,-39.8954,-1.9152,176731702.0,315808351.1
399006.SZ,20250516,2035.865,2050.8879,2035.865,2039.4452,2043.2467,-3.8015,-0.1861,163275755.0,298445407.8
399006.SZ,20250519,2038.0477,2038.0477,2017.1675,2032.7561,2039.4452,-6.6891,-0.328,165912586.0,290243250.1
399006.SZ,20250520,2041.4962,2059.5161,2025.8554,2048.4587,2032.7561,15.7026,0.7725,185317150.0,324213465.9
399006.SZ,20250521,2052.0014,2077.4814,2050.2068,2065.39,2048.4587,16.9313,0.8265,175588279.0,316019348.1
399006.SZ,20250522,2065.4127,2065.4127,2043.8938,2045.5655,2065.39,-19.8245,-0.9598,169780257.0,294063096.6
399006.SZ,20250523,2043.2019,2060.0927,2021.4991,2021.4991,2045.5655,-24.0664,-1.1765,178391659.0,312868339.3
399006.SZ,20250526,2016.3705,2023.4855,1991.7845,2005.2587,2021.4991,-16.2404,-0.8034,147787119.0,268696372.2
399006.SZ,20250527,2001.6221,2001.6221,1983.8983,1991.6431,2005.2587,-13.6156,-0.679,150972274.0,263612542.4
399006.SZ,20250528,1996.4876,2001.9513,1981.6682,1985.383,1991.6431,-6.2601,-0.3143,160736605.0,272207025.9
399006.SZ,20250529,1988.3191,2016.2143,1986.629,2012.5482,1985.383,27.1652,1.3683,196153778.0,336645286.4
399006.SZ,20250530,2002.732,2004.5036,1988.1862,1993.1877,2012.5482,-19.3605,-0.962,192070840.0,321041246.3
399006.SZ,20250603,1986.5433,2012.2398,1985.5672,2002.7005,1993.1877,9.5128,0.4773,185115747.0,307126792.9
399006.SZ,20250604,2009.3744,2030.9216,2009.3744,2024.9335,2002.7005,22.233,1.1102,185041493.0,319493747.4
399006.SZ,20250605,2026.6311,2053.5627,2014.4354,2048.615,2024.9335,23.6815,1.1695,208483808.0,370015876.2
399006.SZ,20250606,2047.8659,2051.9122,2034.0983,2039.4353,2048.615,-9.1797,-0.4481,178108991.0,322931592.5
399006.SZ,20250609,2046.4271,2075.5797,2045.6443,2061.2909,2039.4353,21.8556,1.0716,202827465.0,368246986.3
399006.SZ,20250610,2057.9704,2063.8708,2023.1685,2037.2707,2061.2909,-24.0202,-1.1653,237687808.0,411801077.3
399006.SZ,20250611,2044.2837,2076.9133,2044.2837,2061.8674,2037.2707,24.5967,1.2073,208455830.0,360485163.1
399006.SZ,20250612,2057.1956,2076.8377,2051.24,2067.1535,2061.8674,5.2861,0.2564,214021325.0,378571827.6
399006.SZ,20250613,2054.9666,2065.8671,2036.963,2043.8242,2067.1535,-23.3293,-1.1286,241780968.0,410506201.0
399006.SZ,20250616,2038.6993,2062.4227,2038.6993,2057.3227,2043.8242,13.4985,0.6605,203702623.0,357646686.5
399006.SZ,20250617,2061.4691,2063.0838,2045.0537,2049.9433,2057.3227,-7.3794,-0.3587,216853533.0,372991717.1
399006.SZ,20250618,2046.6938,2059.3765,2039.2479,2054.7286,2049.9433,4.7853,0.2334,211304448.0,371847691.9
399006.SZ,20250619,2049.1757,2057.7652,2021.1763,2026.817,2054.7286,-27.9116,-1.3584,221788482.0,386860748.3
399006.SZ,20250620,2026.8806,2036.0185,2007.5074,2009.8934,2026.817,-16.9236,-0.835,190308015.0,326385566.3
399006.SZ,20250623,1996.962,2021.7634,1996.962,2017.6336,2009.8934,7.7402,0.3851,200250341.0,340328387.7
399006.SZ,20250624,2024.7019,2065.8357,2024.7019,2064.1346,2017.6336,46.501,2.3047,247840300.0,441660056.2
399006.SZ,20250625,2073.2593,2133.0337,2072.8657,2128.3922,2064.1346,64.2576,3.1131,267537197.0,518421004.5
399006.SZ,20250626,2128.8587,2142.2102,2113.1369,2114.4254,2128.3922,-13.9668,-0.6562,269411208.0,510182488.2
399006.SZ,20250627,2125.8488,2146.0358,2112.7452,2124.3446,2114.4254,9.9192,0.4691,242281223.0,464562098.2
399006.SZ,20250630,2132.9311,2153.9997,2128.7802,2153.0137,2124.3446,28.6691,1.3496,238472881.0,462140244.9
399006.SZ,20250701,2149.2159,2152.9177,2134.5706,2147.9186,2153.0137,-5.0951,-0.2366,248615116.0,444490174.4
399006.SZ,20250702,2140.1398,2140.1398,2118.5525,2123.7189,2147.9186,-24.1997,-1.1267,234278871.0,393780265.8
399006.SZ,20250703,2130.7387,2168.6099,2130.7387,2164.0884,2123.7189,40.3695,1.9009,219337575.0,382001353.8
399006.SZ,20250704,2168.346,2187.8838,2153.6211,2156.234,2164.0884,-7.8544,-0.3629,232294630.0,420451538.6
399006.SZ,20250707,2148.9337,2155.6858,2126.3229,2130.1858,2156.234,-26.0482,-1.208,188872554.0,346509413.1
399006.SZ,20250708,2129.4888,2183.0571,2129.4888,2181.077,2130.1858,50.8912,2.389,228272820.0,436540336.4
399006.SZ,20250709,2179.3168,2204.6353,2179.1088,2184.6745,2181.077,3.5975,0.1649,233669091.0,435507746.4
399006.SZ,20250710,2192.9883,2199.7097,2174.211,2189.5773,2184.6745,4.9028,0.2244,220559909.0,419452676.1
399006.SZ,20250711,2190.0065,2223.3051,2181.1855,2207.0968,2189.5773,17.5195,0.8001,238426460.0,460007393.6
399006.SZ,20250714,2207.5433,2208.0759,2189.0799,2197.0681,2207.0968,-10.0287,-0.4544,202146011.0,387275031.6
399006.SZ,20250715,2211.4049,2245.4398,2209.9015,2235.0492,2197.0681,37.9811,1.7287,224843886.0,447437697.1
399006.SZ,20250716,2241.2105,2259.635,2227.8225,2230.1942,2235.0492,-4.855,-0.2172,205109817.0,429014875.0
399006.SZ,20250717,2228.5245,2269.6681,2228.5245,2269.3266,2230.1942,39.1324,1.7547,213485492.0,443117313.8
399006.SZ,20250718,2279.6674,2296.9111,2263.9715,2277.152,2269.3266,7.8254,0.3448,211967077.0,432492028.2
399006.SZ,20250721,2285.4135,2297.1362,2273.8087,2296.8833,2277.152,19.7313,0.8665,225424051.0,444016671.3
399006.SZ,20250722,2295.3643,2313.4588,2290.3781,2310.856,2296.8833,13.9727,0.6083,242464647.0,481258167.2
399006.SZ,20250723,2308.114,2333.3104,2304.6301,2310.671,2310.856,-0.185,-0.008,234159581.0,448738026.1
399006.SZ,20250724,2319.2524,2345.3673,2318.417,2345.3673,2310.671,34.6963,1.5016,233231978.0,458237292.6
399006.SZ,20250725,2348.2809,2350.0618,2332.0249,2340.0557,2345.3673,-5.3116,-0.2265,225715185.0,431936895.4
399006.SZ,20250728,2346.3807,2366.5068,2334.1604,2362.5995,2340.0557,22.5438,0.9634,216864237.0,450381938.6
399006.SZ,20250729,2362.7746,2406.5945,2355.375,2406.5945,2362.5995,43.995,1.8621,230716099.0,492234724.5
399006.SZ,20250730,2395.8591,2395.8856,2349.1819,2367.6835,2406.5945,-38.911,-1.6168,250304908.0,499872987.9
399006.SZ,20250731,2382.9674,2394.2162,2321.7157,2328.313,2367.6835,-39.3705,-1.6628,252753644.0,541201300.5
399006.SZ,20250801,2323.9212,2348.0151,2304.3856,2322.6268,2328.313,-5.6862,-0.2442,228168384.0,465280871.9
399006.SZ,20250804,2307.3731,2334.43,2304.483,2334.323,2322.6268,11.6962,0.5036,211838847.0,434925193.5
399006.SZ,20250805,2349.4357,2350.9964,2323.7393,2343.3757,2334.323,9.0527,0.3878,225177287.0,475628162.1
399006.SZ,20250806,2335.95,2359.823,2335.95,2358.9547,2343.3757,15.579,0.6648,254893312.0,521782312.8
399006.SZ,20250807,2359.423,2372.6829,2322.8051,2342.8609,2358.9547,-16.0938,-0.6822,257978553.0,547650851.2
399006.SZ,20250808,2338.2485,2353.9876,2330.0105,2333.959,2342.8609,-8.9019,-0.38,243495473.0,500290277.6
399006.SZ,20250811,2336.9289,2384.8598,2336.9289,2379.8165,2333.959,45.8575,1.9648,244909805.0,530898989.4
399006.SZ,20250812,2381.163,2409.3983,2368.8134,2409.3983,2379.8165,29.5818,1.243,244883791.0,545327208.6
399006.SZ,20250813,2417.4693,2497.8571,2414.482,2496.5041,2409.3983,87.1058,3.6153,272434251.0,631372426.2
399006.SZ,20250814,2496.6268,2513.3697,2463.8579,2469.6554,2496.5041,-26.8487,-1.0755,293131578.0,644317908.4
399006.SZ,20250815,2464.6655,2541.8941,2464.6655,2534.2187,2469.6554,64.5633,2.6143,280039650.0,652239416.8
399006.SZ,20250818,2549.5518,2633.8613,2529.2489,2606.2018,2534.2187,71.9831,2.8404,361326575.0,829586439.7
399006.SZ,20250819,2596.578,2634.597,2586.9482,2601.7431,2606.2018,-4.4587,-0.1711,324363016.0,755313950.4
399006.SZ,20250820,2572.0054,2608.0001,2547.4398,2607.6534,2601.7431,5.9103,0.2272,283145029.0,643538683.2
399006.SZ,20250821,2614.9146,2626.3735,2582.0538,2595.4654,2607.6534,-12.188,-0.4674,292433377.0,648034828.2
399006.SZ,20250822,2587.5294,2683.9005,2587.5294,2682.5529,2595.4654,87.0875,3.3554,293811031.0,690572806.6
399006.SZ,20250825,2720.2816,2782.0143,2700.2783,2762.9906,2682.5529,80.4377,2.9986,352036541.0,866162737.7
399006.SZ,20250826,2747.1071,2773.2402,2726.7236,2742.1268,2762.9906,-20.8638,-0.7551,307531114.0,741435050.3
399006.SZ,20250827,2747.5002,2822.2711,2723.1985,2723.1985,2742.1268,-18.9283,-0.6903,363608515.0,878307266.6
399006.SZ,20250828,2707.3391,2827.172,2707.3391,2827.172,2723.1985,103.9735,3.8181,341026597.0,830114973.7
399006.SZ,20250829,2828.0124,2933.9925,2809.3184,2890.1252,2827.172,62.9532,2.2267,284075156.0,763779377.6
399006.SZ,20250901,2914.6423,2958.1407,2886.73,2956.3748,2890.1252,66.2496,2.2923,276014321.0,727001509.9
399006.SZ,20250902,2951.0301,2979.7346,2839.9233,2872.2224,2956.3748,-84.1524,-2.8465,300447509.0,797341335.6
399006.SZ,20250903,2882.8425,2926.7759,2859.5067,2899.3728,2872.2224,27.1504,0.9453,244128872.0,652655660.8
399006.SZ,20250904,2933.6778,2956.4106,2741.0758,2776.2483,2899.3728,-123.1245,-4.2466,256229516.0,711729435.6
399006.SZ,20250905,2789.9086,2962.4668,2775.1704,2958.181,2776.2483,181.9327,6.5532,241521964.0,671992144.5
399006.SZ,20250908,2964.4285,2964.4285,2883.2612,2933.2464,2958.181,-24.9346,-0.8429,246417816.0,694518534.0
399006.SZ,20250909,2901.2894,2924.575,2843.6716,2867.9684,2933.2464,-65.278,-2.2255,216032268.0,568078481.3
399006.SZ,20250910,2890.0521,2926.1606,2860.2618,2904.2687,2867.9684,36.3003,1.2657,201444179.0,563107738.6
399006.SZ,20250911,2917.7672,3053.7488,2899.8301,3053.7488,2904.2687,149.4801,5.1469,247034712.0,698915040.5
399006.SZ,20250912,3024.1036,3056.5264,3009.9022,3020.4229,3053.7488,-33.3259,-1.0913,244051798.0,675019611.3
399006.SZ,20250915,3052.0587,3106.8793,3044.6874,3066.1804,3020.4229,45.7575,1.5149,224871259.0,616541058.5
399006.SZ,20250916,3072.3017,3089.7815,3020.6281,3087.0396,3066.1804,20.8592,0.6803,242587259.0,638221520.0
399006.SZ,20250917,3085.7103,3152.308,3064.7685,3147.3454,3087.0396,60.3058,1.9535,244207710.0,662943750.2
399006.SZ,20250918,3119.7738,3168.6787,3051.2987,3095.8512,3147.3454,-51.4942,-1.6361,310707377.0,829509324.8
399006.SZ,20250919,3098.2775,3128.3795,3072.7623,3091.0035,3095.8512,-4.8477,-0.1566,226063738.0,599354630.5
399006.SZ,20250922,3093.9678,3107.8873,3053.354,3107.8873,3091.0035,16.8838,0.5462,199289290.0,543771160.5
399006.SZ,20250923,3139.4999,3157.0232,3041.4607,3114.553,3107.8873,6.6657,0.2145,249119041.0,665817366.4
399006.SZ,20250924,3089.9039,3185.8367,3085.7011,3185.5709,3114.553,71.0179,2.2802,221457642.0,628520763.4
399006.SZ,20250925,3167.7518,3266.0031,3161.076,3235.7648,3185.5709,50.1939,1.5757,226942858.0,659766094.8
399006.SZ,20250926,3222.187,3251.8821,3150.8433,3151.5299,3235.7648,-84.2349,-2.6032,209243820.0,567076786.4
399006.SZ,20250929,3165.065,3259.4197,3164.804,3238.0119,3151.5299,86.482,2.7441,200825881.0,570667910.9
399006.SZ,20250930,3239.3262,3279.0176,3218.6927,3238.1603,3238.0119,0.1484,0.0046,196651529.0,580477829.3
399006.SZ,20251009,3251.0398,3322.4437,3243.7058,3261.822,3238.1603,23.6617,0.7307,230359686.0,654497296.1
399006.SZ,20251010,3230.4568,3235.8553,3097.6347,3113.2621,3261.822,-148.5599,-4.5545,219702850.0,617600575.5
399006.SZ,20251013,2975.0258,3096.4008,2975.0258,3078.7623,3113.2621,-34.4998,-1.1082,210881630.0,574184690.6
399006.SZ,20251014,3120.9952,3124.8337,2943.583,2955.9831,3078.7623,-122.7792,-3.9879,216718242.0,603426623.2
399006.SZ,20251015,2964.5166,3030.5856,2927.5146,3025.8673,2955.9831,69.8842,2.3642,179838526.0,488635658.9
399006.SZ,20251016,3008.3723,3068.838,3001.1047,3037.4423,3025.8673,11.575,0.3825,173471667.0,473693916.4
399006.SZ,20251017,3026.3981,3042.2862,2932.6835,2935.3698,3037.4423,-102.0725,-3.3605,178268865.0,461990890.1
399006.SZ,20251020,3007.2079,3042.1995,2970.1883,2993.4549,2935.3698,58.0851,1.9788,155937611.0,435092587.2
399006.SZ,20251021,3017.7725,3101.9319,2994.7596,3083.7157,2993.4549,90.2608,3.0153,172028506.0,475632220.6
399006.SZ,20251022,3061.267,3089.764,3044.0446,3059.3192,3083.7157,-24.3965,-0.7911,158313410.0,412989919.7
399006.SZ,20251023,3050.7359,3066.4603,3003.3363,3062.1626,3059.3192,2.8434,0.0929,162399490.0,404538353.0
399006.SZ,20251024,3087.6283,3171.5687,3082.0644,3171.5687,3062.1626,109.4061,3.5728,183073809.0,526377356.9
399006.SZ,20251027,3227.179,3241.9506,3179.6234,3234.4546,3171.5687,62.8859,1.9828,207256403.0,611718604.9
399006.SZ,20251028,3205.4421,3282.3283,3205.0502,3229.5754,3234.4546,-4.8792,-0.1509,201432397.0,569336706.0
399006.SZ,20251029,3263.9836,3324.2713,3258.6886,3324.2713,3229.5754,94.6959,2.9321,207178367.0,616645544.5
399006.SZ,20251030,3313.7878,3331.8594,3259.2101,3263.0222,3324.2713,-61.2491,-1.8425,217610200.0,641418557.1
399006.SZ,20251031,3260.2637,3281.6616,3187.5327,3187.5327,3263.0222,-75.4895,-2.3135,213475246.0,591529403.3
399006.SZ,20251103,3179.2966,3199.3986,3120.851,3196.8709,3187.5327,9.3382,0.293,208981990.0,535801515.3
399006.SZ,20251104,3190.404,3207.1021,3111.0196,3134.0895,3196.8709,-62.7814,-1.9638,191439663.0,476816600.4
399006.SZ,20251105,3068.9486,3179.9292,3068.9486,3166.2312,3134.0895,32.1417,1.0256,200008333.0,473630640.4
399006.SZ,20251106,3185.1284,3236.6786,3177.603,3224.6238,3166.2312,58.3926,1.8442,195826587.0,501171180.9
399006.SZ,20251107,3201.2585,3240.345,3178.802,3208.2057,3224.6238,-16.4181,-0.5091,199442356.0,498517531.3
399006.SZ,20251110,3221.9327,3236.6054,3138.3027,3178.8272,3208.2057,-29.3785,-0.9157,205337561.0,518899316.8
399006.SZ,20251111,3197.1225,3209.8897,3130.5753,3134.3159,3178.8272,-44.5113,-1.4002,203102230.0,506695096.0
399006.SZ,20251112,3122.5768,3137.5823,3078.6435,3122.027,3134.3159,-12.2889,-0.3921,199842483.0,487834671.0
399006.SZ,20251113,3119.0856,3209.7026,3107.623,3201.7536,3122.027,79.7266,2.5537,206383934.0,522922954.5
399006.SZ,20251114,3145.9236,3167.1052,3111.507,3111.507,3201.7536,-90.2466,-2.8187,209983124.0,487920567.8
399006.SZ,20251117,3097.3354,3120.7346,3082.2344,3105.2034,3111.507,-6.3036,-0.2026,213074767.0,486643595.9
399006.SZ,20251118,3089.3817,3115.3064,3052.636,3069.2196,3105.2034,-35.9838,-1.1588,224288954.0,501566746.5
399006.SZ,20251119,3065.165,3113.222,3061.9631,3076.8452,3069.2196,7.6256,0.2485,209978109.0,455663420.2
399006.SZ,20251120,3131.8382,3137.0651,3039.3766,3042.3406,3076.8452,-34.5046,-1.1214,194502677.0,445180401.1
399006.SZ,20251121,2979.3711,2996.7938,2920.0389,2920.0778,3042.3406,-122.2628,-4.0187,246486373.0,530102715.0
399006.SZ,20251124,2946.456,2951.4342,2892.2743,2929.0429,2920.0778,8.9651,0.307,219085908.0,476216236.2
399006.SZ,20251125,2970.7312,3027.83,2961.9324,2980.9335,2929.0429,51.8906,1.7716,228087380.0,522454800.2
399006.SZ,20251126,2976.7049,3081.4907,2962.9922,3044.6945,2980.9335,63.761,2.139,212833212.0,523599027.2
399006.SZ,20251127,3041.2046,3113.4418,3027.305,3031.2956,3044.6945,-13.3989,-0.4401,195142885.0,494734769.1
399006.SZ,20251128,3029.9768,3067.76,3013.4936,3052.5871,3031.2956,21.2915,0.7024,187381791.0,456720531.1
399006.SZ,20251201,3060.5573,3093.9617,3037.6879,3092.4985,3052.5871,39.9114,1.3075,210082057.0,518300906.3
399006.SZ,20251202,3091.3693,3094.1765,3056.3621,3071.1487,3092.4985,-21.3498,-0.6904,192465240.0,447296232.2
399006.SZ,20251203,3078.8583,3105.304,3028.6962,3036.7864,3071.1487,-34.3623,-1.1189,195851910.0,466296756.3
399006.SZ,20251204,3037.0512,3075.4584,3016.5793,3067.4842,3036.7864,30.6978,1.0109,175615635.0,411728074.7
399006.SZ,20251205,3084.2174,3115.8141,3048.943,3109.2974,3067.4842,41.8132,1.3631,188484887.0,471739553.2
399006.SZ,20251208,3119.1512,3214.4775,3119.1512,3190.2688,3109.2974,80.9714,2.6042,211907774.0,581821165.9
399006.SZ,20251209,3183.6131,3235.5359,3175.5057,3209.6031,3190.2688,19.3343,0.606,194117870.0,528106023.6
399006.SZ,20251210,3201.3784,3220.2353,3143.4146,3209.0042,3209.6031,-0.5989,-0.0187,185507666.0,489058569.2
399006.SZ,20251211,3210.5458,3246.3173,3163.6746,3163.6746,3209.0042,-45.3296,-1.4126,194039411.0,513225393.0
399006.SZ,20251212,3172.7309,3203.2545,3137.6252,3194.3586,3163.6746,30.684,0.9699,202785453.0,560158751.4
399006.SZ,20251215,3157.3198,3184.6248,3135.6628,3137.8013,3194.3586,-56.5573,-1.7705,180673479.0,466792575.1
399006.SZ,20251216,3130.4279,3141.5785,3058.7925,3071.7619,3137.8013,-66.0394,-2.1046,181550894.0,446175544.0
399006.SZ,20251217,3072.6211,3181.689,3072.6211,3175.9081,3071.7619,104.1462,3.3904,186868324.0,488537918.7
399006.SZ,20251218,3138.6571,3154.0656,3107.0646,3107.0646,3175.9081,-68.8435,-2.1677,169218740.0,444395999.1
399006.SZ,20251219,3134.8043,3157.2902,3112.0318,3122.238,3107.0646,15.1734,0.4884,177361917.0,438271870.3
399006.SZ,20251222,3153.7493,3197.9406,3153.7493,3191.9849,3122.238,69.7469,2.2339,175227535.0,482641701.6
399006.SZ,20251223,3196.3087,3227.0674,3184.5343,3205.0108,3191.9849,13.0259,0.4081,183880580.0,493682524.8
399006.SZ,20251224,3207.4095,3234.9985,3193.9671,3229.5772,3205.0108,24.5664,0.7665,182675049.0,502569104.7
399006.SZ,20251225,3232.9712,3249.105,3200.4919,3239.343,3229.5772,9.7658,0.3024,193569996.0,526293462.5
399006.SZ,20251226,3232.4093,3268.6947,3219.1305,3243.8757,3239.343,4.5327,0.1399,210934629.0,571313750.4
399006.SZ,20251229,3237.7735,3250.0881,3208.0763,3222.6108,3243.8757,-21.2649,-0.6555,196242767.0,537966376.2
399006.SZ,20251230,3208.3233,3251.1331,3207.7296,3242.9046,3222.6108,20.2938,0.6297,206953285.0,559494560.6
399006.SZ,20251231,3247.7367,3254.8897,3198.2482,3203.1717,3242.9046,-39.7329,-1.2252,206198167.0,543691721.8
399006.SZ,20260105,3229.933,3295.2856,3229.933,3294.5513,3203.1717,91.3796,2.8528,263142610.0,696218047.2
399006.SZ,20260106,3279.8114,3321.4356,3265.7296,3319.2914,3294.5513,24.7401,0.7509,278150655.0,756528810.0
399006.SZ,20260107,3331.3408,3351.2156,3298.5528,3329.6926,3319.2914,10.4012,0.3134,271641050.0,756998657.7
399006.SZ,20260108,3308.7377,3328.955,3285.1638,3302.3067,3329.6926,-27.3859,-0.8225,280864918.0,750335142.1
399006.SZ,20260109,3279.3763,3330.0119,3269.9928,3327.8127,3302.3067,25.506,0.7724,333280635.0,872071830.8
399006.SZ,20260112,3323.6365,3398.0502,3282.3886,3388.3407,3327.8127,60.528,1.8189,406851831.0,1085825648.9
399006.SZ,20260113,3390.6885,3416.8373,3307.6305,3321.8886,3388.3407,-66.4521,-1.9612,419547701.0,1077719305.6
399006.SZ,20260114,3333.1714,3403.9542,3308.6275,3349.1376,3321.8886,27.249,0.8203,439958418.0,1151533419.5
399006.SZ,20260115,3318.1087,3372.4744,3309.062,3367.9166,3349.1376,18.779,0.5607,307576547.0,841262314.7
399006.SZ,20260116,3394.3463,3407.8623,3354.649,3361.0167,3367.9166,-6.8999,-0.2049,299981551.0,839167229.6
399006.SZ,20260119,3340.9356,3383.7891,3326.1342,3337.6081,3361.0167,-23.4086,-0.6965,256405216.0,709156029.0
399006.SZ,20260120,3340.4559,3347.9444,3257.4351,3277.979,3337.6081,-59.6291,-1.7866,260731480.0,702679995.4
399006.SZ,20260121,3270.1272,3329.5021,3270.1272,3295.5226,3277.979,17.5436,0.5352,230185909.0,651234594.7
399006.SZ,20260122,3312.7513,3337.2721,3280.3168,3328.6471,3295.5226,33.1245,1.0051,235389325.0,681535190.9
399006.SZ,20260123,3334.0167,3349.5034,3316.6539,3349.5034,3328.6471,20.8563,0.6266,293479371.0,816909953.7
399006.SZ,20260126,3365.6058,3367.9919,3304.3556,3319.1489,3349.5034,-30.3545,-0.9062,314806723.0,838490942.8
399006.SZ,20260127,3316.0215,3366.6827,3277.2572,3342.5991,3319.1489,23.4502,0.7065,266460051.0,745042709.8
399006.SZ,20260128,3359.7883,3361.1404,3301.0479,3323.5619,3342.5991,-19.0372,-0.5695,258142248.0,744175610.6
399006.SZ,20260129,3322.4798,3356.4849,3298.5882,3304.5103,3323.5619,-19.0516,-0.5732,294963224.0,789501604.1
399006.SZ,20260130,3301.5407,3369.2448,3255.6481,3346.3552,3304.5103,41.8449,1.2663,263026317.0,726069048.5
399006.SZ,20260202,3368.1414,3390.2994,3262.1218,3264.1109,3346.3552,-82.2443,-2.4577,238543607.0,676890732.3
399006.SZ,20260203,3318.06,3332.4771,3249.061,3324.8923,3264.1109,60.7814,1.8621,230616447.0,677319119.1
399006.SZ,20260204,3298.3221,3318.898,3244.7107,3311.5148,3324.8923,-13.3775,-0.4023,237312927.0,675589394.9
399006.SZ,20260205,3277.7213,3288.3754,3238.7843,3260.2783,3311.5148,-51.2365,-1.5472,205295208.0,552289133.4
399006.SZ,20260206,3222.8835,3288.0317,3199.1443,3236.4643,3260.2783,-23.814,-0.7304,209401229.0,560718182.6
399006.SZ,20260209,3299.5974,3340.3292,3276.5672,3332.7695,3236.4643,96.3052,2.9756,235311933.0,639292445.7
399006.SZ,20260210,3321.8839,3348.4827,3320.537,3320.537,3332.7695,-12.2325,-0.367,240458372.0,592567910.4
399006.SZ,20260211,3312.6434,3324.1824,3284.2393,3284.7352,3320.537,-35.8018,-1.0782,220715122.0,560297914.6
399006.SZ,20260212,3294.5706,3334.3536,3292.6766,3328.0624,3284.7352,43.3272,1.319,225917395.0,613481765.6
399006.SZ,20260213,3309.4294,3323.3692,3275.2892,3275.9584,3328.0624,-52.104,-1.5656,206249589.0,542116866.5
399006.SZ,20260224,3331.7946,3343.2439,3292.5006,3308.2648,3275.9584,32.3064,0.9862,222404055.0,593352962.9
399006.SZ,20260225,3313.0925,3363.1817,3302.7587,3354.819,3308.2648,46.5542,1.4072,232054794.0,622233080.7
399006.SZ,20260226,3346.7428,3351.5725,3310.5542,3344.9823,3354.819,-9.8367,-0.2932,251619744.0,692770295.8
399006.SZ,20260227,3303.9765,3326.5846,3292.892,3310.3049,3344.9823,-34.6774,-1.0367,240320830.0,662758934.4
399006.SZ,20260302,3257.0513,3319.9081,3257.0513,3294.1611,3310.3049,-16.1438,-0.4877,273514911.0,738402865.8
399006.SZ,20260303,3316.6326,3331.2643,3206.6154,3209.4819,3294.1611,-84.6792,-2.5706,286371199.0,750497944.6
399006.SZ,20260304,3171.1852,3217.1109,3149.4115,3164.3714,3209.4819,-45.1105,-1.4055,217331863.0,540959855.6
399006.SZ,20260305,3236.151,3264.7961,3194.9562,3216.9393,3164.3714,52.5679,1.6612,241669489.0,608890526.3
399006.SZ,20260306,3197.6649,3248.8983,3177.871,3229.3015,3216.9393,12.3622,0.3843,222766225.0,540340964.5
399006.SZ,20260309,3152.717,3220.0146,3111.8831,3208.5818,3229.3015,-20.7197,-0.6416,255045461.0,650179202.1
399006.SZ,20260310,3281.9438,3308.747,3272.9901,3306.1414,3208.5818,97.5596,3.0406,236304273.0,644901557.4
399006.SZ,20260311,3318.4125,3388.1031,3318.4125,3349.5287,3306.1414,43.3873,1.3123,235567220.0,659568608.4
399006.SZ,20260312,3357.0333,3358.7713,3286.7671,3317.5225,3349.5287,-32.0062,-0.9555,225425058.0,596080416.0
399006.SZ,20260313,3296.5029,3342.8542,3296.1136,3310.2779,3317.5225,-7.2446,-0.2184,226552974.0,576407243.1
399006.SZ,20260316,3323.979,3360.3543,3284.0476,3357.0219,3310.2779,46.744,1.4121,208217725.0,555776665.0
399006.SZ,20260317,3385.7125,3390.0207,3279.8745,3280.0589,3357.0219,-76.963,-2.2926,207256854.0,559674336.1
399006.SZ,20260318,3307.8216,3350.5565,3274.2597,3346.3651,3280.0589,66.3062,2.0215,193702693.0,539875479.8
399006.SZ,20260319,3311.4447,3361.2145,3295.4534,3309.1033,3346.3651,-37.2618,-1.1135,199153562.0,541748961.1
399006.SZ,20260320,3362.0716,3426.6093,3348.7,3352.1026,3309.1033,42.9993,1.2994,225401630.0,659559529.7
399006.SZ,20260323,3300.5583,3334.4556,3214.8191,3235.2207,3352.1026,-116.8819,-3.4868,239669170.0,612416484.3
399006.SZ,20260324,3266.9324,3270.1911,3155.2708,3251.5453,3235.2207,16.3246,0.5046,205225478.0,515432678.3
399006.SZ,20260325,3287.1712,3325.2629,3278.7259,3316.9714,3251.5453,65.4261,2.0122,206290185.0,554769228.2
399006.SZ,20260326,3299.0308,3347.2299,3263.9963,3272.488,3316.9714,-44.4834,-1.3411,185458328.0,489469562.7
399006.SZ,20260327,3236.3699,3323.3324,3228.4108,3295.8804,3272.488,23.3924,0.7148,169688302.0,460779852.6
399006.SZ,20260330,3254.4306,3281.3926,3224.599,3273.3551,3295.8804,-22.5253,-0.6834,172193857.0,453981833.0
399006.SZ,20260331,3247.2786,3280.479,3184.9524,3184.9524,3273.3551,-88.4027,-2.7007,178168265.0,474017219.6
399006.SZ,20260401,3255.264,3255.264,3206.8016,3247.5229,3184.9524,62.5705,1.9646,180123659.0,510585857.7
399006.SZ,20260402,3229.5996,3229.6795,3155.1302,3172.6494,3247.5229,-74.8735,-2.3056,174675433.0,454116594.6
399006.SZ,20260403,3197.7711,3199.4376,3149.1529,3149.5962,3172.6494,-23.0532,-0.7266,161826887.0,434346343.6
399006.SZ,20260407,3162.8226,3181.3506,3133.7789,3160.8157,3149.5962,11.2195,0.3562,146704273.0,394413814.5
399006.SZ,20260408,3257.9054,3348.3915,3243.7825,3347.61,3160.8157,186.7943,5.9097,226902299.0,655429932.8
399006.SZ,20260409,3316.2912,3340.2983,3301.6459,3323.2989,3347.61,-24.3111,-0.7262,195555903.0,571477746.8
399006.SZ,20260410,3355.0728,3470.7194,3354.7651,3448.787,3323.2989,125.4881,3.776,205391067.0,647882946.5
399006.SZ,20260413,3434.3203,3492.4818,3434.3203,3476.4396,3448.787,27.6526,0.8018,180013139.0,564917428.1
399006.SZ,20260414,3507.1101,3560.3015,3493.3683,3558.5273,3476.4396,82.0877,2.3613,200966061.0,655853282.9
399006.SZ,20260415,3596.0789,3599.9789,3491.4512,3514.9604,3558.5273,-43.5669,-1.2243,203159933.0,646515424.0
399006.SZ,20260416,3531.2612,3629.4224,3518.3579,3626.271,3514.9604,111.3106,3.1668,212193010.0,662253182.5
399006.SZ,20260417,3643.1528,3685.0977,3620.3281,3678.2934,3626.271,52.0224,1.4346,213647879.0,684281808.8
399006.SZ,20260420,3657.3484,3696.2599,3642.8068,3677.5758,3678.2934,-0.7176,-0.0195,215598843.0,698484540.8
399006.SZ,20260421,3662.2588,3695.7421,3619.4849,3688.9372,3677.5758,11.3614,0.3089,196710068.0,634026122.6
399006.SZ,20260422,3660.4199,3755.7512,3660.085,3752.7591,3688.9372,63.8219,1.7301,208325489.0,690964644.3
399006.SZ,20260423,3769.019,3785.2304,3681.5706,3720.2474,3752.7591,-32.5117,-0.8663,234554113.0,741796706.0
399006.SZ,20260424,3682.4985,3699.9391,3624.9951,3667.7851,3720.2474,-52.4623,-1.4102,227960181.0,729481270.1
399006.SZ,20260427,3677.8905,3686.9433,3640.1145,3648.788,3667.7851,-18.9971,-0.5179,215941887.0,674213473.9
399006.SZ,20260428,3623.4895,3636.9342,3580.3892,3596.7118,3648.788,-52.0762,-1.4272,218834024.0,664872021.6
399006.SZ,20260429,3578.4228,3692.2058,3578.4228,3687.1681,3596.7118,90.4563,2.515,215002402.0,679396871.4
399006.SZ,20260430,3704.1088,3718.3986,3660.2192,3677.1485,3687.1681,-10.0196,-0.2717,201808141.0,638060867.6
399006.SZ,20260506,3760.671,3815.0704,3724.5267,3778.1595,3677.1485,101.011,2.747,249880273.0,838085984.0
399006.SZ,20260507,3807.9896,3840.0553,3761.2319,3833.0572,3778.1595,54.8977,1.453,252313119.0,839415277.8
399006.SZ,20260508,3792.0425,3840.1564,3787.1736,3796.1283,3833.0572,-36.9289,-0.9634,242873982.0,782390376.4
399006.SZ,20260511,3829.6077,3937.8741,3797.4979,3928.9739,3796.1283,132.8456,3.4995,264046160.0,922847287.1
399006.SZ,20260512,3947.137,3954.9915,3897.8172,3934.882,3928.9739,5.9081,0.1504,247035077.0,838293258.0
399006.SZ,20260513,3900.7367,4041.989,3893.8032,4038.3327,3934.882,103.4507,2.6291,248072070.0,860686701.9
399006.SZ,20260514,4087.8506,4090.4223,3937.6007,3951.1404,4038.3327,-87.1923,-2.1591,250323171.0,887382494.1
399006.SZ,20260515,3957.7375,4002.7267,3870.3736,3929.0642,3951.1404,-22.0762,-0.5587,245569818.0,876510686.3
399006.SZ,20260518,3895.0684,3961.1555,3883.4046,3914.8753,3929.0642,-14.1889,-0.3611,217646935.0,757350469.3
399006.SZ,20260519,3894.001,3918.3068,3808.47,3908.4374,3914.8753,-6.4379,-0.1644,223481303.0,762720750.3
399006.SZ,20260520,3889.6789,3947.2204,3887.1546,3921.7894,3908.4374,13.352,0.3416,222605616.0,756328408.4
399006.SZ,20260521,3962.3031,4017.809,3827.516,3829.7786,3921.7894,-92.0108,-2.3461,265528741.0,896007099.0
399006.SZ,20260522,3875.8128,3948.989,3856.2068,3938.502,3829.7786,108.7234,2.8389,214290151.0,787396763.2
399006.SZ,20260525,3974.9748,4022.737,3905.6946,4021.1602,3938.502,82.6582,2.0987,231457814.0,878510327.2
399006.SZ,20260526,4003.1332,4057.3694,3985.5127,4043.0658,4021.1602,21.9056,0.5448,228092127.0,837209303.9
399006.SZ,20260527,4053.6752,4148.2339,4015.6499,4045.7731,4043.0658,2.7073,0.067,224129185.0,834578267.0
399006.SZ,20260528,4042.0784,4135.3756,3971.7196,4125.0749,4045.7731,79.3018,1.9601,207796485.0,768291117.9
399006.SZ,20260529,4141.9138,4158.6938,4010.1195,4037.951,4125.0749,-87.1239,-2.1121,233413758.0,850350414.2
399006.SZ,20260601,4057.3928,4081.4183,3942.6833,3950.9432,4037.951,-87.0078,-2.1548,210798808.0,728530856.7
399006.SZ,20260602,3987.4066,4083.9248,3946.1081,4055.8709,3950.9432,104.9277,2.6558,203915727.0,714031279.2
399006.SZ,20260603,4089.0198,4218.3305,4063.2049,4122.987,4055.8709,67.1161,1.6548,218925847.0,803001384.4
399006.SZ,20260604,4072.5489,4114.2369,4051.1466,4088.884,4122.987,-34.103,-0.8271,202724869.0,697606653.0
399006.SZ,20260605,4079.9523,4105.2105,3933.0655,3957.935,4088.884,-130.949,-3.2026,228732023.0,816091905.8
